source_line_number	rank	expansion_index	source_pt	pt	pt_type	gender	pos	en_all	annotation	normalization_action	bp_replacement	merge_target_rank	merge_target_pt	merged_from_source_lines	source_variants	source_line
1	1	0	o	o	single_word			the / it / him / her / them / you		none						o = the / it / him / her / them / you
2	2	0	de	de	single_word			of / from		none						de = of / from
3	3	0	em	em	single_word			in / on		none						em = in / on
4	4	0	e	e	single_word			and		none						e = and
5	5	0	que	que	single_word			that / than / what		none						que = that / than / what
6	6	0	ser	ser	single_word			to be (norm)		none						ser = to be (norm)
7	7	0	um	um	single_word			a / one		none						um = a / one
8	8	0	por	por	single_word			by / through / for		none						por = by / through / for
9	9	0	para	para	single_word			to / for / in order to		none						para = to / for / in order to
10	10	0	a	a	single_word			to / at		none						a = to / at
11	11	0	não	não	single_word			no / not		none						não = no / not
12	12	0	com	com	single_word			with		none						com = with
13	13	0	ter	ter	single_word			to have		none						ter = to have
14	14	0	se	se	single_word			reflexive pronoun		none						se = reflexive pronoun
15	15	0	seu	seu	single_word			his / her(s) / their(s) / your(s)		none						seu = his / her(s) / their(s) / your(s)
16	16	0	como	como	single_word			how / like / as		none						como = how / like / as
17	17	0	estar	estar	single_word			to be (change from norm)		none						estar = to be (change from norm)
18	18	0	mais	mais	single_word			more / most		none						mais = more / most
19	19	0	mas	mas	single_word			but		none						mas = but
20	20	0	fazer	fazer	single_word			to do / make		none						fazer = to do / make
21	21	0	poder	poder	single_word			can / be able to		none						poder = can / be able to
22	22	0	este	este	single_word			this		none						este = this
23	23	0	ou	ou	single_word			or / either		none						ou = or / either
24	24	0	ele	ele	single_word			he / it (him in BP)		none						ele = he / it (him in BP)
25	25	0	esse	esse	single_word			that		none						esse = that
26	26	0	outro	outro	single_word			other / another		none						outro = other / another
27	27	0	muito	muito	single_word			very / much / many		none						muito = very / much / many
28	28	0	haver	haver	single_word			to have		none						haver = to have
29	29	0	ir	ir	single_word			to go		none						ir = to go
30	30	0	todo	todo	single_word			all / every		none						todo = all / every
31	31	0	eu	eu	single_word			I (OBJ = me)		none						eu = I (OBJ = me)
32	32	0	já	já	single_word			already / now		none						já = already / now
33	33	0	dizer	dizer	single_word			to tell / say		none						dizer = to tell / say
34	34	0	ano	ano	single_word			year		none						ano = year
35	35	0	dar	dar	single_word			to give		none						dar = to give
36	36	0	também	também	single_word			also / too / as well		none						também = also / too / as well
37	37	0	quando	quando	single_word			when		none						quando = when
38	38	0	mesmo	mesmo	single_word			same		none						mesmo = same
39	39	0	ver	ver	single_word			to see		none						ver = to see
40	40	0	até	até	single_word			until / even / up to		none						até = until / even / up to
41	41	0	dois	dois	single_word			two		none						dois = two
42	42	0	ainda	ainda	single_word			still / yet		none						ainda = still / yet
43	43	0	isso	isso	single_word			that (NEUT)		none						isso = that (NEUT)
44	44	0	grande	grande	single_word			big / grand / great		none						grande = big / grand / great
45	45	0	vez	vez	single_word			(a) time / turn		none						vez = (a) time / turn
46	46	0	algum	algum	single_word			some		none						algum = some
47	47	0	ela	ela	single_word			she / it (her in BP)		none						ela = she / it (her in BP)
48	48	0	depois	depois	single_word			after		none						depois = after
49	49	0	entre	entre	single_word			between / among		none						entre = between / among
50	50	0	dia	dia	single_word			day		none						dia = day
51	51	0	só	só	single_word			only / just / alone		none						só = only / just / alone
52	52	0	aquele	aquele	single_word			that (more remote)		none						aquele = that (more remote)
53	53	0	sobre	sobre	single_word			about / over / above / upon		none						sobre = about / over / above / upon
54	54	0	primeiro	primeiro	single_word			first		none						primeiro = first
55	55	0	ficar	ficar	single_word			to stay / be located / get ADJ		none						ficar = to stay / be located / get ADJ
56	56	0	dever	dever	single_word			must / should / to owe		none						dever = must / should / to owe
57	57	0	passar	passar	single_word			to go through / spend (time)		none						passar = to go through / spend (time)
58	58	0	saber	saber	single_word			to know (something)		none						saber = to know (something)
59	59	0	assim	assim	single_word			thus / so / like this		none						assim = thus / so / like this
60	60	0	querer	querer	single_word			to want		none						querer = to want
61	61	0	onde	onde	single_word			where		none						onde = where
62	62	0	novo	novo	single_word			new		none						novo = new
63	63	0	sem	sem	single_word			without		none						sem = without
64	64	0	vir	vir	single_word			to come		none						vir = to come
65	65	0	tempo	tempo	single_word			time / weather		none						tempo = time / weather
66	66	0	bem	bem	single_word			well / very		none						bem = well / very
67	67	0	porque	porque	single_word			because		none						porque = because
68	68	0	meu	meu	single_word			my / mine		none						meu = my / mine
69	69	0	pessoa	pessoa	single_word			person		none						pessoa = person
70	70	0	coisa	coisa	single_word			thing		none						coisa = thing
71	71	0	então	então	single_word			then / so		none						então = then / so
72	72	0	quem	quem	single_word			whom / who		none						quem = whom / who
73	73	0	sempre	sempre	single_word			always		none						sempre = always
74	74	0	qual	qual	single_word			which		none						qual = which
75	75	0	chegar	chegar	single_word			to arrive		none						chegar = to arrive
76	76	0	vida	vida	single_word			life		none						vida = life
77	77	0	pouco	pouco	single_word			a little		none						pouco = a little
78	78	0	homem	homem	single_word			man		none						homem = man
79	79	0	parte	parte	single_word			part		none						parte = part
80	80	0	tudo	tudo	single_word			everything / all		none						tudo = everything / all
81	81	0	casa	casa	single_word			house / home		none						casa = house / home
82	82	0	agora	agora	single_word			now		none						agora = now
83	83	0	lhe	lhe	single_word			to you / him / her		none						lhe = to you / him / her
84	84	0	trabalho	trabalho	single_word			work		none						trabalho = work
85	85	0	nosso	nosso	single_word			our		none						nosso = our
86	86	0	levar	levar	single_word			to carry (away) / take		none						levar = to carry (away) / take
87	87	0	pois	pois	single_word			for / because / whereas		none						pois = for / because / whereas
88	88	0	deixar	deixar	single_word			to leave / allow		none						deixar = to leave / allow
89	89	0	bom	bom	single_word			good		none						bom = good
90	90	0	começar	começar	single_word			to begin / start		none						começar = to begin / start
91	91	0	próprio	próprio	single_word			own / very own		none						próprio = own / very own
92	92	0	maior	maior	single_word			greater / larger		none						maior = greater / larger
93	93	0	caso	caso	single_word			case		none						caso = case
94	94	0	falar	falar	single_word			to speak / talk		none						falar = to speak / talk
95	95	0	país	país	single_word			country		none						país = country
96	96	0	forma	forma	single_word			form / way		none						forma = form / way
97	97	0	cada	cada	single_word			each / every		none						cada = each / every
98	98	0	hoje	hoje	single_word			today		none						hoje = today
99	99	0	nem	nem	single_word			neither / not / nor		none						nem = neither / not / nor
100	100	0	três	três	single_word			three		none						três = three
101	101	0	encontrar	encontrar	single_word			to find / meet		none						encontrar = to find / meet
102	102	0	meio	meio	single_word			means / way / half- / middle		none						meio = means / way / half- / middle
103	103	0	aqui	aqui	single_word			here		none						aqui = here
104	104	0	mundo	mundo	single_word			world		none						mundo = world
105	105	0	apenas	apenas	single_word			only / just		none						apenas = only / just
106	106	0	estado	estado	single_word			state / condition		none						estado = state / condition
107	107	0	segundo	segundo	single_word			second / according to		none						segundo = second / according to
108	108	0	qualquer	qualquer	single_word			any		none						qualquer = any
109	109	0	cidade	cidade	single_word			city		none						cidade = city
110	110	0	menos	menos	single_word			less / fewer		none						menos = less / fewer
111	111	0	governo	governo	single_word			government		none						governo = government
112	112	0	partir	partir	single_word			to depart / leave		none						partir = to depart / leave
113	113	0	conseguir	conseguir	single_word			to succeed in / obtain / get		none						conseguir = to succeed in / obtain / get
114	114	0	tanto	tanto	single_word			so much / enough		none						tanto = so much / enough
115	115	0	lado	lado	single_word			side		none						lado = side
116	116	0	chamar	chamar	single_word			to call		none						chamar = to call
117	117	0	melhor	melhor	single_word			better / best		none						melhor = better / best
118	118	0	pensar	pensar	single_word			to think		none						pensar = to think
119	119	0	nome	nome	single_word			name		none						nome = name
120	120	0	isto	isto	single_word			this		none						isto = this
121	121	0	certo	certo	single_word			certain / right / sure		none						certo = certain / right / sure
122	122	0	mulher	mulher	single_word			woman / wife		none						mulher = woman / wife
123	123	0	conhecer	conhecer	single_word			to know (person / place / etc.)		none						conhecer = to know (person / place / etc.)
124	124	0	exemplo	exemplo	single_word			example		none						exemplo = example
125	125	0	existir	existir	single_word			to exist		none						existir = to exist
126	126	0	antes	antes	single_word			before		none						antes = before
127	127	0	tal	tal	single_word			such		none						tal = such
128	128	0	você	você	single_word			you (EP formal / BP informal)		none						você = you (EP formal / BP informal)
129	129	0	lá	lá	single_word			there (distant) / over there		none						lá = there (distant) / over there
130	130	0	durante	durante	single_word			during / for (time)		none						durante = during / for (time)
131	131	0	terra	terra	single_word			land / earth		none						terra = land / earth
132	132	0	último	último	single_word			last		none						último = last
133	133	0	desde	desde	single_word			since		none						desde = since
134	134	0	contra	contra	single_word			against		none						contra = against
135	135	0	aí	aí	single_word			there (very close)		none						aí = there (very close)
136	136	0	parecer	parecer	single_word			to seem		none						parecer = to seem
137	137	0	pequeno	pequeno	single_word			small		none						pequeno = small
138	138	0	quanto	quanto	single_word			how much		none						quanto = how much
139	139	0	nada	nada	single_word			nothing		none						nada = nothing
140	140	0	português	português	single_word			Portuguese		none						português = Portuguese
141	141	0	filho	filho	single_word			son / children (PL)		none						filho = son / children (PL)
142	142	0	tornar-se	tornar-se	hyphenated_compound			to become / turn into		none						tornar-se = to become / turn into
143	143	0	água	água	single_word			water		none						água = water
144	144	0	direito	direito	single_word			right / law		none						direito = right / law
145	145	0	público	público	single_word			public		none						público = public
146	146	0	entrar	entrar	single_word			to come in / enter		none						entrar = to come in / enter
147	147	0	problema	problema	single_word			problem		none						problema = problem
148	148	0	viver	viver	single_word			to live		none						viver = to live
149	149	0	além	além	single_word			beyond / in addition to		none						além = beyond / in addition to
150	150	0	pôr	pôr	single_word			to put / place		none						pôr = to put / place
151	151	0	história	história	single_word			story / history		none						história = story / history
152	152	0	grupo	grupo	single_word			group		none						grupo = group
153	153	0	hora	hora	single_word			hour		none						hora = hour
154	154	0	sair	sair	single_word			to leave		none						sair = to leave
155	155	0	acabar	acabar	single_word			to finish / end up		none						acabar = to finish / end up
156	156	0	continuar	continuar	single_word			to continue		none						continuar = to continue
157	157	0	tão	tão	single_word			so / as		none						tão = so / as
158	158	0	nunca	nunca	single_word			never		none						nunca = never
159	159	0	dentro	dentro	single_word			within / in / inside		none						dentro = within / in / inside
160	160	0	voltar	voltar	single_word			to return		none						voltar = to return
161	161	0	tomar	tomar	single_word			to take (possession of) / drink		none						tomar = to take (possession of) / drink
162	162	0	obra	obra	single_word			work / project		none						obra = work / project
163	163	0	facto	fato	single_word			fact		spelling						facto = fact
164	164	0	ponto	ponto	single_word			point / dot / period		none						ponto = point / dot / period
165	165	0	trabalhar	trabalhar	single_word			to work		none						trabalhar = to work
166	166	0	fim	fim	single_word			purpose / end		none						fim = purpose / end
167	167	0	quase	quase	single_word			almost		none						quase = almost
168	168	0	pai	pai	single_word			father / parents (PL)		none						pai = father / parents (PL)
169	169	0	apresentar	apresentar	single_word			to introduce / present		none						apresentar = to introduce / present
170	170	0	relação	relação	single_word			relation		none						relação = relation
171	171	0	criar	criar	single_word			to create		none						criar = to create
172	172	0	considerar	considerar	single_word			to consider		none						considerar = to consider
173	173	0	momento	momento	single_word			moment		none						momento = moment
174	174	0	receber	receber	single_word			to receive		none						receber = to receive
175	175	0	ideia	ideia	single_word			idea		none						ideia = idea
176	176	0	política	política	single_word			politics		none						política = politics
177	177	0	vários	vários	single_word			various / many		none						vários = various / many
178	178	0	lugar	lugar	single_word			place		none						lugar = place
179	179	0	sentir	sentir	single_word			to feel		none						sentir = to feel
180	180	0	livro	livro	single_word			book		none						livro = book
181	181	0	nós	nós	single_word			we / us		none						nós = we / us
182	182	0	mês	mês	single_word			month		none						mês = month
183	183	0	alto	alto	single_word			tall / high / top		none						alto = tall / high / top
184	184	0	força	força	single_word			force / power / strength		none						força = force / power / strength
185	185	0	acontecer	acontecer	single_word			to happen / occur		none						acontecer = to happen / occur
186	186	0	família	família	single_word			family		none						família = family
187	187	0	tipo	tipo	single_word			type / like		none						tipo = type / like
188	188	0	presidente	presidente	single_word			president		none						presidente = president
189	189	0	mil	mil	single_word			thousand		none						mil = thousand
190	190	0	tratar	tratar	single_word			to treat / deal with		none						tratar = to treat / deal with
191	191	0	enquanto	enquanto	single_word			while		none						enquanto = while
192	192	0	perder	perder	single_word			to lose		none						perder = to lose
193	193	0	achar	achar	single_word			to find / think / suppose		none						achar = to find / think / suppose
194	194	0	escrever	escrever	single_word			to write		none						escrever = to write
195	195	0	quatro	quatro	single_word			four		none						quatro = four
196	196	0	usar	usar	single_word			to use		none						usar = to use
197	197	0	único	único	single_word			only / unique		none						único = only / unique
198	198	0	nenhum	nenhum	single_word			none / not a single one		none						nenhum = none / not a single one
199	199	0	contar	contar	single_word			to tell / count		none						contar = to tell / count
200	200	0	real	real	single_word			real / royal / Brazilian currency		none						real = real / royal / Brazilian currency
201	201	0	palavra	palavra	single_word			word		none						palavra = word
202	202	0	embora	embora	single_word			although / even though		none						embora = although / even though
203	203	0	diferente	diferente	single_word			different		none						diferente = different
204	204	0	possível	possível	single_word			possible		none						possível = possible
205	205	0	importante	importante	single_word			important		none						importante = important
206	206	0	mostrar	mostrar	single_word			to show		none						mostrar = to show
207	207	0	social	social	single_word			social		none						social = social
208	208	0	ali	ali	single_word			there (close)		none						ali = there (close)
209	209	0	claro	claro	single_word			clear / light		none						claro = clear / light
210	210	0	mão	mão	single_word			hand		none						mão = hand
211	211	0	logo	logo	single_word			soon / quickly / as soon as		none						logo = soon / quickly / as soon as
212	212	0	rio	rio	single_word			river		none						rio = river
213	213	0	seguir	seguir	single_word			to follow		none						seguir = to follow
214	214	0	situação	situação	single_word			situation		none						situação = situation
215	215	0	questão	questão	single_word			question / issue / point		none						questão = question / issue / point
216	216	0	procurar	procurar	single_word			to seek / look for		none						procurar = to seek / look for
217	217	0	campo	campo	single_word			field		none						campo = field
218	218	0	através	através	single_word			by way of / through		none						através = by way of / through
219	219	0	brasileiro	brasileiro	single_word			Brazilian		none						brasileiro = Brazilian
220	220	0	tentar	tentar	single_word			to try / attempt		none						tentar = to try / attempt
221	221	0	serviço	serviço	single_word			service		none						serviço = service
222	222	0	lei	lei	single_word			law		none						lei = law
223	223	0	criança	criança	single_word			child		none						criança = child
224	224	0	próximo	próximo	single_word			next / close / near		none						próximo = next / close / near
225	225	0	nacional	nacional	single_word			national		none						nacional = national
226	226	0	trazer	trazer	single_word			to bring		none						trazer = to bring
227	227	0	geral	geral	single_word			general		none						geral = general
228	228	0	frente	frente	single_word			front		none						frente = front
229	229	0	aparecer	aparecer	single_word			to appear		none						aparecer = to appear
230	230	0	manter	manter	single_word			to maintain		none						manter = to maintain
231	231	0	colocar	colocar	single_word			to place / put		none						colocar = to place / put
232	232	0	conta	conta	single_word			account / bill		none						conta = account / bill
233	233	0	pedir	pedir	single_word			to ask for / request		none						pedir = to ask for / request
234	234	0	cinco	cinco	single_word			five		none						cinco = five
235	235	0	escola	escola	single_word			school		none						escola = school
236	236	0	verdade	verdade	single_word			truth		none						verdade = truth
237	237	0	corpo	corpo	single_word			body		none						corpo = body
238	238	0	morrer	morrer	single_word			to die		none						morrer = to die
239	239	0	guerra	guerra	single_word			war		none						guerra = war
240	240	0	música	música	single_word			music		none						música = music
241	241	0	região	região	single_word			region		none						região = region
242	242	0	baixo	baixo	single_word			low / short		none						baixo = low / short
243	243	0	professor	professor	single_word			teacher / professor		none						professor = teacher / professor
244	244	0	longo	longo	single_word			long		none						longo = long
245	245	0	ação	ação	single_word			action		none						ação = action
246	246	0	entender	entender	single_word			to understand		none						entender = to understand
247	247	0	movimento	movimento	single_word			movement		none						movimento = movement
248	248	0	branco	branco	single_word			white		none						branco = white
249	249	0	processo	processo	single_word			process		none						processo = process
250	250	0	ganhar	ganhar	single_word			to win / earn / gain		none						ganhar = to win / earn / gain
251	251	0	arte	arte	single_word			art		none						arte = art
252	252	0	papel	papel	single_word			paper / role		none						papel = paper / role
253	253	0	sim	sim	single_word			yes		none						sim = yes
254	254	0	esperar	esperar	single_word			to wait / hope / expect		none						esperar = to wait / hope / expect
255	255	0	fundo	fundo	single_word			bottom / rear / fund		none						fundo = bottom / rear / fund
256	256	0	senhor	senhor	single_word			lord / sir / mister		none						senhor = lord / sir / mister
257	257	0	número	número	single_word			number		none						número = number
258	258	0	definir	definir	single_word			to define		none						definir = to define
259	259	0	tarde	tarde	single_word			late / afternoon		none						tarde = late / afternoon
260	260	0	abrir	abrir	single_word			to open		none						abrir = to open
261	261	0	sociedade	sociedade	single_word			society		none						sociedade = society
262	262	0	povo	povo	single_word			"people (of a nation / tribe, ""folk"")"		none						"povo = people (of a nation / tribe, ""folk"")"
263	263	0	forte	forte	single_word			strong / stronghold		none						forte = strong / stronghold
264	264	0	cabeça	cabeça	single_word			head		none						cabeça = head
265	265	0	altura	altura	single_word			height / time period		none						altura = height / time period
266	266	0	volta	volta	single_word			return / turn		none						volta = return / turn
267	267	0	condição	condição	single_word			condition		none						condição = condition
268	268	0	apesar	apesar	single_word			despite / even though		none						apesar = despite / even though
269	269	0	valor	valor	single_word			value / worth		none						valor = value / worth
270	270	0	mãe	mãe	single_word			mother		none						mãe = mother
271	271	0	servir	servir	single_word			to serve		none						servir = to serve
272	272	0	pagar	pagar	single_word			to pay		none						pagar = to pay
273	273	0	causa	causa	single_word			cause		none						causa = cause
274	274	0	antigo	antigo	single_word			ancient / old / former		none						antigo = ancient / old / former
275	275	0	maneira	maneira	single_word			way / manner		none						maneira = way / manner
276	276	0	humano	humano	single_word			human		none						humano = human
277	277	0	sentido	sentido	single_word			sense / meaning / feeling		none						sentido = sense / meaning / feeling
278	278	0	permitir	permitir	single_word			to permit / allow		none						permitir = to permit / allow
279	279	0	Deus	Deus	single_word			God		none						Deus = God
280	280	0	modo	modo	single_word			manner / way / style		none						modo = manner / way / style
281	281	0	gente	gente	single_word			people / we / us		none						gente = people / we / us
282	282	0	imagem	imagem	single_word			image		none						imagem = image
283	283	0	época	época	single_word			time period / epoch		none						época = time period / epoch
284	284	0	noite	noite	single_word			night		none						noite = night
285	285	0	velho	velho	single_word			old		none						velho = old
286	286	0	cair	cair	single_word			to fall		none						cair = to fall
287	287	0	aquilo	aquilo	single_word			that		none						aquilo = that
288	288	0	projeto	projeto	single_word			project		none						projeto = project
289	289	0	final	final	single_word			ending / end / final		none						final = ending / end / final
290	290	0	acreditar	acreditar	single_word			to believe		none						acreditar = to believe
291	291	0	jornal	jornal	single_word			newspaper		none						jornal = newspaper
292	292	0	razão	razão	single_word			reason		none						razão = reason
293	293	0	espécie	espécie	single_word			type / species / kind		none						espécie = type / species / kind
294	294	0	junto	junto	single_word			together		none						junto = together
295	295	0	preciso	preciso	single_word			necessary / precise		none						preciso = necessary / precise
296	296	0	século	século	single_word			century		none						século = century
297	297	0	precisar	precisar	single_word			to need		none						precisar = to need
298	298	0	ler	ler	single_word			to read		none						ler = to read
299	299	0	dinheiro	dinheiro	single_word			money		none						dinheiro = money
300	300	0	talvez	talvez	single_word			maybe		none						talvez = maybe
301	301	0	plano	plano	single_word			plan / flat / smooth		none						plano = plan / flat / smooth
302	302	0	nascer	nascer	single_word			to be born		none						nascer = to be born
303	303	0	centro	centro	single_word			center / downtown		none						centro = center / downtown
304	304	0	partido	partido	single_word			(political) party		none						partido = (political) party
305	305	0	descobrir	descobrir	single_word			to discover		none						descobrir = to discover
306	306	0	ouvir	ouvir	single_word			to hear		none						ouvir = to hear
307	307	0	ligar	ligar	single_word			to connect / turn on		none						ligar = to connect / turn on
308	308	0	interesse	interesse	single_word			interest		none						interesse = interest
309	309	0	amigo	amigo	single_word			friend		none						amigo = friend
310	310	0	seguinte	seguinte	single_word			following		none						seguinte = following
311	311	0	termo	termo	single_word			term		none						termo = term
312	312	0	mudar	mudar	single_word			to change		none						mudar = to change
313	313	0	linha	linha	single_word			line		none						linha = line
314	314	0	medida	medida	single_word			measure (a m. que = to the degree / extent that)		none						medida = measure (a m. que = to the degree / extent that)
314	314	1	à medida que	à medida que	space_compound			measure (a m. que = to the degree / extent that)		idiom_expansion						medida = measure (a m. que = to the degree / extent that)
315	315	0	teatro	teatro	single_word			theater		none						teatro = theater
316	316	0	espaço	espaço	single_word			space / room		none						espaço = space / room
317	317	0	animal	animal	single_word			animal		none						animal = animal
318	318	0	santo	santo	single_word			saint / holy		none						santo = saint / holy
319	319	0	acordo	acordo	single_word			agreement		none						acordo = agreement
320	320	0	olhar	olhar	single_word			to look (at)		none						olhar = to look (at)
321	321	0	necessário	necessário	single_word			necessary		none						necessário = necessary
322	322	0	jovem	jovem	single_word			young (person)		none						jovem = young (person)
323	323	0	futuro	futuro	single_word			future		none						futuro = future
324	324	0	local	local	single_word			place / location		none						local = place / location
325	325	0	falta	falta	single_word			lack		none						falta = lack
326	326	0	morte	morte	single_word			death		none						morte = death
327	327	0	político	político	single_word			political / politician		none						político = political / politician
328	328	0	banco	banco	single_word			bank / bench		none						banco = bank / bench
329	329	0	posição	posição	single_word			position		none						posição = position
330	330	0	rua	rua	single_word			street		none						rua = street
331	331	0	difícil	difícil	single_word			difficult		none						difícil = difficult
332	332	0	mercado	mercado	single_word			market		none						mercado = market
333	333	0	resolver	resolver	single_word			to resolve / decide		none						resolver = to resolve / decide
334	334	0	caminho	caminho	single_word			path / way		none						caminho = path / way
335	335	0	jogo	jogo	single_word			game		none						jogo = game
336	336	0	estudar	estudar	single_word			to study		none						estudar = to study
337	337	0	igreja	igreja	single_word			church		none						igreja = church
338	338	0	formar	formar	single_word			to create / form / graduate		none						formar = to create / form / graduate
339	339	0	surgir	surgir	single_word			to appear / arise / emerge		none						surgir = to appear / arise / emerge
340	340	0	lembrar	lembrar	single_word			to remember / remind		none						lembrar = to remember / remind
341	341	0	representar	representar	single_word			to represent		none						representar = to represent
342	342	0	negócio	negócio	single_word			business / deal / thing		none						negócio = business / deal / thing
343	343	0	via	via	single_word			way / road		none						via = way / road
344	344	0	semana	semana	single_word			week		none						semana = week
345	345	0	luz	luz	single_word			light		none						luz = light
346	346	0	contrário	contrário	single_word			contrary / opposite / enemy		none						contrário = contrary / opposite / enemy
347	347	0	bastante	bastante	single_word			a lot / enough		none						bastante = a lot / enough
348	348	0	pessoal	pessoal	single_word			personal / personnel		none						pessoal = personal / personnel
349	349	0	realidade	realidade	single_word			reality / real life		none						realidade = reality / real life
350	350	0	explicar	explicar	single_word			to explain		none						explicar = to explain
351	351	0	mal	mal	single_word			poorly / hardly		none						mal = poorly / hardly
352	352	0	militar	militar	single_word			military / soldier		none						militar = military / soldier
353	353	0	seis	seis	single_word			six		none						seis = six
354	354	0	empresa	empresa	single_word			company / firm / business		none						empresa = company / firm / business
355	355	0	pé	pé	single_word			foot / tree shoot		none						pé = foot / tree shoot
356	356	0	perceber	perceber	single_word			to understand / perceive		none						perceber = to understand / perceive
357	357	0	ajudar	ajudar	single_word			to help		none						ajudar = to help
358	358	0	ordem	ordem	single_word			order		none						ordem = order
359	359	0	defender	defender	single_word			to defend		none						defender = to defend
360	360	0	ocorrer	ocorrer	single_word			to occur		none						ocorrer = to occur
361	361	0	principal	principal	single_word			principal / main		none						principal = principal / main
362	362	0	assunto	assunto	single_word			subject / topic / matter / issue		none						assunto = subject / topic / matter / issue
363	363	0	passo	passo	single_word			step		none						passo = step
364	364	0	portanto	portanto	single_word			therefore		none						portanto = therefore
365	365	0	atividade	atividade	single_word			activity		none						atividade = activity
366	366	0	aceitar	aceitar	single_word			to accept		none						aceitar = to accept
367	367	0	direção	direção	single_word			direction		none						direção = direction
368	368	0	necessidade	necessidade	single_word			necessity		none						necessidade = necessity
369	369	0	dez	dez	single_word			ten		none						dez = ten
370	370	0	ministro	ministro	single_word			minister		none						ministro = minister
371	371	0	qualidade	qualidade	single_word			quality		none						qualidade = quality
372	372	0	realizar	realizar	single_word			to fulfill / make happen		none						realizar = to fulfill / make happen
373	373	0	função	função	single_word			function		none						função = function
374	374	0	olho	olho	single_word			eye		none						olho = eye
375	375	0	respeito	respeito	single_word			respect		none						respeito = respect
376	376	0	tirar	tirar	single_word			to take out / remove		none						tirar = to take out / remove
377	377	0	cima	cima	single_word			top		none						cima = top
378	378	0	mar	mar	single_word			sea		none						mar = sea
379	379	0	natural	natural	single_word			natural		none						natural = natural
380	380	0	costa	costa	single_word			coast / back (anatomy)		none						costa = coast / back (anatomy)
381	381	0	peça	peça	single_word			piece / spare part / play		none						peça = piece / spare part / play
382	382	0	área	área	single_word			area		none						área = area
383	383	0	lançar	lançar	single_word			to throw / send out		none						lançar = to throw / send out
384	384	0	preço	preço	single_word			price		none						preço = price
385	385	0	correr	correr	single_word			to run		none						correr = to run
386	386	0	experiência	experiência	single_word			experience		none						experiência = experience
387	387	0	norte	norte	single_word			north		none						norte = north
388	388	0	princípio	princípio	single_word			principle / start / beginning		none						princípio = principle / start / beginning
389	389	0	autor	autor	single_word			author		none						autor = author
390	390	0	curso	curso	single_word			course / college major		none						curso = course / college major
391	391	0	crescer	crescer	single_word			to grow		none						crescer = to grow
392	392	0	aumentar	aumentar	single_word			to increase / augment		none						aumentar = to increase / augment
393	393	0	decisão	decisão	single_word			decision		none						decisão = decision
394	394	0	câmara	câmara	single_word			city council / chamber		none						câmara = city council / chamber
395	395	0	andar	andar	single_word			to walk / go / ride		none						andar = to walk / go / ride
396	396	0	sistema	sistema	single_word			system		none						sistema = system
397	397	0	vontade	vontade	single_word			desire / will		none						vontade = desire / will
398	398	0	maioria	maioria	single_word			majority		none						maioria = majority
399	399	0	acompanhar	acompanhar	single_word			to go with / keep company		none						acompanhar = to go with / keep company
400	400	0	viagem	viagem	single_word			trip / journey / voyage		none						viagem = trip / journey / voyage
401	401	0	senhora	senhora	single_word			lady		none						senhora = lady
402	402	0	aspecto	aspecto	single_word			aspect		none						aspecto = aspect
403	403	0	artista	artista	single_word			artist		none						artista = artist
404	404	0	idade	idade	single_word			age		none						idade = age
405	405	0	aberto	aberto	single_word			open		none						aberto = open
406	406	0	conto	conto	single_word			short story / monetary value		none						conto = short story / monetary value
407	407	0	médico	médico	single_word			medical doctor / medical		none						médico = medical doctor / medical
408	408	0	capital	capital	single_word			capital (M investment / F city)		none						capital = capital (M investment / F city)
409	409	0	sobretudo	sobretudo	single_word			above all / mainly		none						sobretudo = above all / mainly
410	410	0	no entanto	no entanto	space_compound			however / even though		none						no entanto = however / even though
411	411	0	cultura	cultura	single_word			culture		none						cultura = culture
412	412	0	escolher	escolher	single_word			to choose		none						escolher = to choose
413	413	0	conhecimento	conhecimento	single_word			knowledge / understanding		none						conhecimento = knowledge / understanding
414	414	0	responder	responder	single_word			to respond / answer		none						responder = to respond / answer
415	415	0	pretender	pretender	single_word			to plan to / intend		none						pretender = to plan to / intend
416	416	0	população	população	single_word			population		none						população = population
417	417	0	estudo	estudo	single_word			study		none						estudo = study
418	418	0	resposta	resposta	single_word			answer / response		none						resposta = answer / response
419	419	0	informação	informação	single_word			information		none						informação = information
420	420	0	comum	comum	single_word			common		none						comum = common
421	421	0	gostar	gostar	single_word			to like		none						gostar = to like
422	422	0	superior	superior	single_word			greater / higher / superior		none						superior = greater / higher / superior
423	423	0	saúde	saúde	single_word			health		none						saúde = health
424	424	0	capaz	capaz	single_word			capable		none						capaz = capable
425	425	0	porta	porta	single_word			door		none						porta = door
426	426	0	terceiro	terceiro	single_word			third		none						terceiro = third
427	427	0	vender	vender	single_word			to sell		none						vender = to sell
428	428	0	república	república	single_word			republic		none						república = republic
429	429	0	matar	matar	single_word			to kill		none						matar = to kill
430	430	0	menor	menor	single_word			smaller / younger / less / least		none						menor = smaller / younger / less / least
431	431	0	especial	especial	single_word			special		none						especial = special
432	432	0	sul	sul	single_word			south		none						sul = south
433	433	0	cinema	cinema	single_word			movie / movie theater		none						cinema = movie / movie theater
434	434	0	pena	pena	single_word			penalty / shame		none						pena = penalty / shame
435	435	0	cor	cor	single_word			color		none						cor = color
436	436	0	sofrer	sofrer	single_word			to suffer		none						sofrer = to suffer
437	437	0	estrangeiro	estrangeiro	single_word			foreigner / stranger / foreign		none						estrangeiro = foreigner / stranger / foreign
438	438	0	ar	ar	single_word			air		none						ar = air
439	439	0	carro	carro	single_word			car / cart / buggy		none						carro = car / cart / buggy
440	440	0	igual	igual	single_word			equal		none						igual = equal
441	441	0	figura	figura	single_word			figure / chart / character		none						figura = figure / chart / character
442	442	0	interior	interior	single_word			interior / inland / inside		none						interior = interior / inland / inside
443	443	0	dificuldade	dificuldade	single_word			difficulty		none						dificuldade = difficulty
444	444	0	decidir	decidir	single_word			to decide		none						decidir = to decide
445	445	0	negro	negro	single_word			black / dark (person)		none						negro = black / dark (person)
446	446	0	compreender	compreender	single_word			to comprehend / understand		none						compreender = to comprehend / understand
447	447	0	milhão	milhão	single_word			million		none						milhão = million
448	448	0	importância	importância	single_word			importance		none						importância = importance
449	449	0	produzir	produzir	single_word			to produce		none						produzir = to produce
450	450	0	livre	livre	single_word			free		none						livre = free
451	451	0	rede	rede	single_word			network / net		none						rede = network / net
452	452	0	efeito	efeito	single_word			effect		none						efeito = effect
453	453	0	fechar	fechar	single_word			to shut / close		none						fechar = to shut / close
454	454	0	possibilidade	possibilidade	single_word			possibility		none						possibilidade = possibility
455	455	0	oito	oito	single_word			eight		none						oito = eight
456	456	0	principalmente	principalmente	single_word			especially / mainly		none						principalmente = especially / mainly
457	457	0	quadro	quadro	single_word			painting / panel		none						quadro = painting / panel
458	458	0	espírito	espírito	single_word			spirit		none						espírito = spirit
459	459	0	elemento	elemento	single_word			element		none						elemento = element
460	460	0	base	base	single_word			basis / base / foundation		none						base = basis / base / foundation
461	461	0	cujo	cujo	single_word			whose		none						cujo = whose
462	462	0	transformar	transformar	single_word			to transform		none						transformar = to transform
463	463	0	comprar	comprar	single_word			to buy		none						comprar = to buy
464	464	0	tu	tu	single_word			you (SG)		none						tu = you (SG)
465	465	0	após	após	single_word			after		none						após = after
466	466	0	filha	filha	single_word			daughter		none						filha = daughter
467	467	0	sob	sob	single_word			below / under / underneath		none						sob = below / under / underneath
468	468	0	referir	referir	single_word			to refer to		none						referir = to refer to
469	469	0	pedra	pedra	single_word			stone		none						pedra = stone
470	470	0	filme	filme	single_word			movie / film		none						filme = movie / film
471	471	0	madeira	madeira	single_word			wood		none						madeira = wood
472	472	0	natureza	natureza	single_word			nature		none						natureza = nature
473	473	0	período	período	single_word			period		none						período = period
474	474	0	presente	presente	single_word			present / present time / gift		none						presente = present / present time / gift
475	475	0	sete	sete	single_word			seven		none						sete = seven
476	476	0	recurso	recurso	single_word			resource		none						recurso = resource
477	477	0	levantar	levantar	single_word			to raise / stand up		none						levantar = to raise / stand up
478	478	0	mandar	mandar	single_word			to send / command / order		none						mandar = to send / command / order
479	479	0	unido	unido	single_word			united		none						unido = united
480	480	0	resultado	resultado	single_word			result		none						resultado = result
481	481	0	preso	preso	single_word			captive / imprisoned		none						preso = captive / imprisoned
482	482	0	reconhecer	reconhecer	single_word			to recognize		none						reconhecer = to recognize
483	483	0	dirigir	dirigir	single_word			to direct / drive / conduct		none						dirigir = to direct / drive / conduct
484	484	0	tocar	tocar	single_word			to touch / play (instrument)		none						tocar = to touch / play (instrument)
485	485	0	diretor	diretor	single_word			director		none						diretor = director
486	486	0	irmão	irmão	single_word			brother		none						irmão = brother
487	487	0	ninguém	ninguém	single_word			no one		none						ninguém = no one
488	488	0	mau	mau	single_word			bad / evil		none						mau = bad / evil
489	489	0	simples	simples	single_word			simple		none						simples = simple
490	490	0	programa	programa	single_word			program		none						programa = program
491	491	0	construir	construir	single_word			to construct		none						construir = to construct
492	492	0	diverso	diverso	single_word			diverse / several (pl)		none						diverso = diverse / several (pl)
493	493	0	cerca	cerca	single_word			about / near / close by		none						cerca = about / near / close by
494	494	0	classe	classe	single_word			class / type		none						classe = class / type
495	495	0	conselho	conselho	single_word			advice / counsel / council		none						conselho = advice / counsel / council
496	496	0	amor	amor	single_word			love		none						amor = love
497	497	0	televisão	televisão	single_word			television		none						televisão = television
498	498	0	valer	valer	single_word			to be worth		none						valer = to be worth
499	499	0	banda	banda	single_word			band		none						banda = band
500	500	0	carta	carta	single_word			letter (to someone)		none						carta = letter (to someone)
501	501	0	segurança	segurança	single_word			security / safety		none						segurança = security / safety
502	502	0	vinte	vinte	single_word			twenty		none						vinte = twenty
503	503	0	quarto	quarto	single_word			room / bedroom / fourth		none						quarto = room / bedroom / fourth
504	504	0	diferença	diferença	single_word			difference		none						diferença = difference
505	505	0	perto	perto	single_word			close		none						perto = close
506	506	0	opinião	opinião	single_word			opinion		none						opinião = opinion
507	507	0	título	título	single_word			title		none						título = title
508	508	0	luta	luta	single_word			struggle / fight / conflict		none						luta = struggle / fight / conflict
509	509	0	afirmar	afirmar	single_word			to affirm		none						afirmar = to affirm
510	510	0	terminar	terminar	single_word			to end / finish		none						terminar = to end / finish
511	511	0	algo	algo	single_word			something		none						algo = something
512	512	0	peixe	peixe	single_word			fish		none						peixe = fish
513	513	0	atrás	atrás	single_word			behind / back / ago		none						atrás = behind / back / ago
514	514	0	atingir	atingir	single_word			to reach / attain		none						atingir = to reach / attain
515	515	0	interessar	interessar	single_word			to interest / concern		none						interessar = to interest / concern
516	516	0	discutir	discutir	single_word			to discuss / dispute		none						discutir = to discuss / dispute
517	517	0	voz	voz	single_word			voice		none						voz = voice
518	518	0	companhia	companhia	single_word			company		none						companhia = company
519	519	0	significar	significar	single_word			to mean / signify		none						significar = to mean / signify
520	520	0	objeto	objeto	single_word			object		none						objeto = object
521	521	0	alguém	alguém	single_word			someone		none						alguém = someone
522	522	0	anterior	anterior	single_word			previous / anterior		none						anterior = previous / anterior
523	523	0	buscar	buscar	single_word			to look for / search for / fetch / pick up		none						buscar = to look for / search for / fetch / pick up
524	524	0	dúvida	dúvida	single_word			doubt		none						dúvida = doubt
525	525	0	início	início	single_word			beginning / start		none						início = beginning / start
526	526	0	matéria	matéria	single_word			material / (subject) matter		none						matéria = material / (subject) matter
527	527	0	graça	graça	single_word			thanks (PL) / grace		none						graça = thanks (PL) / grace
528	528	0	língua	língua	single_word			language / tongue		none						língua = language / tongue
529	529	0	enorme	enorme	single_word			enormous		none						enorme = enormous
530	530	0	americano	americano	single_word			American		none						americano = American
531	531	0	doutor	doutor	single_word			doctor		none						doutor = doctor
532	532	0	julgar	julgar	single_word			to judge		none						julgar = to judge
533	533	0	francês	francês	single_word			French		none						francês = French
534	534	0	verde	verde	single_word			green / unripe		none						verde = green / unripe
535	535	0	atenção	atenção	single_word			attention		none						atenção = attention
536	536	0	nível	nível	single_word			level		none						nível = level
537	537	0	criação	criação	single_word			creation		none						criação = creation
538	538	0	verdadeiro	verdadeiro	single_word			true / real / genuine		none						verdadeiro = true / real / genuine
539	539	0	justiça	justiça	single_word			justice		none						justiça = justice
540	540	0	vivo	vivo	single_word			alive		none						vivo = alive
541	541	0	educação	educação	single_word			education		none						educação = education
542	542	0	passado	passado	single_word			past / last / previous		none						passado = past / last / previous
543	543	0	evitar	evitar	single_word			to avoid		none						evitar = to avoid
544	544	0	ambiente	ambiente	single_word			environment / surroundings		none						ambiente = environment / surroundings
545	545	0	guarda	guarda	single_word			guard / care		none						guarda = guard / care
546	546	0	económico	econômico	single_word			economic		spelling						económico = economic
547	547	0	casar	casar	single_word			to marry		none						casar = to marry
548	548	0	participar	participar	single_word			to participate		none						participar = to participate
549	549	0	rico	rico	single_word			rich		none						rico = rich
550	550	0	pobre	pobre	single_word			poor		none						pobre = poor
551	551	0	cabo	cabo	single_word			cape (geography) / cable / end		none						cabo = cape (geography) / cable / end
552	552	0	eleição	eleição	single_word			election		none						eleição = election
553	553	0	apoio	apoio	single_word			support		none						apoio = support
554	554	0	inglês	inglês	single_word			English		none						inglês = English
555	555	0	solução	solução	single_word			solution		none						solução = solution
556	556	0	demais	demais	single_word			too much		none						demais = too much
557	557	0	máquina	máquina	single_word			machine / device		none						máquina = machine / device
558	558	0	trabalhador	trabalhador	single_word			worker		none						trabalhador = worker
559	559	0	produto	produto	single_word			product		none						produto = product
560	560	0	envolver	envolver	single_word			to involve		none						envolver = to involve
561	561	0	doença	doença	single_word			illness		none						doença = illness
562	562	0	resto	resto	single_word			rest / remaining part		none						resto = rest / remaining part
563	563	0	ciência	ciência	single_word			science		none						ciência = science
564	564	0	marcar	marcar	single_word			to mark / set (a date)		none						marcar = to mark / set (a date)
565	565	0	cumprir	cumprir	single_word			to fulfill / obey		none						cumprir = to fulfill / obey
566	566	0	contacto	contato	single_word			contact		spelling						contacto = contact
567	567	0	realmente	realmente	single_word			really / truly		none						realmente = really / truly
568	568	0	morar	morar	single_word			to live (in or at) / dwell		none						morar = to live (in or at) / dwell
569	569	0	rápido	rápido	single_word			fast / rapid		none						rápido = fast / rapid
570	570	0	literatura	literatura	single_word			literature		none						literatura = literature
571	571	0	fácil	fácil	single_word			easy		none						fácil = easy
572	572	0	atual	atual	single_word			current / up-to-date		none						atual = current / up-to-date
573	573	0	morto	morto	single_word			dead		none						morto = dead
574	574	0	exigir	exigir	single_word			to require / demand		none						exigir = to require / demand
575	575	0	diante	diante	single_word			(em d.) from then on / in front of		none						diante = (em d.) from then on / in front of
575	575	1	em diante	em diante	space_compound			(em d.) from then on / in front of		idiom_expansion						diante = (em d.) from then on / in front of
576	576	0	liberdade	liberdade	single_word			liberty / freedom		none						liberdade = liberty / freedom
577	577	0	zona	zona	single_word			zone		none						zona = zone
578	578	0	terreno	terreno	single_word			land / terrain / ground		none						terreno = land / terrain / ground
579	579	0	provocar	provocar	single_word			to provoke		none						provocar = to provoke
580	580	0	garantir	garantir	single_word			to guarantee		none						garantir = to guarantee
581	581	0	jogar	jogar	single_word			to play (a game) / throw		none						jogar = to play (a game) / throw
582	582	0	modelo	modelo	single_word			model / example		none						modelo = model / example
583	583	0	assumir	assumir	single_word			to assume (e.g. role)		none						assumir = to assume (e.g. role)
584	584	0	oferecer	oferecer	single_word			to offer / give		none						oferecer = to offer / give
585	585	0	visão	visão	single_word			vision / view		none						visão = vision / view
586	586	0	preparar	preparar	single_word			to prepare		none						preparar = to prepare
587	587	0	constituir	constituir	single_word			to constitute		none						constituir = to constitute
588	588	0	escritor	escritor	single_word			author / writer		none						escritor = author / writer
589	589	0	estrada	estrada	single_word			highway / road		none						estrada = highway / road
590	590	0	construção	construção	single_word			construction		none						construção = construction
591	591	0	polícia	polícia	single_word			police (M officer / F force)		none						polícia = police (M officer / F force)
592	592	0	mudança	mudança	single_word			change		none						mudança = change
593	593	0	aprender	aprender	single_word			to learn		none						aprender = to learn
594	594	0	mínimo	mínimo	single_word			minimum / least		none						mínimo = minimum / least
595	595	0	comer	comer	single_word			to eat		none						comer = to eat
596	596	0	fugir	fugir	single_word			to flee / run away		none						fugir = to flee / run away
597	597	0	motivo	motivo	single_word			reason / motive		none						motivo = reason / motive
598	598	0	som	som	single_word			sound		none						som = sound
599	599	0	obrigar	obrigar	single_word			to force / obligate		none						obrigar = to force / obligate
600	600	0	publicar	publicar	single_word			to publish		none						publicar = to publish
601	601	0	sol	sol	single_word			sun		none						sol = sun
602	602	0	comércio	comércio	single_word			commerce / trade		none						comércio = commerce / trade
603	603	0	ocupar	ocupar	single_word			to occupy		none						ocupar = to occupy
604	604	0	central	central	single_word			central / station / office		none						central = central / station / office
605	605	0	curto	curto	single_word			short		none						curto = short
606	606	0	prova	prova	single_word			proof / test / evidence		none						prova = proof / test / evidence
607	607	0	memória	memória	single_word			memory		none						memória = memory
608	608	0	bater	bater	single_word			to hit / beat		none						bater = to hit / beat
609	609	0	aproveitar	aproveitar	single_word			to make good use of / use		none						aproveitar = to make good use of / use
610	610	0	depender	depender	single_word			to depend		none						depender = to depend
611	611	0	parar	parar	single_word			to stop		none						parar = to stop
612	612	0	metro	metro	single_word			meter / subway		none						metro = meter / subway
613	613	0	material	material	single_word			material		none						material = material
614	614	0	revista	revista	single_word			magazine / periodical		none						revista = magazine / periodical
615	615	0	acima	acima	single_word			above		none						acima = above
616	616	0	crítica	crítica	single_word			criticism		none						crítica = criticism
617	617	0	sinal	sinal	single_word			sign / signal		none						sinal = sign / signal
618	618	0	medo	medo	single_word			fear		none						medo = fear
619	619	0	profissional	profissional	single_word			professional		none						profissional = professional
620	620	0	objetivo	objetivo	single_word			objective		none						objetivo = objective
621	621	0	inteiro	inteiro	single_word			entire		none						inteiro = entire
622	622	0	venda	venda	single_word			sale		none						venda = sale
623	623	0	sucesso	sucesso	single_word			success		none						sucesso = success
624	624	0	carreira	carreira	single_word			career / race		none						carreira = career / race
625	625	0	assistir	assistir	single_word			to watch / help / attend		none						assistir = to watch / help / attend
626	626	0	esquerda	esquerda	single_word			left (direction)		none						esquerda = left (direction)
627	627	0	cortar	cortar	single_word			to cut		none						cortar = to cut
628	628	0	influência	influência	single_word			influence		none						influência = influence
629	629	0	pertencer	pertencer	single_word			to belong to		none						pertencer = to belong to
630	630	0	personagem	personagem	single_word			character (literature) / personage		none						personagem = character (literature) / personage
631	631	0	obter	obter	single_word			to get / obtain		none						obter = to get / obtain
632	632	0	apoiar	apoiar	single_word			to support / uphold / sustain		none						apoiar = to support / uphold / sustain
633	633	0	funcionar	funcionar	single_word			to function		none						funcionar = to function
634	634	0	prática	prática	single_word			practice		none						prática = practice
635	635	0	formação	formação	single_word			formation / graduation		none						formação = formation / graduation
636	636	0	europeu	europeu	single_word			European		none						europeu = European
637	637	0	conforme	conforme	single_word			according to		none						conforme = according to
638	638	0	preocupação	preocupação	single_word			worry / preoccupation		none						preocupação = worry / preoccupation
639	639	0	estabelecer	estabelecer	single_word			to establish		none						estabelecer = to establish
640	640	0	produção	produção	single_word			production		none						produção = production
641	641	0	conjunto	conjunto	single_word			set / combination / group		none						conjunto = set / combination / group
642	642	0	esforço	esforço	single_word			effort		none						esforço = effort
643	643	0	massa	massa	single_word			mass / dough		none						massa = mass / dough
644	644	0	comissão	comissão	single_word			commission		none						comissão = commission
645	645	0	porém	porém	single_word			however / though		none						porém = however / though
646	646	0	subir	subir	single_word			to go up / climb		none						subir = to go up / climb
647	647	0	popular	popular	single_word			popular		none						popular = popular
648	648	0	desenvolver	desenvolver	single_word			to develop		none						desenvolver = to develop
649	649	0	rei	rei	single_word			king		none						rei = king
650	650	0	rádio	rádio	single_word			radio (M device / F means of communication)		none						rádio = radio (M device / F means of communication)
651	651	0	prestar	prestar	single_word			to render (aid) / be useful		none						prestar = to render (aid) / be useful
652	652	0	dividir	dividir	single_word			to divide		none						dividir = to divide
653	653	0	erro	erro	single_word			mistake / error		none						erro = mistake / error
654	654	0	género	gênero	single_word			kind / type / genus		spelling						género = kind / type / genus
655	655	0	favor	favor	single_word			favor		none						favor = favor
656	656	0	oficial	oficial	single_word			official		none						oficial = official
657	657	0	administração	administração	single_word			administration		none						administração = administration
658	658	0	reunir	reunir	single_word			to gather		none						reunir = to gather
659	659	0	cento	cento	single_word			percent (por c.)		none						cento = percent (por c.)
659	659	1	por cento	por cento	space_compound			percent (por c.)		idiom_expansion						cento = percent (por c.)
660	660	0	sangue	sangue	single_word			blood		none						sangue = blood
661	661	0	letra	letra	single_word			letter / handwriting / lyrics		none						letra = letter / handwriting / lyrics
662	662	0	série	série	single_word			series		none						série = series
663	663	0	expressão	expressão	single_word			expression		none						expressão = expression
664	664	0	face	face	single_word			face / surface		none						face = face / surface
665	665	0	supor	supor	single_word			to suppose		none						supor = to suppose
666	666	0	vila	vila	single_word			small town / village		none						vila = small town / village
667	667	0	determinar	determinar	single_word			to determine		none						determinar = to determine
668	668	0	completamente	completamente	single_word			completely		none						completamente = completely
669	669	0	energia	energia	single_word			energy		none						energia = energy
670	670	0	presença	presença	single_word			presence		none						presença = presence
671	671	0	árvore	árvore	single_word			tree		none						árvore = tree
672	672	0	fase	fase	single_word			phase		none						fase = phase
673	673	0	encontro	encontro	single_word			encounter / meeting / date		none						encontro = encounter / meeting / date
674	674	0	deputado	deputado	single_word			representative / deputy		none						deputado = representative / deputy
675	675	0	emprego	emprego	single_word			job / work / employment		none						emprego = job / work / employment
676	676	0	particular	particular	single_word			private / particular		none						particular = private / particular
677	677	0	risco	risco	single_word			risk		none						risco = risk
678	678	0	belo	belo	single_word			beautiful		none						belo = beautiful
679	679	0	cena	cena	single_word			scene		none						cena = scene
680	680	0	consciência	consciência	single_word			conscience / awareness		none						consciência = conscience / awareness
681	681	0	geração	geração	single_word			generation		none						geração = generation
682	682	0	crime	crime	single_word			crime		none						crime = crime
683	683	0	somente	somente	single_word			only / solely		none						somente = only / solely
684	684	0	verificar	verificar	single_word			to verify / check		none						verificar = to verify / check
685	685	0	preferir	preferir	single_word			to prefer		none						preferir = to prefer
686	686	0	crise	crise	single_word			crisis		none						crise = crisis
687	687	0	ora	ora	single_word			now / presently		none						ora = now / presently
688	688	0	entregar	entregar	single_word			to deliver / give		none						entregar = to deliver / give
689	689	0	moderno	moderno	single_word			modern		none						moderno = modern
690	690	0	regra	regra	single_word			rule		none						regra = rule
691	691	0	revelar	revelar	single_word			to reveal / develop (photos)		none						revelar = to reveal / develop (photos)
692	692	0	desejar	desejar	single_word			to wish / desire		none						desejar = to wish / desire
693	693	0	exatamente	exatamente	single_word			exactly		none						exatamente = exactly
694	694	0	fonte	fonte	single_word			source / fountain		none						fonte = source / fountain
695	695	0	repetir	repetir	single_word			to repeat		none						repetir = to repeat
696	696	0	largo	largo	single_word			wide / large / broad		none						largo = wide / large / broad
697	697	0	estilo	estilo	single_word			style		none						estilo = style
698	698	0	imaginar	imaginar	single_word			to imagine		none						imaginar = to imagine
699	699	0	responsabilidade	responsabilidade	single_word			responsibility		none						responsabilidade = responsibility
700	700	0	economia	economia	single_word			economy		none						economia = economy
701	701	0	vale	vale	single_word			valley / receipt		none						vale = valley / receipt
702	702	0	avançar	avançar	single_word			to advance		none						avançar = to advance
703	703	0	observar	observar	single_word			to observe		none						observar = to observe
704	704	0	carne	carne	single_word			meat / flesh		none						carne = meat / flesh
705	705	0	origem	origem	single_word			origin / root		none						origem = origin / root
706	706	0	atitude	atitude	single_word			attitude		none						atitude = attitude
707	707	0	indivíduo	indivíduo	single_word			individual		none						indivíduo = individual
708	708	0	inclusive	inclusive	single_word			including / even		none						inclusive = including / even
709	709	0	sala	sala	single_word			room		none						sala = room
710	710	0	cheio	cheio	single_word			full		none						cheio = full
711	711	0	preto	preto	single_word			black		none						preto = black
712	712	0	reduzir	reduzir	single_word			to reduce		none						reduzir = to reduce
713	713	0	defesa	defesa	single_word			defense		none						defesa = defense
714	714	0	propor	propor	single_word			to propose		none						propor = to propose
715	715	0	civil	civil	single_word			civil		none						civil = civil
716	716	0	comunicação	comunicação	single_word			communication		none						comunicação = communication
717	717	0	resultar	resultar	single_word			to result		none						resultar = to result
718	718	0	texto	texto	single_word			text		none						texto = text
719	719	0	oportunidade	oportunidade	single_word			opportunity		none						oportunidade = opportunity
720	720	0	proposta	proposta	single_word			proposal		none						proposta = proposal
721	721	0	manhã	manhã	single_word			morning		none						manhã = morning
722	722	0	peso	peso	single_word			weight		none						peso = weight
723	723	0	entrada	entrada	single_word			entrance / entryway		none						entrada = entrance / entryway
724	724	0	existência	existência	single_word			existence		none						existência = existence
725	725	0	moeda	moeda	single_word			currency / coin		none						moeda = currency / coin
726	726	0	total	total	single_word			total		none						total = total
727	727	0	clube	clube	single_word			club		none						clube = club
728	728	0	ferro	ferro	single_word			iron		none						ferro = iron
729	729	0	romance	romance	single_word			novel / romance		none						romance = novel / romance
730	730	0	autoridade	autoridade	single_word			authority		none						autoridade = authority
731	731	0	sentimento	sentimento	single_word			feeling		none						sentimento = feeling
732	732	0	grave	grave	single_word			grave / serious		none						grave = grave / serious
733	733	0	vitória	vitória	single_word			victory		none						vitória = victory
734	734	0	reunião	reunião	single_word			meeting / reunion		none						reunião = meeting / reunion
735	735	0	marido	marido	single_word			husband		none						marido = husband
736	736	0	interessante	interessante	single_word			interesting		none						interessante = interesting
737	737	0	admitir	admitir	single_word			to admit		none						admitir = to admit
738	738	0	sério	sério	single_word			serious		none						sério = serious
739	739	0	operação	operação	single_word			operation		none						operação = operation
740	740	0	indicar	indicar	single_word			to indicate		none						indicar = to indicate
741	741	0	máximo	máximo	single_word			maximum		none						máximo = maximum
742	742	0	normal	normal	single_word			normal / norm		none						normal = normal / norm
743	743	0	juntar	juntar	single_word			to join / gather together		none						juntar = to join / gather together
744	744	0	impedir	impedir	single_word			to impede / prevent		none						impedir = to impede / prevent
745	745	0	ilha	ilha	single_word			island		none						ilha = island
746	746	0	espetáculo	espetáculo	single_word			show / spectacular / spectacle		none						espetáculo = show / spectacular / spectacle
747	747	0	possuir	possuir	single_word			to have / possess		none						possuir = to have / possess
748	748	0	dado	dado	single_word			datum / given		none						dado = datum / given
749	749	0	certeza	certeza	single_word			certainty		none						certeza = certainty
750	750	0	em torno	em torno	space_compound			around / about		none						em torno = around / about
751	751	0	frio	frio	single_word			cold		none						frio = cold
752	752	0	histórico	histórico	single_word			historic / historical		none						histórico = historic / historical
753	753	0	faltar	faltar	single_word			to lack / miss / not be present		none						faltar = to lack / miss / not be present
754	754	0	iniciar	iniciar	single_word			to initiate / begin		none						iniciar = to initiate / begin
755	755	0	dedicar	dedicar	single_word			to dedicate		none						dedicar = to dedicate
756	756	0	aliás	aliás	single_word			or rather / besides		none						aliás = or rather / besides
757	757	0	universidade	universidade	single_word			university		none						universidade = university
758	758	0	intenção	intenção	single_word			intention		none						intenção = intention
759	759	0	discurso	discurso	single_word			speech / discourse		none						discurso = speech / discourse
760	760	0	trinta	trinta	single_word			thirty		none						trinta = thirty
761	761	0	apontar	apontar	single_word			to point out / indicate		none						apontar = to point out / indicate
762	762	0	passagem	passagem	single_word			ticket / fare / way / passage		none						passagem = ticket / fare / way / passage
763	763	0	tema	tema	single_word			subject / theme / topic		none						tema = subject / theme / topic
764	764	0	abandonar	abandonar	single_word			to leave / abandon		none						abandonar = to leave / abandon
765	765	0	notar	notar	single_word			to note / notice		none						notar = to note / notice
766	766	0	coração	coração	single_word			heart		none						coração = heart
767	767	0	doente	doente	single_word			sick (person)		none						doente = sick (person)
768	768	0	concluir	concluir	single_word			to conclude		none						concluir = to conclude
769	769	0	leite	leite	single_word			milk		none						leite = milk
770	770	0	paz	paz	single_word			peace		none						paz = peace
771	771	0	margem	margem	single_word			margin / border / riverbank		none						margem = margin / border / riverbank
772	772	0	ambos	ambos	single_word			both		none						ambos = both
773	773	0	retirar	retirar	single_word			to remove		none						retirar = to remove
774	774	0	pronto	pronto	single_word			ready		none						pronto = ready
775	775	0	vencer	vencer	single_word			to win / triumph		none						vencer = to win / triumph
776	776	0	discussão	discussão	single_word			discussion / debate		none						discussão = discussion / debate
777	777	0	hospital	hospital	single_word			hospital		none						hospital = hospital
778	778	0	instrumento	instrumento	single_word			instrument		none						instrumento = instrument
779	779	0	minuto	minuto	single_word			minute		none						minuto = minute
780	780	0	monte	monte	single_word			mount / mound / a lot of		none						monte = mount / mound / a lot of
781	781	0	campanha	campanha	single_word			campaign		none						campanha = campaign
782	782	0	incluir	incluir	single_word			to include		none						incluir = to include
783	783	0	prever	prever	single_word			to foresee		none						prever = to foresee
784	784	0	tarefa	tarefa	single_word			assignment / task / homework		none						tarefa = assignment / task / homework
785	785	0	indústria	indústria	single_word			industry		none						indústria = industry
786	786	0	viajar	viajar	single_word			to travel		none						viajar = to travel
787	787	0	reforma	reforma	single_word			reform		none						reforma = reform
788	788	0	vento	vento	single_word			wind		none						vento = wind
789	789	0	especializar	especializar	single_word			to specialize in (+se)		none						especializar = to specialize in (+se)
790	790	0	saída	saída	single_word			exit		none						saída = exit
791	791	0	esquecer	esquecer	single_word			to forget		none						esquecer = to forget
792	792	0	adquirir	adquirir	single_word			to acquire		none						adquirir = to acquire
793	793	0	pergunta	pergunta	single_word			question		none						pergunta = question
794	794	0	boca	boca	single_word			mouth		none						boca = mouth
795	795	0	organização	organização	single_word			organization		none						organização = organization
796	796	0	poeta	poeta	single_word			poet		none						poeta = poet
797	797	0	cargo	cargo	single_word			position / responsibility		none						cargo = position / responsibility
798	798	0	capacidade	capacidade	single_word			capacity		none						capacidade = capacity
799	799	0	cantar	cantar	single_word			to sing		none						cantar = to sing
800	800	0	chefe	chefe	single_word			chief / boss		none						chefe = chief / boss
801	801	0	exército	exército	single_word			army		none						exército = army
802	802	0	corrente	corrente	single_word			current / chain		none						corrente = current / chain
803	803	0	festa	festa	single_word			party / celebration		none						festa = party / celebration
804	804	0	melhorar	melhorar	single_word			to improve / make better		none						melhorar = to improve / make better
805	805	0	pensamento	pensamento	single_word			thought		none						pensamento = thought
806	806	0	limite	limite	single_word			limit		none						limite = limit
807	807	0	atender	atender	single_word			to help / receive / give attention		none						atender = to help / receive / give attention
808	808	0	profundo	profundo	single_word			deep / profound		none						profundo = deep / profound
809	809	0	aula	aula	single_word			class / lesson		none						aula = class / lesson
810	810	0	pesar	pesar	single_word			to weigh		none						pesar = to weigh
811	811	0	ministério	ministério	single_word			ministry		none						ministério = ministry
812	812	0	longe	longe	single_word			far		none						longe = far
813	813	0	estrutura	estrutura	single_word			structure		none						estrutura = structure
814	814	0	aplicar	aplicar	single_word			to apply		none						aplicar = to apply
815	815	0	uso	uso	single_word			use		none						uso = use
816	816	0	conduzir	conduzir	single_word			to lead / conduct		none						conduzir = to lead / conduct
817	817	0	vermelho	vermelho	single_word			red		none						vermelho = red
818	818	0	pintura	pintura	single_word			painting		none						pintura = painting
819	819	0	ramo	ramo	single_word			branch		none						ramo = branch
820	820	0	cavalo	cavalo	single_word			horse		none						cavalo = horse
821	821	0	índio	índio	single_word			Indian / Native American		none						índio = Indian / Native American
822	822	0	comercial	comercial	single_word			commercial		none						comercial = commercial
823	823	0	técnico	técnico	single_word			technical / coach / technician		none						técnico = technical / coach / technician
824	824	0	disco	disco	single_word			record / disc		none						disco = record / disc
825	825	0	sujeito	sujeito	single_word			subject		none						sujeito = subject
826	826	0	preocupar	preocupar	single_word			to worry about		none						preocupar = to worry about
827	827	0	afastar	afastar	single_word			to walk away / withdraw		none						afastar = to walk away / withdraw
828	828	0	metade	metade	single_word			half		none						metade = half
829	829	0	direto	direto	single_word			direct		none						direto = direct
830	830	0	respeitar	respeitar	single_word			to respect		none						respeitar = to respect
831	831	0	linguagem	linguagem	single_word			language		none						linguagem = language
832	832	0	união	união	single_word			union		none						união = union
833	833	0	parede	parede	single_word			wall		none						parede = wall
834	834	0	fogo	fogo	single_word			fire		none						fogo = fire
835	835	0	arma	arma	single_word			weapon / arm		none						arma = weapon / arm
836	836	0	advogado	advogado	single_word			lawyer / attorney		none						advogado = lawyer / attorney
837	837	0	cuidar	cuidar	single_word			to take care		none						cuidar = to take care
838	838	0	caixa	caixa	single_word			box / cash register		none						caixa = box / cash register
839	839	0	familiar	familiar	single_word			familiar / of the family / family member		none						familiar = familiar / of the family / family member
840	840	0	completar	completar	single_word			to complete		none						completar = to complete
841	841	0	aluno	aluno	single_word			student / pupil		none						aluno = student / pupil
842	842	0	entretanto	entretanto	single_word			meanwhile / however		none						entretanto = meanwhile / however
843	843	0	revolução	revolução	single_word			revolution		none						revolução = revolution
844	844	0	nota	nota	single_word			note / grade / mark		none						nota = note / grade / mark
845	845	0	causar	causar	single_word			to cause		none						causar = to cause
846	846	0	armado	armado	single_word			armed / military		none						armado = armed / military
847	847	0	custo	custo	single_word			cost		none						custo = cost
848	848	0	procura	procura	single_word			search		none						procura = search
849	849	0	escolha	escolha	single_word			choice		none						escolha = choice
850	850	0	literário	literário	single_word			literary		none						literário = literary
851	851	0	responsável	responsável	single_word			responsible / person in charge		none						responsável = responsible / person in charge
852	852	0	mesa	mesa	single_word			table		none						mesa = table
853	853	0	físico	físico	single_word			physical / physicist		none						físico = physical / physicist
854	854	0	tamanho	tamanho	single_word			size		none						tamanho = size
855	855	0	leitura	leitura	single_word			reading		none						leitura = reading
856	856	0	suficiente	suficiente	single_word			sufficient		none						suficiente = sufficient
857	857	0	aproximar	aproximar	single_word			to approach / move closer		none						aproximar = to approach / move closer
858	858	0	data	data	single_word			date		none						data = date
859	859	0	pegar	pegar	single_word			to get / grab / catch		none						pegar = to get / grab / catch
860	860	0	artigo	artigo	single_word			article		none						artigo = article
861	861	0	oposição	oposição	single_word			opposition		none						oposição = opposition
862	862	0	ponte	ponte	single_word			bridge		none						ponte = bridge
863	863	0	menino	menino	single_word			young boy		none						menino = young boy
864	864	0	fixar	fixar	single_word			to establish / fix (onto)		none						fixar = to establish / fix (onto)
865	865	0	automóvel	automóvel	single_word			car / automobile		none						automóvel = car / automobile
866	866	0	absoluto	absoluto	single_word			absolute		none						absoluto = absolute
867	867	0	cara	cara	single_word			face		none						cara = face
868	868	0	consequência	consequência	single_word			consequence		none						consequência = consequence
869	869	0	planta	planta	single_word			plant		none						planta = plant
870	870	0	importar	importar	single_word			to be interested in / care / import		none						importar = to be interested in / care / import
871	871	0	caber	caber	single_word			to fit (into) / have capacity for		none						caber = to fit (into) / have capacity for
872	872	0	perna	perna	single_word			leg		none						perna = leg
873	873	0	perspectiva	perspectiva	single_word			perspective		none						perspectiva = perspective
874	874	0	religioso	religioso	single_word			religious (person)		none						religioso = religious (person)
875	875	0	nove	nove	single_word			nine		none						nove = nine
876	876	0	concordar	concordar	single_word			to agree		none						concordar = to agree
877	877	0	impor	impor	single_word			to impose / enforce		none						impor = to impose / enforce
878	878	0	exposição	exposição	single_word			exposition / display		none						exposição = exposition / display
879	879	0	interno	interno	single_word			internal		none						interno = internal
880	880	0	setor	setor	single_word			sector		none						setor = sector
881	881	0	lutar	lutar	single_word			to fight		none						lutar = to fight
882	882	0	ideal	ideal	single_word			ideal		none						ideal = ideal
883	883	0	substituir	substituir	single_word			to substitute		none						substituir = to substitute
884	884	0	tendência	tendência	single_word			tendency		none						tendência = tendency
885	885	0	governador	governador	single_word			governor		none						governador = governor
886	886	0	funcionário	funcionário	single_word			employee / worker		none						funcionário = employee / worker
887	887	0	roda	roda	single_word			wheel		none						roda = wheel
888	888	0	candidato	candidato	single_word			candidate		none						candidato = candidate
889	889	0	compor	compor	single_word			to compose / consist of		none						compor = to compose / consist of
890	890	0	costumar	costumar	single_word			to tend to / have the habit of		none						costumar = to tend to / have the habit of
891	891	0	impressão	impressão	single_word			impression / printing		none						impressão = impression / printing
892	892	0	hipótese	hipótese	single_word			hypothesis		none						hipótese = hypothesis
893	893	0	verão	verão	single_word			summer		none						verão = summer
894	894	0	cobrir	cobrir	single_word			to cover		none						cobrir = to cover
895	895	0	refletir	refletir	single_word			to reflect		none						refletir = to reflect
896	896	0	anunciar	anunciar	single_word			to announce		none						anunciar = to announce
897	897	0	dispor	dispor	single_word			to possess / have / use		none						dispor = to possess / have / use
898	898	0	violência	violência	single_word			violence		none						violência = violence
899	899	0	virar	virar	single_word			to turn / become		none						virar = to turn / become
900	900	0	seguro	seguro	single_word			secure / safe / insurance		none						seguro = secure / safe / insurance
901	901	0	instituição	instituição	single_word			institution		none						instituição = institution
902	902	0	exercer	exercer	single_word			to exert / exercise		none						exercer = to exert / exercise
903	903	0	durar	durar	single_word			to last		none						durar = to last
904	904	0	perguntar	perguntar	single_word			to ask (a question)		none						perguntar = to ask (a question)
905	905	0	café	café	single_word			coffee		none						café = coffee
906	906	0	financeiro	financeiro	single_word			financial		none						financeiro = financial
907	907	0	abaixo	abaixo	single_word			below / beneath / under		none						abaixo = below / beneath / under
908	908	0	fotografia	fotografia	single_word			photograph / photography		none						fotografia = photograph / photography
909	909	0	conhecido	conhecido	single_word			known		none						conhecido = known
910	910	0	utilizar	utilizar	single_word			to utilize		none						utilizar = to utilize
911	911	0	vantagem	vantagem	single_word			advantage		none						vantagem = advantage
912	912	0	regime	regime	single_word			regime		none						regime = regime
913	913	0	sítio	sítio	single_word			site / place / small farm (BP)		none						sítio = site / place / small farm (BP)
914	914	0	citar	citar	single_word			to cite / quote		none						citar = to cite / quote
915	915	0	tradição	tradição	single_word			tradition		none						tradição = tradition
916	916	0	alcançar	alcançar	single_word			to reach / attain		none						alcançar = to reach / attain
917	917	0	desenvolvimento	desenvolvimento	single_word			development		none						desenvolvimento = development
918	918	0	sonho	sonho	single_word			dream		none						sonho = dream
919	919	0	jardim	jardim	single_word			garden		none						jardim = garden
920	920	0	assembleia	assembleia	single_word			assembly		none						assembleia = assembly
921	921	0	corte	corte	single_word			cut (M) / court (F)		none						corte = cut (M) / court (F)
922	922	0	estrela	estrela	single_word			star		none						estrela = star
923	923	0	impossível	impossível	single_word			impossible		none						impossível = impossible
924	924	0	determinado	determinado	single_word			determined / certain		none						determinado = determined / certain
925	925	0	faculdade	faculdade	single_word			college / faculty		none						faculdade = college / faculty
926	926	0	voto	voto	single_word			vote / vow		none						voto = vote / vow
927	927	0	estudante	estudante	single_word			student		none						estudante = student
928	928	0	padre	padre	single_word			priest / father (religious)		none						padre = priest / father (religious)
929	929	0	média	média	single_word			average / middle (class)		none						média = average / middle (class)
930	930	0	exterior	exterior	single_word			outside / exterior		none						exterior = outside / exterior
931	931	0	associação	associação	single_word			association / organization		none						associação = association / organization
932	932	0	comunidade	comunidade	single_word			community		none						comunidade = community
933	933	0	simplesmente	simplesmente	single_word			simply		none						simplesmente = simply
934	934	0	notícia	notícia	single_word			news		none						notícia = news
935	935	0	desaparecer	desaparecer	single_word			to disappear		none						desaparecer = to disappear
936	936	0	cão	cão	single_word			dog		none						cão = dog
937	937	0	sede	sede	single_word			headquarters / thirst		none						sede = headquarters / thirst
938	938	0	transporte	transporte	single_word			transportation		none						transporte = transportation
939	939	0	cedo	cedo	single_word			early / soon		none						cedo = early / soon
940	940	0	ensinar	ensinar	single_word			to teach		none						ensinar = to teach
941	941	0	perante	perante	single_word			before (in front of)		none						perante = before (in front of)
942	942	0	renda	renda	single_word			rent, income		none						renda = rent, income
943	943	0	casamento	casamento	single_word			marriage		none						casamento = marriage
944	944	0	semelhante	semelhante	single_word			similar		none						semelhante = similar
945	945	0	amarelo	amarelo	single_word			yellow		none						amarelo = yellow
946	946	0	enfrentar	enfrentar	single_word			to face / confront		none						enfrentar = to face / confront
947	947	0	moral	moral	single_word			moral / ethics / morale		none						moral = moral / ethics / morale
948	948	0	cruz	cruz	single_word			cross		none						cruz = cross
949	949	0	convidar	convidar	single_word			to invite		none						convidar = to invite
950	950	0	distância	distância	single_word			distance		none						distância = distance
951	951	0	caráter	caráter	single_word			personality / character		none						caráter = personality / character
952	952	0	nação	nação	single_word			nation		none						nação = nation
953	953	0	prazo	prazo	single_word			deadline / term / amount of time		none						prazo = deadline / term / amount of time
954	954	0	separar	separar	single_word			to separate		none						separar = to separate
955	955	0	pior	pior	single_word			worse / worst		none						pior = worse / worst
956	956	0	rapaz	rapaz	single_word			young man / kid		none						rapaz = young man / kid
957	957	0	braço	braço	single_word			arm		none						braço = arm
958	958	0	prémio	prémio	single_word			prize		none						prémio = prize
959	959	0	atravessar	atravessar	single_word			to cross / pass		none						atravessar = to cross / pass
960	960	0	batalha	batalha	single_word			battle		none						batalha = battle
961	961	0	reação	reação	single_word			reaction		none						reação = reaction
962	962	0	acesso	acesso	single_word			access		none						acesso = access
963	963	0	tratamento	tratamento	single_word			treatment		none						tratamento = treatment
964	964	0	salvar	salvar	single_word			to save		none						salvar = to save
965	965	0	membro	membro	single_word			member		none						membro = member
966	966	0	gosto	gosto	single_word			taste / preference		none						gosto = taste / preference
967	967	0	atrair	atrair	single_word			to attract		none						atrair = to attract
968	968	0	profissão	profissão	single_word			profession		none						profissão = profession
969	969	0	poesia	poesia	single_word			poetry		none						poesia = poetry
970	970	0	busca	busca	single_word			search		none						busca = search
971	971	0	ator	ator	single_word			actor		none						ator = actor
972	972	0	limitar	limitar	single_word			to limit		none						limitar = to limit
973	973	0	novamente	novamente	single_word			again / newly / recently		none						novamente = again / newly / recently
974	974	0	página	página	single_word			page		none						página = page
975	975	0	permanecer	permanecer	single_word			to stay / remain		none						permanecer = to stay / remain
976	976	0	desejo	desejo	single_word			desire		none						desejo = desire
977	977	0	destino	destino	single_word			destination		none						destino = destination
978	978	0	espanhol	espanhol	single_word			Spanish		none						espanhol = Spanish
979	979	0	marca	marca	single_word			brand name / mark		none						marca = brand name / mark
980	980	0	conter	conter	single_word			to contain		none						conter = to contain
981	981	0	vinho	vinho	single_word			wine		none						vinho = wine
982	982	0	quente	quente	single_word			hot		none						quente = hot
983	983	0	trás	trás	single_word			back / behind		none						trás = back / behind
984	984	0	ato	ato	single_word			act		none						ato = act
985	985	0	ligação	ligação	single_word			connection / phone call		none						ligação = connection / phone call
986	986	0	intelectual	intelectual	single_word			intellectual		none						intelectual = intellectual
987	987	0	tom	tom	single_word			tone / sound		none						tom = tone / sound
988	988	0	estender	estender	single_word			to extend / stretch		none						estender = to extend / stretch
989	989	0	visitar	visitar	single_word			to visit		none						visitar = to visit
990	990	0	bastar	bastar	single_word			to be enough / suffice		none						bastar = to be enough / suffice
991	991	0	cidadão	cidadão	single_word			citizen		none						cidadão = citizen
992	992	0	companheiro	companheiro	single_word			companion / colleague		none						companheiro = companion / colleague
993	993	0	crer	crer	single_word			to believe		none						crer = to believe
994	994	0	ouro	ouro	single_word			gold		none						ouro = gold
995	995	0	elétrico	elétrico	single_word			electric		none						elétrico = electric
996	996	0	seco	seco	single_word			dry		none						seco = dry
997	997	0	fábrica	fábrica	single_word			factory		none						fábrica = factory
998	998	0	acrescentar	acrescentar	single_word			to add to		none						acrescentar = to add to
999	999	0	juiz	juiz	single_word			judge / referee		none						juiz = judge / referee
1000	1000	0	original	original	single_word			original		none						original = original
1001	1001	0	dívida	dívida	single_word			debt		none						dívida = debt
1002	1002	0	chão	chão	single_word			ground / floor		none						chão = ground / floor
1003	1003	0	eleger	eleger	single_word			to elect / choose		none						eleger = to elect / choose
1004	1004	0	tentativa	tentativa	single_word			attempt		none						tentativa = attempt
1005	1005	0	alemão	alemão	single_word			German		none						alemão = German
1006	1006	0	baixar	baixar	single_word			to lower / go down		none						baixar = to lower / go down
1007	1007	0	praia	praia	single_word			beach		none						praia = beach
1008	1008	0	ajuda	ajuda	single_word			help		none						ajuda = help
1009	1009	0	navio	navio	single_word			ship		none						navio = ship
1010	1010	0	lista	lista	single_word			list		none						lista = list
1011	1011	0	torre	torre	single_word			tower		none						torre = tower
1012	1012	0	pele	pele	single_word			skin		none						pele = skin
1013	1013	0	perigo	perigo	single_word			danger		none						perigo = danger
1014	1014	0	céu	céu	single_word			sky / heaven		none						céu = sky / heaven
1015	1015	0	diário	diário	single_word			diary / journal / daily		none						diário = diary / journal / daily
1016	1016	0	juro	juro	single_word			interest (financial)		none						juro = interest (financial)
1017	1017	0	comparar	comparar	single_word			to compare		none						comparar = to compare
1018	1018	0	cuidado	cuidado	single_word			caution / care		none						cuidado = caution / care
1019	1019	0	imposto	imposto	single_word			tax / imposed		none						imposto = tax / imposed
1020	1020	0	recusar	recusar	single_word			to refuse		none						recusar = to refuse
1021	1021	0	bola	bola	single_word			ball		none						bola = ball
1022	1022	0	demonstrar	demonstrar	single_word			to demonstrate		none						demonstrar = to demonstrate
1023	1023	0	regressar	regressar	single_word			to return		none						regressar = to return
1024	1024	0	técnica	técnica	single_word			technique		none						técnica = technique
1025	1025	0	volume	volume	single_word			volume		none						volume = volume
1026	1026	0	desenho	desenho	single_word			drawing		none						desenho = drawing
1027	1027	0	domínio	domínio	single_word			dominion / domain / dominance		none						domínio = dominion / domain / dominance
1028	1028	0	dominar	dominar	single_word			to dominate		none						dominar = to dominate
1029	1029	0	congresso	congresso	single_word			congress		none						congresso = congress
1030	1030	0	secretário	secretário	single_word			secretary		none						secretário = secretary
1031	1031	0	roupa	roupa	single_word			clothing / clothes		none						roupa = clothing / clothes
1032	1032	0	documento	documento	single_word			document		none						documento = document
1033	1033	0	acusar	acusar	single_word			to accuse		none						acusar = to accuse
1034	1034	0	puro	puro	single_word			pure		none						puro = pure
1035	1035	0	negar	negar	single_word			to deny		none						negar = to deny
1036	1036	0	identificar	identificar	single_word			to identify		none						identificar = to identify
1037	1037	0	totalmente	totalmente	single_word			totally		none						totalmente = totally
1038	1038	0	clássico	clássico	single_word			classic / classical		none						clássico = classic / classical
1039	1039	0	transmitir	transmitir	single_word			to transmit		none						transmitir = to transmit
1040	1040	0	ritmo	ritmo	single_word			rhythm		none						ritmo = rhythm
1041	1041	0	edifício	edifício	single_word			building / edifice		none						edifício = building / edifice
1042	1042	0	corresponder	corresponder	single_word			to correspond (to)		none						corresponder = to correspond (to)
1043	1043	0	concepção	concepção	single_word			concept / conception		none						concepção = concept / conception
1044	1044	0	barco	barco	single_word			boat / ship		none						barco = boat / ship
1045	1045	0	prazer	prazer	single_word			pleasure		none						prazer = pleasure
1046	1046	0	propriedade	propriedade	single_word			property		none						propriedade = property
1047	1047	0	estação	estação	single_word			season / station		none						estação = season / station
1048	1048	0	fundamental	fundamental	single_word			fundamental / basic		none						fundamental = fundamental / basic
1049	1049	0	fazenda	fazenda	single_word			farm / fabric (EP)		none						fazenda = farm / fabric (EP)
1050	1050	0	conceito	conceito	single_word			concept		none						conceito = concept
1051	1051	0	alma	alma	single_word			soul		none						alma = soul
1052	1052	0	ensino	ensino	single_word			education / teaching		none						ensino = education / teaching
1053	1053	0	imprensa	imprensa	single_word			press (media)		none						imprensa = press (media)
1054	1054	0	confiança	confiança	single_word			confidence / trust		none						confiança = confidence / trust
1055	1055	0	carga	carga	single_word			load / cargo / baggage		none						carga = load / cargo / baggage
1056	1056	0	rapidamente	rapidamente	single_word			quickly / fast		none						rapidamente = quickly / fast
1057	1057	0	guardar	guardar	single_word			to keep / guard / put away		none						guardar = to keep / guard / put away
1058	1058	0	federal	federal	single_word			federal		none						federal = federal
1059	1059	0	grosso	grosso	single_word			thick / coarse / rude		none						grosso = thick / coarse / rude
1060	1060	0	teoria	teoria	single_word			theory		none						teoria = theory
1061	1061	0	católico	católico	single_word			catholic		none						católico = catholic
1062	1062	0	instalar	instalar	single_word			to establish / install		none						instalar = to establish / install
1063	1063	0	par	par	single_word			pair		none						par = pair
1064	1064	0	futebol	futebol	single_word			soccer		none						futebol = soccer
1065	1065	0	privado	privado	single_word			private / deprived		none						privado = private / deprived
1066	1066	0	ataque	ataque	single_word			attack		none						ataque = attack
1067	1067	0	gerar	gerar	single_word			to create / generate		none						gerar = to create / generate
1068	1068	0	praticar	praticar	single_word			to practice		none						praticar = to practice
1069	1069	0	museu	museu	single_word			museum		none						museu = museum
1070	1070	0	pesquisa	pesquisa	single_word			study / research		none						pesquisa = study / research
1071	1071	0	finalmente	finalmente	single_word			finally		none						finalmente = finally
1072	1072	0	leitor	leitor	single_word			reader		none						leitor = reader
1073	1073	0	positivo	positivo	single_word			positive		none						positivo = positive
1074	1074	0	vizinho	vizinho	single_word			neighbor		none						vizinho = neighbor
1075	1075	0	ocasião	ocasião	single_word			occasion		none						ocasião = occasion
1076	1076	0	quantidade	quantidade	single_word			quantity		none						quantidade = quantity
1077	1077	0	diminuir	diminuir	single_word			to go down / diminish / reduce		none						diminuir = to go down / diminish / reduce
1078	1078	0	general	general	single_word			general		none						general = general
1079	1079	0	montar	montar	single_word			to assemble / ride (a horse)		none						montar = to assemble / ride (a horse)
1080	1080	0	alterar	alterar	single_word			to alter		none						alterar = to alter
1081	1081	0	científico	científico	single_word			scientific		none						científico = scientific
1082	1082	0	mestre	mestre	single_word			master / teacher		none						mestre = master / teacher
1083	1083	0	missão	missão	single_word			mission		none						missão = mission
1084	1084	0	imediato	imediato	single_word			immediate		none						imediato = immediate
1085	1085	0	contrato	contrato	single_word			contract		none						contrato = contract
1086	1086	0	frase	frase	single_word			phrase		none						frase = phrase
1087	1087	0	independente	independente	single_word			independent		none						independente = independent
1088	1088	0	soldado	soldado	single_word			soldier		none						soldado = soldier
1089	1089	0	pressão	pressão	single_word			pressure		none						pressão = pressure
1090	1090	0	avião	avião	single_word			airplane		none						avião = airplane
1091	1091	0	colega	colega	single_word			colleague / friend / classmate		none						colega = colleague / friend / classmate
1092	1092	0	órgão	órgão	single_word			institution / organ		none						órgão = institution / organ
1093	1093	0	equipamento	equipamento	single_word			equipment		none						equipamento = equipment
1094	1094	0	descer	descer	single_word			to descend / go down		none						descer = to descend / go down
1095	1095	0	jornalista	jornalista	single_word			journalist		none						jornalista = journalist
1096	1096	0	ponta	ponta	single_word			tip / point / end		none						ponta = tip / point / end
1097	1097	0	propósito	propósito	single_word			purpose		none						propósito = purpose
1098	1098	0	irmã	irmã	single_word			sister		none						irmã = sister
1099	1099	0	ovo	ovo	single_word			egg		none						ovo = egg
1100	1100	0	iniciativa	iniciativa	single_word			initiative		none						iniciativa = initiative
1101	1101	0	legal	legal	single_word			legal		none						legal = legal
1102	1102	0	dor	dor	single_word			pain		none						dor = pain
1103	1103	0	referência	referência	single_word			reference / referral		none						referência = reference / referral
1104	1104	0	imenso	imenso	single_word			immense		none						imenso = immense
1105	1105	0	destacar	destacar	single_word			to stand out / highlight		none						destacar = to stand out / highlight
1106	1106	0	grau	grau	single_word			degree		none						grau = degree
1107	1107	0	chuva	chuva	single_word			rain		none						chuva = rain
1108	1108	0	praça	praça	single_word			square / plaza		none						praça = square / plaza
1109	1109	0	engenheiro	engenheiro	single_word			engineer		none						engenheiro = engineer
1110	1110	0	agir	agir	single_word			to act		none						agir = to act
1111	1111	0	proteger	proteger	single_word			to protect		none						proteger = to protect
1112	1112	0	atribuir	atribuir	single_word			to attribute		none						atribuir = to attribute
1113	1113	0	religião	religião	single_word			religion		none						religião = religion
1114	1114	0	analisar	analisar	single_word			to analyze		none						analisar = to analyze
1115	1115	0	hábito	hábito	single_word			habit		none						hábito = habit
1116	1116	0	quinto	quinto	single_word			fifth		none						quinto = fifth
1117	1117	0	destruir	destruir	single_word			to destroy		none						destruir = to destroy
1118	1118	0	compra	compra	single_word			purchase		none						compra = purchase
1119	1119	0	atacar	atacar	single_word			to attack		none						atacar = to attack
1120	1120	0	combate	combate	single_word			fight / combat		none						combate = fight / combat
1121	1121	0	avaliar	avaliar	single_word			to evaluate / assess		none						avaliar = to evaluate / assess
1122	1122	0	dono	dono	single_word			owner / boss		none						dono = owner / boss
1123	1123	0	trocar	trocar	single_word			to change / exchange / switch		none						trocar = to change / exchange / switch
1124	1124	0	acontecimento	acontecimento	single_word			event / happening		none						acontecimento = event / happening
1125	1125	0	policial	policial	single_word			police (force) / policeman (BP)		none						policial = police (force) / policeman (BP)
1126	1126	0	recente	recente	single_word			recent		none						recente = recent
1127	1127	0	custar	custar	single_word			to cost		none						custar = to cost
1128	1128	0	enviar	enviar	single_word			to send		none						enviar = to send
1129	1129	0	onda	onda	single_word			wave		none						onda = wave
1130	1130	0	entrevista	entrevista	single_word			interview		none						entrevista = interview
1131	1131	0	imediatamente	imediatamente	single_word			immediately		none						imediatamente = immediately
1132	1132	0	declarar	declarar	single_word			to declare		none						declarar = to declare
1133	1133	0	afinal	afinal	single_word			finally / at last / in the end		none						afinal = finally / at last / in the end
1134	1134	0	beleza	beleza	single_word			beauty		none						beleza = beauty
1135	1135	0	mina	mina	single_word			mine (M. Gerais: state in B)		none						mina = mine (M. Gerais: state in B)
1136	1136	0	bonito	bonito	single_word			beautiful / pretty / handsome		none						bonito = beautiful / pretty / handsome
1137	1137	0	raro	raro	single_word			rare		none						raro = rare
1138	1138	0	evidente	evidente	single_word			evident		none						evidente = evident
1139	1139	0	esperança	esperança	single_word			hope		none						esperança = hope
1140	1140	0	aparelho	aparelho	single_word			device / apparatus		none						aparelho = device / apparatus
1141	1141	0	diálogo	diálogo	single_word			dialogue		none						diálogo = dialogue
1142	1142	0	conversar	conversar	single_word			to talk / converse		none						conversar = to talk / converse
1143	1143	0	inverno	inverno	single_word			winter		none						inverno = winter
1144	1144	0	vítima	vítima	single_word			victim		none						vítima = victim
1145	1145	0	cliente	cliente	single_word			customer / client		none						cliente = customer / client
1146	1146	0	contribuir	contribuir	single_word			to contribute		none						contribuir = to contribute
1147	1147	0	atualmente	atualmente	single_word			currently / nowadays		none						atualmente = currently / nowadays
1148	1148	0	fio	fio	single_word			strand / wire		none						fio = strand / wire
1149	1149	0	tropa	tropa	single_word			army		none						tropa = army
1150	1150	0	unidade	unidade	single_word			unit		none						unidade = unit
1151	1151	0	estranho	estranho	single_word			strange / uncommon		none						estranho = strange / uncommon
1152	1152	0	característica	característica	single_word			characteristic		none						característica = characteristic
1153	1153	0	fronteira	fronteira	single_word			border / frontier		none						fronteira = border / frontier
1154	1154	0	organizar	organizar	single_word			to organize		none						organizar = to organize
1155	1155	0	carregar	carregar	single_word			to carry / transport		none						carregar = to carry / transport
1156	1156	0	contudo	contudo	single_word			however / although		none						contudo = however / although
1157	1157	0	intervenção	intervenção	single_word			intervention		none						intervenção = intervention
1158	1158	0	naturalmente	naturalmente	single_word			naturally		none						naturalmente = naturally
1159	1159	0	sensação	sensação	single_word			sensation		none						sensação = sensation
1160	1160	0	doce	doce	single_word			sweet / candy		none						doce = sweet / candy
1161	1161	0	sugerir	sugerir	single_word			to suggest		none						sugerir = to suggest
1162	1162	0	cadeia	cadeia	single_word			jail / chain / sequence		none						cadeia = jail / chain / sequence
1163	1163	0	colégio	colégio	single_word			high school / private school		none						colégio = high school / private school
1164	1164	0	moda	moda	single_word			fashion / style		none						moda = fashion / style
1165	1165	0	gado	gado	single_word			cattle		none						gado = cattle
1166	1166	0	conclusão	conclusão	single_word			conclusion		none						conclusão = conclusion
1167	1167	0	sozinho	sozinho	single_word			alone / lonely		none						sozinho = alone / lonely
1168	1168	0	acidente	acidente	single_word			accident		none						acidente = accident
1169	1169	0	bolsa	bolsa	single_word			purse / bag		none						bolsa = purse / bag
1170	1170	0	conflito	conflito	single_word			conflict		none						conflito = conflict
1171	1171	0	aldeia	aldeia	single_word			village		none						aldeia = village
1172	1172	0	chave	chave	single_word			key		none						chave = key
1173	1173	0	ativo	ativo	single_word			active		none						ativo = active
1174	1174	0	visita	visita	single_word			visit		none						visita = visit
1175	1175	0	agente	agente	single_word			agent		none						agente = agent
1176	1176	0	alimentar	alimentar	single_word			to feed / nourish		none						alimentar = to feed / nourish
1177	1177	0	prisão	prisão	single_word			prison		none						prisão = prison
1178	1178	0	voar	voar	single_word			to fly		none						voar = to fly
1179	1179	0	recuperar	recuperar	single_word			to recover / recuperate		none						recuperar = to recover / recuperate
1180	1180	0	bandeira	bandeira	single_word			flag		none						bandeira = flag
1181	1181	0	municipal	municipal	single_word			municipal		none						municipal = municipal
1182	1182	0	famoso	famoso	single_word			famous		none						famoso = famous
1183	1183	0	filosofia	filosofia	single_word			philosophy		none						filosofia = philosophy
1184	1184	0	empregar	empregar	single_word			to employ		none						empregar = to employ
1185	1185	0	italiano	italiano	single_word			Italian		none						italiano = Italian
1186	1186	0	justificar	justificar	single_word			to justify		none						justificar = to justify
1187	1187	0	aumento	aumento	single_word			increase / growth		none						aumento = increase / growth
1188	1188	0	queda	queda	single_word			fall		none						queda = fall
1189	1189	0	musical	musical	single_word			musical		none						musical = musical
1190	1190	0	dança	dança	single_word			dance		none						dança = dance
1191	1191	0	canto	canto	single_word			corner / song		none						canto = corner / song
1192	1192	0	apanhar	apanhar	single_word			to catch / grab / lift		none						apanhar = to catch / grab / lift
1193	1193	0	tribunal	tribunal	single_word			court / tribunal		none						tribunal = court / tribunal
1194	1194	0	resistência	resistência	single_word			resistance		none						resistência = resistance
1195	1195	0	quinze	quinze	single_word			fifteen		none						quinze = fifteen
1196	1196	0	fruto	fruto	single_word			fruit		none						fruto = fruit
1197	1197	0	evolução	evolução	single_word			evolution		none						evolução = evolution
1198	1198	0	provavelmente	provavelmente	single_word			probably		none						provavelmente = probably
1199	1199	0	paixão	paixão	single_word			passion		none						paixão = passion
1200	1200	0	flor	flor	single_word			flower		none						flor = flower
1201	1201	0	personalidade	personalidade	single_word			personality		none						personalidade = personality
1202	1202	0	raiz	raiz	single_word			root		none						raiz = root
1203	1203	0	conversa	conversa	single_word			conversation		none						conversa = conversation
1204	1204	0	prometer	prometer	single_word			to promise		none						prometer = to promise
1205	1205	0	solo	solo	single_word			soil		none						solo = soil
1206	1206	0	duro	duro	single_word			hard		none						duro = hard
1207	1207	0	informar	informar	single_word			to inform		none						informar = to inform
1208	1208	0	parque	parque	single_word			park		none						parque = park
1209	1209	0	exame	exame	single_word			exam		none						exame = exam
1210	1210	0	comentar	comentar	single_word			to comment		none						comentar = to comment
1211	1211	0	telefone	telefone	single_word			telephone		none						telefone = telephone
1212	1212	0	azul	azul	single_word			blue		none						azul = blue
1213	1213	0	inventar	inventar	single_word			to invent		none						inventar = to invent
1214	1214	0	sustentar	sustentar	single_word			to support / sustain		none						sustentar = to support / sustain
1215	1215	0	quebrar	quebrar	single_word			to break		none						quebrar = to break
1216	1216	0	fraco	fraco	single_word			weak		none						fraco = weak
1217	1217	0	fino	fino	single_word			fine / thin		none						fino = fine / thin
1218	1218	0	despesa	despesa	single_word			expense		none						despesa = expense
1219	1219	0	cem	cem	single_word			(one) hundred		none						cem = (one) hundred
1220	1220	0	fator	fator	single_word			factor		none						fator = factor
1221	1221	0	encarar	encarar	single_word			to face		none						encarar = to face
1222	1222	0	loja	loja	single_word			store		none						loja = store
1223	1223	0	menina	menina	single_word			little girl		none						menina = little girl
1224	1224	0	sexo	sexo	single_word			gender / sex		none						sexo = gender / sex
1225	1225	0	culpa	culpa	single_word			fault / guilt		none						culpa = fault / guilt
1226	1226	0	castelo	castelo	single_word			castle		none						castelo = castle
1227	1227	0	instituto	instituto	single_word			institute		none						instituto = institute
1228	1228	0	pleno	pleno	single_word			complete / full		none						pleno = complete / full
1229	1229	0	merecer	merecer	single_word			to deserve		none						merecer = to deserve
1230	1230	0	breve	breve	single_word			brief		none						breve = brief
1231	1231	0	diretamente	diretamente	single_word			directly		none						diretamente = directly
1232	1232	0	perfeito	perfeito	single_word			perfect		none						perfeito = perfect
1233	1233	0	golpe	golpe	single_word			coup / hit / blow		none						golpe = coup / hit / blow
1234	1234	0	fenómeno	fenômeno	single_word			phenomenon		spelling						fenómeno = phenomenon
1235	1235	0	prédio	prédio	single_word			building		none						prédio = building
1236	1236	0	provar	provar	single_word			to prove / test / try		none						provar = to prove / test / try
1237	1237	0	africano	africano	single_word			African		none						africano = African
1238	1238	0	partida	partida	single_word			departure		none						partida = departure
1239	1239	0	complexo	complexo	single_word			complex		none						complexo = complex
1240	1240	0	conquistar	conquistar	single_word			to conquer / secure		none						conquistar = to conquer / secure
1241	1241	0	obrigação	obrigação	single_word			obligation		none						obrigação = obligation
1242	1242	0	especialmente	especialmente	single_word			especially		none						especialmente = especially
1243	1243	0	senão	senão	single_word			or else / except / if not		none						senão = or else / except / if not
1244	1244	0	cultural	cultural	single_word			cultural		none						cultural = cultural
1245	1245	0	elevado	elevado	single_word			high / elevated		none						elevado = high / elevated
1246	1246	0	chamada	chamada	single_word			phone call		none						chamada = phone call
1247	1247	0	violento	violento	single_word			violent		none						violento = violent
1248	1248	0	disposição	disposição	single_word			willingness / disposition		none						disposição = willingness / disposition
1249	1249	0	análise	análise	single_word			analysis		none						análise = analysis
1250	1250	0	pão	pão	single_word			bread		none						pão = bread
1251	1251	0	anormal	anormal	single_word			unusual / abnormal		none						anormal = unusual / abnormal
1252	1252	0	amplo	amplo	single_word			ample / broad		none						amplo = ample / broad
1253	1253	0	confirmar	confirmar	single_word			to confirm		none						confirmar = to confirm
1254	1254	0	perigoso	perigoso	single_word			dangerous		none						perigoso = dangerous
1255	1255	0	milhar	milhar	single_word			a thousand		none						milhar = a thousand
1256	1256	0	pintar	pintar	single_word			to paint		none						pintar = to paint
1257	1257	0	cometer	cometer	single_word			to commit (an act)		none						cometer = to commit (an act)
1258	1258	0	apto	apto	single_word			capable / apt		none						apto = capable / apt
1259	1259	0	crédito	crédito	single_word			credit		none						crédito = credit
1260	1260	0	enfim	enfim	single_word			in the end / finally / in short		none						enfim = in the end / finally / in short
1261	1261	0	suceder	suceder	single_word			to happen / come next		none						suceder = to happen / come next
1262	1262	0	normalmente	normalmente	single_word			normally / as normal		none						normalmente = normally / as normal
1263	1263	0	cá	cá	single_word			here		none						cá = here
1264	1264	0	abertura	abertura	single_word			opening		none						abertura = opening
1265	1265	0	extremo	extremo	single_word			extreme		none						extremo = extreme
1266	1266	0	desafio	desafio	single_word			challenge		none						desafio = challenge
1267	1267	0	gastar	gastar	single_word			to spend / waste		none						gastar = to spend / waste
1268	1268	0	decorrer	decorrer	single_word			to happen as a result of / elapse (time)		none						decorrer = to happen as a result of / elapse (time)
1269	1269	0	essencial	essencial	single_word			essential		none						essencial = essential
1270	1270	0	ajustar	ajustar	single_word			to adjust		none						ajustar = to adjust
1271	1271	0	poema	poema	single_word			poem		none						poema = poem
1272	1272	0	exercício	exercício	single_word			exercise		none						exercício = exercise
1273	1273	0	barro	barro	single_word			clay / mud		none						barro = clay / mud
1274	1274	0	mundial	mundial	single_word			world / worldwide		none						mundial = world / worldwide
1275	1275	0	folha	folha	single_word			sheet (of paper) / page / leaf		none						folha = sheet (of paper) / page / leaf
1276	1276	0	extraordinário	extraordinário	single_word			extraordinary		none						extraordinário = extraordinary
1277	1277	0	reserva	reserva	single_word			reserve		none						reserva = reserve
1278	1278	0	cenário	cenário	single_word			backdrop (theater) / scenery		none						cenário = backdrop (theater) / scenery
1279	1279	0	mensagem	mensagem	single_word			message		none						mensagem = message
1280	1280	0	crescimento	crescimento	single_word			growth		none						crescimento = growth
1281	1281	0	reagir	reagir	single_word			to react		none						reagir = to react
1282	1282	0	constituição	constituição	single_word			constitution		none						constituição = constitution
1283	1283	0	explicação	explicação	single_word			explanation		none						explicação = explanation
1284	1284	0	espera	espera	single_word			wait / expectation		none						espera = wait / expectation
1285	1285	0	votar	votar	single_word			to vote		none						votar = to vote
1286	1286	0	perda	perda	single_word			loss		none						perda = loss
1287	1287	0	artístico	artístico	single_word			artistic		none						artístico = artistic
1288	1288	0	leve	leve	single_word			light (weight / color)		none						leve = light (weight / color)
1289	1289	0	clima	clima	single_word			climate		none						clima = climate
1290	1290	0	permanente	permanente	single_word			permanent		none						permanente = permanent
1291	1291	0	quilómetro	quilômetro	single_word			kilometer		spelling						quilómetro = kilometer
1292	1292	0	jogador	jogador	single_word			player		none						jogador = player
1293	1293	0	troca	troca	single_word			exchange / switch		none						troca = exchange / switch
1294	1294	0	divisão	divisão	single_word			division		none						divisão = division
1295	1295	0	investigação	investigação	single_word			investigation		none						investigação = investigation
1296	1296	0	rainha	rainha	single_word			queen		none						rainha = queen
1297	1297	0	palácio	palácio	single_word			palace		none						palácio = palace
1298	1298	0	integrar	integrar	single_word			to integrate / be part of		none						integrar = to integrate / be part of
1299	1299	0	administrativo	administrativo	single_word			administrative		none						administrativo = administrative
1300	1300	0	útil	útil	single_word			useful / helpful		none						útil = useful / helpful
1301	1301	0	manifestar	manifestar	single_word			to manifest / express		none						manifestar = to manifest / express
1302	1302	0	participação	participação	single_word			participation		none						participação = participation
1303	1303	0	comportamento	comportamento	single_word			behavior / conduct		none						comportamento = behavior / conduct
1304	1304	0	circunstância	circunstância	single_word			circumstance		none						circunstância = circumstance
1305	1305	0	alegre	alegre	single_word			happy		none						alegre = happy
1306	1306	0	casal	casal	single_word			married couple		none						casal = married couple
1307	1307	0	esconder	esconder	single_word			to hide		none						esconder = to hide
1308	1308	0	taxa	taxa	single_word			rate / tax		none						taxa = rate / tax
1309	1309	0	inicial	inicial	single_word			initial		none						inicial = initial
1310	1310	0	príncipe	príncipe	single_word			prince		none						príncipe = prince
1311	1311	0	universo	universo	single_word			universe		none						universo = universe
1312	1312	0	dormir	dormir	single_word			to sleep		none						dormir = to sleep
1313	1313	0	garantia	garantia	single_word			warranty / guarantee		none						garantia = warranty / guarantee
1314	1314	0	ave	ave	single_word			bird		none						ave = bird
1315	1315	0	amar	amar	single_word			to love		none						amar = to love
1316	1316	0	assinar	assinar	single_word			to sign		none						assinar = to sign
1317	1317	0	motor	motor	single_word			engine / motor		none						motor = engine / motor
1318	1318	0	gravar	gravar	single_word			to record / engrave		none						gravar = to record / engrave
1319	1319	0	fé	fé	single_word			faith		none						fé = faith
1320	1320	0	expor	expor	single_word			to exhibit / expose		none						expor = to exhibit / expose
1321	1321	0	dedo	dedo	single_word			finger		none						dedo = finger
1322	1322	0	canção	canção	single_word			song		none						canção = song
1323	1323	0	negativo	negativo	single_word			negative		none						negativo = negative
1324	1324	0	industrial	industrial	single_word			industrial		none						industrial = industrial
1325	1325	0	posse	posse	single_word			possession		none						posse = possession
1326	1326	0	lucro	lucro	single_word			profit		none						lucro = profit
1327	1327	0	expectativa	expectativa	single_word			expectation		none						expectativa = expectation
1328	1328	0	traduzir	traduzir	single_word			to translate		none						traduzir = to translate
1329	1329	0	libertar	libertar	single_word			to free / liberate		none						libertar = to free / liberate
1330	1330	0	manifestação	manifestação	single_word			demonstration / protest		none						manifestação = demonstration / protest
1331	1331	0	líder	líder	single_word			leader		none						líder = leader
1332	1332	0	horizonte	horizonte	single_word			horizon		none						horizonte = horizon
1333	1333	0	urbano	urbano	single_word			urban		none						urbano = urban
1334	1334	0	território	território	single_word			territory		none						território = territory
1335	1335	0	compromisso	compromisso	single_word			commitment / appointment		none						compromisso = commitment / appointment
1336	1336	0	feminino	feminino	single_word			female / feminine		none						feminino = female / feminine
1337	1337	0	mover	mover	single_word			to move		none						mover = to move
1338	1338	0	município	município	single_word			municipality		none						município = municipality
1339	1339	0	entidade	entidade	single_word			entity		none						entidade = entity
1340	1340	0	constante	constante	single_word			constant		none						constante = constant
1341	1341	0	pagamento	pagamento	single_word			payment		none						pagamento = payment
1342	1342	0	sequer	sequer	single_word			(not) even (nem ...)		none						sequer = (not) even (nem ...)
1343	1343	0	promover	promover	single_word			to promote		none						promover = to promote
1344	1344	0	argumento	argumento	single_word			argument		none						argumento = argument
1345	1345	0	controlar	controlar	single_word			to control		none						controlar = to control
1346	1346	0	fome	fome	single_word			hunger / famine		none						fome = hunger / famine
1347	1347	0	pintor	pintor	single_word			painter		none						pintor = painter
1348	1348	0	adotar	adotar	single_word			to adopt		none						adotar = to adopt
1349	1349	0	restar	restar	single_word			to remain		none						restar = to remain
1350	1350	0	calor	calor	single_word			heat / warmth		none						calor = heat / warmth
1351	1351	0	excepção	exceção	single_word			exception		spelling						excepção = exception
1352	1352	0	ausência	ausência	single_word			absence		none						ausência = absence
1353	1353	0	externo	externo	single_word			external		none						externo = external
1354	1354	0	distribuir	distribuir	single_word			to distribute		none						distribuir = to distribute
1355	1355	0	método	método	single_word			method		none						método = method
1356	1356	0	crítico	crítico	single_word			critic / critical		none						crítico = critic / critical
1357	1357	0	inferior	inferior	single_word			lower / less / inferior		none						inferior = lower / less / inferior
1358	1358	0	completo	completo	single_word			complete		none						completo = complete
1359	1359	0	proteção	proteção	single_word			protection		none						proteção = protection
1360	1360	0	excelente	excelente	single_word			excellent		none						excelente = excellent
1361	1361	0	calcular	calcular	single_word			to calculate / reckon		none						calcular = to calculate / reckon
1362	1362	0	demorar	demorar	single_word			to take (time) / delay		none						demorar = to take (time) / delay
1363	1363	0	sentar	sentar	single_word			to sit		none						sentar = to sit
1364	1364	0	interpretar	interpretar	single_word			to interpret / act (e.g. movie)		none						interpretar = to interpret / act (e.g. movie)
1365	1365	0	sorte	sorte	single_word			luck / lot		none						sorte = luck / lot
1366	1366	0	secretaria	secretaria	single_word			office		none						secretaria = office
1367	1367	0	recolher	recolher	single_word			to collect / put away / remove		none						recolher = to collect / put away / remove
1368	1368	0	deter	deter	single_word			to arrest / detain		none						deter = to arrest / detain
1369	1369	0	ceder	ceder	single_word			to give in / yield		none						ceder = to give in / yield
1370	1370	0	feliz	feliz	single_word			happy		none						feliz = happy
1371	1371	0	cadeira	cadeira	single_word			chair / college course		none						cadeira = chair / college course
1372	1372	0	comunista	comunista	single_word			communist		none						comunista = communist
1373	1373	0	emoção	emoção	single_word			emotion		none						emoção = emotion
1374	1374	0	representante	representante	single_word			representative		none						representante = representative
1375	1375	0	ultrapassar	ultrapassar	single_word			to overcome / surpass / pass (car)		none						ultrapassar = to overcome / surpass / pass (car)
1376	1376	0	comando	comando	single_word			command		none						comando = command
1377	1377	0	alvo	alvo	single_word			target / aim / white as snow		none						alvo = target / aim / white as snow
1378	1378	0	concentrar	concentrar	single_word			to concentrate		none						concentrar = to concentrate
1379	1379	0	comunicar	comunicar	single_word			to convey / communicate		none						comunicar = to convey / communicate
1380	1380	0	coletivo	coletivo	single_word			collective / public transportation		none						coletivo = collective / public transportation
1381	1381	0	jeito	jeito	single_word			way / manner		none						jeito = way / manner
1382	1382	0	atuar	atuar	single_word			to perform / act		none						atuar = to perform / act
1383	1383	0	janela	janela	single_word			window		none						janela = window
1384	1384	0	certamente	certamente	single_word			certainly		none						certamente = certainly
1385	1385	0	estratégia	estratégia	single_word			strategy		none						estratégia = strategy
1386	1386	0	papa	papa	single_word			pope		none						papa = pope
1387	1387	0	unir	unir	single_word			to unite		none						unir = to unite
1388	1388	0	comandante	comandante	single_word			commander		none						comandante = commander
1389	1389	0	inimigo	inimigo	single_word			enemy		none						inimigo = enemy
1390	1390	0	eleitoral	eleitoral	single_word			electoral		none						eleitoral = electoral
1391	1391	0	executivo	executivo	single_word			executive (branch)		none						executivo = executive (branch)
1392	1392	0	gás	gás	single_word			gas		none						gás = gas
1393	1393	0	marquês	marquês	single_word			marquis		none						marquês = marquis
1394	1394	0	raça	raça	single_word			race		none						raça = race
1395	1395	0	palco	palco	single_word			stage		none						palco = stage
1396	1396	0	independência	independência	single_word			independence		none						independência = independence
1397	1397	0	empregado	empregado	single_word			employee / employed		none						empregado = employee / employed
1398	1398	0	começo	começo	single_word			beginning / start		none						começo = beginning / start
1399	1399	0	desenhar	desenhar	single_word			to design / draw		none						desenhar = to design / draw
1400	1400	0	descrever	descrever	single_word			to describe		none						descrever = to describe
1401	1401	0	receita	receita	single_word			revenue / income / recipe		none						receita = revenue / income / recipe
1402	1402	0	errar	errar	single_word			to err / make a mistake		none						errar = to err / make a mistake
1403	1403	0	império	império	single_word			empire		none						império = empire
1404	1404	0	explorar	explorar	single_word			to exploit / explore		none						explorar = to exploit / explore
1405	1405	0	critério	critério	single_word			criterion		none						critério = criterion
1406	1406	0	deitar	deitar	single_word			to lie down		none						deitar = to lie down
1407	1407	0	chamado	chamado	single_word			called / so-called / named		none						chamado = called / so-called / named
1408	1408	0	detalhe	detalhe	single_word			detail		none						detalhe = detail
1409	1409	0	plástico	plástico	single_word			plastic		none						plástico = plastic
1410	1410	0	corda	corda	single_word			string / cord / spring		none						corda = string / cord / spring
1411	1411	0	jamais	jamais	single_word			never		none						jamais = never
1412	1412	0	juventude	juventude	single_word			youth		none						juventude = youth
1413	1413	0	areia	areia	single_word			sand		none						areia = sand
1414	1414	0	categoria	categoria	single_word			category		none						categoria = category
1415	1415	0	controle	controle	single_word			control		none				3107	controlo	controle = control
1416	1416	0	comida	comida	single_word			food		none						comida = food
1417	1417	0	sombra	sombra	single_word			shadow / shade		none						sombra = shadow / shade
1418	1418	0	limpar	limpar	single_word			to clean		none						limpar = to clean
1419	1419	0	biblioteca	biblioteca	single_word			library		none						biblioteca = library
1420	1420	0	escuro	escuro	single_word			dark		none						escuro = dark
1421	1421	0	disposto	disposto	single_word			willing / arranged		none						disposto = willing / arranged
1422	1422	0	rural	rural	single_word			rural		none						rural = rural
1423	1423	0	disciplina	disciplina	single_word			discipline		none						disciplina = discipline
1424	1424	0	retomar	retomar	single_word			to resume / retake		none						retomar = to resume / retake
1425	1425	0	neto	neto	single_word			grandson / grandchildren (PL)		none						neto = grandson / grandchildren (PL)
1426	1426	0	justamente	justamente	single_word			exactly / actually / just		none						justamente = exactly / actually / just
1427	1427	0	salário	salário	single_word			salary / wage		none						salário = salary / wage
1428	1428	0	agricultura	agricultura	single_word			agriculture / farming		none						agricultura = agriculture / farming
1429	1429	0	russo	russo	single_word			Russian		none						russo = Russian
1430	1430	0	geralmente	geralmente	single_word			generally / usually		none						geralmente = generally / usually
1431	1431	0	declaração	declaração	single_word			declaration		none						declaração = declaration
1432	1432	0	dimensão	dimensão	single_word			dimension		none						dimensão = dimension
1433	1433	0	feira	feira	single_word			fair / open-air market		none						feira = fair / open-air market
1434	1434	0	prender	prender	single_word			to apprehend / catch / fasten		none						prender = to apprehend / catch / fasten
1435	1435	0	fala	fala	single_word			speech		none						fala = speech
1436	1436	0	correto	correto	single_word			correct		none						correto = correct
1437	1437	0	medicina	medicina	single_word			medicine		none						medicina = medicine
1438	1438	0	aliança	aliança	single_word			alliance / wedding band		none						aliança = alliance / wedding band
1439	1439	0	faixa	faixa	single_word			strip / section / band		none						faixa = strip / section / band
1440	1440	0	vazio	vazio	single_word			empty / emptiness		none						vazio = empty / emptiness
1441	1441	0	tradicional	tradicional	single_word			traditional		none						tradicional = traditional
1442	1442	0	infantil	infantil	single_word			childish / infantile		none						infantil = childish / infantile
1443	1443	0	acaso	acaso	single_word			by chance		none						acaso = by chance
1444	1444	0	porto	porto	single_word			port		none						porto = port
1445	1445	0	sócio	sócio	single_word			partner / associate		none						sócio = partner / associate
1446	1446	0	assegurar	assegurar	single_word			to secure / assure		none						assegurar = to secure / assure
1447	1447	0	código	código	single_word			code		none						código = code
1448	1448	0	igualmente	igualmente	single_word			also / equally / likewise		none						igualmente = also / equally / likewise
1449	1449	0	misturar	misturar	single_word			to mix		none						misturar = to mix
1450	1450	0	coluna	coluna	single_word			column / spinal column		none						coluna = column / spinal column
1451	1451	0	versão	versão	single_word			version		none						versão = version
1452	1452	0	nordeste	nordeste	single_word			northeast		none						nordeste = northeast
1453	1453	0	canal	canal	single_word			channel		none						canal = channel
1454	1454	0	doze	doze	single_word			twelve		none						doze = twelve
1455	1455	0	espalhar	espalhar	single_word			to spread		none						espalhar = to spread
1456	1456	0	ameaçar	ameaçar	single_word			to threaten		none						ameaçar = to threaten
1457	1457	0	relativamente	relativamente	single_word			relatively / pertaining to		none						relativamente = relatively / pertaining to
1458	1458	0	quarenta	quarenta	single_word			forty		none						quarenta = forty
1459	1459	0	fiscal	fiscal	single_word			fiscal / customs inspector		none						fiscal = fiscal / customs inspector
1460	1460	0	operar	operar	single_word			to operate		none						operar = to operate
1461	1461	0	década	década	single_word			decade		none						década = decade
1462	1462	0	cinquenta	cinquenta	single_word			fifty		none						cinquenta = fifty
1463	1463	0	opor	opor	single_word			to oppose		none						opor = to oppose
1464	1464	0	fornecer	fornecer	single_word			to provide / supply		none						fornecer = to provide / supply
1465	1465	0	floresta	floresta	single_word			forest		none						floresta = forest
1466	1466	0	investimento	investimento	single_word			investment		none						investimento = investment
1467	1467	0	paisagem	paisagem	single_word			landscape / view / surroundings		none						paisagem = landscape / view / surroundings
1468	1468	0	alternativa	alternativa	single_word			alternative		none						alternativa = alternative
1469	1469	0	comentário	comentário	single_word			comment / commentary		none						comentário = comment / commentary
1470	1470	0	resolução	resolução	single_word			resolution		none						resolução = resolution
1471	1471	0	caro	caro	single_word			expensive / esteemed		none						caro = expensive / esteemed
1472	1472	0	puxar	puxar	single_word			to pull		none						puxar = to pull
1473	1473	0	recorrer	recorrer	single_word			to appeal / resort to		none						recorrer = to appeal / resort to
1474	1474	0	alteração	alteração	single_word			change / alteration		none						alteração = change / alteration
1475	1475	0	fita	fita	single_word			tape / ribbon		none						fita = tape / ribbon
1476	1476	0	necessitar	necessitar	single_word			to need		none						necessitar = to need
1477	1477	0	infância	infância	single_word			childhood		none						infância = childhood
1478	1478	0	prejudicar	prejudicar	single_word			to harm / endanger		none						prejudicar = to harm / endanger
1479	1479	0	lua	lua	single_word			moon		none						lua = moon
1480	1480	0	distrito	distrito	single_word			district		none						distrito = district
1481	1481	0	conceder	conceder	single_word			to grant		none						conceder = to grant
1482	1482	0	caminhar	caminhar	single_word			to walk / go on foot		none						caminhar = to walk / go on foot
1483	1483	0	vara	vara	single_word			stick / staff / rod		none						vara = stick / staff / rod
1484	1484	0	executar	executar	single_word			to carry out / execute		none						executar = to carry out / execute
1485	1485	0	percorrer	percorrer	single_word			to cover (distance) / run by / through		none						percorrer = to cover (distance) / run by / through
1486	1486	0	organizado	organizado	single_word			organized		none						organizado = organized
1487	1487	0	modificar	modificar	single_word			to change / modify		none						modificar = to change / modify
1488	1488	0	agrícola	agrícola	single_word			agricultural		none						agrícola = agricultural
1489	1489	0	adequado	adequado	single_word			adequate		none						adequado = adequate
1490	1490	0	investir	investir	single_word			to invest		none						investir = to invest
1491	1491	0	satisfazer	satisfazer	single_word			to satisfy		none						satisfazer = to satisfy
1492	1492	0	dente	dente	single_word			tooth		none						dente = tooth
1493	1493	0	intenso	intenso	single_word			intense		none						intenso = intense
1494	1494	0	velocidade	velocidade	single_word			speed / velocity		none						velocidade = speed / velocity
1495	1495	0	bloco	bloco	single_word			block / bloc		none						bloco = block / bloc
1496	1496	0	representação	representação	single_word			representation		none						representação = representation
1497	1497	0	mental	mental	single_word			mental		none						mental = mental
1498	1498	0	riqueza	riqueza	single_word			wealth / riches		none						riqueza = wealth / riches
1499	1499	0	chegada	chegada	single_word			arrival		none						chegada = arrival
1500	1500	0	escapar	escapar	single_word			to escape		none						escapar = to escape
1501	1501	0	absolutamente	absolutamente	single_word			absolutely		none						absolutamente = absolutely
1502	1502	0	imóvel	imóvel	single_word			real-estate / immobile		none						imóvel = real-estate / immobile
1503	1503	0	província	província	single_word			province		none						província = province
1504	1504	0	habitante	habitante	single_word			inhabitant		none						habitante = inhabitant
1505	1505	0	alimento	alimento	single_word			food / nourishment		none						alimento = food / nourishment
1506	1506	0	combater	combater	single_word			to fight / combat		none						combater = to fight / combat
1507	1507	0	beber	beber	single_word			to drink		none						beber = to drink
1508	1508	0	silêncio	silêncio	single_word			silence		none						silêncio = silence
1509	1509	0	insistir	insistir	single_word			to insist		none						insistir = to insist
1510	1510	0	japonês	japonês	single_word			Japanese		none						japonês = Japanese
1511	1511	0	cobrar	cobrar	single_word			to collect (money) / charge		none						cobrar = to collect (money) / charge
1512	1512	0	cabelo	cabelo	single_word			hair		none						cabelo = hair
1513	1513	0	computador	computador	single_word			computer		none						computador = computer
1514	1514	0	invadir	invadir	single_word			to invade		none						invadir = to invade
1515	1515	0	convencer	convencer	single_word			to convince		none						convencer = to convince
1516	1516	0	móvel	móvel	single_word			piece of furniture / mobile		none						móvel = piece of furniture / mobile
1517	1517	0	equilíbrio	equilíbrio	single_word			balance / equilibrium		none						equilíbrio = balance / equilibrium
1518	1518	0	afetar	afetar	single_word			to affect		none						afetar = to affect
1519	1519	0	virtude	virtude	single_word			virtue		none						virtude = virtue
1520	1520	0	revisão	revisão	single_word			revision		none						revisão = revision
1521	1521	0	gabinete	gabinete	single_word			office / cabinet		none						gabinete = office / cabinet
1522	1522	0	democracia	democracia	single_word			democracy		none						democracia = democracy
1523	1523	0	norma	norma	single_word			norm / rule / standard		none						norma = norm / rule / standard
1524	1524	0	experimentar	experimentar	single_word			to experiment / try (something) out		none						experimentar = to experiment / try (something) out
1525	1525	0	edição	edição	single_word			edition		none						edição = edition
1526	1526	0	distinguir	distinguir	single_word			to distinguish		none						distinguir = to distinguish
1527	1527	0	falso	falso	single_word			false / fake / wrong		none						falso = false / fake / wrong
1528	1528	0	milho	milho	single_word			corn		none						milho = corn
1529	1529	0	proibir	proibir	single_word			to prohibit		none						proibir = to prohibit
1530	1530	0	exato	exato	single_word			exact		none						exato = exact
1531	1531	0	estreito	estreito	single_word			straight / narrow / strait (water)		none						estreito = straight / narrow / strait (water)
1532	1532	0	criticar	criticar	single_word			to criticize		none						criticar = to criticize
1533	1533	0	governar	governar	single_word			to govern / rule		none						governar = to govern / rule
1534	1534	0	corrida	corrida	single_word			race		none						corrida = race
1535	1535	0	resistir	resistir	single_word			to resist		none						resistir = to resist
1536	1536	0	regional	regional	single_word			regional		none						regional = regional
1537	1537	0	inspirar	inspirar	single_word			to inspire		none						inspirar = to inspire
1538	1538	0	curioso	curioso	single_word			curious / strange		none						curioso = curious / strange
1539	1539	0	acumular	acumular	single_word			to accumulate		none						acumular = to accumulate
1540	1540	0	doméstico	doméstico	single_word			domestic (servant)		none						doméstico = domestic (servant)
1541	1541	0	socialista	socialista	single_word			socialist		none						socialista = socialist
1542	1542	0	costume	costume	single_word			custom		none						costume = custom
1543	1543	0	símbolo	símbolo	single_word			symbol		none						símbolo = symbol
1544	1544	0	deslocar	deslocar	single_word			to move / dislocate		none						deslocar = to move / dislocate
1545	1545	0	poderoso	poderoso	single_word			powerful		none						poderoso = powerful
1546	1546	0	reino	reino	single_word			kingdom		none						reino = kingdom
1547	1547	0	medir	medir	single_word			to measure		none						medir = to measure
1548	1548	0	relatório	relatório	single_word			report		none						relatório = report
1549	1549	0	noção	noção	single_word			notion		none						noção = notion
1550	1550	0	droga	droga	single_word			drug		none						droga = drug
1551	1551	0	mata	mata	single_word			jungle / woods / forest		none						mata = jungle / woods / forest
1552	1552	0	círculo	círculo	single_word			circle		none						círculo = circle
1553	1553	0	observação	observação	single_word			observation		none						observação = observation
1554	1554	0	reclamar	reclamar	single_word			to complain		none						reclamar = to complain
1555	1555	0	convite	convite	single_word			invitation		none						convite = invitation
1556	1556	0	definitivo	definitivo	single_word			definitive		none						definitivo = definitive
1557	1557	0	metal	metal	single_word			metal		none						metal = metal
1558	1558	0	buraco	buraco	single_word			hole		none						buraco = hole
1559	1559	0	vidro	vidro	single_word			glass		none						vidro = glass
1560	1560	0	isolado	isolado	single_word			isolated		none						isolado = isolated
1561	1561	0	sal	sal	single_word			salt		none						sal = salt
1562	1562	0	supremo	supremo	single_word			supreme		none						supremo = supreme
1563	1563	0	concreto	concreto	single_word			concrete		none						concreto = concrete
1564	1564	0	individual	individual	single_word			individual		none						individual = individual
1565	1565	0	colher	colher	single_word			to harvest / gather		none						colher = to harvest / gather
1566	1566	0	distante	distante	single_word			distant		none						distante = distant
1567	1567	0	estimar	estimar	single_word			to estimate / esteem		none						estimar = to estimate / esteem
1568	1568	0	acordar	acordar	single_word			to wake up		none						acordar = to wake up
1569	1569	0	raio	raio	single_word			ray		none						raio = ray
1570	1570	0	suportar	suportar	single_word			to endure / support / bear		none						suportar = to endure / support / bear
1571	1571	0	honra	honra	single_word			honor		none						honra = honor
1572	1572	0	ameaça	ameaça	single_word			threat / threatening		none						ameaça = threat / threatening
1573	1573	0	sindicato	sindicato	single_word			workers' union / syndicate		none						sindicato = workers' union / syndicate
1574	1574	0	encher	encher	single_word			to fill		none						encher = to fill
1575	1575	0	herói	herói	single_word			hero		none						herói = hero
1576	1576	0	precisamente	precisamente	single_word			precisely		none						precisamente = precisely
1577	1577	0	específico	específico	single_word			specific		none						específico = specific
1578	1578	0	pesado	pesado	single_word			heavy		none						pesado = heavy
1579	1579	0	extremamente	extremamente	single_word			extremely		none						extremamente = extremely
1580	1580	0	aventura	aventura	single_word			adventure		none						aventura = adventure
1581	1581	0	lógica	lógica	single_word			logic		none						lógica = logic
1582	1582	0	assistência	assistência	single_word			assistance		none						assistência = assistance
1583	1583	0	justo	justo	single_word			just / fair		none						justo = just / fair
1584	1584	0	montanha	montanha	single_word			mountain		none						montanha = mountain
1585	1585	0	regresso	regresso	single_word			return		none						regresso = return
1586	1586	0	humanidade	humanidade	single_word			humanity		none						humanidade = humanity
1587	1587	0	apresentação	apresentação	single_word			presentation		none						apresentação = presentation
1588	1588	0	academia	academia	single_word			academy / gym		none						academia = academy / gym
1589	1589	0	interessado	interessado	single_word			interested (party)		none						interessado = interested (party)
1590	1590	0	meter	meter	single_word			to put into / get involved (+se)		none						meter = to put into / get involved (+se)
1591	1591	0	ai	ai	single_word			oh / ouch / ow		none						ai = oh / ouch / ow
1592	1592	0	universal	universal	single_word			universal		none						universal = universal
1593	1593	0	inteligência	inteligência	single_word			intelligence		none						inteligência = intelligence
1594	1594	0	recordar	recordar	single_word			to recall / remember		none						recordar = to recall / remember
1595	1595	0	caça	caça	single_word			hunt		none						caça = hunt
1596	1596	0	capítulo	capítulo	single_word			chapter		none						capítulo = chapter
1597	1597	0	frequentar	frequentar	single_word			to attend		none						frequentar = to attend
1598	1598	0	prosseguir	prosseguir	single_word			to proceed		none						prosseguir = to proceed
1599	1599	0	choque	choque	single_word			shock		none						choque = shock
1600	1600	0	mulato	mulato	single_word			mulatto		none						mulato = mulatto
1601	1601	0	escrita	escrita	single_word			writing		none						escrita = writing
1602	1602	0	adulto	adulto	single_word			adult		none						adulto = adult
1603	1603	0	tender	tender	single_word			to tend to		none						tender = to tend to
1604	1604	0	gestão	gestão	single_word			management / administration		none						gestão = management / administration
1605	1605	0	rever	rever	single_word			to see again / look over / examine		none						rever = to see again / look over / examine
1606	1606	0	serra	serra	single_word			mountain range / saw		none						serra = mountain range / saw
1607	1607	0	forno	forno	single_word			oven		none						forno = oven
1608	1608	0	médio	médio	single_word			middle / average		none						médio = middle / average
1609	1609	0	instalação	instalação	single_word			installation		none						instalação = installation
1610	1610	0	democrático	democrático	single_word			democratic		none						democrático = democratic
1611	1611	0	proprietário	proprietário	single_word			owner / proprietor		none						proprietário = owner / proprietor
1612	1612	0	orçamento	orçamento	single_word			budget / financing		none						orçamento = budget / financing
1613	1613	0	temer	temer	single_word			to fear		none						temer = to fear
1614	1614	0	debate	debate	single_word			debate / discussion		none						debate = debate / discussion
1615	1615	0	implicar	implicar	single_word			to involve / imply		none						implicar = to involve / imply
1616	1616	0	facilitar	facilitar	single_word			to facilitate / ease		none						facilitar = to facilitate / ease
1617	1617	0	realização	realização	single_word			accomplishment / fulfillment		none						realização = accomplishment / fulfillment
1618	1618	0	disponível	disponível	single_word			available		none						disponível = available
1619	1619	0	repousar	repousar	single_word			to rest		none						repousar = to rest
1620	1620	0	continente	continente	single_word			continent		none						continente = continent
1621	1621	0	líquido	líquido	single_word			liquid		none						líquido = liquid
1622	1622	0	teste	teste	single_word			test / exam		none						teste = test / exam
1623	1623	0	junta	junta	single_word			council / commission		none						junta = council / commission
1624	1624	0	talento	talento	single_word			talent		none						talento = talent
1625	1625	0	dona	dona	single_word			Mrs / madam / owner		none						dona = Mrs / madam / owner
1626	1626	0	variar	variar	single_word			to vary		none						variar = to vary
1627	1627	0	contemporâneo	contemporâneo	single_word			contemporary		none						contemporâneo = contemporary
1628	1628	0	seção	seção	single_word			department / section		none						seção = department / section
1629	1629	0	escritório	escritório	single_word			office		none						escritório = office
1630	1630	0	barato	barato	single_word			cheap / inexpensive		none						barato = cheap / inexpensive
1631	1631	0	atirar	atirar	single_word			to shoot / throw		none						atirar = to shoot / throw
1632	1632	0	relativo	relativo	single_word			relative		none						relativo = relative
1633	1633	0	pedaço	pedaço	single_word			chunk / piece		none						pedaço = chunk / piece
1634	1634	0	presidência	presidência	single_word			presidency		none						presidência = presidency
1635	1635	0	piano	piano	single_word			piano		none						piano = piano
1636	1636	0	negociar	negociar	single_word			to negotiate		none						negociar = to negotiate
1637	1637	0	vago	vago	single_word			vague / vacant		none						vago = vague / vacant
1638	1638	0	tratado	tratado	single_word			treaty		none						tratado = treaty
1639	1639	0	superfície	superfície	single_word			surface		none						superfície = surface
1640	1640	0	derrubar	derrubar	single_word			to overthrow / demolish		none						derrubar = to overthrow / demolish
1641	1641	0	padrão	padrão	single_word			standard / pattern		none						padrão = standard / pattern
1642	1642	0	operário	operário	single_word			worker / laborer / operator		none						operário = worker / laborer / operator
1643	1643	0	fórmula	fórmula	single_word			formula		none						fórmula = formula
1644	1644	0	transportar	transportar	single_word			to carry / transport		none						transportar = to carry / transport
1645	1645	0	esclarecer	esclarecer	single_word			to clear up / clarify		none						esclarecer = to clear up / clarify
1646	1646	0	distribuição	distribuição	single_word			distribution		none						distribuição = distribution
1647	1647	0	lento	lento	single_word			slow		none						lento = slow
1648	1648	0	concurso	concurso	single_word			contest		none						concurso = contest
1649	1649	0	sobreviver	sobreviver	single_word			to survive		none						sobreviver = to survive
1650	1650	0	freguesia	freguesia	single_word			municipality / clientele		none						freguesia = municipality / clientele
1651	1651	0	féria	féria	single_word			vacation / holidays		none						féria = vacation / holidays
1652	1652	0	arranjar	arranjar	single_word			to arrange / obtain		none						arranjar = to arrange / obtain
1653	1653	0	nervoso	nervoso	single_word			nervous		none						nervoso = nervous
1654	1654	0	surpresa	surpresa	single_word			surprise		none						surpresa = surprise
1655	1655	0	introduzir	introduzir	single_word			to introduce		none						introduzir = to introduce
1656	1656	0	seleção	seleção	single_word			selection / team of selected players		none						seleção = selection / team of selected players
1657	1657	0	progresso	progresso	single_word			progress		none						progresso = progress
1658	1658	0	tiro	tiro	single_word			shot		none						tiro = shot
1659	1659	0	exigência	exigência	single_word			demand / requirement		none						exigência = demand / requirement
1660	1660	0	opção	opção	single_word			option		none						opção = option
1661	1661	0	vasto	vasto	single_word			wide / vast		none						vasto = wide / vast
1662	1662	0	promessa	promessa	single_word			promise		none						promessa = promise
1663	1663	0	laboratório	laboratório	single_word			laboratory		none						laboratório = laboratory
1664	1664	0	benefício	benefício	single_word			benefit		none						benefício = benefit
1665	1665	0	nascimento	nascimento	single_word			birth		none						nascimento = birth
1666	1666	0	básico	básico	single_word			basic		none						básico = basic
1667	1667	0	semente	semente	single_word			seed		none						semente = seed
1668	1668	0	osso	osso	single_word			bone		none						osso = bone
1669	1669	0	frequência	frequência	single_word			frequency / rate		none						frequência = frequency / rate
1670	1670	0	conquista	conquista	single_word			conquest		none						conquista = conquest
1671	1671	0	arquitetura	arquitetura	single_word			architecture		none						arquitetura = architecture
1672	1672	0	encaminhar	encaminhar	single_word			to direct / put on the right path		none						encaminhar = to direct / put on the right path
1673	1673	0	fiel	fiel	single_word			faithful		none						fiel = faithful
1674	1674	0	seguida	seguida	single_word			(em s.) afterwards / then		none						seguida = (em s.) afterwards / then
1674	1674	1	em seguida	em seguida	space_compound			(em s.) afterwards / then		idiom_expansion						seguida = (em s.) afterwards / then
1675	1675	0	escudo	escudo	single_word			shield / old Portuguese coin		none						escudo = shield / old Portuguese coin
1676	1676	0	proceder	proceder	single_word			to proceed		none						proceder = to proceed
1677	1677	0	complicado	complicado	single_word			complicated		none						complicado = complicated
1678	1678	0	quadrado	quadrado	single_word			square / squared		none						quadrado = square / squared
1679	1679	0	condenar	condenar	single_word			to condemn		none						condenar = to condemn
1680	1680	0	património	patrimônio	single_word			estate / heritage / patrimony		spelling						património = estate / heritage / patrimony
1681	1681	0	destinado	destinado	single_word			meant for / destined		none						destinado = meant for / destined
1682	1682	0	visar	visar	single_word			to aim at / have in sight / drive at		none						visar = to aim at / have in sight / drive at
1683	1683	0	transformação	transformação	single_word			transformation		none						transformação = transformation
1684	1684	0	interpretação	interpretação	single_word			interpretation		none						interpretação = interpretation
1685	1685	0	veículo	veículo	single_word			vehicle		none						veículo = vehicle
1686	1686	0	gato	gato	single_word			cat		none						gato = cat
1687	1687	0	aéreo	aéreo	single_word			by air / aerial		none						aéreo = by air / aerial
1688	1688	0	ontem	ontem	single_word			yesterday		none						ontem = yesterday
1689	1689	0	conferência	conferência	single_word			conference		none						conferência = conference
1690	1690	0	criado	criado	single_word			servant		none						criado = servant
1691	1691	0	tecnologia	tecnologia	single_word			technology		none						tecnologia = technology
1692	1692	0	adaptar	adaptar	single_word			to adapt		none						adaptar = to adapt
1693	1693	0	barra	barra	single_word			stripe / bar		none						barra = stripe / bar
1694	1694	0	hotel	hotel	single_word			hotel		none						hotel = hotel
1695	1695	0	mistura	mistura	single_word			mixture / mix		none						mistura = mixture / mix
1696	1696	0	obrigado	obrigado	single_word			thank you / obligated		none						obrigado = thank you / obligated
1697	1697	0	teu	teu	single_word			your / yours / thy / thine		none						teu = your / yours / thy / thine
1698	1698	0	copa	copa	single_word			cup (competition) / tree top		none						copa = cup (competition) / tree top
1699	1699	0	romper	romper	single_word			to tear / rip / begin to (+se)		none						romper = to tear / rip / begin to (+se)
1700	1700	0	comandar	comandar	single_word			to command / lead		none						comandar = to command / lead
1701	1701	0	respectivo	respectivo	single_word			respective		none						respectivo = respective
1702	1702	0	avaliação	avaliação	single_word			assessment		none						avaliação = assessment
1703	1703	0	dólar	dólar	single_word			dollar		none						dólar = dollar
1704	1704	0	identidade	identidade	single_word			identity		none						identidade = identity
1705	1705	0	salto	salto	single_word			leap / jump		none						salto = leap / jump
1706	1706	0	centena	centena	single_word			a hundred		none						centena = a hundred
1707	1707	0	interromper	interromper	single_word			to interrupt		none						interromper = to interrupt
1708	1708	0	músico	músico	single_word			musician / musical		none						músico = musician / musical
1709	1709	0	capa	capa	single_word			cover / cape / cloak		none						capa = cover / cape / cloak
1710	1710	0	roubar	roubar	single_word			to steal / rob		none						roubar = to steal / rob
1711	1711	0	paciente	paciente	single_word			patient		none						paciente = patient
1712	1712	0	jurídico	jurídico	single_word			judicial		none						jurídico = judicial
1713	1713	0	adversário	adversário	single_word			opponent / adversary		none						adversário = opponent / adversary
1714	1714	0	prejuízo	prejuízo	single_word			damage / loss		none						prejuízo = damage / loss
1715	1715	0	capela	capela	single_word			chapel		none						capela = chapel
1716	1716	0	grego	grego	single_word			Greek		none						grego = Greek
1717	1717	0	episódio	episódio	single_word			episode		none						episódio = episode
1718	1718	0	composição	composição	single_word			composition		none						composição = composition
1719	1719	0	adiantar	adiantar	single_word			to put forth / move forward		none						adiantar = to put forth / move forward
1720	1720	0	ciclo	ciclo	single_word			cycle		none						ciclo = cycle
1721	1721	0	existente	existente	single_word			existing		none						existente = existing
1722	1722	0	excesso	excesso	single_word			excess		none						excesso = excess
1723	1723	0	teto	teto	single_word			ceiling		none						teto = ceiling
1724	1724	0	rosto	rosto	single_word			face		none						rosto = face
1725	1725	0	revolucionário	revolucionário	single_word			revolutionary		none						revolucionário = revolutionary
1726	1726	0	lobo	lobo	single_word			wolf		none						lobo = wolf
1727	1727	0	açúcar	açúcar	single_word			sugar		none						açúcar = sugar
1728	1728	0	denunciar	denunciar	single_word			to denounce		none						denunciar = to denounce
1729	1729	0	associado	associado	single_word			associated / associate		none						associado = associated / associate
1730	1730	0	organismo	organismo	single_word			organism / organization		none						organismo = organism / organization
1731	1731	0	rendimento	rendimento	single_word			profit / revenue		none						rendimento = profit / revenue
1732	1732	0	rumo	rumo	single_word			course of action / way / path		none						rumo = course of action / way / path
1733	1733	0	encerrar	encerrar	single_word			to close / end		none						encerrar = to close / end
1734	1734	0	concerto	concerto	single_word			concert		none						concerto = concert
1735	1735	0	eletrónico	eletrónico	single_word			electronic		none						eletrónico = electronic
1736	1736	0	mostra	mostra	single_word			sampling / exhibition / display		none						mostra = sampling / exhibition / display
1737	1737	0	trecho	trecho	single_word			excerpt / passage		none						trecho = excerpt / passage
1738	1738	0	intervir	intervir	single_word			to intervene		none						intervir = to intervene
1739	1739	0	ferir	ferir	single_word			to wound / hurt		none						ferir = to wound / hurt
1740	1740	0	agência	agência	single_word			agency		none						agência = agency
1741	1741	0	latino	latino	single_word			relating to Latin America / Latin		none						latino = relating to Latin America / Latin
1742	1742	0	placa	placa	single_word			plate / plaque / sign		none						placa = plate / plaque / sign
1743	1743	0	mandato	mandato	single_word			mandate		none						mandato = mandate
1744	1744	0	praticamente	praticamente	single_word			practically		none						praticamente = practically
1745	1745	0	estabelecimento	estabelecimento	single_word			establishment		none						estabelecimento = establishment
1746	1746	0	ignorar	ignorar	single_word			to ignore		none						ignorar = to ignore
1747	1747	0	brilhante	brilhante	single_word			bright / brilliant		none						brilhante = bright / brilliant
1748	1748	0	saco	saco	single_word			bag / sack / pouch		none						saco = bag / sack / pouch
1749	1749	0	departamento	departamento	single_word			department		none						departamento = department
1750	1750	0	amizade	amizade	single_word			friendship		none						amizade = friendship
1751	1751	0	perfil	perfil	single_word			profile		none						perfil = profile
1752	1752	0	porco	porco	single_word			pig / pork		none						porco = pig / pork
1753	1753	0	assentar	assentar	single_word			to settle / rest on		none						assentar = to settle / rest on
1754	1754	0	produtor	produtor	single_word			producing / producer		none						produtor = producing / producer
1755	1755	0	retrato	retrato	single_word			picture / portrait		none						retrato = picture / portrait
1756	1756	0	bruto	bruto	single_word			rude / gross (income or manner)		none						bruto = rude / gross (income or manner)
1757	1757	0	queimar	queimar	single_word			to burn		none						queimar = to burn
1758	1758	0	globo	globo	single_word			globe		none						globo = globe
1759	1759	0	bispo	bispo	single_word			bishop		none						bispo = bishop
1760	1760	0	mente	mente	single_word			mind		none						mente = mind
1761	1761	0	parlamentar	parlamentar	single_word			parliamentary		none						parlamentar = parliamentary
1762	1762	0	significativo	significativo	single_word			significant / meaningful		none						significativo = significant / meaningful
1763	1763	0	falha	falha	single_word			flaw / fault / failure		none						falha = flaw / fault / failure
1764	1764	0	marcha	marcha	single_word			march / long walk / parade (EP)		none						marcha = march / long walk / parade (EP)
1765	1765	0	horário	horário	single_word			business hours / schedule / hours		none						horário = business hours / schedule / hours
1766	1766	0	extensão	extensão	single_word			extension / extent		none						extensão = extension / extent
1767	1767	0	vaca	vaca	single_word			cow		none						vaca = cow
1768	1768	0	paulista	paulista	single_word			from São Paulo		none						paulista = from São Paulo
1769	1769	0	foto	foto	single_word			photo		none						foto = photo
1770	1770	0	aplicação	aplicação	single_word			application		none						aplicação = application
1771	1771	0	rato	rato	single_word			mouse		none						rato = mouse
1772	1772	0	conteúdo	conteúdo	single_word			content		none						conteúdo = content
1773	1773	0	inúmero	inúmero	single_word			innumerable		none						inúmero = innumerable
1774	1774	0	constitucional	constitucional	single_word			constitutional		none						constitucional = constitutional
1775	1775	0	escala	escala	single_word			scale		none						escala = scale
1776	1776	0	negociação	negociação	single_word			negotiation		none						negociação = negotiation
1777	1777	0	criador	criador	single_word			creator		none						criador = creator
1778	1778	0	alegria	alegria	single_word			joy / happiness		none						alegria = joy / happiness
1779	1779	0	depósito	depósito	single_word			deposit / safe / warehouse		none						depósito = deposit / safe / warehouse
1780	1780	0	instrução	instrução	single_word			formal schooling / instruction		none						instrução = formal schooling / instruction
1781	1781	0	comprido	comprido	single_word			long		none						comprido = long
1783	1783	0	dançar	dançar	single_word			to dance		none						dançar = to dance
1784	1784	0	conservar	conservar	single_word			to keep / conserve		none						conservar = to keep / conserve
1785	1785	0	tela	tela	single_word			screen / painting canvas		none						tela = screen / painting canvas
1786	1786	0	disputar	disputar	single_word			to compete / dispute		none						disputar = to compete / dispute
1787	1787	0	adolescente	adolescente	single_word			adolescent / teenager		none						adolescente = adolescent / teenager
1788	1788	0	restante	restante	single_word			remaining / rest / remainder		none						restante = remaining / rest / remainder
1789	1789	0	sólido	sólido	single_word			solid		none						sólido = solid
1790	1790	0	nobre	nobre	single_word			noble / nobleman		none						nobre = noble / nobleman
1791	1791	0	balanço	balanço	single_word			balance		none						balanço = balance
1792	1792	0	corrigir	corrigir	single_word			to correct		none						corrigir = to correct
1793	1793	0	passageiro	passageiro	single_word			passenger		none						passageiro = passenger
1794	1794	0	facilidade	facilidade	single_word			ease		none						facilidade = ease
1795	1795	0	forçar	forçar	single_word			to force		none						forçar = to force
1796	1796	0	mecanismo	mecanismo	single_word			mechanism		none						mecanismo = mechanism
1797	1797	0	álcool	álcool	single_word			alcohol		none						álcool = alcohol
1798	1798	0	convénio	convênio	single_word			agreement / accord		spelling						convénio = agreement / accord
1799	1799	0	curva	curva	single_word			curve		none						curva = curve
1800	1800	0	concentração	concentração	single_word			concentration		none						concentração = concentration
1801	1801	0	desconhecido	desconhecido	single_word			unknown		none						desconhecido = unknown
1802	1802	0	asa	asa	single_word			wing / wingspan		none						asa = wing / wingspan
1803	1803	0	mudo	mudo	single_word			silent / mute		none						mudo = silent / mute
1804	1804	0	cama	cama	single_word			bed		none						cama = bed
1805	1805	0	empresário	empresário	single_word			entrepreneur / business owner		none						empresário = entrepreneur / business owner
1806	1806	0	distinto	distinto	single_word			distinct / distinctive		none						distinto = distinct / distinctive
1807	1807	0	especialista	especialista	single_word			specialist		none						especialista = specialist
1808	1808	0	julgamento	julgamento	single_word			judgment		none						julgamento = judgment
1809	1809	0	elevar	elevar	single_word			to raise / elevate		none						elevar = to raise / elevate
1810	1810	0	nomeadamente	nomeadamente	single_word			namely / more specifically		none						nomeadamente = namely / more specifically
1811	1811	0	exibir	exibir	single_word			to exhibit / display		none						exibir = to exhibit / display
1812	1812	0	êxito	êxito	single_word			success		none						êxito = success
1813	1813	0	internacional	internacional	single_word			international		none						internacional = international
1814	1814	0	afirmação	afirmação	single_word			affirmation		none						afirmação = affirmation
1815	1815	0	fuga	fuga	single_word			escape / flight (fugitive)		none						fuga = escape / flight (fugitive)
1816	1816	0	reforçar	reforçar	single_word			to reinforce		none						reforçar = to reinforce
1817	1817	0	engenharia	engenharia	single_word			engineering		none						engenharia = engineering
1818	1818	0	ah	ah	single_word			ah / oh		none						ah = ah / oh
1819	1819	0	confusão	confusão	single_word			confusion		none						confusão = confusion
1820	1820	0	bar	bar	single_word			bar		none						bar = bar
1821	1821	0	parente	parente	single_word			relative / extended family member		none						parente = relative / extended family member
1822	1822	0	recentemente	recentemente	single_word			recently		none						recentemente = recently
1823	1823	0	primário	primário	single_word			primary / elementary		none						primário = primary / elementary
1824	1824	0	definição	definição	single_word			definition		none						definição = definition
1825	1825	0	gesto	gesto	single_word			gesture		none						gesto = gesture
1826	1826	0	liberal	liberal	single_word			liberal		none						liberal = liberal
1827	1827	0	licença	licença	single_word			license / permission		none						licença = license / permission
1828	1828	0	contemplar	contemplar	single_word			to contemplate		none						contemplar = to contemplate
1829	1829	0	funcionamento	funcionamento	single_word			operation / functioning		none						funcionamento = operation / functioning
1830	1830	0	correio	correio	single_word			mail (box) / post office		none						correio = mail (box) / post office
1831	1831	0	fechado	fechado	single_word			closed		none						fechado = closed
1832	1832	0	revolta	revolta	single_word			revolt		none						revolta = revolt
1833	1833	0	cumprimento	cumprimento	single_word			compliment / fulfillment		none						cumprimento = compliment / fulfillment
1834	1834	0	banho	banho	single_word			bath		none						banho = bath
1835	1835	0	depressa	depressa	single_word			quickly / fast		none						depressa = quickly / fast
1836	1836	0	ocupação	ocupação	single_word			occupation		none						ocupação = occupation
1837	1837	0	reflexão	reflexão	single_word			reflection		none						reflexão = reflection
1838	1838	0	percurso	percurso	single_word			route / path		none						percurso = route / path
1839	1839	0	orientar	orientar	single_word			to direct / guide / orient		none						orientar = to direct / guide / orient
1840	1840	0	planeta	planeta	single_word			planet		none						planeta = planet
1841	1841	0	voo	voo	single_word			flight		none						voo = flight
1842	1842	0	rir	rir	single_word			to laugh		none						rir = to laugh
1843	1843	0	parceiro	parceiro	single_word			partner / social or game friend		none						parceiro = partner / social or game friend
1844	1844	0	homenagem	homenagem	single_word			homage / honor		none						homenagem = homage / honor
1845	1845	0	fundação	fundação	single_word			foundation / founding		none						fundação = foundation / founding
1846	1846	0	comprometer	comprometer	single_word			to commit to / negatively compromise		none						comprometer = to commit to / negatively compromise
1847	1847	0	mapa	mapa	single_word			map		none						mapa = map
1848	1848	0	cópia	cópia	single_word			copy		none						cópia = copy
1849	1849	0	pairar	pairar	single_word			to hover / hang over		none						pairar = to hover / hang over
1850	1850	0	secundário	secundário	single_word			secondary / supporting		none						secundário = secondary / supporting
1851	1851	0	sessão	sessão	single_word			session		none						sessão = session
1852	1852	0	atuação	atuação	single_word			performance / acting		none						atuação = performance / acting
1853	1853	0	consideração	consideração	single_word			consideration		none						consideração = consideration
1854	1854	0	ensaio	ensaio	single_word			rehearsal / practice		none						ensaio = rehearsal / practice
1855	1855	0	projetar	projetar	single_word			to project / make plans		none						projetar = to project / make plans
1856	1856	0	estadual	estadual	single_word			relating to the state		none						estadual = relating to the state
1857	1857	0	conde	conde	single_word			count		none						conde = count
1858	1858	0	proporção	proporção	single_word			proportion		none						proporção = proportion
1859	1859	0	cantor	cantor	single_word			singer		none						cantor = singer
1860	1860	0	oferta	oferta	single_word			supply / offer		none						oferta = supply / offer
1861	1861	0	antigamente	antigamente	single_word			used to / anciently		none						antigamente = used to / anciently
1862	1862	0	debaixo	debaixo	single_word			under / beneath / below		none						debaixo = under / beneath / below
1863	1863	0	confiar	confiar	single_word			to trust / confide		none						confiar = to trust / confide
1864	1864	0	leão	leão	single_word			lion		none						leão = lion
1865	1865	0	colaborar	colaborar	single_word			to collaborate		none						colaborar = to collaborate
1866	1866	0	judeu	judeu	single_word			Jew		none						judeu = Jew
1867	1867	0	aprovar	aprovar	single_word			to approve / pass a law		none						aprovar = to approve / pass a law
1868	1868	0	orientação	orientação	single_word			guidance / orientation		none						orientação = guidance / orientation
1869	1869	0	sexual	sexual	single_word			sexual		none						sexual = sexual
1870	1870	0	bomba	bomba	single_word			bomb		none						bomba = bomb
1871	1871	0	constar	constar	single_word			to consist of / appear in		none						constar = to consist of / appear in
1872	1872	0	derrota	derrota	single_word			defeat		none						derrota = defeat
1873	1873	0	relógio	relógio	single_word			watch / clock		none						relógio = watch / clock
1874	1874	0	universitário	universitário	single_word			relating to the university		none						universitário = relating to the university
1875	1875	0	coronel	coronel	single_word			colonel		none						coronel = colonel
1876	1876	0	cálculo	cálculo	single_word			calculation / calculus		none						cálculo = calculation / calculus
1877	1877	0	apreciar	apreciar	single_word			to appreciate		none						apreciar = to appreciate
1878	1878	0	esposa	esposa	single_word			wife		none						esposa = wife
1879	1879	0	coragem	coragem	single_word			courage		none						coragem = courage
1880	1880	0	sentença	sentença	single_word			sentence		none						sentença = sentence
1881	1881	0	fruta	fruta	single_word			fruit		none						fruta = fruit
1882	1882	0	dom	dom	single_word			gift / honorific title		none						dom = gift / honorific title
1883	1883	0	abordar	abordar	single_word			to deal with / approach (a subject)		none						abordar = to deal with / approach (a subject)
1884	1884	0	terrível	terrível	single_word			terrible		none						terrível = terrible
1885	1885	0	contínuo	contínuo	single_word			continuous		none						contínuo = continuous
1886	1886	0	exploração	exploração	single_word			exploration / exploitation		none						exploração = exploration / exploitation
1887	1887	0	febre	febre	single_word			fever		none						febre = fever
1888	1888	0	competência	competência	single_word			competence		none						competência = competence
1889	1889	0	atraso	atraso	single_word			delay		none						atraso = delay
1890	1890	0	tese	tese	single_word			thesis		none						tese = thesis
1891	1891	0	consumo	consumo	single_word			use / consumption		none						consumo = use / consumption
1892	1892	0	invasão	invasão	single_word			invasion		none						invasão = invasion
1893	1893	0	mineiro	mineiro	single_word			mining / miner		none						mineiro = mining / miner
1894	1894	0	propriamente	propriamente	single_word			exactly / properly		none						propriamente = exactly / properly
1895	1895	0	lago	lago	single_word			lake		none						lago = lake
1896	1896	0	despertar	despertar	single_word			to awaken		none						despertar = to awaken
1897	1897	0	expansão	expansão	single_word			expansion / expanse		none						expansão = expansion / expanse
1898	1898	0	demasiado	demasiado	single_word			too much		none						demasiado = too much
1899	1899	0	novela	novela	single_word			soap opera		none						novela = soap opera
1900	1900	0	civilização	civilização	single_word			civilization		none						civilização = civilization
1901	1901	0	arrancar	arrancar	single_word			to tear away or out of		none						arrancar = to tear away or out of
1902	1902	0	facilmente	facilmente	single_word			easily		none						facilmente = easily
1903	1903	0	desistir	desistir	single_word			to give up		none						desistir = to give up
1904	1904	0	gasto	gasto	single_word			expenditure		none						gasto = expenditure
1905	1905	0	culto	culto	single_word			worship / cult / learned		none						culto = worship / cult / learned
1906	1906	0	confundir	confundir	single_word			to confuse / confound		none						confundir = to confuse / confound
1907	1907	0	sensível	sensível	single_word			sensitive / sensible		none						sensível = sensitive / sensible
1908	1908	0	trigo	trigo	single_word			wheat		none						trigo = wheat
1909	1909	0	carecer	carecer	single_word			to need / lack / do without		none						carecer = to need / lack / do without
1910	1910	0	retornar	retornar	single_word			to return to		none						retornar = to return to
1911	1911	0	quilo	quilo	single_word			kilo(gram)		none						quilo = kilo(gram)
1912	1912	0	lavar	lavar	single_word			to wash / clean		none						lavar = to wash / clean
1913	1913	0	obedecer	obedecer	single_word			to obey		none						obedecer = to obey
1914	1914	0	liga	liga	single_word			league / union / connection		none						liga = league / union / connection
1915	1915	0	pacto	pacto	single_word			agreement / pact		none						pacto = agreement / pact
1916	1916	0	particularmente	particularmente	single_word			particularly		none						particularmente = particularly
1917	1917	0	novidade	novidade	single_word			news (gossip) / new thing		none						novidade = news (gossip) / new thing
1918	1918	0	crescente	crescente	single_word			growing / increasing		none						crescente = growing / increasing
1919	1919	0	favorável	favorável	single_word			favorable / in favor		none						favorável = favorable / in favor
1920	1920	0	suspenso	suspenso	single_word			suspended		none						suspenso = suspended
1921	1921	0	domingo	domingo	single_word			Sunday		none						domingo = Sunday
1922	1922	0	verso	verso	single_word			verse		none						verso = verse
1923	1923	0	óleo	óleo	single_word			oil		none						óleo = oil
1924	1924	0	fabricar	fabricar	single_word			to manufacture		none						fabricar = to manufacture
1925	1925	0	mecânico	mecânico	single_word			mechanic / mechanical		none						mecânico = mechanic / mechanical
1926	1926	0	reconhecimento	reconhecimento	single_word			recognition		none						reconhecimento = recognition
1927	1927	0	prolongar	prolongar	single_word			to go on / prolong		none						prolongar = to go on / prolong
1928	1928	0	redução	redução	single_word			reduction		none						redução = reduction
1929	1929	0	administrador	administrador	single_word			manager / administrator		none						administrador = manager / administrator
1930	1930	0	leste	leste	single_word			east		none						leste = east
1931	1931	0	vestido	vestido	single_word			dress		none						vestido = dress
1932	1932	0	perfeitamente	perfeitamente	single_word			perfectly		none						perfeitamente = perfectly
1933	1933	0	compreensão	compreensão	single_word			understanding / comprehension		none						compreensão = understanding / comprehension
1934	1934	0	glória	glória	single_word			glory		none						glória = glory
1935	1935	0	instante	instante	single_word			instant		none						instante = instant
1936	1936	0	drama	drama	single_word			drama		none						drama = drama
1937	1937	0	seio	seio	single_word			center / bosom / breast		none						seio = center / bosom / breast
1938	1938	0	render	render	single_word			to yield / earn (interest)		none						render = to yield / earn (interest)
1939	1939	0	segredo	segredo	single_word			secret		none						segredo = secret
1940	1940	0	chinês	chinês	single_word			Chinese		none						chinês = Chinese
1941	1941	0	paralelo	paralelo	single_word			parallel		none						paralelo = parallel
1942	1942	0	soltar	soltar	single_word			to release / unfasten		none						soltar = to release / unfasten
1943	1943	0	redondo	redondo	single_word			round		none						redondo = round
1944	1944	0	pedido	pedido	single_word			request / requested		none						pedido = request / requested
1945	1945	0	idêntico	idêntico	single_word			identical		none						idêntico = identical
1946	1946	0	cultivar	cultivar	single_word			to cultivate		none						cultivar = to cultivate
1947	1947	0	cristão	cristão	single_word			Christian		none						cristão = Christian
1948	1948	0	equipe	equipe	single_word			team		none				1782	equipa	equipe = team
1949	1949	0	muro	muro	single_word			free-standing wall		none						muro = free-standing wall
1950	1950	0	salão	salão	single_word			large room / meeting hall / salon		none						salão = large room / meeting hall / salon
1951	1951	0	visível	visível	single_word			visible		none						visível = visible
1952	1952	0	camada	camada	single_word			layer / sheet		none						camada = layer / sheet
1953	1953	0	cérebro	cérebro	single_word			brain		none						cérebro = brain
1954	1954	0	coleção	coleção	single_word			collection		none						coleção = collection
1955	1955	0	publicação	publicação	single_word			publication		none						publicação = publication
1956	1956	0	romano	romano	single_word			Roman		none						romano = Roman
1957	1957	0	juízo	juízo	single_word			judgment / good sense		none						juízo = judgment / good sense
1958	1958	0	concelho	concelho	single_word			municipality / county / council		none						concelho = municipality / county / council
1959	1959	0	satisfação	satisfação	single_word			satisfaction		none						satisfação = satisfaction
1960	1960	0	caracterizar	caracterizar	single_word			to characterize		none						caracterizar = to characterize
1961	1961	0	primo	primo	single_word			cousin / prime		none						primo = cousin / prime
1962	1962	0	exclusivamente	exclusivamente	single_word			exclusively		none						exclusivamente = exclusively
1963	1963	0	miséria	miséria	single_word			misery / poverty		none						miséria = misery / poverty
1964	1964	0	execução	execução	single_word			execution		none						execução = execution
1965	1965	0	escândalo	escândalo	single_word			scandal		none						escândalo = scandal
1966	1966	0	ordenar	ordenar	single_word			to command / order		none						ordenar = to command / order
1967	1967	0	avenida	avenida	single_word			avenue		none						avenida = avenue
1968	1968	0	esquema	esquema	single_word			scheme		none						esquema = scheme
1969	1969	0	expresso	expresso	single_word			expressed		none						expresso = expressed
1970	1970	0	sensibilidade	sensibilidade	single_word			sensitivity / sensibility		none						sensibilidade = sensitivity / sensibility
1971	1971	0	galeria	galeria	single_word			gallery		none						galeria = gallery
1972	1972	0	âmbito	âmbito	single_word			level / sphere of action or work		none						âmbito = level / sphere of action or work
1973	1973	0	lançamento	lançamento	single_word			release / launching		none						lançamento = release / launching
1974	1974	0	armar	armar	single_word			to arm / assemble / equip		none						armar = to arm / assemble / equip
1975	1975	0	estatuto	estatuto	single_word			statute		none						estatuto = statute
1976	1976	0	sequência	sequência	single_word			sequence		none						sequência = sequence
1977	1977	0	composto	composto	single_word			composed (of) / made up (of)		none						composto = composed (of) / made up (of)
1978	1978	0	mistério	mistério	single_word			mystery		none						mistério = mystery
1979	1979	0	louco	louco	single_word			mad / crazy		none						louco = mad / crazy
1980	1980	0	significado	significado	single_word			meaning / significance		none						significado = meaning / significance
1981	1981	0	pacífico	pacífico	single_word			Pacific (ocean) / calm		none						pacífico = Pacific (ocean) / calm
1982	1982	0	absorver	absorver	single_word			to absorb		none						absorver = to absorb
1983	1983	0	arroz	arroz	single_word			rice		none						arroz = rice
1984	1984	0	evento	evento	single_word			event		none						evento = event
1985	1985	0	senador	senador	single_word			senator		none						senador = senator
1986	1986	0	estimular	estimular	single_word			to stimulate		none						estimular = to stimulate
1987	1987	0	decisivo	decisivo	single_word			decisive		none						decisivo = decisive
1988	1988	0	solidariedade	solidariedade	single_word			solidarity / mutual responsibility		none						solidariedade = solidarity / mutual responsibility
1989	1989	0	núcleo	núcleo	single_word			nucleus / core		none						núcleo = nucleus / core
1990	1990	0	optar	optar	single_word			to opt		none						optar = to opt
1991	1991	0	atmosfera	atmosfera	single_word			air / atmosphere		none						atmosfera = air / atmosphere
1992	1992	0	todavia	todavia	single_word			but / still		none						todavia = but / still
1993	1993	0	sujeitar	sujeitar	single_word			to subject		none						sujeitar = to subject
1994	1994	0	apurar	apurar	single_word			to find out / investigate / perfect		none						apurar = to find out / investigate / perfect
1995	1995	0	cartão	cartão	single_word			card		none						cartão = card
1996	1996	0	triste	triste	single_word			sad		none						triste = sad
1997	1997	0	legislativo	legislativo	single_word			legislative		none						legislativo = legislative
1998	1998	0	baseado	baseado	single_word			based / on the basis of		none						baseado = based / on the basis of
1999	1999	0	influenciar	influenciar	single_word			to influence		none						influenciar = to influence
2000	2000	0	preparado	preparado	single_word			prepared		none						preparado = prepared
2001	2001	0	ganho	ganho	single_word			earnings / profits / gained		none						ganho = earnings / profits / gained
2002	2002	0	combinar	combinar	single_word			to combine		none						combinar = to combine
2003	2003	0	emitir	emitir	single_word			to emit / issue / broadcast		none						emitir = to emit / issue / broadcast
2004	2004	0	divulgar	divulgar	single_word			to make known / publicize		none						divulgar = to make known / publicize
2005	2005	0	claramente	claramente	single_word			clearly		none						claramente = clearly
2006	2006	0	mexer	mexer	single_word			to touch / shake / mix / stir		none						mexer = to touch / shake / mix / stir
2007	2007	0	senado	senado	single_word			senate		none						senado = senate
2008	2008	0	alargar	alargar	single_word			to enlarge / increase / widen		none						alargar = to enlarge / increase / widen
2009	2009	0	traço	traço	single_word			trace / line / signal		none						traço = trace / line / signal
2010	2010	0	pau	pau	single_word			stick / wood		none						pau = stick / wood
2011	2011	0	missa	missa	single_word			religious mass		none						missa = religious mass
2012	2012	0	consumir	consumir	single_word			to consume		none						consumir = to consume
2013	2013	0	libertação	libertação	single_word			freedom / liberation		none						libertação = freedom / liberation
2014	2014	0	arrastar	arrastar	single_word			to drag		none						arrastar = to drag
2015	2015	0	superar	superar	single_word			to overcome / surpass / exceed		none						superar = to overcome / surpass / exceed
2016	2016	0	protesto	protesto	single_word			protest		none						protesto = protest
2017	2017	0	envolvido	envolvido	single_word			involved		none						envolvido = involved
2018	2018	0	travar	travar	single_word			to take place / impede / stop		none						travar = to take place / impede / stop
2019	2019	0	preferência	preferência	single_word			preference		none						preferência = preference
2020	2020	0	eliminar	eliminar	single_word			to eliminate		none						eliminar = to eliminate
2021	2021	0	federação	federação	single_word			federation		none						federação = federation
2022	2022	0	sagrado	sagrado	single_word			sacred		none						sagrado = sacred
2023	2023	0	amanhã	amanhã	single_word			tomorrow		none						amanhã = tomorrow
2024	2024	0	deserto	deserto	single_word			desert / deserted		none						deserto = desert / deserted
2025	2025	0	reparar	reparar	single_word			to make reparations / fix / notice		none						reparar = to make reparations / fix / notice
2026	2026	0	petróleo	petróleo	single_word			oil / petroleum		none						petróleo = oil / petroleum
2027	2027	0	parlamento	parlamento	single_word			parliament		none						parlamento = parliament
2028	2028	0	autêntico	autêntico	single_word			authentic		none						autêntico = authentic
2029	2029	0	fantástico	fantástico	single_word			fantastic		none						fantástico = fantastic
2030	2030	0	aliado	aliado	single_word			ally / allied		none						aliado = ally / allied
2031	2031	0	competir	competir	single_word			to compete		none						competir = to compete
2032	2032	0	regular	regular	single_word			regular		none						regular = regular
2033	2033	0	erva	erva	single_word			herb		none						erva = herb
2034	2034	0	prato	prato	single_word			plate		none						prato = plate
2035	2035	0	masculino	masculino	single_word			masculine / male		none						masculino = masculine / male
2036	2036	0	alcance	alcance	single_word			range / reach		none						alcance = range / reach
2037	2037	0	centímetro	centímetro	single_word			centimeter		none						centímetro = centimeter
2038	2038	0	crónica	crônica	single_word			newspaper column / narrative		spelling						crónica = newspaper column / narrative
2039	2039	0	condenado	condenado	single_word			condemned (person)		none						condenado = condemned (person)
2040	2040	0	concorrer	concorrer	single_word			to compete (against) / apply for		none						concorrer = to compete (against) / apply for
2041	2041	0	tio	tio	single_word			uncle		none						tio = uncle
2042	2042	0	vigor	vigor	single_word			(em v.) in effect / energy		none						vigor = (em v.) in effect / energy
2042	2042	1	em vigor	em vigor	space_compound			(em v.) in effect / energy		idiom_expansion						vigor = (em v.) in effect / energy
2043	2043	0	arco	arco	single_word			bow / arch / arc		none						arco = bow / arch / arc
2044	2044	0	ficção	ficção	single_word			fiction		none						ficção = fiction
2045	2045	0	sugestão	sugestão	single_word			suggestion		none						sugestão = suggestion
2046	2046	0	escravo	escravo	single_word			slave		none						escravo = slave
2047	2047	0	agarrar	agarrar	single_word			to grab / seize / lay hold of		none						agarrar = to grab / seize / lay hold of
2048	2048	0	proporcionar	proporcionar	single_word			to provide / offer		none						proporcionar = to provide / offer
2049	2049	0	desempenho	desempenho	single_word			performance		none						desempenho = performance
2050	2050	0	intervalo	intervalo	single_word			interval / intermission		none						intervalo = interval / intermission
2051	2051	0	fundar	fundar	single_word			to found		none						fundar = to found
2052	2052	0	etapa	etapa	single_word			phase / stage		none						etapa = phase / stage
2053	2053	0	parada	parada	single_word			(bus) stop / break | (bus) stop		none				4268	paragem	parada = (bus) stop / break
2054	2054	0	registrar	registrar	single_word			to register / record | to register		none				2085	registar	registrar = to register / record
2055	2055	0	acusação	acusação	single_word			accusation		none						acusação = accusation
2056	2056	0	estratégico	estratégico	single_word			strategic		none						estratégico = strategic
2057	2057	0	inteligente	inteligente	single_word			intelligent		none						inteligente = intelligent
2058	2058	0	pescoço	pescoço	single_word			neck		none						pescoço = neck
2059	2059	0	moça	moça	single_word			young woman / girl		none						moça = young woman / girl
2060	2060	0	legislação	legislação	single_word			legislation		none						legislação = legislation
2061	2061	0	tecido	tecido	single_word			fabric / material / tissue		none						tecido = fabric / material / tissue
2062	2062	0	boi	boi	single_word			ox / steer / bull		none						boi = ox / steer / bull
2063	2063	0	desviar	desviar	single_word			to avert / deviate / take a detour		none						desviar = to avert / deviate / take a detour
2064	2064	0	submeter	submeter	single_word			to subject / submit		none						submeter = to subject / submit
2065	2065	0	dramático	dramático	single_word			dramatic		none						dramático = dramatic
2066	2066	0	desemprego	desemprego	single_word			unemployment		none						desemprego = unemployment
2067	2067	0	contribuição	contribuição	single_word			contribution		none						contribuição = contribution
2068	2068	0	dobrar	dobrar	single_word			to fold / double		none						dobrar = to fold / double
2069	2069	0	competição	competição	single_word			competition		none						competição = competition
2070	2070	0	pronunciar	pronunciar	single_word			to pronounce		none						pronunciar = to pronounce
2071	2071	0	comparação	comparação	single_word			comparison		none						comparação = comparison
2072	2072	0	animar	animar	single_word			to encourage / cheer up		none						animar = to encourage / cheer up
2073	2073	0	capitão	capitão	single_word			captain		none						capitão = captain
2074	2074	0	conferir	conferir	single_word			to confer / give the right to		none						conferir = to confer / give the right to
2075	2075	0	ruim	ruim	single_word			bad / vile / wicked / rotten		none						ruim = bad / vile / wicked / rotten
2076	2076	0	aprovação	aprovação	single_word			approval		none						aprovação = approval
2077	2077	0	pasta	pasta	single_word			folder / suitcase / paste		none						pasta = folder / suitcase / paste
2078	2078	0	liderança	liderança	single_word			leadership		none						liderança = leadership
2079	2079	0	estabilidade	estabilidade	single_word			stability		none						estabilidade = stability
2080	2080	0	campeonato	campeonato	single_word			championship		none						campeonato = championship
2081	2081	0	conservador	conservador	single_word			conservative		none						conservador = conservative
2082	2082	0	converter	converter	single_word			to convert		none						converter = to convert
2083	2083	0	definido	definido	single_word			defined		none						definido = defined
2084	2084	0	absurdo	absurdo	single_word			absurd / absurdity		none						absurdo = absurd / absurdity
2086	2086	0	beira	beira	single_word			side / edge		none						beira = side / edge
2087	2087	0	tragédia	tragédia	single_word			tragedy		none						tragédia = tragedy
2088	2088	0	manutenção	manutenção	single_word			maintenance		none						manutenção = maintenance
2089	2089	0	fortaleza	fortaleza	single_word			fortress / fort		none						fortaleza = fortress / fort
2090	2090	0	secreto	secreto	single_word			secret		none						secreto = secret
2091	2091	0	aparentemente	aparentemente	single_word			apparently		none						aparentemente = apparently
2092	2092	0	notável	notável	single_word			notable / noteworthy		none						notável = notable / noteworthy
2093	2093	0	corredor	corredor	single_word			corridor / runner		none						corredor = corridor / runner
2094	2094	0	barreira	barreira	single_word			barrier		none						barreira = barrier
2095	2095	0	grão	grão	single_word			grain		none						grão = grain
2096	2096	0	avanço	avanço	single_word			advance		none						avanço = advance
2097	2097	0	onze	onze	single_word			eleven		none						onze = eleven
2098	2098	0	espelho	espelho	single_word			mirror		none						espelho = mirror
2099	2099	0	juntamente	juntamente	single_word			together		none						juntamente = together
2100	2100	0	brincar	brincar	single_word			to play / joke		none						brincar = to play / joke
2101	2101	0	ouvido	ouvido	single_word			ear / heard		none						ouvido = ear / heard
2102	2102	0	greve	greve	single_word			strike		none						greve = strike
2103	2103	0	tecer	tecer	single_word			to weave		none						tecer = to weave
2104	2104	0	conselheiro	conselheiro	single_word			counselor		none						conselheiro = counselor
2105	2105	0	pobreza	pobreza	single_word			poverty		none						pobreza = poverty
2106	2106	0	colaboração	colaboração	single_word			collaboration		none						colaboração = collaboration
2107	2107	0	consumidor	consumidor	single_word			consumer / consuming		none						consumidor = consumer / consuming
2108	2108	0	perseguir	perseguir	single_word			to pursue / persecute		none						perseguir = to pursue / persecute
2109	2109	0	nu	nu	single_word			naked / nude		none						nu = naked / nude
2110	2110	0	selvagem	selvagem	single_word			wild / savage		none						selvagem = wild / savage
2111	2111	0	pesca	pesca	single_word			fishing		none						pesca = fishing
2112	2112	0	peito	peito	single_word			chest / breast		none						peito = chest / breast
2113	2113	0	consulta	consulta	single_word			consultation		none						consulta = consultation
2114	2114	0	impacto	impacto	single_word			impact		none						impacto = impact
2115	2115	0	emprestar	emprestar	single_word			to lend / loan		none						emprestar = to lend / loan
2116	2116	0	antecipar	antecipar	single_word			to do earlier than planned / anticipate		none						antecipar = to do earlier than planned / anticipate
2117	2117	0	desempenhar	desempenhar	single_word			to perform / act / fulfill		none						desempenhar = to perform / act / fulfill
2118	2118	0	empréstimo	empréstimo	single_word			loan		none						empréstimo = loan
2119	2119	0	segurar	segurar	single_word			to hold / secure / make sure		none						segurar = to hold / secure / make sure
2120	2120	0	pista	pista	single_word			rink / field / runway / lane		none						pista = rink / field / runway / lane
2121	2121	0	vestir	vestir	single_word			to wear / dress		none						vestir = to wear / dress
2122	2122	0	escrito	escrito	single_word			writings / written		none						escrito = writings / written
2123	2123	0	pássaro	pássaro	single_word			bird		none						pássaro = bird
2124	2124	0	rapariga	rapariga	single_word			young girl / prostitute (BP)		none						rapariga = young girl / prostitute (BP)
2125	2125	0	indispensável	indispensável	single_word			indispensable		none						indispensável = indispensable
2126	2126	0	convocar	convocar	single_word			to call (a meeting) / summon		none						convocar = to call (a meeting) / summon
2127	2127	0	noturno	noturno	single_word			nocturnal / of the night		none						noturno = nocturnal / of the night
2128	2128	0	estética	estética	single_word			aesthetics / beauty		none						estética = aesthetics / beauty
2129	2129	0	recomendar	recomendar	single_word			to recommend		none						recomendar = to recommend
2130	2130	0	norte-americano	norte-americano	hyphenated_compound			North American (usually US)		none						norte-americano = North American (usually US)
2131	2131	0	jantar	jantar	single_word			to eat dinner		none						jantar = to eat dinner
2132	2132	0	redação	redação	single_word			writing / editorial staff		none						redação = writing / editorial staff
2133	2133	0	pano	pano	single_word			cloth		none						pano = cloth
2134	2134	0	reflexo	reflexo	single_word			reflection / reflex		none						reflexo = reflection / reflex
2135	2135	0	romântico	romântico	single_word			romantic		none						romântico = romantic
2136	2136	0	demanda	demanda	single_word			demand		none						demanda = demand
2137	2137	0	acerca	acerca	single_word			about / near		none						acerca = about / near
2138	2138	0	impulso	impulso	single_word			impulse / impetus		none						impulso = impulse / impetus
2139	2139	0	cerimónia	cerimônia	single_word			ceremony		spelling						cerimónia = ceremony
2140	2140	0	entendimento	entendimento	single_word			understanding		none						entendimento = understanding
2141	2141	0	saltar	saltar	single_word			to jump / lead		none						saltar = to jump / lead
2142	2142	0	temperatura	temperatura	single_word			temperature		none						temperatura = temperature
2143	2143	0	demitir	demitir	single_word			to resign / quit		none						demitir = to resign / quit
2144	2144	0	excessivo	excessivo	single_word			excessive		none						excessivo = excessive
2145	2145	0	componente	componente	single_word			part / component		none						componente = part / component
2146	2146	0	felicidade	felicidade	single_word			joy / happiness		none						felicidade = joy / happiness
2147	2147	0	remédio	remédio	single_word			medicine / remedy		none						remédio = medicine / remedy
2148	2148	0	mancha	mancha	single_word			spot / stain		none						mancha = spot / stain
2149	2149	0	nova	nova	single_word			news		none						nova = news
2150	2150	0	bicho	bicho	single_word			creature / bug / beast		none						bicho = creature / bug / beast
2151	2151	0	preparação	preparação	single_word			preparation		none						preparação = preparation
2152	2152	0	delegado	delegado	single_word			delegate / delegated		none						delegado = delegate / delegated
2153	2153	0	imaginação	imaginação	single_word			imagination		none						imaginação = imagination
2154	2154	0	ferido	ferido	single_word			wound / wounded		none						ferido = wound / wounded
2155	2155	0	atriz	atriz	single_word			actress		none						atriz = actress
2156	2156	0	tensão	tensão	single_word			anxiety / tension		none						tensão = anxiety / tension
2157	2157	0	surpreender	surpreender	single_word			to surprise		none						surpreender = to surprise
2158	2158	0	auxiliar	auxiliar	single_word			assistant / auxiliary		none						auxiliar = assistant / auxiliary
2159	2159	0	conceber	conceber	single_word			to conceive		none						conceber = to conceive
2160	2160	0	parceria	parceria	single_word			partnership		none						parceria = partnership
2161	2161	0	acelerar	acelerar	single_word			to accelerate / speed up		none						acelerar = to accelerate / speed up
2162	2162	0	concessão	concessão	single_word			concession / favor / right		none						concessão = concession / favor / right
2163	2163	0	radical	radical	single_word			radical		none						radical = radical
2164	2164	0	ampliar	ampliar	single_word			to increase / amplify / enlarge		none						ampliar = to increase / amplify / enlarge
2165	2165	0	reservar	reservar	single_word			to reserve		none						reservar = to reserve
2166	2166	0	ofício	ofício	single_word			occupation / official letter		none						ofício = occupation / official letter
2167	2167	0	templo	templo	single_word			temple		none						templo = temple
2168	2168	0	ligeiro	ligeiro	single_word			light / swift / quick / agile		none						ligeiro = light / swift / quick / agile
2169	2169	0	dezena	dezena	single_word			set of ten		none						dezena = set of ten
2170	2170	0	residir	residir	single_word			to live in / reside		none						residir = to live in / reside
2171	2171	0	potencial	potencial	single_word			potential		none						potencial = potential
2172	2172	0	adiante	adiante	single_word			further along / farther ahead		none						adiante = further along / farther ahead
2173	2173	0	meta	meta	single_word			goal		none						meta = goal
2174	2174	0	chama	chama	single_word			flame		none						chama = flame
2175	2175	0	disputa	disputa	single_word			dispute		none						disputa = dispute
2176	2176	0	prestígio	prestígio	single_word			prestige		none						prestígio = prestige
2177	2177	0	passeio	passeio	single_word			walk / stroll		none						passeio = walk / stroll
2178	2178	0	eixo	eixo	single_word			dividing line / axle / axis		none						eixo = dividing line / axle / axis
2179	2179	0	bico	bico	single_word			beak		none						bico = beak
2180	2180	0	utilização	utilização	single_word			use / utilization		none						utilização = use / utilization
2181	2181	0	herança	herança	single_word			heritage / inheritance		none						herança = heritage / inheritance
2182	2182	0	contexto	contexto	single_word			context		none						contexto = context
2183	2183	0	formal	formal	single_word			formal		none						formal = formal
2184	2184	0	exportação	exportação	single_word			exportation		none						exportação = exportation
2185	2185	0	nuvem	nuvem	single_word			cloud		none						nuvem = cloud
2186	2186	0	vela	vela	single_word			candle / sail / spark-plug		none						vela = candle / sail / spark-plug
2187	2187	0	sessenta	sessenta	single_word			sixty		none						sessenta = sixty
2188	2188	0	especializado	especializado	single_word			specialized		none						especializado = specialized
2189	2189	0	situar	situar	single_word			to situate		none						situar = to situate
2190	2190	0	preencher	preencher	single_word			to fill (out)		none						preencher = to fill (out)
2191	2191	0	galinha	galinha	single_word			hen / chicken		none						galinha = hen / chicken
2192	2192	0	pólo	pólo	single_word			pole		none						pólo = pole
2193	2193	0	argentino	argentino	single_word			Argentine		none						argentino = Argentine
2194	2194	0	rejeitar	rejeitar	single_word			to reject		none						rejeitar = to reject
2195	2195	0	provisório	provisório	single_word			temporary / provisionary		none						provisório = temporary / provisionary
2196	2196	0	devolver	devolver	single_word			to return (something)		none						devolver = to return (something)
2197	2197	0	orquestra	orquestra	single_word			orchestra		none						orquestra = orchestra
2198	2198	0	corrupção	corrupção	single_word			corruption		none						corrupção = corruption
2199	2199	0	gordo	gordo	single_word			fat / thick		none						gordo = fat / thick
2200	2200	0	acentuar	acentuar	single_word			to intensify / accentuate		none						acentuar = to intensify / accentuate
2201	2201	0	explosão	explosão	single_word			explosion		none						explosão = explosion
2202	2202	0	terço	terço	single_word			third / a third		none						terço = third / a third
2203	2203	0	efetivamente	efetivamente	single_word			in fact / effectively		none						efetivamente = in fact / effectively
2204	2204	0	incêndio	incêndio	single_word			fire		none						incêndio = fire
2205	2205	0	classificar	classificar	single_word			to classify		none						classificar = to classify
2206	2206	0	mercadoria	mercadoria	single_word			merchandise		none						mercadoria = merchandise
2207	2207	0	procedimento	procedimento	single_word			procedure / proceedings		none						procedimento = procedure / proceedings
2208	2208	0	relacionado	relacionado	single_word			related		none						relacionado = related
2209	2209	0	concorrência	concorrência	single_word			competition		none						concorrência = competition
2210	2210	0	ocidental	ocidental	single_word			Western / occidental		none						ocidental = Western / occidental
2211	2211	0	apertar	apertar	single_word			to shake (a hand) / press / tighten / tie		none						apertar = to shake (a hand) / press / tighten / tie
2212	2212	0	queixa	queixa	single_word			complaint		none						queixa = complaint
2213	2213	0	tranquilo	tranquilo	single_word			calm / serene / tranquil		none						tranquilo = calm / serene / tranquil
2214	2214	0	convição	convição	single_word			conviction		none						convição = conviction
2215	2215	0	habitual	habitual	single_word			familiar / customary		none						habitual = familiar / customary
2216	2216	0	previsto	previsto	single_word			foreseen		none						previsto = foreseen
2217	2217	0	levantamento	levantamento	single_word			the act of raising; uprising		none						levantamento = the act of raising; uprising
2218	2218	0	trânsito	trânsito	single_word			traffic		none						trânsito = traffic
2219	2219	0	vencedor	vencedor	single_word			winner		none						vencedor = winner
2220	2220	0	comerciante	comerciante	single_word			business person / salesperson		none						comerciante = business person / salesperson
2221	2221	0	rigor	rigor	single_word			rigor / worst of		none						rigor = rigor / worst of
2222	2222	0	correção	correção	single_word			correction		none						correção = correction
2223	2223	0	sonhar	sonhar	single_word			to dream		none						sonhar = to dream
2224	2224	0	redor	redor	single_word			(em / ao r.) all around		none						redor = (em / ao r.) all around
2224	2224	1	em redor	em redor	space_compound			(em / ao r.) all around		idiom_expansion						redor = (em / ao r.) all around
2224	2224	2	ao redor	ao redor	space_compound			(em / ao r.) all around		idiom_expansion						redor = (em / ao r.) all around
2225	2225	0	prioridade	prioridade	single_word			priority		none						prioridade = priority
2226	2226	0	atento	atento	single_word			alert / attentive		none						atento = alert / attentive
2227	2227	0	chorar	chorar	single_word			to cry		none						chorar = to cry
2228	2228	0	humor	humor	single_word			humor / mood		none						humor = humor / mood
2229	2229	0	localizar	localizar	single_word			to find / pin point the location		none						localizar = to find / pin point the location
2230	2230	0	divulgação	divulgação	single_word			publication / spread / reporting		none						divulgação = publication / spread / reporting
2231	2231	0	botar	botar	single_word			to put / place		none						botar = to put / place
2232	2232	0	farinha	farinha	single_word			flour		none						farinha = flour
2233	2233	0	sapato	sapato	single_word			shoe		none						sapato = shoe
2234	2234	0	pastor	pastor	single_word			pastor / shepherd		none						pastor = pastor / shepherd
2235	2235	0	oriental	oriental	single_word			Eastern / oriental		none						oriental = Eastern / oriental
2236	2236	0	pensão	pensão	single_word			pension		none						pensão = pension
2237	2237	0	mágico	mágico	single_word			magician / magical		none						mágico = magician / magical
2238	2238	0	meado	meado	single_word			middle (time) / half-way		none						meado = middle (time) / half-way
2239	2239	0	coroa	coroa	single_word			crown		none						coroa = crown
2240	2240	0	infelizmente	infelizmente	single_word			unfortunately / sadly		none						infelizmente = unfortunately / sadly
2241	2241	0	erguer	erguer	single_word			to erect / raise up / support		none						erguer = to erect / raise up / support
2242	2242	0	bocado	bocado	single_word			piece / portion / mouthful		none						bocado = piece / portion / mouthful
2243	2243	0	falhar	falhar	single_word			to fail		none						falhar = to fail
2244	2244	0	consistir	consistir	single_word			to consist of		none						consistir = to consist of
2245	2245	0	avisar	avisar	single_word			to warn / advise / inform		none						avisar = to warn / advise / inform
2246	2246	0	zero	zero	single_word			zero		none						zero = zero
2247	2247	0	adorar	adorar	single_word			to worship / adore		none						adorar = to worship / adore
2248	2248	0	transferência	transferência	single_word			transfer		none						transferência = transfer
2249	2249	0	curiosidade	curiosidade	single_word			curiosity		none						curiosidade = curiosity
2250	2250	0	contrariar	contrariar	single_word			to contradict / disagree		none						contrariar = to contradict / disagree
2251	2251	0	propaganda	propaganda	single_word			propaganda / advertisement		none						propaganda = propaganda / advertisement
2252	2252	0	abranger	abranger	single_word			to span / encompass		none						abranger = to span / encompass
2253	2253	0	investigar	investigar	single_word			to investigate		none						investigar = to investigate
2254	2254	0	cruzado	cruzado	single_word			old Brazilian monetary unit / crossed		none						cruzado = old Brazilian monetary unit / crossed
2255	2255	0	anjo	anjo	single_word			angel		none						anjo = angel
2256	2256	0	cobertura	cobertura	single_word			covering		none						cobertura = covering
2257	2257	0	oceano	oceano	single_word			ocean		none						oceano = ocean
2258	2258	0	atração	atração	single_word			attraction		none						atração = attraction
2259	2259	0	habitação	habitação	single_word			home / dwelling place / habitat		none						habitação = home / dwelling place / habitat
2260	2260	0	psicológico	psicológico	single_word			psychological		none						psicológico = psychological
2261	2261	0	passe	passe	single_word			assist / pass		none						passe = assist / pass
2262	2262	0	consciente	consciente	single_word			conscious / aware		none						consciente = conscious / aware
2263	2263	0	postura	postura	single_word			position / posture / attitude		none						postura = position / posture / attitude
2264	2264	0	pó	pó	single_word			powder / dust		none						pó = powder / dust
2265	2265	0	relacionamento	relacionamento	single_word			relationship		none						relacionamento = relationship
2266	2266	0	substância	substância	single_word			substance		none						substância = substance
2267	2267	0	cientista	cientista	single_word			scientist		none						cientista = scientist
2268	2268	0	jornalismo	jornalismo	single_word			journalism		none						jornalismo = journalism
2269	2269	0	devido	devido	single_word			due to / owing to		none						devido = due to / owing to
2270	2270	0	resumir	resumir	single_word			to summarise / sum up		none						resumir = to summarise / sum up
2271	2271	0	nomeado	nomeado	single_word			nominee / nominated		none						nomeado = nominee / nominated
2272	2272	0	previsão	previsão	single_word			forecast / prediction		none						previsão = forecast / prediction
2273	2273	0	espiritual	espiritual	single_word			spiritual		none						espiritual = spiritual
2274	2274	0	sonoro	sonoro	single_word			pertaining to sound		none						sonoro = pertaining to sound
2275	2275	0	recuar	recuar	single_word			to retreat / draw back		none						recuar = to retreat / draw back
2276	2276	0	assinado	assinado	single_word			signed		none						assinado = signed
2277	2277	0	requerer	requerer	single_word			to require		none						requerer = to require
2278	2278	0	pregar	pregar	single_word			to preach / nail		none						pregar = to preach / nail
2279	2279	0	defeito	defeito	single_word			shortcoming / defect		none						defeito = shortcoming / defect
2280	2280	0	sofrimento	sofrimento	single_word			suffering / pain		none						sofrimento = suffering / pain
2281	2281	0	determinação	determinação	single_word			determination		none						determinação = determination
2282	2282	0	efetivo	efetivo	single_word			effective / strength / assets		none						efetivo = effective / strength / assets
2283	2283	0	global	global	single_word			global		none						global = global
2284	2284	0	marco	marco	single_word			landmark / boundary		none						marco = landmark / boundary
2285	2285	0	financiamento	financiamento	single_word			financing		none						financiamento = financing
2286	2286	0	registro	registro	single_word			record | record / ledger		none				2828	registo	registro = record
2287	2287	0	típico	típico	single_word			typical / characteristic		none						típico = typical / characteristic
2288	2288	0	solicitar	solicitar	single_word			to solicit		none						solicitar = to solicit
2289	2289	0	académico	acadêmico	single_word			academic		spelling						académico = academic
2290	2290	0	compositor	compositor	single_word			composer		none						compositor = composer
2291	2291	0	frequente	frequente	single_word			common / frequent		none						frequente = common / frequent
2292	2292	0	residência	residência	single_word			residence		none						residência = residence
2293	2293	0	matriz	matriz	single_word			mould / mother (e.g. church)		none						matriz = mould / mother (e.g. church)
2294	2294	0	oriente	oriente	single_word			East / Orient		none						oriente = East / Orient
2295	2295	0	colorido	colorido	single_word			colored / colorful		none						colorido = colored / colorful
2296	2296	0	arquivo	arquivo	single_word			archive		none						arquivo = archive
2297	2297	0	rocha	rocha	single_word			large rock		none						rocha = large rock
2298	2298	0	indicação	indicação	single_word			indication		none						indicação = indication
2299	2299	0	escutar	escutar	single_word			to listen		none						escutar = to listen
2300	2300	0	agradar	agradar	single_word			to please		none						agradar = to please
2301	2301	0	associar	associar	single_word			to associate		none						associar = to associate
2302	2302	0	continuidade	continuidade	single_word			continuity		none						continuidade = continuity
2303	2303	0	liderar	liderar	single_word			to lead		none						liderar = to lead
2304	2304	0	obstáculo	obstáculo	single_word			obstacle		none						obstáculo = obstacle
2305	2305	0	autorizar	autorizar	single_word			to authorize		none						autorizar = to authorize
2306	2306	0	destruição	destruição	single_word			destruction		none						destruição = destruction
2307	2307	0	britânico	britânico	single_word			British		none						britânico = British
2308	2308	0	correspondente	correspondente	single_word			corresponding / correspondent		none						correspondente = corresponding / correspondent
2309	2309	0	matemática	matemática	single_word			mathematics		none						matemática = mathematics
2310	2310	0	encarregar	encarregar	single_word			to put in charge of / entrust		none						encarregar = to put in charge of / entrust
2311	2311	0	enganar	enganar	single_word			to trick / deceive		none						enganar = to trick / deceive
2312	2312	0	desfazer	desfazer	single_word			to undo		none						desfazer = to undo
2313	2313	0	suspender	suspender	single_word			to suspend		none						suspender = to suspend
2314	2314	0	aguardar	aguardar	single_word			to await		none						aguardar = to await
2315	2315	0	dirigente	dirigente	single_word			leader / director / directing		none						dirigente = leader / director / directing
2316	2316	0	rodear	rodear	single_word			to surround		none						rodear = to surround
2317	2317	0	palmeira	palmeira	single_word			palm tree		none						palmeira = palm tree
2318	2318	0	macho	macho	single_word			male / masculine		none						macho = male / masculine
2319	2319	0	beneficiar	beneficiar	single_word			to benefit		none						beneficiar = to benefit
2320	2320	0	privilégio	privilégio	single_word			privilege		none						privilégio = privilege
2321	2321	0	inteiramente	inteiramente	single_word			entirely / wholly		none						inteiramente = entirely / wholly
2322	2322	0	destinar	destinar	single_word			to be geared to / earmarked for		none						destinar = to be geared to / earmarked for
2323	2323	0	lidar	lidar	single_word			to deal with / treat		none						lidar = to deal with / treat
2324	2324	0	desconhecer	desconhecer	single_word			to not know / ignore		none						desconhecer = to not know / ignore
2325	2325	0	basear	basear	single_word			to base		none						basear = to base
2326	2326	0	evoluir	evoluir	single_word			to evolve		none						evoluir = to evolve
2327	2327	0	íntimo	íntimo	single_word			intimate / close friend		none						íntimo = intimate / close friend
2329	2329	0	repente	repente	single_word			(de r.) suddenly		none						repente = (de r.) suddenly
2329	2329	1	de repente	de repente	space_compound			(de r.) suddenly		idiom_expansion						repente = (de r.) suddenly
2330	2330	0	marcado	marcado	single_word			set / marked		none						marcado = set / marked
2331	2331	0	rock	rock	single_word			rock music		none						rock = rock music
2332	2332	0	criminoso	criminoso	single_word			criminal		none						criminoso = criminal
2333	2333	0	candidatura	candidatura	single_word			candidacy		none						candidatura = candidacy
2334	2334	0	lixo	lixo	single_word			trash / waste / garbage		none						lixo = trash / waste / garbage
2335	2335	0	cozinha	cozinha	single_word			kitchen		none						cozinha = kitchen
2336	2336	0	agrário	agrário	single_word			agrarian		none						agrário = agrarian
2337	2337	0	consultar	consultar	single_word			to look up / consult		none						consultar = to look up / consult
2338	2338	0	bebida	bebida	single_word			drink		none						bebida = drink
2339	2339	0	carvão	carvão	single_word			coal		none						carvão = coal
2340	2340	0	partidário	partidário	single_word			party member / relating to a political party		none						partidário = party member / relating to a political party
2341	2341	0	festival	festival	single_word			festival		none						festival = festival
2342	2342	0	celebrar	celebrar	single_word			to celebrate		none						celebrar = to celebrate
2343	2343	0	judiciário	judiciário	single_word			judicial / judiciary		none						judiciário = judicial / judiciary
2344	2344	0	arquiteto	arquiteto	single_word			architect		none						arquiteto = architect
2345	2345	0	exclusivo	exclusivo	single_word			exclusive		none						exclusivo = exclusive
2346	2346	0	numeroso	numeroso	single_word			numerous		none						numeroso = numerous
2347	2347	0	cruzar	cruzar	single_word			to cross		none						cruzar = to cross
2348	2348	0	designar	designar	single_word			to designate		none						designar = to designate
2349	2349	0	espectador	espectador	single_word			spectator		none						espectador = spectator
2350	2350	0	neve	neve	single_word			snow		none						neve = snow
2351	2351	0	recuperação	recuperação	single_word			recovery / recuperation		none						recuperação = recovery / recuperation
2352	2352	0	ilusão	ilusão	single_word			illusion		none						ilusão = illusion
2353	2353	0	denúncia	denúncia	single_word			accusation / denunciation		none						denúncia = accusation / denunciation
2354	2354	0	destaque	destaque	single_word			prominence / distinction		none						destaque = prominence / distinction
2355	2355	0	planejamento	planejamento	single_word			planning | planning / scheduling		none				2612	planeamento	planejamento = planning
2356	2356	0	campeão	campeão	single_word			champion		none						campeão = champion
2357	2357	0	confessar	confessar	single_word			to confess		none						confessar = to confess
2358	2358	0	projeção	projeção	single_word			projection		none						projeção = projection
2359	2359	0	integração	integração	single_word			integration		none						integração = integration
2360	2360	0	amiga	amiga	single_word			female friend		none						amiga = female friend
2361	2361	0	madrugada	madrugada	single_word			early morning		none						madrugada = early morning
2362	2362	0	avô	avô	single_word			grandfather		none						avô = grandfather
2363	2363	0	restaurante	restaurante	single_word			restaurant		none						restaurante = restaurant
2364	2364	0	descartar	descartar	single_word			to disagree / deny / get rid of		none						descartar = to disagree / deny / get rid of
2365	2365	0	captar	captar	single_word			to attract / capture		none						captar = to attract / capture
2366	2366	0	sacrifício	sacrifício	single_word			sacrifice		none						sacrifício = sacrifice
2367	2367	0	ditadura	ditadura	single_word			dictatorship		none						ditadura = dictatorship
2368	2368	0	fila	fila	single_word			line / row / series		none						fila = line / row / series
2369	2369	0	largar	largar	single_word			to release / get rid of		none						largar = to release / get rid of
2370	2370	0	situado	situado	single_word			located / situated		none						situado = located / situated
2371	2371	0	imperador	imperador	single_word			emperor		none						imperador = emperor
2372	2372	0	reproduzir	reproduzir	single_word			to reproduce		none						reproduzir = to reproduce
2373	2373	0	presidir	presidir	single_word			to preside		none						presidir = to preside
2374	2374	0	receio	receio	single_word			fear / apprehension		none						receio = fear / apprehension
2375	2375	0	poético	poético	single_word			poetic		none						poético = poetic
2376	2376	0	servidor	servidor	single_word			servant / server		none						servidor = servant / server
2377	2377	0	primeiro-ministro	primeiro-ministro	hyphenated_compound			prime minister		none						primeiro-ministro = prime minister
2378	2378	0	almoço	almoço	single_word			lunch		none						almoço = lunch
2379	2379	0	piloto	piloto	single_word			pilot		none						piloto = pilot
2380	2380	0	tesouro	tesouro	single_word			treasury / treasure		none						tesouro = treasury / treasure
2381	2381	0	fresco	fresco	single_word			cool / fresh		none						fresco = cool / fresh
2382	2382	0	contraste	contraste	single_word			contrast		none						contraste = contrast
2383	2383	0	assinatura	assinatura	single_word			signature / subscription		none						assinatura = signature / subscription
2384	2384	0	álbum	álbum	single_word			album		none						álbum = album
2385	2385	0	válido	válido	single_word			valid		none						válido = valid
2386	2386	0	apagar	apagar	single_word			to turn off / erase		none						apagar = to turn off / erase
2387	2387	0	chá	chá	single_word			tea		none						chá = tea
2388	2388	0	relatar	relatar	single_word			to narrate / relate		none						relatar = to narrate / relate
2389	2389	0	agravar	agravar	single_word			to worsen / aggravate		none						agravar = to worsen / aggravate
2390	2390	0	prefeito	prefeito	single_word			mayor		none						prefeito = mayor
2391	2391	0	pormenor	pormenor	single_word			detail		none						pormenor = detail
2392	2392	0	esgotar	esgotar	single_word			to exhaust (supplies) / deplete		none						esgotar = to exhaust (supplies) / deplete
2393	2393	0	derivar	derivar	single_word			to derive		none						derivar = to derive
2394	2394	0	correspondência	correspondência	single_word			mail / correspondence		none						correspondência = mail / correspondence
2395	2395	0	autonomia	autonomia	single_word			autonomy / self-sufficiency		none						autonomia = autonomy / self-sufficiency
2396	2396	0	incapaz	incapaz	single_word			incapable		none						incapaz = incapable
2397	2397	0	célebre	célebre	single_word			famous / renowned / celebrity		none						célebre = famous / renowned / celebrity
2398	2398	0	circuito	circuito	single_word			circuit		none						circuito = circuit
2399	2399	0	teatral	teatral	single_word			theatrical		none						teatral = theatrical
2400	2400	0	dispensar	dispensar	single_word			to dismiss / give up / dispense		none						dispensar = to dismiss / give up / dispense
2401	2401	0	eventual	eventual	single_word			eventual		none						eventual = eventual
2402	2402	0	tinta	tinta	single_word			paint / ink		none						tinta = paint / ink
2403	2403	0	aquecer	aquecer	single_word			to heat		none						aquecer = to heat
2404	2404	0	cristal	cristal	single_word			crystal		none						cristal = crystal
2405	2405	0	bolso	bolso	single_word			pocket		none						bolso = pocket
2406	2406	0	examinar	examinar	single_word			to examine		none						examinar = to examine
2407	2407	0	virgem	virgem	single_word			virgin		none						virgem = virgin
2408	2408	0	fama	fama	single_word			fame / reputation		none						fama = fame / reputation
2409	2409	0	semelhança	semelhança	single_word			resemblance / similarity		none						semelhança = resemblance / similarity
2410	2410	0	alimentação	alimentação	single_word			nourishment / food		none						alimentação = nourishment / food
2411	2411	0	confronto	confronto	single_word			confrontation		none						confronto = confrontation
2412	2412	0	transição	transição	single_word			transition		none						transição = transition
2413	2413	0	patrão	patrão	single_word			boss / business owner		none						patrão = boss / business owner
2414	2414	0	desportivo	desportivo	single_word			athletic / sports (club)		none						desportivo = athletic / sports (club)
2415	2415	0	depositar	depositar	single_word			to deposit		none						depositar = to deposit
2416	2416	0	mérito	mérito	single_word			merit		none						mérito = merit
2417	2417	0	testemunha	testemunha	single_word			witness		none						testemunha = witness
2418	2418	0	disparar	disparar	single_word			to fire (weapon)		none						disparar = to fire (weapon)
2419	2419	0	autorização	autorização	single_word			authorization		none						autorização = authorization
2420	2420	0	treinar	treinar	single_word			to train		none						treinar = to train
2421	2421	0	oeste	oeste	single_word			West		none						oeste = West
2422	2422	0	lateral	lateral	single_word			outfielder / sideline / lateral		none						lateral = outfielder / sideline / lateral
2423	2423	0	porte	porte	single_word			size / price / fare		none						porte = size / price / fare
2424	2424	0	obrigatório	obrigatório	single_word			mandatory / obligatory		none						obrigatório = mandatory / obligatory
2425	2425	0	vinda	vinda	single_word			arrival / coming		none						vinda = arrival / coming
2426	2426	0	profundamente	profundamente	single_word			profoundly / deeply		none						profundamente = profoundly / deeply
2427	2427	0	classificação	classificação	single_word			classification		none						classificação = classification
2428	2428	0	chapéu	chapéu	single_word			hat		none						chapéu = hat
2429	2429	0	manifesto	manifesto	single_word			manifesto / manifested		none						manifesto = manifesto / manifested
2430	2430	0	são	são	single_word			sound / safe		none						são = sound / safe
2431	2431	0	firme	firme	single_word			firm		none						firme = firm
2432	2432	0	cruzeiro	cruzeiro	single_word			cruise / old Brazilian coin		none						cruzeiro = cruise / old Brazilian coin
2433	2433	0	embaixador	embaixador	single_word			ambassador		none						embaixador = ambassador
2434	2434	0	algodão	algodão	single_word			cotton		none						algodão = cotton
2435	2435	0	censura	censura	single_word			censorship / censure		none						censura = censorship / censure
2436	2436	0	guia	guia	single_word			guide		none						guia = guide
2437	2437	0	oficina	oficina	single_word			shop / workshop		none						oficina = shop / workshop
2438	2438	0	sucessivo	sucessivo	single_word			successive		none						sucessivo = successive
2439	2439	0	cheiro	cheiro	single_word			smell / odor		none						cheiro = smell / odor
2440	2440	0	plantar	plantar	single_word			to plant		none						plantar = to plant
2441	2441	0	seminário	seminário	single_word			seminary / seminar		none						seminário = seminary / seminar
2442	2442	0	finanças	finanças	single_word			finance		none						finanças = finance
2443	2443	0	convenção	convenção	single_word			convention		none						convenção = convention
2444	2444	0	harmonia	harmonia	single_word			harmony		none						harmonia = harmony
2445	2445	0	anual	anual	single_word			yearly / annual		none						anual = yearly / annual
2446	2446	0	sobrevivência	sobrevivência	single_word			survival		none						sobrevivência = survival
2447	2447	0	girar	girar	single_word			to spin / turn / rotate		none						girar = to spin / turn / rotate
2448	2448	0	violar	violar	single_word			to violate / rape		none						violar = to violate / rape
2449	2449	0	tradução	tradução	single_word			translation		none						tradução = translation
2450	2450	0	carteira	carteira	single_word			wallet		none						carteira = wallet
2451	2451	0	habitar	habitar	single_word			to inhabit		none						habitar = to inhabit
2452	2452	0	adaptação	adaptação	single_word			adaptation		none						adaptação = adaptation
2453	2453	0	exprimir	exprimir	single_word			to express		none						exprimir = to express
2454	2454	0	miúdo	miúdo	single_word			scrawny / small / child		none						miúdo = scrawny / small / child
2455	2455	0	gasolina	gasolina	single_word			gasoline		none						gasolina = gasoline
2456	2456	0	aço	aço	single_word			steel		none						aço = steel
2457	2457	0	litoral	litoral	single_word			coast / coastal		none						litoral = coast / coastal
2458	2458	0	acertar	acertar	single_word			to be right on / hit the mark		none						acertar = to be right on / hit the mark
2459	2459	0	bancário	bancário	single_word			banker		none						bancário = banker
2460	2460	0	rodar	rodar	single_word			to spin / turn around / roll		none						rodar = to spin / turn around / roll
2461	2461	0	carnaval	carnaval	single_word			carnival / mardi gras		none						carnaval = carnival / mardi gras
2462	2462	0	vergonha	vergonha	single_word			shame		none						vergonha = shame
2463	2463	0	triunfo	triunfo	single_word			victory / triumph		none						triunfo = victory / triumph
2464	2464	0	aderir	aderir	single_word			to adhere / join		none						aderir = to adhere / join
2465	2465	0	estímulo	estímulo	single_word			stimulus / stimulant		none						estímulo = stimulus / stimulant
2466	2466	0	preservar	preservar	single_word			to preserve		none						preservar = to preserve
2467	2467	0	turismo	turismo	single_word			tourism		none						turismo = tourism
2468	2468	0	tribo	tribo	single_word			tribe		none						tribo = tribe
2469	2469	0	admirar	admirar	single_word			to admire		none						admirar = to admire
2470	2470	0	inicialmente	inicialmente	single_word			at first / initially		none						inicialmente = at first / initially
2471	2471	0	publicidade	publicidade	single_word			advertising / publicity		none						publicidade = advertising / publicity
2472	2472	0	frequentemente	frequentemente	single_word			frequently		none						frequentemente = frequently
2473	2473	0	indicador	indicador	single_word			indicator / indicating		none						indicador = indicator / indicating
2474	2474	0	preocupado	preocupado	single_word			worried / preoccupied		none						preocupado = worried / preoccupied
2475	2475	0	prata	prata	single_word			silver		none						prata = silver
2476	2476	0	eterno	eterno	single_word			eternal		none						eterno = eternal
2477	2477	0	variação	variação	single_word			fluctuation / variation		none						variação = fluctuation / variation
2478	2478	0	profundidade	profundidade	single_word			depth		none						profundidade = depth
2479	2479	0	ovelha	ovelha	single_word			sheep		none						ovelha = sheep
2480	2480	0	delicado	delicado	single_word			delicate		none						delicado = delicate
2481	2481	0	enfermeiro	enfermeiro	single_word			nurse		none						enfermeiro = nurse
2482	2482	0	definitivamente	definitivamente	single_word			definitively		none						definitivamente = definitively
2483	2483	0	calar	calar	single_word			to be or keep quiet / shut up		none						calar = to be or keep quiet / shut up
2484	2484	0	circulação	circulação	single_word			circulation		none						circulação = circulation
2485	2485	0	célula	célula	single_word			cell		none						célula = cell
2486	2486	0	providência	providência	single_word			providence / welfare		none						providência = providence / welfare
2487	2487	0	sexto	sexto	single_word			sixth		none						sexto = sixth
2488	2488	0	transmissão	transmissão	single_word			transmission		none						transmissão = transmission
2489	2489	0	maravilhoso	maravilhoso	single_word			marvelous / wonderful		none						maravilhoso = marvelous / wonderful
2490	2490	0	presidencial	presidencial	single_word			presidential		none						presidencial = presidential
2491	2491	0	legítimo	legítimo	single_word			legitimate		none						legítimo = legitimate
2492	2492	0	escolar	escolar	single_word			relating to school		none						escolar = relating to school
2493	2493	0	colónia	colônia	single_word			colony		spelling						colónia = colony
2494	2494	0	melhoria	melhoria	single_word			improvement / benefit		none						melhoria = improvement / benefit
2495	2495	0	eficaz	eficaz	single_word			effective		none						eficaz = effective
2496	2496	0	bilhão	bilhão	single_word			billion		none						bilhão = billion
2497	2497	0	sabor	sabor	single_word			taste / flavor		none						sabor = taste / flavor
2498	2498	0	movimentar	movimentar	single_word			to move		none						movimentar = to move
2499	2499	0	cego	cego	single_word			blind		none						cego = blind
2500	2500	0	reportagem	reportagem	single_word			news report		none						reportagem = news report
2501	2501	0	batata	batata	single_word			potato		none						batata = potato
2502	2502	0	primavera	primavera	single_word			Spring		none						primavera = Spring
2503	2503	0	índice	índice	single_word			index / rate		none						índice = index / rate
2504	2504	0	revelação	revelação	single_word			revelation / development		none						revelação = revelation / development
2505	2505	0	amante	amante	single_word			lover / mistress		none						amante = lover / mistress
2506	2506	0	pátria	pátria	single_word			homeland / native country		none						pátria = homeland / native country
2507	2507	0	tabela	tabela	single_word			table / chart		none						tabela = table / chart
2508	2508	0	demissão	demissão	single_word			dismissal / resignation		none						demissão = dismissal / resignation
2509	2509	0	rebelde	rebelde	single_word			rebel / rebellious		none						rebelde = rebel / rebellious
2510	2510	0	gráfico	gráfico	single_word			graph / graphic		none						gráfico = graph / graphic
2511	2511	0	aeroporto	aeroporto	single_word			airport		none						aeroporto = airport
2512	2512	0	franco	franco	single_word			honest / frank		none						franco = honest / frank
2513	2513	0	improvisar	improvisar	single_word			to improvise		none						improvisar = to improvise
2514	2514	0	excluir	excluir	single_word			to exclude		none						excluir = to exclude
2515	2515	0	manual	manual	single_word			manual		none						manual = manual
2516	2516	0	prestação	prestação	single_word			installment		none						prestação = installment
2517	2517	0	aproximação	aproximação	single_word			act of getting closer / approximation		none						aproximação = act of getting closer / approximation
2518	2518	0	ombro	ombro	single_word			shoulder		none						ombro = shoulder
2519	2519	0	aguentar	aguentar	single_word			to bear / withstand / stand		none						aguentar = to bear / withstand / stand
2520	2520	0	provável	provável	single_word			probable		none						provável = probable
2521	2521	0	químico	químico	single_word			chemical / chemist		none						químico = chemical / chemist
2522	2522	0	terror	terror	single_word			terror		none						terror = terror
2523	2523	0	fumo	fumo	single_word			smoke		none						fumo = smoke
2524	2524	0	efetuar	efetuar	single_word			to put into action / take place / perform		none						efetuar = to put into action / take place / perform
2525	2525	0	cansado	cansado	single_word			tired		none						cansado = tired
2526	2526	0	traçar	traçar	single_word			to set (goals) / plan / trace		none						traçar = to set (goals) / plan / trace
2527	2527	0	assalto	assalto	single_word			assault		none						assalto = assault
2528	2528	0	feijão	feijão	single_word			bean		none						feijão = bean
2529	2529	0	abalar	abalar	single_word			to shake / rock back and forth		none						abalar = to shake / rock back and forth
2530	2530	0	monetário	monetário	single_word			monetary		none						monetário = monetary
2531	2531	0	prático	prático	single_word			practical		none						prático = practical
2532	2532	0	agradável	agradável	single_word			pleasant / pleasing		none						agradável = pleasant / pleasing
2533	2533	0	estágio	estágio	single_word			stage / internship		none						estágio = stage / internship
2534	2534	0	celular	celular	single_word			cellular (phone)		none						celular = cellular (phone)
2535	2535	0	retorno	retorno	single_word			return		none						retorno = return
2536	2536	0	favorecer	favorecer	single_word			to favor		none						favorecer = to favor
2537	2537	0	divino	divino	single_word			divine		none						divino = divine
2538	2538	0	falecer	falecer	single_word			to pass away / die		none						falecer = to pass away / die
2539	2539	0	guiar	guiar	single_word			to guide / lead		none						guiar = to guide / lead
2540	2540	0	sobrar	sobrar	single_word			to remain / be left		none						sobrar = to remain / be left
2541	2541	0	major	major	single_word			major (military rank)		none						major = major (military rank)
2542	2542	0	oração	oração	single_word			prayer / clause (grammar)		none						oração = prayer / clause (grammar)
2543	2543	0	alegar	alegar	single_word			to allege		none						alegar = to allege
2544	2544	0	taça	taça	single_word			glass (e.g. for wine)		none						taça = glass (e.g. for wine)
2545	2545	0	motorista	motorista	single_word			driver		none						motorista = driver
2546	2546	0	restrição	restrição	single_word			restriction		none						restrição = restriction
2547	2547	0	árabe	árabe	single_word			Arab / Arabic		none						árabe = Arab / Arabic
2548	2548	0	modificação	modificação	single_word			change / modification		none						modificação = change / modification
2549	2549	0	porquê	porquê	single_word			why / for what reason		none						porquê = why / for what reason
2550	2550	0	inevitável	inevitável	single_word			inevitable / unavoidable		none						inevitável = inevitable / unavoidable
2551	2551	0	orgulho	orgulho	single_word			pride		none						orgulho = pride
2552	2552	0	financiar	financiar	single_word			to fund / finance		none						financiar = to fund / finance
2553	2553	0	adesão	adesão	single_word			admission / enlistment		none						adesão = admission / enlistment
2554	2554	0	esquerdo	esquerdo	single_word			left (direction)		none						esquerdo = left (direction)
2555	2555	0	arriscar	arriscar	single_word			to risk		none						arriscar = to risk
2556	2556	0	reduzido	reduzido	single_word			reduced / small		none						reduzido = reduced / small
2557	2557	0	evidentemente	evidentemente	single_word			evidently		none						evidentemente = evidently
2558	2558	0	audiência	audiência	single_word			hearing / audience		none						audiência = hearing / audience
2559	2559	0	editora	editora	single_word			publishing house		none						editora = publishing house
2560	2560	0	cooperação	cooperação	single_word			cooperation		none						cooperação = cooperation
2561	2561	0	lar	lar	single_word			home		none						lar = home
2562	2562	0	partilhar	partilhar	single_word			to share / divide among		none						partilhar = to share / divide among
2563	2563	0	enterrar	enterrar	single_word			to bury		none						enterrar = to bury
2564	2564	0	guerreiro	guerreiro	single_word			warrior		none						guerreiro = warrior
2565	2565	0	inspiração	inspiração	single_word			inspiration		none						inspiração = inspiration
2566	2566	0	filósofo	filósofo	single_word			philosopher		none						filósofo = philosopher
2567	2567	0	forçado	forçado	single_word			obligated / forced		none						forçado = obligated / forced
2568	2568	0	resíduo	resíduo	single_word			remains / residue / residual		none						resíduo = remains / residue / residual
2569	2569	0	temporada	temporada	single_word			season / period		none						temporada = season / period
2570	2570	0	expulsar	expulsar	single_word			to expel		none						expulsar = to expel
2571	2571	0	empurrar	empurrar	single_word			to push		none						empurrar = to push
2572	2572	0	mergulhar	mergulhar	single_word			to submerge / dive		none						mergulhar = to submerge / dive
2573	2573	0	sono	sono	single_word			sleep		none						sono = sleep
2574	2574	0	ópera	ópera	single_word			opera		none						ópera = opera
2575	2575	0	entrega	entrega	single_word			delivery		none						entrega = delivery
2576	2576	0	apelo	apelo	single_word			appeal		none						apelo = appeal
2577	2577	0	magistrado	magistrado	single_word			magistrate		none						magistrado = magistrate
2578	2578	0	bota	bota	single_word			boot		none						bota = boot
2579	2579	0	aparência	aparência	single_word			appearance		none						aparência = appearance
2580	2580	0	suporte	suporte	single_word			support		none						suporte = support
2581	2581	0	transferir	transferir	single_word			to transfer		none						transferir = to transfer
2582	2582	0	republicano	republicano	single_word			republican		none						republicano = republican
2583	2583	0	cavaleiro	cavaleiro	single_word			rider / horseman / knight		none						cavaleiro = rider / horseman / knight
2584	2584	0	quebra	quebra	single_word			decrease / break / fracture		none						quebra = decrease / break / fracture
2585	2585	0	atendimento	atendimento	single_word			care / service		none						atendimento = care / service
2586	2586	0	parcela	parcela	single_word			portion / parcel / segment		none						parcela = portion / parcel / segment
2587	2587	0	constatar	constatar	single_word			to notice / realize		none						constatar = to notice / realize
2588	2588	0	gelo	gelo	single_word			ice		none						gelo = ice
2589	2589	0	orelha	orelha	single_word			ear		none						orelha = ear
2590	2590	0	rígido	rígido	single_word			rigid / strict		none						rígido = rigid / strict
2591	2591	0	dupla	dupla	single_word			pair / set of two		none						dupla = pair / set of two
2592	2592	0	marítimo	marítimo	single_word			maritime		none						marítimo = maritime
2593	2593	0	digital	digital	single_word			digital		none						digital = digital
2594	2594	0	inflação	inflação	single_word			inflation		none						inflação = inflation
2595	2595	0	aconselhar	aconselhar	single_word			to counsel		none						aconselhar = to counsel
2596	2596	0	limpeza	limpeza	single_word			cleaning / cleanliness		none						limpeza = cleaning / cleanliness
2597	2597	0	dependência	dependência	single_word			dependency		none						dependência = dependency
2598	2598	0	ética	ética	single_word			ethics		none						ética = ethics
2599	2599	0	grandeza	grandeza	single_word			greatness / amplitude		none						grandeza = greatness / amplitude
2600	2600	0	intensidade	intensidade	single_word			intensity		none						intensidade = intensity
2601	2601	0	descansar	descansar	single_word			to rest		none						descansar = to rest
2602	2602	0	incidente	incidente	single_word			incident		none						incidente = incident
2603	2603	0	solar	solar	single_word			solar / sole / manor house		none						solar = solar / sole / manor house
2604	2604	0	trem	trem	single_word			train (BP) | train		none				2328	comboio	trem = train (BP)
2605	2605	0	renovar	renovar	single_word			to renew		none						renovar = to renew
2606	2606	0	assassinato	assassinato	single_word			murder / assassination		none						assassinato = murder / assassination
2607	2607	0	colonial	colonial	single_word			colonial		none						colonial = colonial
2608	2608	0	estrutural	estrutural	single_word			structural		none						estrutural = structural
2609	2609	0	separação	separação	single_word			separation		none						separação = separation
2610	2610	0	incomodar	incomodar	single_word			to inconvenience / bother		none						incomodar = to inconvenience / bother
2611	2611	0	decreto	decreto	single_word			decree		none						decreto = decree
2613	2613	0	tonelada	tonelada	single_word			ton		none						tonelada = ton
2614	2614	0	essência	essência	single_word			essence		none						essência = essence
2615	2615	0	holandês	holandês	single_word			Dutch		none						holandês = Dutch
2616	2616	0	lição	lição	single_word			lesson		none						lição = lesson
2617	2617	0	relacionar	relacionar	single_word			to equate / relate		none						relacionar = to equate / relate
2618	2618	0	infinito	infinito	single_word			infinite / infinity		none						infinito = infinite / infinity
2619	2619	0	mosteiro	mosteiro	single_word			monastery		none						mosteiro = monastery
2620	2620	0	voluntário	voluntário	single_word			voluntary / volunteer		none						voluntário = voluntary / volunteer
2621	2621	0	ângulo	ângulo	single_word			angle		none						ângulo = angle
2622	2622	0	intensivo	intensivo	single_word			intensive		none						intensivo = intensive
2623	2623	0	gritar	gritar	single_word			to yell / shout		none						gritar = to yell / shout
2624	2624	0	auxílio	auxílio	single_word			help / aid / service		none						auxílio = help / aid / service
2625	2625	0	debater	debater	single_word			to debate / discuss		none						debater = to debate / discuss
2626	2626	0	ribeira	ribeira	single_word			stream / riverbank		none						ribeira = stream / riverbank
2627	2627	0	sobrinho	sobrinho	single_word			nephew		none						sobrinho = nephew
2628	2628	0	gigante	gigante	single_word			giant		none						gigante = giant
2629	2629	0	esporte	esporte	single_word			sport		none				2949	desporto	esporte = sport
2630	2630	0	gravidade	gravidade	single_word			severity / gravity		none						gravidade = severity / gravity
2631	2631	0	laranja	laranja	single_word			orange		none						laranja = orange
2632	2632	0	saudade	saudade	single_word			longing / nostalgia		none						saudade = longing / nostalgia
2633	2633	0	monumento	monumento	single_word			monument		none						monumento = monument
2634	2634	0	senso	senso	single_word			sense		none						senso = sense
2635	2635	0	lindo	lindo	single_word			beautiful		none						lindo = beautiful
2636	2636	0	apartamento	apartamento	single_word			apartment		none						apartamento = apartment
2637	2637	0	incorporar	incorporar	single_word			to incorporate		none						incorporar = to incorporate
2638	2638	0	diabo	diabo	single_word			devil		none						diabo = devil
2639	2639	0	luxo	luxo	single_word			luxury		none						luxo = luxury
2640	2640	0	indígena	indígena	single_word			indigenous (person)		none						indígena = indigenous (person)
2641	2641	0	distinção	distinção	single_word			distinction		none						distinção = distinction
2642	2642	0	somar	somar	single_word			to add up / sum up		none						somar = to add up / sum up
2643	2643	0	visual	visual	single_word			visual		none						visual = visual
2644	2644	0	produtivo	produtivo	single_word			productive		none						produtivo = productive
2645	2645	0	duzentos	duzentos	single_word			two hundred		none						duzentos = two hundred
2646	2646	0	comédia	comédia	single_word			comedy		none						comédia = comedy
2647	2647	0	inédito	inédito	single_word			unpublished		none						inédito = unpublished
2648	2648	0	sertão	sertão	single_word			arid and remote interior region		none						sertão = arid and remote interior region
2649	2649	0	fluxo	fluxo	single_word			flux / flow		none						fluxo = flux / flow
2650	2650	0	traseiro	traseiro	single_word			rear / bottom		none						traseiro = rear / bottom
2651	2651	0	véspera	véspera	single_word			eve / night before		none						véspera = eve / night before
2652	2652	0	prefeitura	prefeitura	single_word			municipal government		none						prefeitura = municipal government
2653	2653	0	planalto	planalto	single_word			plateau		none						planalto = plateau
2654	2654	0	anel	anel	single_word			ring		none						anel = ring
2655	2655	0	inferno	inferno	single_word			hell / inferno		none						inferno = hell / inferno
2656	2656	0	herdeiro	herdeiro	single_word			heir		none						herdeiro = heir
2657	2657	0	ferramenta	ferramenta	single_word			tool		none						ferramenta = tool
2658	2658	0	aquisição	aquisição	single_word			acquisition		none						aquisição = acquisition
2659	2659	0	anúncio	anúncio	single_word			announcement		none						anúncio = announcement
2660	2660	0	fantasia	fantasia	single_word			fantasy		none						fantasia = fantasy
2661	2661	0	localizado	localizado	single_word			located		none						localizado = located
2662	2662	0	namorado	namorado	single_word			boyfriend / girlfriend		none						namorado = boyfriend / girlfriend
2663	2663	0	grito	grito	single_word			shout / scream / yell		none						grito = shout / scream / yell
2664	2664	0	queixar	queixar	single_word			to complain		none						queixar = to complain
2665	2665	0	fundador	fundador	single_word			founder / founding		none						fundador = founder / founding
2666	2666	0	firmar	firmar	single_word			to sign / settle / fix		none						firmar = to sign / settle / fix
2667	2667	0	precioso	precioso	single_word			precious		none						precioso = precious
2668	2668	0	briga	briga	single_word			fight / quarrel		none						briga = fight / quarrel
2669	2669	0	inquérito	inquérito	single_word			survey / inquiry		none						inquérito = survey / inquiry
2670	2670	0	horta	horta	single_word			vegetable garden		none						horta = vegetable garden
2671	2671	0	multiplicar	multiplicar	single_word			to multiply		none						multiplicar = to multiply
2672	2672	0	inseto	inseto	single_word			insect		none						inseto = insect
2673	2673	0	inaugurar	inaugurar	single_word			to inaugurate / start		none						inaugurar = to inaugurate / start
2674	2674	0	ambiental	ambiental	single_word			environmental		none						ambiental = environmental
2675	2675	0	patente	patente	single_word			obvious / patent / rank		none						patente = obvious / patent / rank
2676	2676	0	viúva	viúva	single_word			widow		none						viúva = widow
2677	2677	0	editor	editor	single_word			editor		none						editor = editor
2678	2678	0	dignidade	dignidade	single_word			dignity / worthiness		none						dignidade = dignity / worthiness
2679	2679	0	elaborar	elaborar	single_word			to create / elaborate		none						elaborar = to create / elaborate
2680	2680	0	lance	lance	single_word			glance / throw / slap		none						lance = glance / throw / slap
2681	2681	0	manobra	manobra	single_word			maneuver		none						manobra = maneuver
2682	2682	0	tronco	tronco	single_word			trunk		none						tronco = trunk
2683	2683	0	apostar	apostar	single_word			to bet / wager		none						apostar = to bet / wager
2684	2684	0	praga	praga	single_word			plague		none						praga = plague
2685	2685	0	escada	escada	single_word			stair / staircase		none						escada = stair / staircase
2686	2686	0	sucessão	sucessão	single_word			series / succession		none						sucessão = series / succession
2687	2687	0	fortuna	fortuna	single_word			fortune		none						fortuna = fortune
2688	2688	0	fotógrafo	fotógrafo	single_word			photographer		none						fotógrafo = photographer
2689	2689	0	segmento	segmento	single_word			segment		none						segmento = segment
2690	2690	0	singular	singular	single_word			singular		none						singular = singular
2691	2691	0	balança	balança	single_word			scales		none						balança = scales
2692	2692	0	modalidade	modalidade	single_word			way / form		none						modalidade = way / form
2693	2693	0	cigarro	cigarro	single_word			cigarette		none						cigarro = cigarette
2694	2694	0	garoto	garoto	single_word			young boy		none						garoto = young boy
2695	2695	0	arranjo	arranjo	single_word			arrangement		none						arranjo = arrangement
2696	2696	0	promoção	promoção	single_word			promotion / sale		none						promoção = promotion / sale
2697	2697	0	garrafa	garrafa	single_word			bottle		none						garrafa = bottle
2698	2698	0	identificação	identificação	single_word			identification		none						identificação = identification
2699	2699	0	bordo	bordo	single_word			aboard		none						bordo = aboard
2700	2700	0	calças	calças	single_word			pants / trousers		none						calças = pants / trousers
2701	2701	0	simultaneamente	simultaneamente	single_word			simultaneously		none						simultaneamente = simultaneously
2702	2702	0	circular	circular	single_word			circular / shuttle		none						circular = circular / shuttle
2703	2703	0	estátua	estátua	single_word			statue		none						estátua = statue
2704	2704	0	proximidade	proximidade	single_word			nearness / proximity		none						proximidade = nearness / proximity
2705	2705	0	chover	chover	single_word			to rain		none						chover = to rain
2706	2706	0	elaborado	elaborado	single_word			planned / created / mapped out		none						elaborado = planned / created / mapped out
2707	2707	0	desvio	desvio	single_word			detour / redirection		none						desvio = detour / redirection
2708	2708	0	salientar	salientar	single_word			to highlight / point out		none						salientar = to highlight / point out
2709	2709	0	formular	formular	single_word			to formulate		none						formular = to formulate
2710	2710	0	herdar	herdar	single_word			to inherit		none						herdar = to inherit
2711	2711	0	dominante	dominante	single_word			dominant		none						dominante = dominant
2712	2712	0	carioca	carioca	single_word			From Rio de Janeiro		none						carioca = From Rio de Janeiro
2713	2713	0	passear	passear	single_word			to go for a walk or stroll		none						passear = to go for a walk or stroll
2714	2714	0	tanque	tanque	single_word			tank		none						tanque = tank
2715	2715	0	autónomo	autônomo	single_word			autonomous / self-employed		spelling						autónomo = autonomous / self-employed
2716	2716	0	comunitário	comunitário	single_word			of the community		none						comunitário = of the community
2717	2717	0	competente	competente	single_word			competent		none						competente = competent
2718	2718	0	horror	horror	single_word			horror / fear		none						horror = horror / fear
2719	2719	0	alheio	alheio	single_word			belonging to someone else / alien		none						alheio = belonging to someone else / alien
2720	2720	0	acolher	acolher	single_word			to welcome / shelter		none						acolher = to welcome / shelter
2721	2721	0	duque	duque	single_word			duke		none						duque = duke
2722	2722	0	entusiasmo	entusiasmo	single_word			enthusiasm		none						entusiasmo = enthusiasm
2723	2723	0	foco	foco	single_word			focus / epicenter		none						foco = focus / epicenter
2724	2724	0	cercar	cercar	single_word			to surround		none						cercar = to surround
2725	2725	0	evidência	evidência	single_word			evidence		none						evidência = evidence
2726	2726	0	variedade	variedade	single_word			variety		none						variedade = variety
2727	2727	0	rotina	rotina	single_word			routine		none						rotina = routine
2728	2728	0	cobra	cobra	single_word			snake		none						cobra = snake
2729	2729	0	militante	militante	single_word			party member / militant		none						militante = party member / militant
2730	2730	0	subsídio	subsídio	single_word			subsidy		none						subsídio = subsidy
2731	2731	0	ambição	ambição	single_word			ambition		none						ambição = ambition
2732	2732	0	processar	processar	single_word			to process / sue		none						processar = to process / sue
2733	2733	0	pacote	pacote	single_word			package / packet / bundle		none						pacote = package / packet / bundle
2734	2734	0	músculo	músculo	single_word			muscle		none						músculo = muscle
2735	2735	0	assistente	assistente	single_word			assistant		none						assistente = assistant
2736	2736	0	lama	lama	single_word			mud		none						lama = mud
2737	2737	0	primitivo	primitivo	single_word			primitive		none						primitivo = primitive
2738	2738	0	fêmea	fêmea	single_word			female		none						fêmea = female
2739	2739	0	razoável	razoável	single_word			reasonable		none						razoável = reasonable
2740	2740	0	pata	pata	single_word			hoof / paw / foot		none						pata = hoof / paw / foot
2741	2741	0	raramente	raramente	single_word			seldom / rarely		none						raramente = seldom / rarely
2742	2742	0	vocação	vocação	single_word			vocation		none						vocação = vocation
2743	2743	0	coberto	coberto	single_word			covered		none						coberto = covered
2744	2744	0	veia	veia	single_word			vein		none						veia = vein
2745	2745	0	ladrão	ladrão	single_word			thief		none						ladrão = thief
2746	2746	0	pavilhão	pavilhão	single_word			pavilion		none						pavilhão = pavilion
2747	2747	0	chance	chance	single_word			chance		none						chance = chance
2748	2748	0	usuário	usuário	single_word			user / consumer | user		none				4221	utilizador	usuário = user / consumer
2749	2749	0	camponês	camponês	single_word			peasant / field-worker / farmer / rustic		none						camponês = peasant / field-worker / farmer / rustic
2750	2750	0	fundamento	fundamento	single_word			basis / foundation		none						fundamento = basis / foundation
2751	2751	0	gozar	gozar	single_word			to enjoy / take pleasure		none						gozar = to enjoy / take pleasure
2752	2752	0	protestar	protestar	single_word			to protest		none						protestar = to protest
2753	2753	0	topo	topo	single_word			top		none						topo = top
2754	2754	0	essencialmente	essencialmente	single_word			essentially		none						essencialmente = essentially
2755	2755	0	argumentar	argumentar	single_word			to argue		none						argumentar = to argue
2756	2756	0	estádio	estádio	single_word			stadium / stage		none						estádio = stadium / stage
2757	2757	0	aniversário	aniversário	single_word			anniversary / birthday		none						aniversário = anniversary / birthday
2758	2758	0	cerveja	cerveja	single_word			beer		none						cerveja = beer
2759	2759	0	cana	cana	single_word			sugar cane		none						cana = sugar cane
2760	2760	0	soviético	soviético	single_word			soviet		none						soviético = soviet
2761	2761	0	rigoroso	rigoroso	single_word			rigorous		none						rigoroso = rigorous
2762	2762	0	cinza	cinza	single_word			ashes (PL)		none						cinza = ashes (PL)
2763	2763	0	copo	copo	single_word			glass / cup		none						copo = glass / cup
2764	2764	0	pretensão	pretensão	single_word			pretense / demand		none						pretensão = pretense / demand
2765	2765	0	rota	rota	single_word			route		none						rota = route
2766	2766	0	dependente	dependente	single_word			dependent		none						dependente = dependent
2767	2767	0	agricultor	agricultor	single_word			farmer		none						agricultor = farmer
2768	2768	0	morador	morador	single_word			resident / inhabitant		none						morador = resident / inhabitant
2769	2769	0	mentira	mentira	single_word			lie		none						mentira = lie
2770	2770	0	ocidente	ocidente	single_word			west		none						ocidente = west
2771	2771	0	anteriormente	anteriormente	single_word			previously		none						anteriormente = previously
2772	2772	0	vulgar	vulgar	single_word			common / average / vulgar		none						vulgar = common / average / vulgar
2773	2773	0	articulação	articulação	single_word			joint / articulation		none						articulação = joint / articulation
2774	2774	0	jornada	jornada	single_word			workday / journey / round (sports)		none						jornada = workday / journey / round (sports)
2775	2775	0	relato	relato	single_word			account / report		none						relato = account / report
2776	2776	0	penetrar	penetrar	single_word			to penetrate		none						penetrar = to penetrate
2777	2777	0	calma	calma	single_word			peace / calm		none						calma = peace / calm
2778	2778	0	frango	frango	single_word			young chicken / cooked chicken		none						frango = young chicken / cooked chicken
2779	2779	0	concretizar	concretizar	single_word			to come to pass / bring about		none						concretizar = to come to pass / bring about
2780	2780	0	riso	riso	single_word			laughter		none						riso = laughter
2781	2781	0	administrar	administrar	single_word			to manage / administer		none						administrar = to manage / administer
2782	2782	0	camisa	camisa	single_word			shirt		none						camisa = shirt
2783	2783	0	multidão	multidão	single_word			masses / multitude		none						multidão = masses / multitude
2784	2784	0	judicial	judicial	single_word			judicial		none						judicial = judicial
2785	2785	0	rosa	rosa	single_word			rose / pink		none						rosa = rose / pink
2786	2786	0	compensação	compensação	single_word			compensation		none						compensação = compensation
2787	2787	0	filosófico	filosófico	single_word			philosophical		none						filosófico = philosophical
2788	2788	0	nariz	nariz	single_word			nose		none						nariz = nose
2789	2789	0	dinâmica	dinâmica	single_word			change / dynamics		none						dinâmica = change / dynamics
2790	2790	0	palestra	palestra	single_word			lecture / discussion		none						palestra = lecture / discussion
2791	2791	0	milagre	milagre	single_word			miracle		none						milagre = miracle
2792	2792	0	joelho	joelho	single_word			knee		none						joelho = knee
2793	2793	0	informática	informática	single_word			computer science		none						informática = computer science
2794	2794	0	crença	crença	single_word			belief		none						crença = belief
2795	2795	0	conviver	conviver	single_word			to spend time with / live with		none						conviver = to spend time with / live with
2796	2796	0	amostra	amostra	single_word			sample / specimen		none						amostra = sample / specimen
2797	2797	0	borracha	borracha	single_word			rubber		none						borracha = rubber
2798	2798	0	variado	variado	single_word			varied		none						variado = varied
2799	2799	0	finalizar	finalizar	single_word			to conclude / wrap up		none						finalizar = to conclude / wrap up
2800	2800	0	reter	reter	single_word			to retain		none						reter = to retain
2801	2801	0	ó	ó	single_word			oh + N (vocative)		none						ó = oh + N (vocative)
2802	2802	0	roteiro	roteiro	single_word			script / itinerary / route		none						roteiro = script / itinerary / route
2803	2803	0	valorizar	valorizar	single_word			to value		none						valorizar = to value
2804	2804	0	intermédio	intermédio	single_word			intermediary / intermediate		none						intermédio = intermediary / intermediate
2805	2805	0	ritual	ritual	single_word			ritual		none						ritual = ritual
2806	2806	0	planejar	planejar	single_word			to plan		none						planejar = to plan
2807	2807	0	pecado	pecado	single_word			sin		none						pecado = sin
2808	2808	0	satisfeito	satisfeito	single_word			satisfied		none						satisfeito = satisfied
2809	2809	0	divertir	divertir	single_word			to have fun / entertain		none						divertir = to have fun / entertain
2810	2810	0	setenta	setenta	single_word			seventy		none						setenta = seventy
2811	2811	0	geográfico	geográfico	single_word			geographic		none						geográfico = geographic
2812	2812	0	brilho	brilho	single_word			brightness / shine		none						brilho = brightness / shine
2813	2813	0	oh	oh	single_word			oh		none						oh = oh
2814	2814	0	suspeita	suspeita	single_word			suspicion / distrust		none						suspeita = suspicion / distrust
2815	2815	0	dourado	dourado	single_word			golden / gilded		none						dourado = golden / gilded
2816	2816	0	remoto	remoto	single_word			remote		none						remoto = remote
2817	2817	0	tecnológico	tecnológico	single_word			technological		none						tecnológico = technological
2818	2818	0	inserir	inserir	single_word			to insert / include		none						inserir = to insert / include
2819	2819	0	governamental	governamental	single_word			governmental		none						governamental = governmental
2820	2820	0	introdução	introdução	single_word			introduction		none						introdução = introduction
2821	2821	0	poço	poço	single_word			water well		none						poço = water well
2822	2822	0	equivalente	equivalente	single_word			equivalent		none						equivalente = equivalent
2823	2823	0	empreendimento	empreendimento	single_word			undertaking / venture		none						empreendimento = undertaking / venture
2824	2824	0	transação	transação	single_word			transaction		none						transação = transaction
2825	2825	0	combinação	combinação	single_word			combination		none						combinação = combination
2826	2826	0	avançado	avançado	single_word			advanced		none						avançado = advanced
2827	2827	0	prisioneiro	prisioneiro	single_word			prisoner		none						prisioneiro = prisoner
2829	2829	0	clínica	clínica	single_word			clinic		none						clínica = clinic
2830	2830	0	protocolo	protocolo	single_word			protocol		none						protocolo = protocol
2831	2831	0	reforço	reforço	single_word			reinforcement		none						reforço = reinforcement
2832	2832	0	artificial	artificial	single_word			artificial		none						artificial = artificial
2833	2833	0	conduta	conduta	single_word			behavior / conduct		none						conduta = behavior / conduct
2834	2834	0	rebanho	rebanho	single_word			flock / herd		none						rebanho = flock / herd
2835	2835	0	condutor	condutor	single_word			driver / director		none						condutor = driver / director
2836	2836	0	atleta	atleta	single_word			athlete		none						atleta = athlete
2837	2837	0	emissão	emissão	single_word			emission		none						emissão = emission
2838	2838	0	simpatia	simpatia	single_word			sympathy / friendliness		none						simpatia = sympathy / friendliness
2839	2839	0	mito	mito	single_word			myth		none						mito = myth
2840	2840	0	igualdade	igualdade	single_word			equality / parity		none						igualdade = equality / parity
2841	2841	0	gravação	gravação	single_word			recording		none						gravação = recording
2842	2842	0	mero	mero	single_word			mere		none						mero = mere
2843	2843	0	fortemente	fortemente	single_word			strongly		none						fortemente = strongly
2844	2844	0	emenda	emenda	single_word			amendment		none						emenda = amendment
2845	2845	0	convencional	convencional	single_word			conventional		none						convencional = conventional
2846	2846	0	esfera	esfera	single_word			sphere / area of influence		none						esfera = sphere / area of influence
2847	2847	0	reto	reto	single_word			straight		none						reto = straight
2848	2848	0	brincadeira	brincadeira	single_word			joke / game / play		none						brincadeira = joke / game / play
2849	2849	0	programação	programação	single_word			programming		none						programação = programming
2850	2850	0	extrair	extrair	single_word			to extract		none						extrair = to extract
2851	2851	0	paço	paço	single_word			palace / court / official building		none						paço = palace / court / official building
2852	2852	0	convir	convir	single_word			to be right / just / be fit		none						convir = to be right / just / be fit
2853	2853	0	câmbio	câmbio	single_word			exchange (rate)		none						câmbio = exchange (rate)
2854	2854	0	doutrina	doutrina	single_word			doctrine		none						doutrina = doctrine
2855	2855	0	motivar	motivar	single_word			to motivate		none						motivar = to motivate
2856	2856	0	júnior	júnior	single_word			junior		none						júnior = junior
2857	2857	0	prévio	prévio	single_word			preliminary / previous		none						prévio = preliminary / previous
2858	2858	0	incentivo	incentivo	single_word			incentive		none						incentivo = incentive
2859	2859	0	importação	importação	single_word			importing		none						importação = importing
2860	2860	0	dano	dano	single_word			damage		none						dano = damage
2861	2861	0	habilidade	habilidade	single_word			skill / ability		none						habilidade = skill / ability
2862	2862	0	comprovar	comprovar	single_word			to substantiate / prove		none						comprovar = to substantiate / prove
2863	2863	0	bairro	bairro	single_word			neighborhood		none						bairro = neighborhood
2864	2864	0	sumo	sumo	single_word			extreme / juice		none						sumo = extreme / juice
2865	2865	0	extinto	extinto	single_word			extinct / extinguished		none						extinto = extinct / extinguished
2866	2866	0	óbvio	óbvio	single_word			obvious		none						óbvio = obvious
2867	2867	0	modesto	modesto	single_word			modest		none						modesto = modest
2868	2868	0	isolar	isolar	single_word			to isolate		none						isolar = to isolate
2869	2869	0	originar	originar	single_word			to originate		none						originar = to originate
2870	2870	0	vício	vício	single_word			addiction / vice		none						vício = addiction / vice
2871	2871	0	laço	laço	single_word			tie / bond / bow		none						laço = tie / bond / bow
2872	2872	0	lamentar	lamentar	single_word			to mourn / be sorry		none						lamentar = to mourn / be sorry
2873	2873	0	ruído	ruído	single_word			loud and unpleasant noise		none						ruído = loud and unpleasant noise
2874	2874	0	combustível	combustível	single_word			fuel / combustible		none						combustível = fuel / combustible
2875	2875	0	necessariamente	necessariamente	single_word			necessarily		none						necessariamente = necessarily
2876	2876	0	trato	trato	single_word			dealing / tract		none						trato = dealing / tract
2877	2877	0	automático	automático	single_word			automatic		none						automático = automatic
2878	2878	0	precisão	precisão	single_word			precision		none						precisão = precision
2879	2879	0	porção	porção	single_word			part / portion / section		none						porção = part / portion / section
2880	2880	0	titular	titular	single_word			title holder / cabinet member		none						titular = title holder / cabinet member
2881	2881	0	vídeo	vídeo	single_word			video		none						vídeo = video
2882	2882	0	ausente	ausente	single_word			absent		none						ausente = absent
2883	2883	0	mato	mato	single_word			thicket / brush / weeds		none						mato = thicket / brush / weeds
2884	2884	0	articular	articular	single_word			to articulate		none						articular = to articulate
2885	2885	0	morro	morro	single_word			hill		none						morro = hill
2886	2886	0	altamente	altamente	single_word			highly		none						altamente = highly
2887	2887	0	depoimento	depoimento	single_word			testimony / affidavit		none						depoimento = testimony / affidavit
2888	2888	0	estrear	estrear	single_word			to premiere / inaugurate		none						estrear = to premiere / inaugurate
2889	2889	0	casca	casca	single_word			peel / skin / bark		none						casca = peel / skin / bark
2890	2890	0	frei	frei	single_word			friar		none						frei = friar
2891	2891	0	salgado	salgado	single_word			relating to salt		none						salgado = relating to salt
2892	2892	0	nervo	nervo	single_word			nerve		none						nervo = nerve
2893	2893	0	toque	toque	single_word			touch		none						toque = touch
2894	2894	0	vertente	vertente	single_word			slope / downgrade / incline		none						vertente = slope / downgrade / incline
2895	2895	0	fumar	fumar	single_word			to smoke		none						fumar = to smoke
2896	2896	0	duplo	duplo	single_word			dual / double		none						duplo = dual / double
2897	2897	0	convento	convento	single_word			convent		none						convento = convent
2898	2898	0	teórico	teórico	single_word			theoretical / theorist		none						teórico = theoretical / theorist
2899	2899	0	delgado	delgado	single_word			thin / delicate / fine		none						delgado = thin / delicate / fine
2900	2900	0	invenção	invenção	single_word			invention		none						invenção = invention
2901	2901	0	historiador	historiador	single_word			historian		none						historiador = historian
2902	2902	0	nomear	nomear	single_word			to appoint / name		none						nomear = to appoint / name
2903	2903	0	loucura	loucura	single_word			insanity		none						loucura = insanity
2904	2904	0	expressar	expressar	single_word			to express		none						expressar = to express
2905	2905	0	turma	turma	single_word			class / group / team		none						turma = class / group / team
2906	2906	0	assustar	assustar	single_word			to frighten / scare		none						assustar = to frighten / scare
2907	2907	0	urgência	urgência	single_word			urgency		none						urgência = urgency
2908	2908	0	cheque	cheque	single_word			check		none						cheque = check
2909	2909	0	impresso	impresso	single_word			printed		none						impresso = printed
2910	2910	0	duração	duração	single_word			duration		none						duração = duration
2911	2911	0	fantasma	fantasma	single_word			ghost		none						fantasma = ghost
2912	2912	0	pequenino	pequenino	single_word			little (familial) / very small / little one		none						pequenino = little (familial) / very small / little one
2913	2913	0	pessoalmente	pessoalmente	single_word			personally		none						pessoalmente = personally
2914	2914	0	colheita	colheita	single_word			harvest		none						colheita = harvest
2915	2915	0	guitarra	guitarra	single_word			guitar		none						guitarra = guitar
2916	2916	0	aperceber	aperceber	single_word			to realize / perceive		none						aperceber = to realize / perceive
2917	2917	0	ruína	ruína	single_word			ruin		none						ruína = ruin
2918	2918	0	tortura	tortura	single_word			torture		none						tortura = torture
2919	2919	0	medalha	medalha	single_word			medal		none						medalha = medal
2920	2920	0	abandono	abandono	single_word			abandonment		none						abandono = abandonment
2921	2921	0	suspensão	suspensão	single_word			suspension		none						suspensão = suspension
2922	2922	0	vírus	vírus	single_word			virus		none						vírus = virus
2923	2923	0	ideológico	ideológico	single_word			ideological		none						ideológico = ideological
2924	2924	0	utilidade	utilidade	single_word			usefulness / use		none						utilidade = usefulness / use
2925	2925	0	eficiente	eficiente	single_word			efficient		none						eficiente = efficient
2926	2926	0	ressaltar	ressaltar	single_word			to emphasize / point out		none						ressaltar = to emphasize / point out
2927	2927	0	bacia	bacia	single_word			basin		none						bacia = basin
2928	2928	0	finalidade	finalidade	single_word			objective / purpose / end		none						finalidade = objective / purpose / end
2929	2929	0	abrigar	abrigar	single_word			to shelter / protect		none						abrigar = to shelter / protect
2930	2930	0	simbólico	simbólico	single_word			symbolic		none						simbólico = symbolic
2931	2931	0	comité	comité	single_word			committee		none						comité = committee
2932	2932	0	contratado	contratado	single_word			contracted (employees)		none						contratado = contracted (employees)
2933	2933	0	paraíso	paraíso	single_word			paradise		none						paraíso = paradise
2934	2934	0	burro	burro	single_word			donkey / ass / fool		none						burro = donkey / ass / fool
2935	2935	0	punir	punir	single_word			to punish		none						punir = to punish
2936	2936	0	usado	usado	single_word			used		none						usado = used
2937	2937	0	pá	pá	single_word			shovel / scoop		none						pá = shovel / scoop
2938	2938	0	abater	abater	single_word			to come down / cut down		none						abater = to come down / cut down
2939	2939	0	subida	subida	single_word			rise / ascent		none						subida = rise / ascent
2940	2940	0	bala	bala	single_word			shot / bullet / candy (BP)		none						bala = shot / bullet / candy (BP)
2941	2941	0	questionar	questionar	single_word			to question		none						questionar = to question
2942	2942	0	desastre	desastre	single_word			disaster		none						desastre = disaster
2943	2943	0	verdadeiramente	verdadeiramente	single_word			truly		none						verdadeiramente = truly
2944	2944	0	separado	separado	single_word			separated		none						separado = separated
2945	2945	0	agudo	agudo	single_word			sharp / acute		none						agudo = sharp / acute
2946	2946	0	cemitério	cemitério	single_word			cemetery		none						cemitério = cemetery
2947	2947	0	telefónico	telefónico	single_word			telephone		none						telefónico = telephone
2948	2948	0	baile	baile	single_word			dance / ball		none						baile = dance / ball
2950	2950	0	eletricidade	eletricidade	single_word			electricity		none						eletricidade = electricity
2951	2951	0	castigo	castigo	single_word			punishment / curse		none						castigo = punishment / curse
2952	2952	0	descrição	descrição	single_word			description		none						descrição = description
2953	2953	0	isolamento	isolamento	single_word			isolation		none						isolamento = isolation
2954	2954	0	demonstração	demonstração	single_word			demonstration		none						demonstração = demonstration
2955	2955	0	integrante	integrante	single_word			integral / member		none						integrante = integral / member
2956	2956	0	caderno	caderno	single_word			notebook		none						caderno = notebook
2957	2957	0	luminoso	luminoso	single_word			bright / luminous		none						luminoso = bright / luminous
2958	2958	0	nomeação	nomeação	single_word			nomination		none						nomeação = nomination
2959	2959	0	coligação	coligação	single_word			alliance / federation / union		none						coligação = alliance / federation / union
2960	2960	0	comportar	comportar	single_word			to behave		none						comportar = to behave
2961	2961	0	exceto	exceto	single_word			except		none						exceto = except
2962	2962	0	armazém	armazém	single_word			storehouse		none						armazém = storehouse
2963	2963	0	caçador	caçador	single_word			hunter		none						caçador = hunter
2964	2964	0	poupar	poupar	single_word			to save / spare		none						poupar = to save / spare
2965	2965	0	iluminação	iluminação	single_word			lighting / illumination		none						iluminação = lighting / illumination
2966	2966	0	fracasso	fracasso	single_word			failure		none						fracasso = failure
2967	2967	0	pressa	pressa	single_word			hurry / urgency		none						pressa = hurry / urgency
2968	2968	0	vice-presidente	vice-presidente	hyphenated_compound			vice president		none						vice-presidente = vice president
2969	2969	0	tempestade	tempestade	single_word			storm / tempest		none						tempestade = storm / tempest
2970	2970	0	compensar	compensar	single_word			to compensate		none						compensar = to compensate
2971	2971	0	sintoma	sintoma	single_word			symptom		none						sintoma = symptom
2972	2972	0	discreto	discreto	single_word			discrete		none						discreto = discrete
2973	2973	0	touro	touro	single_word			bull		none						touro = bull
2974	2974	0	agradecer	agradecer	single_word			to thank		none						agradecer = to thank
2975	2975	0	recomendação	recomendação	single_word			recommendation		none						recomendação = recommendation
2976	2976	0	emergência	emergência	single_word			emergency		none						emergência = emergency
2977	2977	0	tranquilidade	tranquilidade	single_word			tranquility / peace		none						tranquilidade = tranquility / peace
2978	2978	0	caçar	caçar	single_word			to hunt		none						caçar = to hunt
2979	2979	0	substituição	substituição	single_word			substitution		none						substituição = substitution
2980	2980	0	vital	vital	single_word			vital		none						vital = vital
2981	2981	0	repórter	repórter	single_word			reporter		none						repórter = reporter
2982	2982	0	fornecedor	fornecedor	single_word			provider		none						fornecedor = provider
2983	2983	0	cauda	cauda	single_word			tail		none						cauda = tail
2984	2984	0	posto	posto	single_word			station / post		none						posto = station / post
2985	2985	0	ruptura	ruptura	single_word			rupture / break		none						ruptura = rupture / break
2986	2986	0	paciência	paciência	single_word			patience		none						paciência = patience
2987	2987	0	firma	firma	single_word			firm (business)		none						firma = firm (business)
2988	2988	0	abraçar	abraçar	single_word			to hug / embrace		none						abraçar = to hug / embrace
2989	2989	0	planície	planície	single_word			plain / prairie		none						planície = plain / prairie
2990	2990	0	comprador	comprador	single_word			buyer		none						comprador = buyer
2991	2991	0	polémico	polêmico	single_word			controversial		spelling						polémico = controversial
2992	2992	0	empresarial	empresarial	single_word			related to a company		none						empresarial = related to a company
2993	2993	0	manga	manga	single_word			sleeve / mango		none						manga = sleeve / mango
2994	2994	0	seda	seda	single_word			silk		none						seda = silk
2995	2995	0	constantemente	constantemente	single_word			constantly		none						constantemente = constantly
2996	2996	0	ajuste	ajuste	single_word			adjustment / agreement		none						ajuste = adjustment / agreement
2997	2997	0	posteriormente	posteriormente	single_word			later / afterwards		none						posteriormente = later / afterwards
2998	2998	0	realista	realista	single_word			realist		none						realista = realist
2999	2999	0	perseguição	perseguição	single_word			persecution		none						perseguição = persecution
3000	3000	0	fusão	fusão	single_word			merger / fusion		none						fusão = merger / fusion
3001	3001	0	digno	digno	single_word			worthy		none						digno = worthy
3002	3002	0	defrontar	defrontar	single_word			to face / confront		none						defrontar = to face / confront
3003	3003	0	abrigo	abrigo	single_word			shelter / refuge / sanctuary		none						abrigo = shelter / refuge / sanctuary
3004	3004	0	residente	residente	single_word			resident		none						residente = resident
3005	3005	0	sujo	sujo	single_word			dirty / soiled		none						sujo = dirty / soiled
3006	3006	0	inútil	inútil	single_word			useless		none						inútil = useless
3007	3007	0	cabra	cabra	single_word			goat (F) / guy (M)		none						cabra = goat (F) / guy (M)
3008	3008	0	complementar	complementar	single_word			complementary / additional		none						complementar = complementary / additional
3009	3009	0	proveniente	proveniente	single_word			proceeding or resulting from		none						proveniente = proceeding or resulting from
3010	3010	0	solitário	solitário	single_word			solitary		none						solitário = solitary
3011	3011	0	muralha	muralha	single_word			city wall		none						muralha = city wall
3012	3012	0	lenda	lenda	single_word			legend / story		none						lenda = legend / story
3013	3013	0	jazz	jazz	single_word			jazz		none						jazz = jazz
3014	3014	0	medicamento	medicamento	single_word			medication / medicine		none						medicamento = medication / medicine
3015	3015	0	auto	auto	single_word			legal document / theatrical play		none						auto = legal document / theatrical play
3016	3016	0	pulmão	pulmão	single_word			lung		none						pulmão = lung
3017	3017	0	estreia	estreia	single_word			debut / premiere		none						estreia = debut / premiere
3018	3018	0	catedral	catedral	single_word			cathedral		none						catedral = cathedral
3019	3019	0	estável	estável	single_word			stable		none						estável = stable
3020	3020	0	bebé	bebê	single_word			baby		spelling						bebé = baby
3021	3021	0	misto	misto	single_word			mix / mixed		none						misto = mix / mixed
3022	3022	0	desencadear	desencadear	single_word			to unleash / cause		none						desencadear = to unleash / cause
3023	3023	0	estatal	estatal	single_word			relating to the state		none						estatal = relating to the state
3024	3024	0	baiano	baiano	single_word			from Bahia		none						baiano = from Bahia
3025	3025	0	assinalar	assinalar	single_word			to point out		none						assinalar = to point out
3026	3026	0	excelência	excelência	single_word			excellence		none						excelência = excellence
3027	3027	0	abuso	abuso	single_word			abuse		none						abuso = abuse
3028	3028	0	física	física	single_word			physics		none						física = physics
3029	3029	0	lembrança	lembrança	single_word			memory / souvenir		none						lembrança = memory / souvenir
3030	3030	0	visitante	visitante	single_word			visitor / visiting		none						visitante = visitor / visiting
3031	3031	0	maré	maré	single_word			tide / flux		none						maré = tide / flux
3032	3032	0	abastecimento	abastecimento	single_word			supply / provision / ration		none						abastecimento = supply / provision / ration
3033	3033	0	localização	localização	single_word			location		none						localização = location
3034	3034	0	iluminar	iluminar	single_word			to illuminate		none						iluminar = to illuminate
3035	3035	0	leito	leito	single_word			bed (archaic)		none						leito = bed (archaic)
3036	3036	0	plataforma	plataforma	single_word			platform		none						plataforma = platform
3037	3037	0	arrumar	arrumar	single_word			to organize / arrange		none						arrumar = to organize / arrange
3038	3038	0	independentemente	independentemente	single_word			independently		none						independentemente = independently
3039	3039	0	pico	pico	single_word			peak / highest point / insect bite		none						pico = peak / highest point / insect bite
3040	3040	0	castanho	castanho	single_word			brown		none						castanho = brown
3041	3041	0	colocação	colocação	single_word			placement		none						colocação = placement
3042	3042	0	asiático	asiático	single_word			Asian		none						asiático = Asian
3043	3043	0	vaga	vaga	single_word			vacancy / opening		none						vaga = vacancy / opening
3044	3044	0	mortal	mortal	single_word			mortal / fatal / terminal		none						mortal = mortal / fatal / terminal
3045	3045	0	elaboração	elaboração	single_word			preparation / elaboration		none						elaboração = preparation / elaboration
3046	3046	0	depor	depor	single_word			to depose / put down / set aside		none						depor = to depose / put down / set aside
3047	3047	0	preconceito	preconceito	single_word			prejudice / preconceived notion		none						preconceito = prejudice / preconceived notion
3048	3048	0	proibido	proibido	single_word			prohibited / forbidden		none						proibido = prohibited / forbidden
3049	3049	0	prevenção	prevenção	single_word			prevention		none						prevenção = prevention
3050	3050	0	vapor	vapor	single_word			steam / vapor		none						vapor = steam / vapor
3051	3051	0	solidão	solidão	single_word			solitude		none						solidão = solitude
3052	3052	0	possibilitar	possibilitar	single_word			to make possible		none						possibilitar = to make possible
3053	3053	0	relevo	relevo	single_word			relief / relevance		none						relevo = relief / relevance
3054	3054	0	criatura	criatura	single_word			creature		none						criatura = creature
3055	3055	0	coordenação	coordenação	single_word			coordination		none						coordenação = coordination
3056	3056	0	suicídio	suicídio	single_word			suicide		none						suicídio = suicide
3057	3057	0	dispositivo	dispositivo	single_word			device / gadget		none						dispositivo = device / gadget
3058	3058	0	aliviar	aliviar	single_word			to alleviate / relieve		none						aliviar = to alleviate / relieve
3059	3059	0	cachorro	cachorro	single_word			dog		none						cachorro = dog
3060	3060	0	bando	bando	single_word			group / band / flock of birds		none						bando = group / band / flock of birds
3061	3061	0	moinho	moinho	single_word			mill		none						moinho = mill
3062	3062	0	assassino	assassino	single_word			assassin / murderer		none						assassino = assassin / murderer
3063	3063	0	gravura	gravura	single_word			painting / picture		none						gravura = painting / picture
3064	3064	0	trabalhista	trabalhista	single_word			labor party member / characteristic of a worker		none						trabalhista = labor party member / characteristic of a worker
3065	3065	0	uniforme	uniforme	single_word			uniform		none						uniforme = uniform
3066	3066	0	inesperado	inesperado	single_word			unexpected		none						inesperado = unexpected
3067	3067	0	foz	foz	single_word			mouth of a river		none						foz = mouth of a river
3068	3068	0	autoria	autoria	single_word			authorship		none						autoria = authorship
3069	3069	0	fiscalização	fiscalização	single_word			inspection		none						fiscalização = inspection
3070	3070	0	raciocínio	raciocínio	single_word			reasoning		none						raciocínio = reasoning
3071	3071	0	diplomático	diplomático	single_word			diplomatic		none						diplomático = diplomatic
3072	3072	0	vaso	vaso	single_word			vessel / vase		none						vaso = vessel / vase
3073	3073	0	piscina	piscina	single_word			pool		none						piscina = pool
3074	3074	0	inscrição	inscrição	single_word			enrollment / inscription		none						inscrição = enrollment / inscription
3075	3075	0	calendário	calendário	single_word			calendar		none						calendário = calendar
3076	3076	0	cinzento	cinzento	single_word			gray		none						cinzento = gray
3077	3077	0	time	time	single_word			team		none						time = team
3078	3078	0	angústia	angústia	single_word			anxiety / anguish		none						angústia = anxiety / anguish
3079	3079	0	baixa	baixa	single_word			reduction		none						baixa = reduction
3080	3080	0	governante	governante	single_word			governor / politician / governing		none						governante = governor / politician / governing
3081	3081	0	expressivo	expressivo	single_word			expressive		none						expressivo = expressive
3082	3082	0	limitação	limitação	single_word			limitation		none						limitação = limitation
3083	3083	0	barulho	barulho	single_word			noise		none						barulho = noise
3084	3084	0	impressionar	impressionar	single_word			to impress		none						impressionar = to impress
3085	3085	0	selecionar	selecionar	single_word			to select		none						selecionar = to select
3086	3086	0	conversação	conversação	single_word			talk / conversation		none						conversação = talk / conversation
3087	3087	0	sé	sé	single_word			see / parochial headquarters		none						sé = see / parochial headquarters
3088	3088	0	fibra	fibra	single_word			fiber		none						fibra = fiber
3089	3089	0	interrogar	interrogar	single_word			to ask (a question) / interrogate		none						interrogar = to ask (a question) / interrogate
3090	3090	0	renunciar	renunciar	single_word			to resign / renounce		none						renunciar = to resign / renounce
3091	3091	0	outrora	outrora	single_word			formerly / anciently		none						outrora = formerly / anciently
3092	3092	0	desculpa	desculpa	single_word			excuse		none						desculpa = excuse
3093	3093	0	vegetal	vegetal	single_word			vegetable / relating to vegetables		none						vegetal = vegetable / relating to vegetables
3094	3094	0	incrível	incrível	single_word			incredible		none						incrível = incredible
3095	3095	0	alternar	alternar	single_word			to take turns / alternate		none						alternar = to take turns / alternate
3096	3096	0	enriquecer	enriquecer	single_word			to make or become rich / enrich		none						enriquecer = to make or become rich / enrich
3097	3097	0	diminuição	diminuição	single_word			decrease / diminishing		none						diminuição = decrease / diminishing
3098	3098	0	dose	dose	single_word			dose		none						dose = dose
3099	3099	0	narrativa	narrativa	single_word			narrative		none						narrativa = narrative
3100	3100	0	psicologia	psicologia	single_word			psychology		none						psicologia = psychology
3101	3101	0	acompanhamento	acompanhamento	single_word			follow-up / accompaniment		none						acompanhamento = follow-up / accompaniment
3102	3102	0	eficiência	eficiência	single_word			efficiency		none						eficiência = efficiency
3103	3103	0	atrasado	atrasado	single_word			late / behind		none						atrasado = late / behind
3104	3104	0	diagnóstico	diagnóstico	single_word			diagnosis / diagnostic		none						diagnóstico = diagnosis / diagnostic
3105	3105	0	suficientemente	suficientemente	single_word			sufficiently		none						suficientemente = sufficiently
3106	3106	0	ódio	ódio	single_word			hatred		none						ódio = hatred
3108	3108	0	resultante	resultante	single_word			resulting from / a result of		none						resultante = resulting from / a result of
3109	3109	0	arder	arder	single_word			to burn / sting		none						arder = to burn / sting
3110	3110	0	palha	palha	single_word			straw / hay		none						palha = straw / hay
3111	3111	0	muçulmano	muçulmano	single_word			Muslim		none						muçulmano = Muslim
3112	3112	0	piso	piso	single_word			floor / level / story		none						piso = floor / level / story
3113	3113	0	andamento	andamento	single_word			progress		none						andamento = progress
3114	3114	0	escasso	escasso	single_word			scarce		none						escasso = scarce
3115	3115	0	lata	lata	single_word			can / tin		none						lata = can / tin
3116	3116	0	expandir	expandir	single_word			to expand		none						expandir = to expand
3117	3117	0	terminal	terminal	single_word			terminal / outlet		none						terminal = terminal / outlet
3118	3118	0	respirar	respirar	single_word			to breathe		none						respirar = to breathe
3119	3119	0	montante	montante	single_word			amount		none						montante = amount
3120	3120	0	persistir	persistir	single_word			to persist		none						persistir = to persist
3121	3121	0	convencido	convencido	single_word			convinced		none						convencido = convinced
3122	3122	0	coincidir	coincidir	single_word			to match up / coincide		none						coincidir = to match up / coincide
3123	3123	0	votação	votação	single_word			voting / election		none						votação = voting / election
3124	3124	0	estômago	estômago	single_word			stomach		none						estômago = stomach
3125	3125	0	lã	lã	single_word			wool		none						lã = wool
3126	3126	0	empenhar	empenhar	single_word			to strive / get involved		none						empenhar = to strive / get involved
3127	3127	0	descendente	descendente	single_word			descendant		none						descendente = descendant
3128	3128	0	múltiplo	múltiplo	single_word			multiple		none						múltiplo = multiple
3129	3129	0	renovação	renovação	single_word			renovation / renewal		none						renovação = renovation / renewal
3130	3130	0	oficialmente	oficialmente	single_word			officially		none						oficialmente = officially
3131	3131	0	transparente	transparente	single_word			clear / transparent		none						transparente = clear / transparent
3132	3132	0	soma	soma	single_word			sum		none						soma = sum
3133	3133	0	irregular	irregular	single_word			irregular		none						irregular = irregular
3134	3134	0	cinematográfico	cinematográfico	single_word			cinematographic		none						cinematográfico = cinematographic
3135	3135	0	vendedor	vendedor	single_word			seller / vendor		none						vendedor = seller / vendor
3136	3136	0	gaúcho	gaúcho	single_word			South American cowboy; from Rio Grande do Sul		none						gaúcho = South American cowboy; from Rio Grande do Sul
3137	3137	0	ilustrar	ilustrar	single_word			to illustrate		none						ilustrar = to illustrate
3138	3138	0	aparente	aparente	single_word			apparent		none						aparente = apparent
3139	3139	0	encomenda	encomenda	single_word			order / package		none						encomenda = order / package
3140	3140	0	feio	feio	single_word			ugly		none						feio = ugly
3141	3141	0	barroco	barroco	single_word			baroque		none						barroco = baroque
3142	3142	0	imaginário	imaginário	single_word			imaginary		none						imaginário = imaginary
3143	3143	0	agitar	agitar	single_word			to disturb / shake up / trouble		none						agitar = to disturb / shake up / trouble
3144	3144	0	dificilmente	dificilmente	single_word			hardly / barely		none						dificilmente = hardly / barely
3145	3145	0	baleia	baleia	single_word			whale		none						baleia = whale
3146	3146	0	restrito	restrito	single_word			restricted		none						restrito = restricted
3147	3147	0	queijo	queijo	single_word			cheese		none						queijo = cheese
3148	3148	0	ala	ala	single_word			wing / branch		none						ala = wing / branch
3149	3149	0	produtividade	produtividade	single_word			productivity		none						produtividade = productivity
3150	3150	0	portador	portador	single_word			carrier		none						portador = carrier
3151	3151	0	mosca	mosca	single_word			fly		none						mosca = fly
3152	3152	0	desafiar	desafiar	single_word			to challenge		none						desafiar = to challenge
3153	3153	0	adiar	adiar	single_word			to put off / procrastinate		none						adiar = to put off / procrastinate
3154	3154	0	permanência	permanência	single_word			stay / permanence		none						permanência = stay / permanence
3155	3155	0	estúdio	estúdio	single_word			studio		none						estúdio = studio
3156	3156	0	aviso	aviso	single_word			warning / notice		none						aviso = warning / notice
3157	3157	0	turco	turco	single_word			Turk		none						turco = Turk
3158	3158	0	apaixonado	apaixonado	single_word			in love with / passionate		none						apaixonado = in love with / passionate
3159	3159	0	nativo	nativo	single_word			native		none						nativo = native
3160	3160	0	cura	cura	single_word			cure (F) / curate (M)		none						cura = cure (F) / curate (M)
3161	3161	0	cessar	cessar	single_word			to cease / end		none						cessar = to cease / end
3162	3162	0	rolar	rolar	single_word			to roll		none						rolar = to roll
3163	3163	0	leilão	leilão	single_word			auction		none						leilão = auction
3164	3164	0	marinho	marinho	single_word			of the sea / marine		none						marinho = of the sea / marine
3165	3165	0	azeite	azeite	single_word			olive oil		none						azeite = olive oil
3166	3166	0	inovação	inovação	single_word			innovation		none						inovação = innovation
3167	3167	0	cobre	cobre	single_word			copper		none						cobre = copper
3168	3168	0	cartaz	cartaz	single_word			poster		none						cartaz = poster
3169	3169	0	apelar	apelar	single_word			to appeal (to)		none						apelar = to appeal (to)
3170	3170	0	diretoria	diretoria	single_word			directors (organization)		none						diretoria = directors (organization)
3171	3171	0	posterior	posterior	single_word			later / posterior		none						posterior = later / posterior
3172	3172	0	botão	botão	single_word			button		none						botão = button
3173	3173	0	atentado	atentado	single_word			criminal attempt		none						atentado = criminal attempt
3174	3174	0	circo	circo	single_word			circus		none						circo = circus
3175	3175	0	cimento	cimento	single_word			cement		none						cimento = cement
3176	3176	0	interferir	interferir	single_word			to interfere		none						interferir = to interfere
3177	3177	0	milímetro	milímetro	single_word			millimeter		none						milímetro = millimeter
3178	3178	0	nuclear	nuclear	single_word			nuclear		none						nuclear = nuclear
3179	3179	0	expedição	expedição	single_word			expedition		none						expedição = expedition
3180	3180	0	intermediário	intermediário	single_word			intermediate / intermediary		none						intermediário = intermediate / intermediary
3181	3181	0	deficit	deficit	single_word			deficiency / deficit		none						deficit = deficiency / deficit
3182	3182	0	lentamente	lentamente	single_word			slowly		none						lentamente = slowly
3183	3183	0	dúzia	dúzia	single_word			dozen		none						dúzia = dozen
3184	3184	0	duvidar	duvidar	single_word			to doubt		none						duvidar = to doubt
3185	3185	0	enrolar	enrolar	single_word			to roll up / complicate		none						enrolar = to roll up / complicate
3186	3186	0	figurar	figurar	single_word			to represent / look like		none						figurar = to represent / look like
3187	3187	0	esquina	esquina	single_word			corner		none						esquina = corner
3188	3188	0	bolo	bolo	single_word			cake		none						bolo = cake
3189	3189	0	exílio	exílio	single_word			exile		none						exílio = exile
3190	3190	0	caminhão	caminhão	single_word			freight truck		none						caminhão = freight truck
3191	3191	0	observador	observador	single_word			observer / observant		none						observador = observer / observant
3192	3192	0	contrair	contrair	single_word			to contract		none						contrair = to contract
3193	3193	0	consolidar	consolidar	single_word			to consolidate		none						consolidar = to consolidate
3194	3194	0	reitor	reitor	single_word			dean		none						reitor = dean
3195	3195	0	molde	molde	single_word			(casting) mold		none						molde = (casting) mold
3196	3196	0	oitenta	oitenta	single_word			eighty		none						oitenta = eighty
3197	3197	0	ideologia	ideologia	single_word			ideology		none						ideologia = ideology
3198	3198	0	respiração	respiração	single_word			breathing / respiration		none						respiração = breathing / respiration
3199	3199	0	desenvolvido	desenvolvido	single_word			developed		none						desenvolvido = developed
3200	3200	0	abstrato	abstrato	single_word			abstract		none						abstrato = abstract
3201	3201	0	amador	amador	single_word			amateur / enthusiast / lover		none						amador = amateur / enthusiast / lover
3202	3202	0	semear	semear	single_word			to sow (agriculture)		none						semear = to sow (agriculture)
3203	3203	0	referente	referente	single_word			pertaining to / relating to		none						referente = pertaining to / relating to
3204	3204	0	felizmente	felizmente	single_word			fortunately / happily		none						felizmente = fortunately / happily
3205	3205	0	referendo	referendo	single_word			referendum		none						referendo = referendum
3206	3206	0	gordura	gordura	single_word			fat / grease		none						gordura = fat / grease
3207	3207	0	contradição	contradição	single_word			contradiction		none						contradição = contradiction
3208	3208	0	lavoura	lavoura	single_word			farming / agriculture		none						lavoura = farming / agriculture
3209	3209	0	severo	severo	single_word			harsh / severe		none						severo = harsh / severe
3210	3210	0	perdoar	perdoar	single_word			to forgive		none						perdoar = to forgive
3211	3211	0	fraqueza	fraqueza	single_word			weakness		none						fraqueza = weakness
3212	3212	0	cirurgia	cirurgia	single_word			surgery		none						cirurgia = surgery
3213	3213	0	guerrilheiro	guerrilheiro	single_word			guerilla (military)		none						guerrilheiro = guerilla (military)
3214	3214	0	esfregar	esfregar	single_word			to rub / scrub		none						esfregar = to rub / scrub
3215	3215	0	eleitor	eleitor	single_word			voter		none						eleitor = voter
3216	3216	0	atribuição	atribuição	single_word			awarding / assignment		none						atribuição = awarding / assignment
3217	3217	0	escultura	escultura	single_word			sculpture		none						escultura = sculpture
3218	3218	0	orgânico	orgânico	single_word			organic		none						orgânico = organic
3219	3219	0	recepção	recepção	single_word			reception		none						recepção = reception
3220	3220	0	basicamente	basicamente	single_word			basically		none						basicamente = basically
3221	3221	0	privilegiado	privilegiado	single_word			privileged		none						privilegiado = privileged
3222	3222	0	potência	potência	single_word			power / potency		none						potência = power / potency
3223	3223	0	mediante	mediante	single_word			through / by means of		none						mediante = through / by means of
3224	3224	0	trágico	trágico	single_word			tragic		none						trágico = tragic
3225	3225	0	anónimo	anônimo	single_word			anonymous		spelling						anónimo = anonymous
3226	3226	0	dicionário	dicionário	single_word			dictionary		none						dicionário = dictionary
3227	3227	0	desgraça	desgraça	single_word			disgrace		none						desgraça = disgrace
3228	3228	0	participante	participante	single_word			participant		none						participante = participant
3229	3229	0	treinamento	treinamento	single_word			training		none						treinamento = training
3230	3230	0	ingressar	ingressar	single_word			to enlist / enter / be admitted		none						ingressar = to enlist / enter / be admitted
3231	3231	0	bravo	bravo	single_word			mad / angry / wild		none						bravo = mad / angry / wild
3232	3232	0	vista	vista	single_word			sight / view		none						vista = sight / view
3233	3233	0	dificultar	dificultar	single_word			to make difficult		none						dificultar = to make difficult
3234	3234	0	bilhete	bilhete	single_word			note / ticket / pamphlet		none						bilhete = note / ticket / pamphlet
3235	3235	0	colaborador	colaborador	single_word			collaborator / collaborative		none						colaborador = collaborator / collaborative
3236	3236	0	linho	linho	single_word			flax / linen		none						linho = flax / linen
3237	3237	0	trajetória	trajetória	single_word			trajectory		none						trajetória = trajectory
3238	3238	0	barba	barba	single_word			beard		none						barba = beard
3239	3239	0	prestes	prestes	single_word			about to / ready to		none						prestes = about to / ready to
3240	3240	0	selo	selo	single_word			seal / stamp		none						selo = seal / stamp
3241	3241	0	espada	espada	single_word			sword		none						espada = sword
3242	3242	0	burguês	burguês	single_word			bourgeois		none						burguês = bourgeois
3243	3243	0	hierarquia	hierarquia	single_word			hierarchy		none						hierarquia = hierarchy
3244	3244	0	representativo	representativo	single_word			representative		none						representativo = representative
3245	3245	0	lágrima	lágrima	single_word			tear		none						lágrima = tear
3246	3246	0	nave	nave	single_word			spaceship / vessel		none						nave = spaceship / vessel
3247	3247	0	cadáver	cadáver	single_word			corpse / cadaver		none						cadáver = corpse / cadaver
3248	3248	0	operador	operador	single_word			operator		none						operador = operator
3249	3249	0	passivo	passivo	single_word			passive / lethargic		none						passivo = passive / lethargic
3250	3250	0	implantar	implantar	single_word			to initiate / implant		none						implantar = to initiate / implant
3251	3251	0	raiva	raiva	single_word			anger / rabies		none						raiva = anger / rabies
3252	3252	0	culpado	culpado	single_word			guilty / guilty party		none						culpado = guilty / guilty party
3253	3253	0	item	item	single_word			item		none						item = item
3254	3254	0	prevenir	prevenir	single_word			to prevent		none						prevenir = to prevent
3255	3255	0	formato	formato	single_word			format / form		none						formato = format / form
3256	3256	0	metálico	metálico	single_word			metallic		none						metálico = metallic
3257	3257	0	envolvimento	envolvimento	single_word			involvement		none						envolvimento = involvement
3258	3258	0	agressivo	agressivo	single_word			aggressive		none						agressivo = aggressive
3259	3259	0	extinção	extinção	single_word			extinction		none						extinção = extinction
3260	3260	0	dezoito	dezoito	single_word			eighteen		none						dezoito = eighteen
3261	3261	0	engenho	engenho	single_word			engine / sugar mill		none						engenho = engine / sugar mill
3262	3262	0	despedir	despedir	single_word			to say goodbye / to fire (job)		none						despedir = to say goodbye / to fire (job)
3263	3263	0	ocultar	ocultar	single_word			to conceal / hide		none						ocultar = to conceal / hide
3264	3264	0	cerco	cerco	single_word			siege / blockade / enclosing		none						cerco = siege / blockade / enclosing
3265	3265	0	montagem	montagem	single_word			assembly / editing		none						montagem = assembly / editing
3266	3266	0	tropical	tropical	single_word			tropical		none						tropical = tropical
3267	3267	0	extenso	extenso	single_word			extensive		none						extenso = extensive
3268	3268	0	misericórdia	misericórdia	single_word			mercy		none						misericórdia = mercy
3269	3269	0	terrestre	terrestre	single_word			of the earth / earthly		none						terrestre = of the earth / earthly
3270	3270	0	portão	portão	single_word			gate		none						portão = gate
3271	3271	0	poeira	poeira	single_word			dust		none						poeira = dust
3272	3272	0	capitalismo	capitalismo	single_word			capitalism		none						capitalismo = capitalism
3273	3273	0	multa	multa	single_word			fine		none						multa = fine
3274	3274	0	explodir	explodir	single_word			to explode		none						explodir = to explode
3275	3275	0	urgente	urgente	single_word			urgent		none						urgente = urgent
3276	3276	0	vosso	vosso	single_word			your (PL / mainly EP)		none						vosso = your (PL / mainly EP)
3277	3277	0	aborto	aborto	single_word			abortion		none						aborto = abortion
3278	3278	0	faca	faca	single_word			knife		none						faca = knife
3279	3279	0	concha	concha	single_word			shell		none						concha = shell
3280	3280	0	marginal	marginal	single_word			delinquent / lawless / marginal		none						marginal = delinquent / lawless / marginal
3281	3281	0	relevante	relevante	single_word			relevant		none						relevante = relevant
3282	3282	0	couro	couro	single_word			leather		none						couro = leather
3283	3283	0	aposta	aposta	single_word			bet		none						aposta = bet
3284	3284	0	espontâneo	espontâneo	single_word			spontaneous		none						espontâneo = spontaneous
3285	3285	0	gratuito	gratuito	single_word			free of charge		none						gratuito = free of charge
3286	3286	0	conservação	conservação	single_word			conservation		none						conservação = conservation
3287	3287	0	exposto	exposto	single_word			displayed / exposed		none						exposto = displayed / exposed
3288	3288	0	guerrilha	guerrilha	single_word			guerilla warfare		none						guerrilha = guerilla warfare
3289	3289	0	imitar	imitar	single_word			to imitate		none						imitar = to imitate
3290	3290	0	diamante	diamante	single_word			diamond		none						diamante = diamond
3291	3291	0	ocorrência	ocorrência	single_word			occurrence		none						ocorrência = occurrence
3292	3292	0	telhado	telhado	single_word			roof		none						telhado = roof
3293	3293	0	pescador	pescador	single_word			fisherman / fishing		none						pescador = fisherman / fishing
3294	3294	0	aparecimento	aparecimento	single_word			appearance		none						aparecimento = appearance
3295	3295	0	desempregado	desempregado	single_word			unemployed		none						desempregado = unemployed
3296	3296	0	ordinário	ordinário	single_word			usual / customary / vulgar		none						ordinário = usual / customary / vulgar
3297	3297	0	anular	anular	single_word			to revoke / annul		none						anular = to revoke / annul
3298	3298	0	quotidiano	quotidiano	single_word			day-to-day		none						quotidiano = day-to-day
3299	3299	0	apropriado	apropriado	single_word			appropriate		none						apropriado = appropriate
3300	3300	0	poluição	poluição	single_word			pollution		none						poluição = pollution
3301	3301	0	dotar	dotar	single_word			to endow / provide		none						dotar = to endow / provide
3302	3302	0	liceu	liceu	single_word			high school		none						liceu = high school
3303	3303	0	lagoa	lagoa	single_word			large lake		none						lagoa = large lake
3304	3304	0	credor	credor	single_word			creditor		none						credor = creditor
3305	3305	0	abordagem	abordagem	single_word			approach		none						abordagem = approach
3306	3306	0	antena	antena	single_word			antenna		none						antena = antenna
3307	3307	0	capturar	capturar	single_word			to capture		none						capturar = to capture
3308	3308	0	vingança	vingança	single_word			vengeance / revenge		none						vingança = vengeance / revenge
3309	3309	0	tapar	tapar	single_word			to cover / close		none						tapar = to cover / close
3310	3310	0	tábua	tábua	single_word			board / tablet / plank		none						tábua = board / tablet / plank
3311	3311	0	mel	mel	single_word			honey		none						mel = honey
3312	3312	0	encargo	encargo	single_word			responsibility / duty / job		none						encargo = responsibility / duty / job
3313	3313	0	condução	condução	single_word			driving (transportation)		none						condução = driving (transportation)
3314	3314	0	tático	tático	single_word			tactical / tactician		none						tático = tactical / tactician
3315	3315	0	barriga	barriga	single_word			belly / stomach		none						barriga = belly / stomach
3316	3316	0	prosa	prosa	single_word			prose		none						prosa = prose
3317	3317	0	percepção	percepção	single_word			perception		none						percepção = perception
3318	3318	0	diariamente	diariamente	single_word			daily		none						diariamente = daily
3319	3319	0	nacionalista	nacionalista	single_word			nationalist		none						nacionalista = nationalist
3320	3320	0	investigador	investigador	single_word			researcher / investigator		none						investigador = researcher / investigator
3321	3321	0	salvação	salvação	single_word			salvation		none						salvação = salvation
3322	3322	0	tubo	tubo	single_word			tube		none						tubo = tube
3323	3323	0	instância	instância	single_word			occurrence / instance		none						instância = occurrence / instance
3324	3324	0	endereço	endereço	single_word			address		none						endereço = address
3325	3325	0	frágil	frágil	single_word			fragile		none						frágil = fragile
3326	3326	0	eficácia	eficácia	single_word			effectiveness		none						eficácia = effectiveness
3327	3327	0	revestir	revestir	single_word			to cover / line		none						revestir = to cover / line
3328	3328	0	amoroso	amoroso	single_word			loving / tender / sweet		none						amoroso = loving / tender / sweet
3329	3329	0	implantação	implantação	single_word			implementation / implantation		none						implantação = implementation / implantation
3330	3330	0	privatização	privatização	single_word			privatization		none						privatização = privatization
3331	3331	0	parcial	parcial	single_word			partial		none						parcial = partial
3332	3332	0	monge	monge	single_word			monk		none						monge = monk
3333	3333	0	grama	grama	single_word			grass (F) / gram (M)		none						grama = grass (F) / gram (M)
3334	3334	0	temporal	temporal	single_word			temporal / tempest		none						temporal = temporal / tempest
3335	3335	0	aproximadamente	aproximadamente	single_word			approximately		none						aproximadamente = approximately
3336	3336	0	convidado	convidado	single_word			guest / invited		none						convidado = guest / invited
3337	3337	0	regulamento	regulamento	single_word			regulation		none						regulamento = regulation
3338	3338	0	simpático	simpático	single_word			friendly / nice		none						simpático = friendly / nice
3339	3339	0	idoso	idoso	single_word			elderly / aged		none						idoso = elderly / aged
3340	3340	0	mensal	mensal	single_word			monthly		none						mensal = monthly
3341	3341	0	ansiedade	ansiedade	single_word			anxiety		none						ansiedade = anxiety
3342	3342	0	disponibilidade	disponibilidade	single_word			availability		none						disponibilidade = availability
3343	3343	0	povoação	povoação	single_word			settlement		none						povoação = settlement
3344	3344	0	afastamento	afastamento	single_word			separation / dismissal / removal		none						afastamento = separation / dismissal / removal
3345	3345	0	minério	minério	single_word			mineral		none						minério = mineral
3346	3346	0	biológico	biológico	single_word			biological		none						biológico = biological
3347	3347	0	intimidade	intimidade	single_word			familiarity / intimacy		none						intimidade = familiarity / intimacy
3348	3348	0	cardeal	cardeal	single_word			cardinal (religion / point / etc.)		none						cardeal = cardinal (religion / point / etc.)
3349	3349	0	rival	rival	single_word			rival		none						rival = rival
3350	3350	0	instalado	instalado	single_word			installed		none						instalado = installed
3351	3351	0	comemorar	comemorar	single_word			to commemorate		none						comemorar = to commemorate
3352	3352	0	comprimento	comprimento	single_word			length		none						comprimento = length
3353	3353	0	roubo	roubo	single_word			theft / robbery		none						roubo = theft / robbery
3354	3354	0	respectivamente	respectivamente	single_word			respectively		none						respectivamente = respectively
3355	3355	0	banca	banca	single_word			news stand / bench / board		none						banca = news stand / bench / board
3356	3356	0	aceitação	aceitação	single_word			acceptance		none						aceitação = acceptance
3357	3357	0	ida	ida	single_word			(outbound) trip / departure		none						ida = (outbound) trip / departure
3358	3358	0	deparar	deparar	single_word			to run into / come across		none						deparar = to run into / come across
3359	3359	0	génio	génio	single_word			temperament		none						génio = temperament
3360	3360	0	denominar	denominar	single_word			to call / name		none						denominar = to call / name
3361	3361	0	editar	editar	single_word			to edit / publish		none						editar = to edit / publish
3362	3362	0	cobrança	cobrança	single_word			money collecting		none						cobrança = money collecting
3363	3363	0	esmagar	esmagar	single_word			to crush / smash		none						esmagar = to crush / smash
3364	3364	0	colono	colono	single_word			colonist / colonizer		none						colono = colonist / colonizer
3365	3365	0	fachada	fachada	single_word			facade / appearance		none						fachada = facade / appearance
3366	3366	0	túnel	túnel	single_word			tunnel		none						túnel = tunnel
3367	3367	0	ousar	ousar	single_word			to dare		none						ousar = to dare
3368	3368	0	chumbo	chumbo	single_word			lead (metal)		none						chumbo = lead (metal)
3369	3369	0	magro	magro	single_word			thin		none						magro = thin
3370	3370	0	treino	treino	single_word			training		none						treino = training
3371	3371	0	jóia	jóia	single_word			jewel		none						jóia = jewel
3372	3372	0	vós	vós	single_word			you (PL) (OBJ = vos)		none						vós = you (PL) (OBJ = vos)
3373	3373	0	popularidade	popularidade	single_word			popularity		none						popularidade = popularity
3374	3374	0	satélite	satélite	single_word			satellite		none						satélite = satellite
3375	3375	0	coordenador	coordenador	single_word			coordinator / coordinating		none						coordenador = coordinator / coordinating
3376	3376	0	quartel	quartel	single_word			barracks / quarters		none						quartel = barracks / quarters
3377	3377	0	desconfiar	desconfiar	single_word			to suspect / distrust		none						desconfiar = to suspect / distrust
3378	3378	0	invés	invés	single_word			instead (ao i.)		none						invés = instead (ao i.)
3378	3378	1	ao invés	ao invés	space_compound			instead (ao i.)		idiom_expansion						invés = instead (ao i.)
3379	3379	0	derrotar	derrotar	single_word			to defeat / overthrow		none						derrotar = to defeat / overthrow
3380	3380	0	golo	golo	single_word			goal (soccer / football)		none						golo = goal (soccer / football)
3381	3381	0	fado	fado	single_word			Portuguese musical genre / fate		none						fado = Portuguese musical genre / fate
3382	3382	0	sorriso	sorriso	single_word			smile		none						sorriso = smile
3383	3383	0	ilegal	ilegal	single_word			illegal		none						ilegal = illegal
3384	3384	0	vereador	vereador	single_word			city council member		none						vereador = city council member
3385	3385	0	pertencente	pertencente	single_word			pertaining to / belonging to		none						pertencente = pertaining to / belonging to
3386	3386	0	extinguir	extinguir	single_word			to extinguish		none						extinguir = to extinguish
3387	3387	0	calhar	calhar	single_word			to happen (by accident)		none						calhar = to happen (by accident)
3388	3388	0	acender	acender	single_word			to light / turn on the lights		none						acender = to light / turn on the lights
3389	3389	0	desprezar	desprezar	single_word			to despise / ignore		none						desprezar = to despise / ignore
3390	3390	0	encomendar	encomendar	single_word			to order / commission		none						encomendar = to order / commission
3391	3391	0	complicar	complicar	single_word			to complicate		none						complicar = to complicate
3392	3392	0	unha	unha	single_word			fingernail / toenail		none						unha = fingernail / toenail
3393	3393	0	indiano	indiano	single_word			Indian (from India)		none						indiano = Indian (from India)
3394	3394	0	bronze	bronze	single_word			bronze		none						bronze = bronze
3395	3395	0	navegação	navegação	single_word			navigation		none						navegação = navigation
3396	3396	0	macaco	macaco	single_word			monkey		none						macaco = monkey
3397	3397	0	adepto	adepto	single_word			adept / supporter / fan		none						adepto = adept / supporter / fan
3398	3398	0	ocupado	ocupado	single_word			busy / occupied		none						ocupado = busy / occupied
3399	3399	0	apreensão	apreensão	single_word			capture / apprehension		none						apreensão = capture / apprehension
3400	3400	0	frota	frota	single_word			fleet		none						frota = fleet
3401	3401	0	fotográfico	fotográfico	single_word			photographic		none						fotográfico = photographic
3402	3402	0	livrar	livrar	single_word			to free		none						livrar = to free
3403	3403	0	protagonista	protagonista	single_word			protagonist / main character		none						protagonista = protagonist / main character
3404	3404	0	contestar	contestar	single_word			to contest / appeal		none						contestar = to contest / appeal
3405	3405	0	demora	demora	single_word			delay / wait		none						demora = delay / wait
3406	3406	0	embarcar	embarcar	single_word			to embark		none						embarcar = to embark
3407	3407	0	ignorância	ignorância	single_word			ignorance		none						ignorância = ignorance
3408	3408	0	cooperativa	cooperativa	single_word			cooperative		none						cooperativa = cooperative
3409	3409	0	jurar	jurar	single_word			to swear		none						jurar = to swear
3410	3410	0	metropolitano	metropolitano	single_word			metropolitan / region		none						metropolitano = metropolitan / region
3411	3411	0	conforto	conforto	single_word			comfort		none						conforto = comfort
3412	3412	0	devidamente	devidamente	single_word			duly / rightfully		none						devidamente = duly / rightfully
3413	3413	0	revisor	revisor	single_word			proofreader / examining		none						revisor = proofreader / examining
3414	3414	0	inocente	inocente	single_word			innocent		none						inocente = innocent
3415	3415	0	deficiência	deficiência	single_word			deficiency		none						deficiência = deficiency
3416	3416	0	reprodução	reprodução	single_word			reproduction		none						reprodução = reproduction
3417	3417	0	telefonar	telefonar	single_word			to call / telephone		none						telefonar = to call / telephone
3418	3418	0	colo	colo	single_word			lap		none						colo = lap
3419	3419	0	quadra	quadra	single_word			block / court (sports)		none						quadra = block / court (sports)
3420	3420	0	torcer	torcer	single_word			to twist / root (for a team)		none						torcer = to twist / root (for a team)
3421	3421	0	mútuo	mútuo	single_word			mutual		none						mútuo = mutual
3422	3422	0	verba	verba	single_word			funding / amount (money)		none						verba = funding / amount (money)
3423	3423	0	monstro	monstro	single_word			monster		none						monstro = monster
3424	3424	0	súbito	súbito	single_word			sudden / unexpected		none						súbito = sudden / unexpected
3425	3425	0	minoria	minoria	single_word			minority		none						minoria = minority
3426	3426	0	elogio	elogio	single_word			compliment / praise		none						elogio = compliment / praise
3427	3427	0	bárbaro	bárbaro	single_word			barbaric / barbarian		none						bárbaro = barbaric / barbarian
3428	3428	0	brinquedo	brinquedo	single_word			toy		none						brinquedo = toy
3429	3429	0	aprofundar	aprofundar	single_word			to go into depth / deepen		none						aprofundar = to go into depth / deepen
3430	3430	0	suave	suave	single_word			soft / pleasing / smooth		none						suave = soft / pleasing / smooth
3431	3431	0	leal	leal	single_word			loyal		none						leal = loyal
3432	3432	0	perturbar	perturbar	single_word			to disturb / trouble / annoy		none						perturbar = to disturb / trouble / annoy
3433	3433	0	inconsciente	inconsciente	single_word			unconscious		none						inconsciente = unconscious
3434	3434	0	desespero	desespero	single_word			despair		none						desespero = despair
3435	3435	0	piorar	piorar	single_word			to get worse		none						piorar = to get worse
3436	3436	0	chapa	chapa	single_word			(metal) plate / sheet		none						chapa = (metal) plate / sheet
3437	3437	0	precipitar	precipitar	single_word			to come to a head / rush / act rashly		none						precipitar = to come to a head / rush / act rashly
3438	3438	0	coro	coro	single_word			choir / chorus		none						coro = choir / chorus
3439	3439	0	safra	safra	single_word			harvest		none						safra = harvest
3440	3440	0	repressão	repressão	single_word			repression		none						repressão = repression
3441	3441	0	mole	mole	single_word			soft / weak		none						mole = soft / weak
3442	3442	0	adolescência	adolescência	single_word			adolescence		none						adolescência = adolescence
3443	3443	0	convivência	convivência	single_word			coexistence / socializing		none						convivência = coexistence / socializing
3444	3444	0	camarada	camarada	single_word			comrade / friend / guy		none						camarada = comrade / friend / guy
3445	3445	0	testar	testar	single_word			to test		none						testar = to test
3446	3446	0	maduro	maduro	single_word			ripe / mature		none						maduro = ripe / mature
3447	3447	0	fragmento	fragmento	single_word			fragment		none						fragmento = fragment
3448	3448	0	obviamente	obviamente	single_word			obviously		none						obviamente = obviously
3449	3449	0	insuportável	insuportável	single_word			unbearable		none						insuportável = unbearable
3450	3450	0	maravilha	maravilha	single_word			wonder / marvel		none						maravilha = wonder / marvel
3451	3451	0	refugiar	refugiar	single_word			to take refuge (+se)		none						refugiar = to take refuge (+se)
3452	3452	0	borda	borda	single_word			bank / edge / margin		none						borda = bank / edge / margin
3453	3453	0	concorrente	concorrente	single_word			competitor / contestant		none						concorrente = competitor / contestant
3454	3454	0	indício	indício	single_word			hint / sign / trace		none						indício = hint / sign / trace
3455	3455	0	ridículo	ridículo	single_word			ridiculous (thing)		none						ridículo = ridiculous (thing)
3456	3456	0	sanitário	sanitário	single_word			sanitary / health		none						sanitário = sanitary / health
3457	3457	0	remeter	remeter	single_word			to send / remit / forward		none						remeter = to send / remit / forward
3458	3458	0	desligar	desligar	single_word			to turn off / disconnect		none						desligar = to turn off / disconnect
3459	3459	0	pêlo	pêlo	single_word			fur		none						pêlo = fur
3460	3460	0	consenso	consenso	single_word			consensus		none						consenso = consensus
3461	3461	0	experimental	experimental	single_word			experimental		none						experimental = experimental
3462	3462	0	cúpula	cúpula	single_word			dome / cupola		none						cúpula = dome / cupola
3463	3463	0	diploma	diploma	single_word			diploma		none						diploma = diploma
3464	3464	0	recado	recado	single_word			message / note		none						recado = message / note
3465	3465	0	gerir	gerir	single_word			to manage / direct / guide		none						gerir = to manage / direct / guide
3466	3466	0	pretexto	pretexto	single_word			pretext		none						pretexto = pretext
3467	3467	0	software	software	single_word			software		none						software = software
3468	3468	0	refeição	refeição	single_word			meal		none						refeição = meal
3469	3469	0	proclamar	proclamar	single_word			to proclaim		none						proclamar = to proclaim
3470	3470	0	telecomunicações	telecomunicações	single_word			telecommunications		none						telecomunicações = telecommunications
3471	3471	0	esquisito	esquisito	single_word			strange		none						esquisito = strange
3472	3472	0	gota	gota	single_word			drop (liquid)		none						gota = drop (liquid)
3473	3473	0	sexta-feira	sexta-feira	hyphenated_compound			Friday		none						sexta-feira = Friday
3474	3474	0	diversidade	diversidade	single_word			diversity		none						diversidade = diversity
3475	3475	0	samba	samba	single_word			samba		none						samba = samba
3476	3476	0	tabaco	tabaco	single_word			tobacco		none						tabaco = tobacco
3477	3477	0	noventa	noventa	single_word			ninety		none						noventa = ninety
3478	3478	0	óptimo	ótimo	single_word			excellent / optimal		spelling						óptimo = excellent / optimal
3479	3479	0	adopção	adoção	single_word			adoption		spelling						adopção = adoption
3480	3480	0	ascensão	ascensão	single_word			rise / ascension		none						ascensão = rise / ascension
3481	3481	0	parto	parto	single_word			childbirth		none						parto = childbirth
3482	3482	0	medieval	medieval	single_word			medieval		none						medieval = medieval
3483	3483	0	contente	contente	single_word			glad / satisfied / content		none						contente = glad / satisfied / content
3484	3484	0	resumo	resumo	single_word			summary		none						resumo = summary
3485	3485	0	variável	variável	single_word			varying / variable		none						variável = varying / variable
3486	3486	0	confederação	confederação	single_word			confederation		none						confederação = confederation
3487	3487	0	ironia	ironia	single_word			irony		none						ironia = irony
3488	3488	0	liso	liso	single_word			straight / smooth		none						liso = straight / smooth
3489	3489	0	eventualmente	eventualmente	single_word			eventually		none						eventualmente = eventually
3490	3490	0	lente	lente	single_word			lens		none						lente = lens
3491	3491	0	habitualmente	habitualmente	single_word			usually / habitually		none						habitualmente = usually / habitually
3492	3492	0	feição	feição	single_word			feature / appearance		none						feição = feature / appearance
3493	3493	0	calçada	calçada	single_word			sidewalk		none						calçada = sidewalk
3494	3494	0	óptico	ótico	single_word			optic / optical		spelling						óptico = optic / optical
3495	3495	0	previdência	previdência	single_word			precaution / welfare		none						previdência = precaution / welfare
3496	3496	0	defensor	defensor	single_word			defender / defending		none						defensor = defender / defending
3497	3497	0	determinante	determinante	single_word			determining / decisive		none						determinante = determining / decisive
3498	3498	0	secar	secar	single_word			to dry		none						secar = to dry
3499	3499	0	espacial	espacial	single_word			space / spatial		none						espacial = space / spatial
3500	3500	0	saia	saia	single_word			skirt		none						saia = skirt
3501	3501	0	barragem	barragem	single_word			dam / barrier		none						barragem = dam / barrier
3502	3502	0	genético	genético	single_word			genetic		none						genético = genetic
3503	3503	0	economista	economista	single_word			economist		none						economista = economist
3504	3504	0	designação	designação	single_word			designation / assignment		none						designação = designation / assignment
3505	3505	0	candidatar	candidatar	single_word			to become a candidate		none						candidatar = to become a candidate
3506	3506	0	vanguarda	vanguarda	single_word			avant-garde / front line		none						vanguarda = avant-garde / front line
3507	3507	0	chocar	chocar	single_word			to shock		none						chocar = to shock
3508	3508	0	provir	provir	single_word			to come from / proceed from		none						provir = to come from / proceed from
3509	3509	0	verbo	verbo	single_word			verb		none						verbo = verb
3510	3510	0	balcão	balcão	single_word			counter / balcony		none						balcão = counter / balcony
3511	3511	0	painel	painel	single_word			panel		none						painel = panel
3512	3512	0	perdido	perdido	single_word			lost		none						perdido = lost
3513	3513	0	brigar	brigar	single_word			to fight / argue		none						brigar = to fight / argue
3514	3514	0	engraçado	engraçado	single_word			funny		none						engraçado = funny
3515	3515	0	oriundo	oriundo	single_word			originating from		none						oriundo = originating from
3516	3516	0	cercado	cercado	single_word			enclosure / fenced		none						cercado = enclosure / fenced
3517	3517	0	pulso	pulso	single_word			pulse / wrist		none						pulso = pulse / wrist
3518	3518	0	contorno	contorno	single_word			contour / outline		none						contorno = contour / outline
3519	3519	0	divergência	divergência	single_word			disagreement / divergence		none						divergência = disagreement / divergence
3520	3520	0	bombeiro	bombeiro	single_word			fireman		none						bombeiro = fireman
3521	3521	0	possivelmente	possivelmente	single_word			possibly		none						possivelmente = possibly
3522	3522	0	comparecer	comparecer	single_word			to attend / appear at		none						comparecer = to attend / appear at
3523	3523	0	reinar	reinar	single_word			to rule / reign		none						reinar = to rule / reign
3524	3524	0	máscara	máscara	single_word			mask		none						máscara = mask
3525	3525	0	dissolver	dissolver	single_word			to dissolve		none						dissolver = to dissolve
3526	3526	0	pânico	pânico	single_word			panic		none						pânico = panic
3527	3527	0	bíblia	bíblia	single_word			Bible		none						bíblia = Bible
3528	3528	0	pinheiro	pinheiro	single_word			pine tree		none						pinheiro = pine tree
3529	3529	0	embarcação	embarcação	single_word			boat / ship		none						embarcação = boat / ship
3530	3530	0	educativo	educativo	single_word			educational		none						educativo = educational
3531	3531	0	simplicidade	simplicidade	single_word			simplicity		none						simplicidade = simplicity
3532	3532	0	paralelamente	paralelamente	single_word			at the same time / concurrently		none						paralelamente = at the same time / concurrently
3533	3533	0	rapidez	rapidez	single_word			speed		none						rapidez = speed
3534	3534	0	hesitar	hesitar	single_word			to hesitate		none						hesitar = to hesitate
3535	3535	0	sintético	sintético	single_word			synthetic		none						sintético = synthetic
3536	3536	0	elite	elite	single_word			elite		none						elite = elite
3537	3537	0	vulnerável	vulnerável	single_word			vulnerable		none						vulnerável = vulnerable
3538	3538	0	pátio	pátio	single_word			courtyard / patio / atrium		none						pátio = courtyard / patio / atrium
3539	3539	0	irritar	irritar	single_word			to irritate		none						irritar = to irritate
3540	3540	0	apressar	apressar	single_word			to hurry / hasten		none						apressar = to hurry / hasten
3541	3541	0	lesão	lesão	single_word			lesion		none						lesão = lesion
3542	3542	0	avó	avó	single_word			grandmother		none						avó = grandmother
3543	3543	0	copiar	copiar	single_word			to copy		none						copiar = to copy
3544	3544	0	capitalista	capitalista	single_word			capitalist		none						capitalista = capitalist
3545	3545	0	túmulo	túmulo	single_word			tomb		none						túmulo = tomb
3546	3546	0	movimentação	movimentação	single_word			movement		none						movimentação = movement
3547	3547	0	cintura	cintura	single_word			waist		none						cintura = waist
3548	3548	0	ligeiramente	ligeiramente	single_word			slightly / lightly		none						ligeiramente = slightly / lightly
3549	3549	0	olímpico	olímpico	single_word			Olympic		none						olímpico = Olympic
3550	3550	0	politicamente	politicamente	single_word			politically		none						politicamente = politically
3551	3551	0	juvenil	juvenil	single_word			youthful / juvenile		none						juvenil = youthful / juvenile
3552	3552	0	proibição	proibição	single_word			prohibition		none						proibição = prohibition
3553	3553	0	galo	galo	single_word			rooster		none						galo = rooster
3554	3554	0	induzir	induzir	single_word			to induce / incite		none						induzir = to induce / incite
3555	3555	0	órbita	órbita	single_word			orbit		none						órbita = orbit
3556	3556	0	sublinhar	sublinhar	single_word			to emphasize / underline / stress		none						sublinhar = to emphasize / underline / stress
3557	3557	0	totalidade	totalidade	single_word			totality / fullness		none						totalidade = totality / fullness
3558	3558	0	vigilância	vigilância	single_word			surveillance / vigilance		none						vigilância = surveillance / vigilance
3559	3559	0	geografia	geografia	single_word			geography		none						geografia = geography
3560	3560	0	gravidez	gravidez	single_word			pregnancy		none						gravidez = pregnancy
3561	3561	0	bancada	bancada	single_word			bench / parliamentary group		none						bancada = bench / parliamentary group
3562	3562	0	poupança	poupança	single_word			savings		none						poupança = savings
3563	3563	0	indiferente	indiferente	single_word			indifferent		none						indiferente = indifferent
3564	3564	0	óculos	óculos	single_word			glasses / spectacles		none						óculos = glasses / spectacles
3565	3565	0	descanso	descanso	single_word			rest (from labor)		none						descanso = rest (from labor)
3566	3566	0	confissão	confissão	single_word			confession		none						confissão = confession
3567	3567	0	fundir	fundir	single_word			to smelt / melt		none						fundir = to smelt / melt
3568	3568	0	admiração	admiração	single_word			admiration		none						admiração = admiration
3569	3569	0	rebentar	rebentar	single_word			to burst / explode		none						rebentar = to burst / explode
3570	3570	0	substituto	substituto	single_word			substitute		none						substituto = substitute
3571	3571	0	pesquisador	pesquisador	single_word			researcher / investigator		none						pesquisador = researcher / investigator
3572	3572	0	temático	temático	single_word			thematic		none						temático = thematic
3573	3573	0	sacerdote	sacerdote	single_word			priest		none						sacerdote = priest
3574	3574	0	animação	animação	single_word			encouragement		none						animação = encouragement
3575	3575	0	excepcional	excepcional	single_word			exceptional		none						excepcional = exceptional
3576	3576	0	engolir	engolir	single_word			to swallow		none						engolir = to swallow
3577	3577	0	garganta	garganta	single_word			throat		none						garganta = throat
3578	3578	0	biografia	biografia	single_word			biography		none						biografia = biography
3579	3579	0	intuito	intuito	single_word			motive / design / goal		none						intuito = motive / design / goal
3580	3580	0	emergir	emergir	single_word			to emerge		none						emergir = to emerge
3581	3581	0	eco	eco	single_word			echo		none						eco = echo
3582	3582	0	sábio	sábio	single_word			wise		none						sábio = wise
3583	3583	0	retórica	retórica	single_word			rhetoric		none						retórica = rhetoric
3584	3584	0	testemunho	testemunho	single_word			witness / testimony		none						testemunho = witness / testimony
3585	3585	0	sumir	sumir	single_word			to disappear		none						sumir = to disappear
3586	3586	0	doloroso	doloroso	single_word			painful / hurtful		none						doloroso = painful / hurtful
3587	3587	0	fabricante	fabricante	single_word			manufacturer / producer		none						fabricante = manufacturer / producer
3588	3588	0	errado	errado	single_word			wrong		none						errado = wrong
3589	3589	0	mencionar	mencionar	single_word			to mention		none						mencionar = to mention
3590	3590	0	exemplar	exemplar	single_word			copy / exemplary		none						exemplar = copy / exemplary
3591	3591	0	injustiça	injustiça	single_word			unfairness / injustice		none						injustiça = unfairness / injustice
3592	3592	0	institucional	institucional	single_word			institutional		none						institucional = institutional
3593	3593	0	localidade	localidade	single_word			place / location		none						localidade = place / location
3594	3594	0	molho	molho	single_word			sauce		none						molho = sauce
3595	3595	0	engano	engano	single_word			mistake / error / deceit		none						engano = mistake / error / deceit
3596	3596	0	agulha	agulha	single_word			needle		none						agulha = needle
3597	3597	0	turno	turno	single_word			round / shift		none						turno = round / shift
3598	3598	0	surdo	surdo	single_word			deaf		none						surdo = deaf
3599	3599	0	descida	descida	single_word			drop / decrease		none						descida = drop / decrease
3600	3600	0	recorde	recorde	single_word			record		none						recorde = record
3601	3601	0	calda	calda	single_word			syrup		none						calda = syrup
3602	3602	0	dotado	dotado	single_word			endowed / gifted		none						dotado = endowed / gifted
3603	3603	0	naval	naval	single_word			naval		none						naval = naval
3604	3604	0	proferir	proferir	single_word			to utter / state / say		none						proferir = to utter / state / say
3605	3605	0	mármore	mármore	single_word			marble		none						mármore = marble
3606	3606	0	especialidade	especialidade	single_word			specialty		none						especialidade = specialty
3607	3607	0	gerente	gerente	single_word			manager		none						gerente = manager
3608	3608	0	detectar	detectar	single_word			to detect		none						detectar = to detect
3609	3609	0	picar	picar	single_word			to sting / prick / bite		none						picar = to sting / prick / bite
3610	3610	0	infraestrutura	infraestrutura	single_word			infrastructure		none						infraestrutura = infrastructure
3611	3611	0	sindical	sindical	single_word			relating to a trade union		none						sindical = relating to a trade union
3612	3612	0	trono	trono	single_word			throne		none						trono = throne
3613	3613	0	acionista	acionista	single_word			stockholder		none						acionista = stockholder
3614	3614	0	reeleição	reeleição	single_word			re-election		none						reeleição = re-election
3615	3615	0	socorro	socorro	single_word			aid / help / relief		none						socorro = aid / help / relief
3616	3616	0	turístico	turístico	single_word			tourist		none						turístico = tourist
3617	3617	0	agitação	agitação	single_word			commotion / agitation		none						agitação = commotion / agitation
3618	3618	0	elegante	elegante	single_word			elegant		none						elegante = elegant
3619	3619	0	sucedido	sucedido	single_word			successful / succeeded		none						sucedido = successful / succeeded
3620	3620	0	magnífico	magnífico	single_word			magnificent		none						magnífico = magnificent
3621	3621	0	irregularidade	irregularidade	single_word			irregularity		none						irregularidade = irregularity
3622	3622	0	tráfico	tráfico	single_word			trafficking		none						tráfico = trafficking
3623	3623	0	equilibrado	equilibrado	single_word			balanced		none						equilibrado = balanced
3624	3624	0	lógico	lógico	single_word			logical		none						lógico = logical
3625	3625	0	decorrente	decorrente	single_word			resulting from		none						decorrente = resulting from
3626	3626	0	integral	integral	single_word			full / whole / integral		none						integral = full / whole / integral
3627	3627	0	consequentemente	consequentemente	single_word			consequently / as a result		none						consequentemente = consequently / as a result
3628	3628	0	intérprete	intérprete	single_word			performer / interpreter		none						intérprete = performer / interpreter
3629	3629	0	educado	educado	single_word			polite / well-mannered / educated		none						educado = polite / well-mannered / educated
3630	3630	0	recordação	recordação	single_word			recollection / souvenir		none						recordação = recollection / souvenir
3631	3631	0	inspetor	inspetor	single_word			inspector		none						inspetor = inspector
3632	3632	0	instituir	instituir	single_word			to institute		none						instituir = to institute
3633	3633	0	leque	leque	single_word			range / scope / hand-fan		none						leque = range / scope / hand-fan
3634	3634	0	filmar	filmar	single_word			to film		none						filmar = to film
3635	3635	0	estatístico	estatístico	single_word			statistical / statistician		none						estatístico = statistical / statistician
3636	3636	0	estabelecido	estabelecido	single_word			established		none						estabelecido = established
3637	3637	0	denso	denso	single_word			dense / thick		none						denso = dense / thick
3638	3638	0	convívio	convívio	single_word			act of living together		none						convívio = act of living together
3639	3639	0	fígado	fígado	single_word			liver		none						fígado = liver
3640	3640	0	habituado	habituado	single_word			used to / accustomed		none						habituado = used to / accustomed
3641	3641	0	mala	mala	single_word			suitcase / luggage		none						mala = suitcase / luggage
3642	3642	0	repouso	repouso	single_word			rest / repose		none						repouso = rest / repose
3643	3643	0	batalhão	batalhão	single_word			battalion		none						batalhão = battalion
3644	3644	0	dispersar	dispersar	single_word			to disperse / scatter		none						dispersar = to disperse / scatter
3645	3645	0	apaixonar	apaixonar	single_word			to fall in love with		none						apaixonar = to fall in love with
3646	3646	0	vegetação	vegetação	single_word			vegetation		none						vegetação = vegetation
3647	3647	0	procurador	procurador	single_word			proxy / attorney		none						procurador = proxy / attorney
3648	3648	0	tristeza	tristeza	single_word			sadness		none						tristeza = sadness
3649	3649	0	enfiar	enfiar	single_word			to put into or through		none						enfiar = to put into or through
3650	3650	0	afundar	afundar	single_word			to sink		none						afundar = to sink
3651	3651	0	exibição	exibição	single_word			showing / exhibition		none						exibição = showing / exhibition
3652	3652	0	espantar	espantar	single_word			to surprise		none						espantar = to surprise
3653	3653	0	gigantesco	gigantesco	single_word			gigantic		none						gigantesco = gigantic
3654	3654	0	cordão	cordão	single_word			cord / string / necklace		none						cordão = cord / string / necklace
3655	3655	0	rezar	rezar	single_word			to say a rote prayer		none						rezar = to say a rote prayer
3656	3656	0	exportar	exportar	single_word			to export		none						exportar = to export
3657	3657	0	precário	precário	single_word			precarious		none						precário = precarious
3658	3658	0	tentação	tentação	single_word			temptation		none						tentação = temptation
3659	3659	0	sino	sino	single_word			bell		none						sino = bell
3660	3660	0	decorar	decorar	single_word			to memorize / decorate		none						decorar = to memorize / decorate
3661	3661	0	suspeito	suspeito	single_word			suspect / suspected		none						suspeito = suspect / suspected
3662	3662	0	saldo	saldo	single_word			balance / remainder		none						saldo = balance / remainder
3663	3663	0	síntese	síntese	single_word			synthesis		none						síntese = synthesis
3664	3664	0	malha	malha	single_word			knit clothing / net / club		none						malha = knit clothing / net / club
3665	3665	0	coelho	coelho	single_word			rabbit		none						coelho = rabbit
3666	3666	0	soar	soar	single_word			to sound		none						soar = to sound
3667	3667	0	atrapalhar	atrapalhar	single_word			to get in the way of / frustrate		none						atrapalhar = to get in the way of / frustrate
3668	3668	0	falência	falência	single_word			bankruptcy / failure		none						falência = bankruptcy / failure
3669	3669	0	imposição	imposição	single_word			imposition		none						imposição = imposition
3670	3670	0	recusa	recusa	single_word			refusal		none						recusa = refusal
3671	3671	0	navegar	navegar	single_word			to navigate		none						navegar = to navigate
3672	3672	0	inspeção	inspeção	single_word			inspection		none						inspeção = inspection
3673	3673	0	embaixada	embaixada	single_word			embassy		none						embaixada = embassy
3674	3674	0	moço	moço	single_word			young man / boy		none						moço = young man / boy
3675	3675	0	conversão	conversão	single_word			conversion		none						conversão = conversion
3676	3676	0	ânimo	ânimo	single_word			spirit / courage / excitement		none						ânimo = spirit / courage / excitement
3677	3677	0	acampamento	acampamento	single_word			camp / encampment		none						acampamento = camp / encampment
3678	3678	0	altar	altar	single_word			altar		none						altar = altar
3679	3679	0	assento	assento	single_word			seat / spot		none						assento = seat / spot
3680	3680	0	doar	doar	single_word			to bequeath / donate		none						doar = to bequeath / donate
3681	3681	0	coordenar	coordenar	single_word			to manage / coordinate		none						coordenar = to manage / coordinate
3682	3682	0	vestuário	vestuário	single_word			clothing / garment		none						vestuário = clothing / garment
3683	3683	0	desagradável	desagradável	single_word			unpleasant		none						desagradável = unpleasant
3684	3684	0	treze	treze	single_word			thirteen		none						treze = thirteen
3685	3685	0	ácido	ácido	single_word			acid		none						ácido = acid
3686	3686	0	saudável	saudável	single_word			healthy		none						saudável = healthy
3687	3687	0	lençol	lençol	single_word			sheet		none						lençol = sheet
3688	3688	0	decadência	decadência	single_word			decline / decadence		none						decadência = decline / decadence
3689	3689	0	uva	uva	single_word			grape		none						uva = grape
3690	3690	0	retirada	retirada	single_word			retreat / withdrawal		none						retirada = retreat / withdrawal
3691	3691	0	tapete	tapete	single_word			rug / carpet		none						tapete = rug / carpet
3692	3692	0	fiar	fiar	single_word			to spin (cloth) / trust		none						fiar = to spin (cloth) / trust
3693	3693	0	generoso	generoso	single_word			generous		none						generoso = generous
3694	3694	0	penal	penal	single_word			penal		none						penal = penal
3695	3695	0	incentivar	incentivar	single_word			to encourage / motivate		none						incentivar = to encourage / motivate
3696	3696	0	foguete	foguete	single_word			firework / rocket / fast train		none						foguete = firework / rocket / fast train
3697	3697	0	barraca	barraca	single_word			shack / tent / hut		none						barraca = shack / tent / hut
3698	3698	0	soberania	soberania	single_word			sovereignty / authority		none						soberania = sovereignty / authority
3699	3699	0	curar	curar	single_word			to cure / heal		none						curar = to cure / heal
3700	3700	0	cerrado	cerrado	single_word			closed		none						cerrado = closed
3701	3701	0	repertório	repertório	single_word			repertoire		none						repertório = repertoire
3702	3702	0	árbitro	árbitro	single_word			referee		none						árbitro = referee
3703	3703	0	maciço	maciço	single_word			in mass / solid / mountain range		none						maciço = in mass / solid / mountain range
3704	3704	0	fatal	fatal	single_word			fatal		none						fatal = fatal
3705	3705	0	desesperado	desesperado	single_word			in despair / without hope		none						desesperado = in despair / without hope
3706	3706	0	terreiro	terreiro	single_word			yard / spacious outdoor area		none						terreiro = yard / spacious outdoor area
3707	3707	0	imperial	imperial	single_word			imperial		none						imperial = imperial
3708	3708	0	cineasta	cineasta	single_word			film producer		none						cineasta = film producer
3709	3709	0	percentagem	percentagem	single_word			percentage		none						percentagem = percentage
3710	3710	0	escalar	escalar	single_word			to scale / climb		none						escalar = to scale / climb
3711	3711	0	ficha	ficha	single_word			form / slip / card		none						ficha = form / slip / card
3712	3712	0	fingir	fingir	single_word			to pretend / fake		none						fingir = to pretend / fake
3713	3713	0	ofensiva	ofensiva	single_word			offensive		none						ofensiva = offensive
3714	3714	0	oscilar	oscilar	single_word			to shake / oscillate		none						oscilar = to shake / oscillate
3715	3715	0	enxergar	enxergar	single_word			to catch sight of / make out		none						enxergar = to catch sight of / make out
3716	3716	0	desequilíbrio	desequilíbrio	single_word			imbalance		none						desequilíbrio = imbalance
3717	3717	0	pop	pop	single_word			pop		none						pop = pop
3718	3718	0	detrás	detrás	single_word			behind		none						detrás = behind
3719	3719	0	vestígio	vestígio	single_word			remains / vestige		none						vestígio = remains / vestige
3720	3720	0	vaidade	vaidade	single_word			vanity		none						vaidade = vanity
3721	3721	0	pressionar	pressionar	single_word			to pressure / press		none						pressionar = to pressure / press
3722	3722	0	bailarina	bailarina	single_word			ballerina		none						bailarina = ballerina
3723	3723	0	fórum	fórum	single_word			court / forum		none						fórum = court / forum
3724	3724	0	bicicleta	bicicleta	single_word			bicycle		none						bicicleta = bicycle
3725	3725	0	consagrar	consagrar	single_word			to be recognized for (+se) / consecrate		none						consagrar = to be recognized for (+se) / consecrate
3726	3726	0	torneio	torneio	single_word			tournament		none						torneio = tournament
3727	3727	0	realismo	realismo	single_word			realism		none						realismo = realism
3728	3728	0	aranha	aranha	single_word			spider		none						aranha = spider
3729	3729	0	quinhentos	quinhentos	single_word			five hundred		none						quinhentos = five hundred
3730	3730	0	brilhar	brilhar	single_word			to sparkle / shine		none						brilhar = to sparkle / shine
3731	3731	0	delegação	delegação	single_word			delegation		none						delegação = delegation
3732	3732	0	aquando	aquando	single_word			at the time (of)		none						aquando = at the time (of)
3733	3733	0	fotografar	fotografar	single_word			to photograph		none						fotografar = to photograph
3734	3734	0	morder	morder	single_word			to bite		none						morder = to bite
3735	3735	0	bateria	bateria	single_word			battery / percussion		none						bateria = battery / percussion
3736	3736	0	restringir	restringir	single_word			to restrict		none						restringir = to restrict
3737	3737	0	cofre	cofre	single_word			safe / coffer / chest		none						cofre = safe / coffer / chest
3738	3738	0	sudeste	sudeste	single_word			Southeast		none						sudeste = Southeast
3739	3739	0	lírico	lírico	single_word			lyric		none						lírico = lyric
3740	3740	0	invisível	invisível	single_word			invisible		none						invisível = invisible
3741	3741	0	místico	místico	single_word			mystic / mystical		none						místico = mystic / mystical
3742	3742	0	reger	reger	single_word			to rule / manage / conduct (music)		none						reger = to rule / manage / conduct (music)
3743	3743	0	culpar	culpar	single_word			to blame / place guilt		none						culpar = to blame / place guilt
3744	3744	0	automaticamente	automaticamente	single_word			automatically		none						automaticamente = automatically
3745	3745	0	clareza	clareza	single_word			clarity		none						clareza = clarity
3746	3746	0	elevação	elevação	single_word			rising / elevation / ascent		none						elevação = rising / elevation / ascent
3747	3747	0	transparência	transparência	single_word			clarity / transparency		none						transparência = clarity / transparency
3748	3748	0	cansar	cansar	single_word			to get tired (+se)		none						cansar = to get tired (+se)
3749	3749	0	cunhado	cunhado	single_word			brother or sister-in-law		none						cunhado = brother or sister-in-law
3750	3750	0	vencimento	vencimento	single_word			expiration / salary		none						vencimento = expiration / salary
3751	3751	0	liberado	liberado	single_word			free / available		none						liberado = free / available
3752	3752	0	doação	doação	single_word			donation		none						doação = donation
3753	3753	0	nascente	nascente	single_word			source / East / emerging		none						nascente = source / East / emerging
3754	3754	0	consagrado	consagrado	single_word			consecrated		none						consagrado = consecrated
3755	3755	0	ingénuo	ingénuo	single_word			naive / innocent		none						ingénuo = naive / innocent
3756	3756	0	sopa	sopa	single_word			soup		none						sopa = soup
3757	3757	0	livraria	livraria	single_word			bookstore		none						livraria = bookstore
3758	3758	0	panorama	panorama	single_word			scene / panorama / view		none						panorama = scene / panorama / view
3759	3759	0	treinador	treinador	single_word			coach / trainer		none						treinador = coach / trainer
3760	3760	0	segunda-feira	segunda-feira	hyphenated_compound			Monday		none						segunda-feira = Monday
3761	3761	0	lâmpada	lâmpada	single_word			lamp / light bulb		none						lâmpada = lamp / light bulb
3762	3762	0	sentado	sentado	single_word			seated		none						sentado = seated
3763	3763	0	turista	turista	single_word			tourist		none						turista = tourist
3764	3764	0	alugar	alugar	single_word			to rent		none						alugar = to rent
3765	3765	0	ante	ante	single_word			before (in front of)		none						ante = before (in front of)
3766	3766	0	cheirar	cheirar	single_word			to smell		none						cheirar = to smell
3767	3767	0	altitude	altitude	single_word			altitude		none						altitude = altitude
3768	3768	0	limpo	limpo	single_word			clear / clean		none						limpo = clear / clean
3769	3769	0	generalizado	generalizado	single_word			widespread / generalized		none						generalizado = widespread / generalized
3770	3770	0	seca	seca	single_word			drought		none						seca = drought
3771	3771	0	escultor	escultor	single_word			sculptor		none						escultor = sculptor
3772	3772	0	parágrafo	parágrafo	single_word			paragraph		none						parágrafo = paragraph
3773	3773	0	humilde	humilde	single_word			humble		none						humilde = humble
3774	3774	0	desconfiança	desconfiança	single_word			distrust		none						desconfiança = distrust
3775	3775	0	considerável	considerável	single_word			considerable		none						considerável = considerable
3776	3776	0	marcação	marcação	single_word			measuring / marking		none						marcação = measuring / marking
3777	3777	0	galego	galego	single_word			Galician		none						galego = Galician
3778	3778	0	favela	favela	single_word			slum / ghetto		none						favela = slum / ghetto
3779	3779	0	vingar	vingar	single_word			to avenge / take revenge		none						vingar = to avenge / take revenge
3780	3780	0	farmácia	farmácia	single_word			pharmacy		none						farmácia = pharmacy
3781	3781	0	quintal	quintal	single_word			yard		none						quintal = yard
3782	3782	0	agressão	agressão	single_word			aggression		none						agressão = aggression
3783	3783	0	ônibus	ônibus	single_word			bus		none						ônibus = bus
3784	3784	0	angolano	angolano	single_word			Angolan		none						angolano = Angolan
3785	3785	0	superficial	superficial	single_word			superficial		none						superficial = superficial
3786	3786	0	nacionalidade	nacionalidade	single_word			nationality		none						nacionalidade = nationality
3787	3787	0	instinto	instinto	single_word			instinct		none						instinto = instinct
3788	3788	0	nítido	nítido	single_word			clear / explicit / sharp		none						nítido = clear / explicit / sharp
3789	3789	0	tia	tia	single_word			aunt		none						tia = aunt
3790	3790	0	autoritário	autoritário	single_word			authoritarian		none						autoritário = authoritarian
3791	3791	0	contrapartida	contrapartida	single_word			(em c.) on the other hand		none						contrapartida = (em c.) on the other hand
3791	3791	1	em contrapartida	em contrapartida	space_compound			(em c.) on the other hand		idiom_expansion						contrapartida = (em c.) on the other hand
3792	3792	0	continuação	continuação	single_word			continuation		none						continuação = continuation
3793	3793	0	bandido	bandido	single_word			outlaw / bandit		none						bandido = outlaw / bandit
3794	3794	0	tráfego	tráfego	single_word			traffic		none						tráfego = traffic
3795	3795	0	recomeçar	recomeçar	single_word			to resume / restart		none						recomeçar = to resume / restart
3796	3796	0	reivindicação	reivindicação	single_word			demand / formal complaint		none						reivindicação = demand / formal complaint
3797	3797	0	quantia	quantia	single_word			sum / portion / amount		none						quantia = sum / portion / amount
3798	3798	0	misterioso	misterioso	single_word			mysterious		none						misterioso = mysterious
3799	3799	0	têxtil	têxtil	single_word			textile		none						têxtil = textile
3800	3800	0	subterrâneo	subterrâneo	single_word			underground		none						subterrâneo = underground
3801	3801	0	disfarçar	disfarçar	single_word			to disguise / pretend		none						disfarçar = to disguise / pretend
3802	3802	0	sucessor	sucessor	single_word			successor		none						sucessor = successor
3803	3803	0	apetecer	apetecer	single_word			to appeal (to)		none						apetecer = to appeal (to)
3804	3804	0	étnico	étnico	single_word			ethnic		none						étnico = ethnic
3805	3805	0	noiva	noiva	single_word			bride / fiancée		none						noiva = bride / fiancée
3806	3806	0	fundado	fundado	single_word			based / founded		none						fundado = based / founded
3807	3807	0	demónio	demónio	single_word			devil / demon		none						demónio = devil / demon
3808	3808	0	honesto	honesto	single_word			honest		none						honesto = honest
3809	3809	0	desculpar	desculpar	single_word			to forgive / excuse		none						desculpar = to forgive / excuse
3810	3810	0	ultimamente	ultimamente	single_word			lately		none						ultimamente = lately
3811	3811	0	degradação	degradação	single_word			degradation		none						degradação = degradation
3812	3812	0	cruzamento	cruzamento	single_word			mixing / intersection		none						cruzamento = mixing / intersection
3813	3813	0	acarretar	acarretar	single_word			to cause / provoke		none						acarretar = to cause / provoke
3814	3814	0	verbal	verbal	single_word			verbal		none						verbal = verbal
3815	3815	0	nobreza	nobreza	single_word			nobility		none						nobreza = nobility
3816	3816	0	pernambucano	pernambucano	single_word			from Pernambuco		none						pernambucano = from Pernambuco
3817	3817	0	estatística	estatística	single_word			statistic / statistics		none						estatística = statistic / statistics
3818	3818	0	táxi	táxi	single_word			taxi		none						táxi = taxi
3819	3819	0	preservação	preservação	single_word			preservation		none						preservação = preservation
3820	3820	0	operacional	operacional	single_word			operational / operating		none						operacional = operational / operating
3821	3821	0	manteiga	manteiga	single_word			butter		none						manteiga = butter
3822	3822	0	emocional	emocional	single_word			emotional		none						emocional = emotional
3823	3823	0	perdão	perdão	single_word			forgiveness		none						perdão = forgiveness
3824	3824	0	rasgar	rasgar	single_word			to tear / rip		none						rasgar = to tear / rip
3825	3825	0	gene	gene	single_word			gene		none						gene = gene
3826	3826	0	vertical	vertical	single_word			vertical		none						vertical = vertical
3827	3827	0	lenha	lenha	single_word			firewood		none						lenha = firewood
3828	3828	0	mentalidade	mentalidade	single_word			mentality		none						mentalidade = mentality
3829	3829	0	terrorista	terrorista	single_word			terrorist		none						terrorista = terrorist
3830	3830	0	perturbação	perturbação	single_word			disturbance / commotion		none						perturbação = disturbance / commotion
3831	3831	0	lote	lote	single_word			lot		none						lote = lot
3832	3832	0	bem-estar	bem-estar	hyphenated_compound			well-being		none						bem-estar = well-being
3833	3833	0	cruel	cruel	single_word			cruel		none						cruel = cruel
3834	3834	0	rondar	rondar	single_word			to be approximately / circle		none						rondar = to be approximately / circle
3835	3835	0	reclamação	reclamação	single_word			complaint / grievance		none						reclamação = complaint / grievance
3836	3836	0	infeliz	infeliz	single_word			unhappy		none						infeliz = unhappy
3837	3837	0	ténis	ténis	single_word			tennis / tennis shoes		none						ténis = tennis / tennis shoes
3838	3838	0	manso	manso	single_word			meek / tame / gentle		none						manso = meek / tame / gentle
3839	3839	0	confuso	confuso	single_word			confused / confusing		none						confuso = confused / confusing
3840	3840	0	oposto	oposto	single_word			opposite / opposing		none						oposto = opposite / opposing
3841	3841	0	degrau	degrau	single_word			step		none						degrau = step
3842	3842	0	camisola	camisola	single_word			nightgown (BP) / sweater (EP)		none						camisola = nightgown (BP) / sweater (EP)
3843	3843	0	magnético	magnético	single_word			magnetic		none						magnético = magnetic
3844	3844	0	hectare	hectare	single_word			hectare		none						hectare = hectare
3845	3845	0	beijo	beijo	single_word			kiss		none						beijo = kiss
3846	3846	0	reformar	reformar	single_word			to reform		none						reformar = to reform
3847	3847	0	revoltar	revoltar	single_word			to revolt / disgust		none						revoltar = to revolt / disgust
3848	3848	0	ascender	ascender	single_word			to go up / ascend		none						ascender = to go up / ascend
3849	3849	0	interlocutor	interlocutor	single_word			spokesperson / speaker		none						interlocutor = spokesperson / speaker
3850	3850	0	centrar	centrar	single_word			to center / focus		none						centrar = to center / focus
3851	3851	0	mobilizar	mobilizar	single_word			to mobilize		none						mobilizar = to mobilize
3852	3852	0	incerteza	incerteza	single_word			uncertainty		none						incerteza = uncertainty
3853	3853	0	testamento	testamento	single_word			will / testament		none						testamento = will / testament
3854	3854	0	feroz	feroz	single_word			fierce / ferocious		none						feroz = fierce / ferocious
3855	3855	0	comercialização	comercialização	single_word			marketing / commercialization		none						comercialização = marketing / commercialization
3856	3856	0	despejar	despejar	single_word			to pour / evict		none						despejar = to pour / evict
3857	3857	0	encosta	encosta	single_word			slope / hillside		none						encosta = slope / hillside
3858	3858	0	aprendizagem	aprendizagem	single_word			learning		none						aprendizagem = learning
3859	3859	0	aproveitamento	aproveitamento	single_word			act of taking advantage		none						aproveitamento = act of taking advantage
3860	3860	0	escritura	escritura	single_word			scriptures / legal document		none						escritura = scriptures / legal document
3861	3861	0	pancada	pancada	single_word			blow / hit		none						pancada = blow / hit
3862	3862	0	cansaço	cansaço	single_word			fatigue / exhaustion		none						cansaço = fatigue / exhaustion
3863	3863	0	racional	racional	single_word			rational		none						racional = rational
3864	3864	0	virtual	virtual	single_word			virtual		none						virtual = virtual
3865	3865	0	disciplinar	disciplinar	single_word			to discipline		none						disciplinar = to discipline
3866	3866	0	fornecimento	fornecimento	single_word			supply / furnishing		none						fornecimento = supply / furnishing
3867	3867	0	monarquia	monarquia	single_word			monarchy		none						monarquia = monarchy
3868	3868	0	esforçar	esforçar	single_word			to strive / try hard		none						esforçar = to strive / try hard
3869	3869	0	repartição	repartição	single_word			office / distribution		none						repartição = office / distribution
3870	3870	0	indireto	indireto	single_word			indirect		none						indireto = indirect
3871	3871	0	característico	característico	single_word			characteristic (feature)		none						característico = characteristic (feature)
3872	3872	0	quinta-feira	quinta-feira	hyphenated_compound			Thursday		none						quinta-feira = Thursday
3873	3873	0	fraude	fraude	single_word			fraud		none						fraude = fraud
3874	3874	0	especificamente	especificamente	single_word			specifically		none						especificamente = specifically
3875	3875	0	júri	júri	single_word			jury		none						júri = jury
3876	3876	0	sétimo	sétimo	single_word			seventh		none						sétimo = seventh
3877	3877	0	cela	cela	single_word			cell (building)		none						cela = cell (building)
3878	3878	0	pousar	pousar	single_word			to land / rest		none						pousar = to land / rest
3879	3879	0	sanção	sanção	single_word			sanction		none						sanção = sanction
3880	3880	0	empenho	empenho	single_word			dedication / effort / focus		none						empenho = dedication / effort / focus
3881	3881	0	afastado	afastado	single_word			cut off / removed / distanced		none						afastado = cut off / removed / distanced
3882	3882	0	decoração	decoração	single_word			decoration / embellishment		none						decoração = decoration / embellishment
3883	3883	0	ponderar	ponderar	single_word			to ponder		none						ponderar = to ponder
3884	3884	0	fogueira	fogueira	single_word			bonfire		none						fogueira = bonfire
3885	3885	0	exceder	exceder	single_word			to exceed		none						exceder = to exceed
3886	3886	0	mentir	mentir	single_word			to lie		none						mentir = to lie
3887	3887	0	polémica	polémica	single_word			controversy		none						polémica = controversy
3888	3888	0	acessível	acessível	single_word			accessible		none						acessível = accessible
3889	3889	0	confrontar	confrontar	single_word			to confront		none						confrontar = to confront
3890	3890	0	secretário-geral	secretário-geral	hyphenated_compound			secretary-general		none						secretário-geral = secretary-general
3891	3891	0	requisito	requisito	single_word			requirement / requisite		none						requisito = requirement / requisite
3892	3892	0	valorização	valorização	single_word			appreciation (in value)		none						valorização = appreciation (in value)
3893	3893	0	litro	litro	single_word			liter		none						litro = liter
3894	3894	0	criativo	criativo	single_word			creative		none						criativo = creative
3895	3895	0	constituinte	constituinte	single_word			constituent / part of / member		none						constituinte = constituent / part of / member
3896	3896	0	silencioso	silencioso	single_word			silent		none						silencioso = silent
3897	3897	0	salarial	salarial	single_word			relating to salary		none						salarial = relating to salary
3898	3898	0	adjunto	adjunto	single_word			assistant / adjunct		none						adjunto = assistant / adjunct
3899	3899	0	caridade	caridade	single_word			charity		none						caridade = charity
3900	3900	0	carência	carência	single_word			lack of / need		none						carência = lack of / need
3901	3901	0	grávida	grávida	single_word			pregnant		none						grávida = pregnant
3902	3902	0	sofisticado	sofisticado	single_word			sophisticated		none						sofisticado = sophisticated
3903	3903	0	mobiliário	mobiliário	single_word			furniture		none						mobiliário = furniture
3904	3904	0	repetição	repetição	single_word			repetition		none						repetição = repetition
3905	3905	0	discípulo	discípulo	single_word			disciple		none						discípulo = disciple
3906	3906	0	trezentos	trezentos	single_word			three hundred		none						trezentos = three hundred
3907	3907	0	pianista	pianista	single_word			pianist		none						pianista = pianist
3908	3908	0	alastrar	alastrar	single_word			to spread		none						alastrar = to spread
3909	3909	0	restaurar	restaurar	single_word			to restore		none						restaurar = to restore
3910	3910	0	teia	teia	single_word			web (spider)		none						teia = web (spider)
3911	3911	0	cova	cova	single_word			opening / cave / hole		none						cova = opening / cave / hole
3912	3912	0	tarifa	tarifa	single_word			tariff		none						tarifa = tariff
3913	3913	0	carregado	carregado	single_word			loaded with / carried		none						carregado = loaded with / carried
3914	3914	0	decretar	decretar	single_word			to decree		none						decretar = to decree
3915	3915	0	intuição	intuição	single_word			intuition		none						intuição = intuition
3916	3916	0	imigrante	imigrante	single_word			immigrant		none						imigrante = immigrant
3917	3917	0	ditar	ditar	single_word			to dictate		none						ditar = to dictate
3918	3918	0	infeção	infeção	single_word			infection		none						infeção = infection
3919	3919	0	sabedoria	sabedoria	single_word			wisdom		none						sabedoria = wisdom
3920	3920	0	pioneiro	pioneiro	single_word			pioneer / pioneering		none						pioneiro = pioneer / pioneering
3921	3921	0	banhar	banhar	single_word			to bathe		none						banhar = to bathe
3922	3922	0	tremendo	tremendo	single_word			tremendous		none						tremendo = tremendous
3923	3923	0	aparição	aparição	single_word			apparition / appearance		none						aparição = apparition / appearance
3924	3924	0	devagar	devagar	single_word			slowly / slow		none						devagar = slowly / slow
3925	3925	0	libra	libra	single_word			pound		none						libra = pound
3926	3926	0	acalmar	acalmar	single_word			to calm down / appease		none						acalmar = to calm down / appease
3927	3927	0	esclarecimento	esclarecimento	single_word			clarification / explanation		none						esclarecimento = clarification / explanation
3928	3928	0	proveito	proveito	single_word			profit / taking advantage		none						proveito = profit / taking advantage
3929	3929	0	comemoração	comemoração	single_word			commemoration		none						comemoração = commemoration
3930	3930	0	desembarcar	desembarcar	single_word			to get out / disembark		none						desembarcar = to get out / disembark
3931	3931	0	adeus	adeus	single_word			goodbye / farewell / adieu		none						adeus = goodbye / farewell / adieu
3932	3932	0	massacre	massacre	single_word			massacre		none						massacre = massacre
3933	3933	0	retratar	retratar	single_word			to portray		none						retratar = to portray
3934	3934	0	injusto	injusto	single_word			unjust / unfair		none						injusto = unjust / unfair
3935	3935	0	limitado	limitado	single_word			limited		none						limitado = limited
3936	3936	0	tributário	tributário	single_word			related to taxes / tributary		none						tributário = related to taxes / tributary
3937	3937	0	florestal	florestal	single_word			relating to the forest		none						florestal = relating to the forest
3938	3938	0	sociologia	sociologia	single_word			sociology		none						sociologia = sociology
3939	3939	0	fidelidade	fidelidade	single_word			loyalty / faithfulness / fidelity		none						fidelidade = loyalty / faithfulness / fidelity
3940	3940	0	contraditório	contraditório	single_word			contradictory		none						contraditório = contradictory
3941	3941	0	mineral	mineral	single_word			mineral		none						mineral = mineral
3942	3942	0	partícula	partícula	single_word			particle		none						partícula = particle
3943	3943	0	estoque	estoque	single_word			stock		none						estoque = stock
3944	3944	0	probabilidade	probabilidade	single_word			probability		none						probabilidade = probability
3945	3945	0	gol	gol	single_word			soccer goal		none						gol = soccer goal
3946	3946	0	coral	coral	single_word			coral / choral		none						coral = coral / choral
3947	3947	0	contratar	contratar	single_word			to contract		none						contratar = to contract
3948	3948	0	cambial	cambial	single_word			related to exchange rates		none						cambial = related to exchange rates
3949	3949	0	coxa	coxa	single_word			thigh		none						coxa = thigh
3950	3950	0	progressivo	progressivo	single_word			progressive		none						progressivo = progressive
3951	3951	0	reivindicar	reivindicar	single_word			to demand / ask for		none						reivindicar = to demand / ask for
3952	3952	0	narrar	narrar	single_word			to narrate		none						narrar = to narrate
3953	3953	0	obtenção	obtenção	single_word			getting / obtaining		none						obtenção = getting / obtaining
3954	3954	0	eh	eh	single_word			hey		none						eh = hey
3955	3955	0	península	península	single_word			peninsula		none						península = peninsula
3956	3956	0	atualidade	atualidade	single_word			the present / modern times		none						atualidade = the present / modern times
3957	3957	0	vibração	vibração	single_word			vibration		none						vibração = vibration
3958	3958	0	fabrico	fabrico	single_word			production		none						fabrico = production
3959	3959	0	moderado	moderado	single_word			moderate		none						moderado = moderate
3960	3960	0	esportivo	esportivo	single_word			sporting / sport		none						esportivo = sporting / sport
3961	3961	0	ênfase	ênfase	single_word			emphasis		none						ênfase = emphasis
3962	3962	0	contabilidade	contabilidade	single_word			bookkeeping / accounting		none						contabilidade = bookkeeping / accounting
3963	3963	0	cerebral	cerebral	single_word			cerebral / of the brain		none						cerebral = cerebral / of the brain
3964	3964	0	marinheiro	marinheiro	single_word			sailor / seaman		none						marinheiro = sailor / seaman
3965	3965	0	publicamente	publicamente	single_word			publicly		none						publicamente = publicly
3966	3966	0	provedor	provedor	single_word			provider		none						provedor = provider
3967	3967	0	reprimir	reprimir	single_word			to repress / control		none						reprimir = to repress / control
3968	3968	0	subordinado	subordinado	single_word			subordinate / subordinated		none						subordinado = subordinate / subordinated
3969	3969	0	abundante	abundante	single_word			abundant		none						abundante = abundant
3970	3970	0	ilustre	ilustre	single_word			illustrious		none						ilustre = illustrious
3971	3971	0	socialismo	socialismo	single_word			socialism		none						socialismo = socialism
3972	3972	0	atómico	atómico	single_word			atomic		none						atómico = atomic
3973	3973	0	delegacia	delegacia	single_word			police station / office		none						delegacia = police station / office
3974	3974	0	assemelhar	assemelhar	single_word			to be similar to		none						assemelhar = to be similar to
3975	3975	0	desenrolar	desenrolar	single_word			to take place / unfold		none						desenrolar = to take place / unfold
3976	3976	0	tijolo	tijolo	single_word			brick		none						tijolo = brick
3977	3977	0	sacudir	sacudir	single_word			to shake		none						sacudir = to shake
3978	3978	0	parecido	parecido	single_word			similar to / resembling		none						parecido = similar to / resembling
3979	3979	0	propagar	propagar	single_word			to spread / propagate		none						propagar = to spread / propagate
3980	3980	0	funcional	funcional	single_word			functional		none						funcional = functional
3981	3981	0	perfeição	perfeição	single_word			perfection		none						perfeição = perfection
3982	3982	0	coitado	coitado	single_word			poor thing / pitiful / wretch		none						coitado = poor thing / pitiful / wretch
3983	3983	0	habituar	habituar	single_word			to get used to (+se)		none						habituar = to get used to (+se)
3984	3984	0	rebelião	rebelião	single_word			rebellion		none						rebelião = rebellion
3985	3985	0	pisar	pisar	single_word			to step		none						pisar = to step
3986	3986	0	vizinhança	vizinhança	single_word			neighborhood		none						vizinhança = neighborhood
3987	3987	0	motivação	motivação	single_word			motivation		none						motivação = motivation
3988	3988	0	educar	educar	single_word			to educate		none						educar = to educate
3989	3989	0	inveja	inveja	single_word			envy		none						inveja = envy
3990	3990	0	equilibrar	equilibrar	single_word			to balance		none						equilibrar = to balance
3991	3991	0	pesquisar	pesquisar	single_word			to research / investigate		none						pesquisar = to research / investigate
3992	3992	0	emissora	emissora	single_word			network (TV and radio)		none						emissora = network (TV and radio)
3993	3993	0	réu	réu	single_word			defendant / accused		none						réu = defendant / accused
3994	3994	0	debruçar	debruçar	single_word			to bend or lean over		none						debruçar = to bend or lean over
3995	3995	0	autarquia	autarquia	single_word			self-governing unit		none						autarquia = self-governing unit
3996	3996	0	bezerro	bezerro	single_word			calf		none						bezerro = calf
3997	3997	0	depressão	depressão	single_word			depression		none						depressão = depression
3998	3998	0	idioma	idioma	single_word			language		none						idioma = language
3999	3999	0	rumor	rumor	single_word			rumor		none						rumor = rumor
4000	4000	0	gruta	gruta	single_word			cave / grotto		none						gruta = cave / grotto
4001	4001	0	marcante	marcante	single_word			memorable / noteworthy		none						marcante = memorable / noteworthy
4002	4002	0	espectro	espectro	single_word			spectrum / specter		none						espectro = spectrum / specter
4003	4003	0	plantação	plantação	single_word			plantation		none						plantação = plantation
4004	4004	0	soberano	soberano	single_word			sovereign		none						soberano = sovereign
4005	4005	0	cláusula	cláusula	single_word			clause (of a contract)		none						cláusula = clause (of a contract)
4006	4006	0	controvérsia	controvérsia	single_word			controversy		none						controvérsia = controversy
4007	4007	0	pedagógico	pedagógico	single_word			pedagogical / teaching		none						pedagógico = pedagogical / teaching
4008	4008	0	descarga	descarga	single_word			discharge / flush		none						descarga = discharge / flush
4009	4009	0	carinho	carinho	single_word			endearment / tenderness		none						carinho = endearment / tenderness
4010	4010	0	estimativa	estimativa	single_word			estimate		none						estimativa = estimate
4011	4011	0	advertir	advertir	single_word			to warn		none						advertir = to warn
4012	4012	0	borboleta	borboleta	single_word			butterfly		none						borboleta = butterfly
4013	4013	0	volante	volante	single_word			steering wheel		none						volante = steering wheel
4014	4014	0	extremidade	extremidade	single_word			end / edge		none						extremidade = end / edge
4015	4015	0	bloqueio	bloqueio	single_word			blockade / siege / obstruction		none						bloqueio = blockade / siege / obstruction
4016	4016	0	promotor	promotor	single_word			promoting / promoter		none						promotor = promoting / promoter
4017	4017	0	rabo	rabo	single_word			tail / buttocks		none						rabo = tail / buttocks
4018	4018	0	semestre	semestre	single_word			semester		none						semestre = semester
4019	4019	0	décimo	décimo	single_word			units of ten / tenth		none						décimo = units of ten / tenth
4020	4020	0	democrata	democrata	single_word			democrat		none						democrata = democrat
4021	4021	0	cigano	cigano	single_word			gypsy		none						cigano = gypsy
4022	4022	0	ventre	ventre	single_word			womb		none						ventre = womb
4023	4023	0	embalagem	embalagem	single_word			container / wrapping		none						embalagem = container / wrapping
4024	4024	0	almoçar	almoçar	single_word			to eat lunch		none						almoçar = to eat lunch
4025	4025	0	pular	pular	single_word			to jump / skip		none						pular = to jump / skip
4026	4026	0	inclinar	inclinar	single_word			to lean / incline		none						inclinar = to lean / incline
4027	4027	0	lavrador	lavrador	single_word			farmer / peasant		none						lavrador = farmer / peasant
4028	4028	0	biologia	biologia	single_word			biology		none						biologia = biology
4029	4029	0	quota	quota	single_word			amount / quota		none						quota = amount / quota
4030	4030	0	estético	estético	single_word			aesthetic / elegant		none						estético = aesthetic / elegant
4031	4031	0	repleto	repleto	single_word			full / overrunning		none						repleto = full / overrunning
4032	4032	0	cesta	cesta	single_word			basket / trash can / hoop		none						cesta = basket / trash can / hoop
4033	4033	0	genro	genro	single_word			son-in-law		none						genro = son-in-law
4034	4034	0	macio	macio	single_word			soft		none						macio = soft
4035	4035	0	clandestino	clandestino	single_word			illegal / clandestino		none						clandestino = illegal / clandestino
4036	4036	0	aspiração	aspiração	single_word			aspiration / desire		none						aspiração = aspiration / desire
4037	4037	0	sereno	sereno	single_word			serene / calm / peaceful		none						sereno = serene / calm / peaceful
4038	4038	0	lume	lume	single_word			light / fire		none						lume = light / fire
4039	4039	0	injeção	injeção	single_word			injection		none						injeção = injection
4040	4040	0	sistemático	sistemático	single_word			systematic		none						sistemático = systematic
4041	4041	0	atrasar	atrasar	single_word			to delay / make late		none						atrasar = to delay / make late
4042	4042	0	latim	latim	single_word			Latin		none						latim = Latin
4043	4043	0	tenente	tenente	single_word			lieutenant		none						tenente = lieutenant
4044	4044	0	santuário	santuário	single_word			sanctuary		none						santuário = sanctuary
4045	4045	0	solidário	solidário	single_word			fully supportive		none						solidário = fully supportive
4046	4046	0	cívico	cívico	single_word			civic		none						cívico = civic
4047	4047	0	cano	cano	single_word			pipe / tube / gun barrel		none						cano = pipe / tube / gun barrel
4048	4048	0	violão	violão	single_word			acoustic guitar		none						violão = acoustic guitar
4049	4049	0	dama	dama	single_word			lady / dame		none						dama = lady / dame
4050	4050	0	sacrificar	sacrificar	single_word			to sacrifice		none						sacrificar = to sacrifice
4051	4051	0	ciúme	ciúme	single_word			jealousy		none						ciúme = jealousy
4052	4052	0	cómodo	cómodo	single_word			comfort / room / comfortable		none						cómodo = comfort / room / comfortable
4053	4053	0	supermercado	supermercado	single_word			supermarket		none						supermercado = supermarket
4054	4054	0	lábio	lábio	single_word			lip		none						lábio = lip
4055	4055	0	aliar	aliar	single_word			to join / ally oneself with		none						aliar = to join / ally oneself with
4056	4056	0	romancista	romancista	single_word			novelist		none						romancista = novelist
4057	4057	0	periferia	periferia	single_word			outskirts / periphery		none						periferia = outskirts / periphery
4058	4058	0	fundamentalmente	fundamentalmente	single_word			basically / fundamentally		none						fundamentalmente = basically / fundamentally
4059	4059	0	coincidência	coincidência	single_word			coincidence		none						coincidência = coincidence
4060	4060	0	obstante	obstante	single_word			(não o.) notwithstanding / nevertheless		none						obstante = (não o.) notwithstanding / nevertheless
4060	4060	1	não obstante	não obstante	space_compound			(não o.) notwithstanding / nevertheless		idiom_expansion						obstante = (não o.) notwithstanding / nevertheless
4061	4061	0	alinhar	alinhar	single_word			to align / line up with		none						alinhar = to align / line up with
4062	4062	0	parâmetro	parâmetro	single_word			parameter		none						parâmetro = parameter
4063	4063	0	corno	corno	single_word			horn		none						corno = horn
4064	4064	0	variante	variante	single_word			variant / variable		none						variante = variant / variable
4065	4065	0	elenco	elenco	single_word			troupe / list / index		none						elenco = troupe / list / index
4066	4066	0	tardar	tardar	single_word			to delay / be late		none						tardar = to delay / be late
4067	4067	0	horrível	horrível	single_word			horrible		none						horrível = horrible
4068	4068	0	viajante	viajante	single_word			traveler		none						viajante = traveler
4069	4069	0	meio-dia	meio-dia	hyphenated_compound			noon / mid-day		none						meio-dia = noon / mid-day
4070	4070	0	investidor	investidor	single_word			investor		none						investidor = investor
4071	4071	0	agenda	agenda	single_word			agenda / schedule		none						agenda = agenda / schedule
4072	4072	0	condenação	condenação	single_word			sentence / condemnation		none						condenação = sentence / condemnation
4073	4073	0	afecto	afeto	single_word			affection		spelling						afecto = affection
4074	4074	0	remuneração	remuneração	single_word			payment / salary		none						remuneração = payment / salary
4075	4075	0	auge	auge	single_word			apex / climax / pinnacle		none						auge = apex / climax / pinnacle
4076	4076	0	punição	punição	single_word			punishment		none						punição = punishment
4077	4077	0	muscular	muscular	single_word			muscular		none						muscular = muscular
4078	4078	0	selva	selva	single_word			jungle		none						selva = jungle
4079	4079	0	similar	similar	single_word			similar		none						similar = similar
4080	4080	0	noivo	noivo	single_word			fiancé / bridegroom		none						noivo = fiancé / bridegroom
4081	4081	0	gramática	gramática	single_word			grammar		none						gramática = grammar
4082	4082	0	varrer	varrer	single_word			to sweep		none						varrer = to sweep
4083	4083	0	veneno	veneno	single_word			poison / venom		none						veneno = poison / venom
4084	4084	0	longínquo	longínquo	single_word			far away / distant		none						longínquo = far away / distant
4085	4085	0	encerramento	encerramento	single_word			closing		none						encerramento = closing
4086	4086	0	conformar	conformar	single_word			to accept / conform / adapt		none						conformar = to accept / conform / adapt
4087	4087	0	higiene	higiene	single_word			hygiene		none						higiene = hygiene
4088	4088	0	comissário	comissário	single_word			commissioner / superintendent		none						comissário = commissioner / superintendent
4089	4089	0	hospitalar	hospitalar	single_word			relating to a hospital		none						hospitalar = relating to a hospital
4090	4090	0	incidir	incidir	single_word			to focus on / fall upon / occur		none						incidir = to focus on / fall upon / occur
4091	4091	0	elementar	elementar	single_word			elementary		none						elementar = elementary
4092	4092	0	evidenciar	evidenciar	single_word			to become noted for / stand out		none						evidenciar = to become noted for / stand out
4093	4093	0	susto	susto	single_word			fright / shock / scare		none						susto = fright / shock / scare
4094	4094	0	temor	temor	single_word			fear / apprehension / concern		none						temor = fear / apprehension / concern
4095	4095	0	materno	materno	single_word			maternal / motherly		none						materno = maternal / motherly
4096	4096	0	genérico	genérico	single_word			generic		none						genérico = generic
4097	4097	0	cidadania	cidadania	single_word			citizenship		none						cidadania = citizenship
4098	4098	0	regionalização	regionalização	single_word			regionalization		none						regionalização = regionalization
4099	4099	0	cautela	cautela	single_word			caution / care		none						cautela = caution / care
4100	4100	0	liberar	liberar	single_word			to release / liberate		none						liberar = to release / liberate
4101	4101	0	arredor	arredor	single_word			outskirts / suburbs (PL)		none						arredor = outskirts / suburbs (PL)
4102	4102	0	sueco	sueco	single_word			Swedish		none						sueco = Swedish
4103	4103	0	largura	largura	single_word			width		none						largura = width
4104	4104	0	pendente	pendente	single_word			waiting for / pending / hanging		none						pendente = waiting for / pending / hanging
4105	4105	0	testa	testa	single_word			forehead / forefront		none						testa = forehead / forefront
4106	4106	0	renúncia	renúncia	single_word			renunciation / resignation		none						renúncia = renunciation / resignation
4107	4107	0	renascimento	renascimento	single_word			renaissance / rebirth		none						renascimento = renaissance / rebirth
4108	4108	0	visconde	visconde	single_word			viscount		none						visconde = viscount
4109	4109	0	suspeitar	suspeitar	single_word			to suspect		none						suspeitar = to suspect
4110	4110	0	simultâneo	simultâneo	single_word			simultaneous		none						simultâneo = simultaneous
4111	4111	0	beijar	beijar	single_word			to kiss		none						beijar = to kiss
4112	4112	0	favorito	favorito	single_word			favorite / preferred		none						favorito = favorite / preferred
4113	4113	0	brigada	brigada	single_word			brigade		none						brigada = brigade
4114	4114	0	sorrir	sorrir	single_word			to smile		none						sorrir = to smile
4115	4115	0	culminar	culminar	single_word			to culminate		none						culminar = to culminate
4116	4116	0	bacalhau	bacalhau	single_word			cod fish		none						bacalhau = cod fish
4117	4117	0	alga	alga	single_word			algae / seaweed		none						alga = algae / seaweed
4118	4118	0	especulação	especulação	single_word			speculation		none						especulação = speculation
4119	4119	0	alertar	alertar	single_word			to advise / warn		none						alertar = to advise / warn
4120	4120	0	desprezo	desprezo	single_word			contempt / disdain		none						desprezo = contempt / disdain
4121	4121	0	vitorioso	vitorioso	single_word			victorious		none						vitorioso = victorious
4122	4122	0	ansioso	ansioso	single_word			anxious		none						ansioso = anxious
4123	4123	0	expulsão	expulsão	single_word			expulsion		none						expulsão = expulsion
4124	4124	0	caos	caos	single_word			chaos		none						caos = chaos
4125	4125	0	batizar	batizar	single_word			to baptize		none						batizar = to baptize
4126	4126	0	apreciação	apreciação	single_word			appreciation		none						apreciação = appreciation
4127	4127	0	avistar	avistar	single_word			to catch sight of / see in the distance		none						avistar = to catch sight of / see in the distance
4128	4128	0	artéria	artéria	single_word			artery		none						artéria = artery
4129	4129	0	intitulado	intitulado	single_word			entitled		none						intitulado = entitled
4130	4130	0	imprimir	imprimir	single_word			to print / mark / influence		none						imprimir = to print / mark / influence
4131	4131	0	temporário	temporário	single_word			temporary		none						temporário = temporary
4132	4132	0	restauração	restauração	single_word			restoration		none						restauração = restoration
4133	4133	0	desaparecimento	desaparecimento	single_word			disappearance / vanishing		none						desaparecimento = disappearance / vanishing
4134	4134	0	emigrante	emigrante	single_word			emigrant		none						emigrante = emigrant
4135	4135	0	territorial	territorial	single_word			territorial		none						territorial = territorial
4136	4136	0	realizador	realizador	single_word			producer		none						realizador = producer
4137	4137	0	arrecadação	arrecadação	single_word			collection / saving		none						arrecadação = collection / saving
4138	4138	0	deficiente	deficiente	single_word			deficient		none						deficiente = deficient
4139	4139	0	padrinho	padrinho	single_word			godfather / godparents (pl)		none						padrinho = godfather / godparents (pl)
4140	4140	0	elogiar	elogiar	single_word			to praise / compliment		none						elogiar = to praise / compliment
4141	4141	0	casaco	casaco	single_word			coat		none						casaco = coat
4142	4142	0	lâmina	lâmina	single_word			blade		none						lâmina = blade
4143	4143	0	alongar	alongar	single_word			to extend / lengthen		none						alongar = to extend / lengthen
4144	4144	0	doido	doido	single_word			crazy (person)		none						doido = crazy (person)
4145	4145	0	golfo	golfo	single_word			gulf (of water)		none						golfo = gulf (of water)
4146	4146	0	prevalecer	prevalecer	single_word			to prevail		none						prevalecer = to prevail
4147	4147	0	esgoto	esgoto	single_word			sewage		none						esgoto = sewage
4148	4148	0	povoado	povoado	single_word			settlement / small village		none						povoado = settlement / small village
4149	4149	0	traição	traição	single_word			betrayal / treason		none						traição = betrayal / treason
4150	4150	0	plenário	plenário	single_word			general assembly		none						plenário = general assembly
4151	4151	0	encanto	encanto	single_word			enchantment / fascination		none						encanto = enchantment / fascination
4152	4152	0	sombrio	sombrio	single_word			somber / dark / melancholy		none						sombrio = somber / dark / melancholy
4153	4153	0	complexidade	complexidade	single_word			complexity		none						complexidade = complexity
4154	4154	0	acerto	acerto	single_word			success / agreement		none						acerto = success / agreement
4155	4155	0	licitação	licitação	single_word			bidding / auction		none						licitação = bidding / auction
4156	4156	0	molhado	molhado	single_word			wet		none						molhado = wet
4157	4157	0	colina	colina	single_word			hill		none						colina = hill
4158	4158	0	querido	querido	single_word			dear / beloved		none						querido = dear / beloved
4159	4159	0	adormecer	adormecer	single_word			to fall asleep		none						adormecer = to fall asleep
4160	4160	0	abundância	abundância	single_word			abundance		none						abundância = abundance
4161	4161	0	pescar	pescar	single_word			to fish		none						pescar = to fish
4162	4162	0	recear	recear	single_word			to fear		none						recear = to fear
4163	4163	0	insuficiente	insuficiente	single_word			insufficient		none						insuficiente = insufficient
4164	4164	0	conveniente	conveniente	single_word			convenient		none						conveniente = convenient
4165	4165	0	patamar	patamar	single_word			level / threshold / degree		none						patamar = level / threshold / degree
4166	4166	0	fortalecer	fortalecer	single_word			to strengthen		none						fortalecer = to strengthen
4167	4167	0	banana	banana	single_word			banana (F) / fool (M)		none						banana = banana (F) / fool (M)
4168	4168	0	furar	furar	single_word			to penetrate / make a hole		none						furar = to penetrate / make a hole
4169	4169	0	antiguidade	antiguidade	single_word			antiquity / ancient times		none						antiguidade = antiquity / ancient times
4170	4170	0	consórcio	consórcio	single_word			consortium / union (business)		none						consórcio = consortium / union (business)
4171	4171	0	ecológico	ecológico	single_word			ecological		none						ecológico = ecological
4172	4172	0	signo	signo	single_word			sign of the zodiac		none						signo = sign of the zodiac
4173	4173	0	formiga	formiga	single_word			ant		none						formiga = ant
4174	4174	0	sondagem	sondagem	single_word			analysis / poll / investigation		none						sondagem = analysis / poll / investigation
4175	4175	0	resistente	resistente	single_word			resistant		none						resistente = resistant
4176	4176	0	repassar	repassar	single_word			to go back and forth / revise		none						repassar = to go back and forth / revise
4177	4177	0	devedor	devedor	single_word			debtor		none						devedor = debtor
4178	4178	0	assente	assente	single_word			settled / established		none						assente = settled / established
4179	4179	0	otimista	otimista	single_word			optimist		none						otimista = optimist
4180	4180	0	trilha	trilha	single_word			trail		none						trilha = trail
4181	4181	0	incapacidade	incapacidade	single_word			inability		none						incapacidade = inability
4182	4182	0	inverter	inverter	single_word			to reverse / invert		none						inverter = to reverse / invert
4183	4183	0	mexicano	mexicano	single_word			Mexican		none						mexicano = Mexican
4184	4184	0	agrupamento	agrupamento	single_word			collection		none						agrupamento = collection
4185	4185	0	diferenciado	diferenciado	single_word			different (type of)		none						diferenciado = different (type of)
4186	4186	0	inscrito	inscrito	single_word			enrolled / inscribed		none						inscrito = enrolled / inscribed
4187	4187	0	consoante	consoante	single_word			according to / in conformity with		none						consoante = according to / in conformity with
4188	4188	0	cubano	cubano	single_word			Cuban		none						cubano = Cuban
4189	4189	0	monopólio	monopólio	single_word			monopoly		none						monopólio = monopoly
4190	4190	0	espanto	espanto	single_word			surprise / wonder / fright		none						espanto = surprise / wonder / fright
4191	4191	0	pilha	pilha	single_word			battery / pile		none						pilha = battery / pile
4192	4192	0	mesquita	mesquita	single_word			mosque		none						mesquita = mosque
4193	4193	0	ampliação	ampliação	single_word			enlargement / amplification		none						ampliação = enlargement / amplification
4194	4194	0	farmacêutico	farmacêutico	single_word			pharmaceutical / pharmacist		none						farmacêutico = pharmaceutical / pharmacist
4195	4195	0	repercussão	repercussão	single_word			repercussion		none						repercussão = repercussion
4196	4196	0	fiscalizar	fiscalizar	single_word			to regulate / inspect / supervise		none						fiscalizar = to regulate / inspect / supervise
4197	4197	0	baía	baía	single_word			bay / harbor		none						baía = bay / harbor
4198	4198	0	invocar	invocar	single_word			to invoke / call upon		none						invocar = to invoke / call upon
4199	4199	0	nadar	nadar	single_word			to swim		none						nadar = to swim
4200	4200	0	soprar	soprar	single_word			to blow		none						soprar = to blow
4201	4201	0	pauta	pauta	single_word			agenda / guideline		none						pauta = agenda / guideline
4202	4202	0	erudito	erudito	single_word			educated / scholarly / learned		none						erudito = educated / scholarly / learned
4203	4203	0	interação	interação	single_word			interaction		none						interação = interaction
4204	4204	0	fumaça	fumaça	single_word			smoke		none						fumaça = smoke
4205	4205	0	matéria-prima	matéria-prima	hyphenated_compound			raw material		none						matéria-prima = raw material
4206	4206	0	docente	docente	single_word			faculty member / educator		none						docente = faculty member / educator
4207	4207	0	ordenado	ordenado	single_word			salary / ordained / ordered		none						ordenado = salary / ordained / ordered
4208	4208	0	seara	seara	single_word			field of grains		none						seara = field of grains
4209	4209	0	aposentadoria	aposentadoria	single_word			retirement / retirement fund		none						aposentadoria = retirement / retirement fund
4210	4210	0	anteceder	anteceder	single_word			to precede / take place before		none						anteceder = to precede / take place before
4211	4211	0	magia	magia	single_word			magic		none						magia = magic
4212	4212	0	tutela	tutela	single_word			auspices / tutelage		none						tutela = auspices / tutelage
4213	4213	0	outono	outono	single_word			fall / autumn		none						outono = fall / autumn
4214	4214	0	impossibilidade	impossibilidade	single_word			impossibility		none						impossibilidade = impossibility
4215	4215	0	namorar	namorar	single_word			to date steadily		none						namorar = to date steadily
4216	4216	0	acostumado	acostumado	single_word			used to / accustomed		none						acostumado = used to / accustomed
4217	4217	0	seguido	seguido	single_word			followed (by)		none						seguido = followed (by)
4218	4218	0	caseiro	caseiro	single_word			household / homemade		none						caseiro = household / homemade
4219	4219	0	diplomata	diplomata	single_word			diplomat		none						diplomata = diplomat
4220	4220	0	flexível	flexível	single_word			flexible		none						flexível = flexible
4222	4222	0	dedicação	dedicação	single_word			dedication		none						dedicação = dedication
4223	4223	0	bagagem	bagagem	single_word			luggage / baggage		none						bagagem = luggage / baggage
4224	4224	0	qualificação	qualificação	single_word			qualification		none						qualificação = qualification
4225	4225	0	surpreendente	surpreendente	single_word			surprising / admirable / amazing		none						surpreendente = surprising / admirable / amazing
4226	4226	0	integrado	integrado	single_word			made up of / integrated		none						integrado = made up of / integrated
4227	4227	0	doer	doer	single_word			to hurt		none						doer = to hurt
4228	4228	0	periódico	periódico	single_word			newspaper / periodic		none						periódico = newspaper / periodic
4229	4229	0	alargamento	alargamento	single_word			expansion / widening		none						alargamento = expansion / widening
4230	4230	0	madame	madame	single_word			madam		none						madame = madam
4231	4231	0	gelado	gelado	single_word			cold / chilled / ice-cream		none						gelado = cold / chilled / ice-cream
4232	4232	0	trair	trair	single_word			to betray		none						trair = to betray
4233	4233	0	distrair	distrair	single_word			to distract		none						distrair = to distract
4234	4234	0	grade	grade	single_word			bars / railing		none						grade = bars / railing
4235	4235	0	cancro	cancro	single_word			cancer		none						cancro = cancer
4236	4236	0	húmido	úmido	single_word			humid / moist		spelling						húmido = humid / moist
4237	4237	0	corporação	corporação	single_word			corporation		none						corporação = corporation
4238	4238	0	diferenciar	diferenciar	single_word			to differentiate		none						diferenciar = to differentiate
4239	4239	0	lazer	lazer	single_word			leisure / relaxation		none						lazer = leisure / relaxation
4240	4240	0	citação	citação	single_word			citation		none						citação = citation
4241	4241	0	resgatar	resgatar	single_word			to rescue / save		none						resgatar = to rescue / save
4242	4242	0	vibrar	vibrar	single_word			to vibrate		none						vibrar = to vibrate
4243	4243	0	terça-feira	terça-feira	hyphenated_compound			Tuesday		none						terça-feira = Tuesday
4244	4244	0	vão	vão	single_word			vain		none						vão = vain
4245	4245	0	mania	mania	single_word			craze / habit		none						mania = craze / habit
4246	4246	0	imobiliário	imobiliário	single_word			relating to real-estate		none						imobiliário = relating to real-estate
4247	4247	0	seita	seita	single_word			sect / religion		none						seita = sect / religion
4248	4248	0	boneca	boneca	single_word			doll		none						boneca = doll
4249	4249	0	piedade	piedade	single_word			compassion / piety / pity		none						piedade = compassion / piety / pity
4250	4250	0	diligência	diligência	single_word			diligence		none						diligência = diligence
4251	4251	0	alumínio	alumínio	single_word			aluminum		none						alumínio = aluminum
4252	4252	0	solene	solene	single_word			solemn / official / formal		none						solene = solemn / official / formal
4253	4253	0	elefante	elefante	single_word			elephant		none						elefante = elephant
4254	4254	0	ofender	ofender	single_word			to offend		none						ofender = to offend
4255	4255	0	varanda	varanda	single_word			balcony / porch		none						varanda = balcony / porch
4256	4256	0	responsabilizar	responsabilizar	single_word			to take responsibility for		none						responsabilizar = to take responsibility for
4257	4257	0	discordar	discordar	single_word			to disagree		none						discordar = to disagree
4258	4258	0	documentário	documentário	single_word			documentary		none						documentário = documentary
4259	4259	0	plateia	plateia	single_word			audience		none						plateia = audience
4260	4260	0	alívio	alívio	single_word			relief		none						alívio = relief
4261	4261	0	fazendeiro	fazendeiro	single_word			farmer		none						fazendeiro = farmer
4262	4262	0	abelha	abelha	single_word			bee		none						abelha = bee
4263	4263	0	aceso	aceso	single_word			lit		none						aceso = lit
4264	4264	0	reconstrução	reconstrução	single_word			reconstruction		none						reconstrução = reconstruction
4265	4265	0	teor	teor	single_word			content / nature of		none						teor = content / nature of
4266	4266	0	manta	manta	single_word			blanket / bedspread		none						manta = blanket / bedspread
4267	4267	0	judaico	judaico	single_word			Jewish		none						judaico = Jewish
4269	4269	0	refém	refém	single_word			hostage		none						refém = hostage
4270	4270	0	sentimental	sentimental	single_word			sentimental		none						sentimental = sentimental
4271	4271	0	austríaco	austríaco	single_word			Austrian		none						austríaco = Austrian
4272	4272	0	encostar	encostar	single_word			to rest / lean / place against		none						encostar = to rest / lean / place against
4273	4273	0	portaria	portaria	single_word			reception or information desk		none						portaria = reception or information desk
4274	4274	0	evocar	evocar	single_word			to evoke		none						evocar = to evoke
4275	4275	0	modernização	modernização	single_word			modernization		none						modernização = modernization
4276	4276	0	interferência	interferência	single_word			interference		none						interferência = interference
4277	4277	0	exagerado	exagerado	single_word			exaggerated		none						exagerado = exaggerated
4278	4278	0	gémeo	gêmeo	single_word			twin		spelling						gémeo = twin
4279	4279	0	garota	garota	single_word			girl		none						garota = girl
4280	4280	0	competitivo	competitivo	single_word			competitive		none						competitivo = competitive
4281	4281	0	cru	cru	single_word			raw		none						cru = raw
4282	4282	0	ferver	ferver	single_word			to boil		none						ferver = to boil
4283	4283	0	cesto	cesto	single_word			basket		none						cesto = basket
4284	4284	0	saneamento	saneamento	single_word			sanitation		none						saneamento = sanitation
4285	4285	0	cais	cais	single_word			dock / pier		none						cais = dock / pier
4286	4286	0	escondido	escondido	single_word			hidden		none						escondido = hidden
4287	4287	0	anualmente	anualmente	single_word			annually / yearly		none						anualmente = annually / yearly
4288	4288	0	fósforo	fósforo	single_word			match		none						fósforo = match
4289	4289	0	eliminação	eliminação	single_word			elimination		none						eliminação = elimination
4290	4290	0	quarta-feira	quarta-feira	hyphenated_compound			Wednesday		none						quarta-feira = Wednesday
4291	4291	0	química	química	single_word			chemistry		none						química = chemistry
4292	4292	0	marchar	marchar	single_word			to march		none						marchar = to march
4293	4293	0	pensador	pensador	single_word			intellectual / thinker		none						pensador = intellectual / thinker
4294	4294	0	metrópole	metrópole	single_word			large city / metropolis		none						metrópole = large city / metropolis
4295	4295	0	arqueológico	arqueológico	single_word			archeological		none						arqueológico = archeological
4296	4296	0	perfume	perfume	single_word			perfume		none						perfume = perfume
4297	4297	0	gaveta	gaveta	single_word			drawer		none						gaveta = drawer
4298	4298	0	conveniência	conveniência	single_word			convenience		none						conveniência = convenience
4299	4299	0	criminal	criminal	single_word			criminal		none						criminal = criminal
4300	4300	0	poça	poça	single_word			puddle		none						poça = puddle
4301	4301	0	delírio	delírio	single_word			delirium		none						delírio = delirium
4302	4302	0	desigualdade	desigualdade	single_word			inequality		none						desigualdade = inequality
4303	4303	0	largamente	largamente	single_word			widely / extensively		none						largamente = widely / extensively
4304	4304	0	tímido	tímido	single_word			shy / timid		none						tímido = shy / timid
4305	4305	0	crista	crista	single_word			crest / plume		none						crista = crest / plume
4306	4306	0	tributo	tributo	single_word			tribute		none						tributo = tribute
4307	4307	0	regulamentação	regulamentação	single_word			regulation		none						regulamentação = regulation
4308	4308	0	câmera	câmera	single_word			camera		none						câmera = camera
4309	4309	0	irónico	irônico	single_word			ironic / sarcastic		spelling						irónico = ironic / sarcastic
4310	4310	0	agredir	agredir	single_word			to attack / assault		none						agredir = to attack / assault
4311	4311	0	fluido	fluido	single_word			fluid		none						fluido = fluid
4312	4312	0	redigir	redigir	single_word			to write / handwrite		none						redigir = to write / handwrite
4313	4313	0	restabelecer	restabelecer	single_word			to reestablish		none						restabelecer = to reestablish
4314	4314	0	oral	oral	single_word			oral		none						oral = oral
4315	4315	0	calmo	calmo	single_word			calm		none						calmo = calm
4316	4316	0	impressionante	impressionante	single_word			impressive / impressing		none						impressionante = impressive / impressing
4317	4317	0	arrecadar	arrecadar	single_word			to collect / store / save		none						arrecadar = to collect / store / save
4318	4318	0	interrupção	interrupção	single_word			interruption		none						interrupção = interruption
4319	4319	0	fabricação	fabricação	single_word			manufacturing / production		none						fabricação = manufacturing / production
4320	4320	0	convergência	convergência	single_word			convergence		none						convergência = convergence
4321	4321	0	contactar	contatar	single_word			to contact		spelling						contactar = to contact
4322	4322	0	missionário	missionário	single_word			missionary		none						missionário = missionary
4323	4323	0	auditório	auditório	single_word			auditorium / audible		none						auditório = auditorium / audible
4324	4324	0	ambicioso	ambicioso	single_word			ambitious		none						ambicioso = ambitious
4325	4325	0	comunismo	comunismo	single_word			communism		none						comunismo = communism
4326	4326	0	cardíaco	cardíaco	single_word			cardiac / of the heart		none						cardíaco = cardiac / of the heart
4327	4327	0	hostilidade	hostilidade	single_word			hostility		none						hostilidade = hostility
4328	4328	0	diversão	diversão	single_word			amusement / diversion		none						diversão = amusement / diversion
4329	4329	0	moer	moer	single_word			to grind / crush		none						moer = to grind / crush
4330	4330	0	partilha	partilha	single_word			division / distribution		none						partilha = division / distribution
4331	4331	0	puramente	puramente	single_word			purely / only		none						puramente = purely / only
4332	4332	0	enterro	enterro	single_word			burial		none						enterro = burial
4333	4333	0	amargo	amargo	single_word			bitter		none						amargo = bitter
4334	4334	0	pureza	pureza	single_word			purity		none						pureza = purity
4335	4335	0	mídia	mídia	single_word			media		none						mídia = media
4336	4336	0	colar	colar	single_word			to glue / stick		none						colar = to glue / stick
4337	4337	0	cacho	cacho	single_word			bunch / cluster		none						cacho = bunch / cluster
4338	4338	0	adivinhar	adivinhar	single_word			to predict / guess		none						adivinhar = to predict / guess
4339	4339	0	canoa	canoa	single_word			canoe		none						canoa = canoe
4340	4340	0	moreno	moreno	single_word			brown / dark-skinned (person)		none						moreno = brown / dark-skinned (person)
4341	4341	0	divórcio	divórcio	single_word			divorce		none						divórcio = divorce
4342	4342	0	foro	foro	single_word			court		none						foro = court
4343	4343	0	casco	casco	single_word			hull / hoof		none						casco = hull / hoof
4344	4344	0	cimeira	cimeira	single_word			summit (politics)		none						cimeira = summit (politics)
4345	4345	0	formoso	formoso	single_word			beautiful / attractive		none						formoso = beautiful / attractive
4346	4346	0	caminhada	caminhada	single_word			walk / trek		none						caminhada = walk / trek
4347	4347	0	banqueiro	banqueiro	single_word			banker		none						banqueiro = banker
4348	4348	0	coleta	coleta	single_word			collection / tax / fee		none						coleta = collection / tax / fee
4349	4349	0	besta	besta	single_word			beast		none						besta = beast
4350	4350	0	noroeste	noroeste	single_word			Northwest		none						noroeste = Northwest
4351	4351	0	vácuo	vácuo	single_word			vacuum / without air		none						vácuo = vacuum / without air
4352	4352	0	amarrar	amarrar	single_word			to bind / tie down		none						amarrar = to bind / tie down
4353	4353	0	jornalístico	jornalístico	single_word			journalistic		none						jornalístico = journalistic
4354	4354	0	complicação	complicação	single_word			complication		none						complicação = complication
4355	4355	0	odiar	odiar	single_word			to hate		none						odiar = to hate
4356	4356	0	exclusão	exclusão	single_word			exclusion		none						exclusão = exclusion
4357	4357	0	parado	parado	single_word			stopped / parked		none						parado = stopped / parked
4358	4358	0	dobro	dobro	single_word			twice the amount / double		none						dobro = twice the amount / double
4359	4359	0	ira	ira	single_word			anger / indignation / wrath		none						ira = anger / indignation / wrath
4360	4360	0	fidalgo	fidalgo	single_word			noble / rich / aristocratic		none						fidalgo = noble / rich / aristocratic
4361	4361	0	anexo	anexo	single_word			attached / attachment		none						anexo = attached / attachment
4362	4362	0	cólera	cólera	single_word			anger / irritation		none						cólera = anger / irritation
4363	4363	0	ensinamento	ensinamento	single_word			teaching		none						ensinamento = teaching
4364	4364	0	infante	infante	single_word			non-heir son of a king / infant		none						infante = non-heir son of a king / infant
4365	4365	0	débito	débito	single_word			debit / debt		none						débito = debit / debt
4366	4366	0	ronda	ronda	single_word			round / surveillance		none						ronda = round / surveillance
4367	4367	0	consecutivo	consecutivo	single_word			consecutive		none						consecutivo = consecutive
4368	4368	0	cozido	cozido	single_word			cooked / stew		none						cozido = cooked / stew
4369	4369	0	virado	virado	single_word			facing / turned to / aimed at		none						virado = facing / turned to / aimed at
4370	4370	0	fileira	fileira	single_word			row / rank		none						fileira = row / rank
4371	4371	0	submarino	submarino	single_word			submarine / under-water		none						submarino = submarine / under-water
4372	4372	0	arame	arame	single_word			(metal) wire		none						arame = (metal) wire
4373	4373	0	flutuar	flutuar	single_word			to float / fluctuate		none						flutuar = to float / fluctuate
4374	4374	0	atrativo	atrativo	single_word			attractive (quality)		none						atrativo = attractive (quality)
4375	4375	0	luva	luva	single_word			glove		none						luva = glove
4376	4376	0	vinculado	vinculado	single_word			linked / bound / connected to		none						vinculado = linked / bound / connected to
4377	4377	0	propício	propício	single_word			favorable / propitious		none						propício = favorable / propitious
4378	4378	0	envelhecer	envelhecer	single_word			to grow old		none						envelhecer = to grow old
4379	4379	0	dia-a-dia	dia a dia	space_compound			everyday life / day to day		hyphen						dia-a-dia = everyday life / day to day
4380	4380	0	casto	casto	single_word			chaste		none						casto = chaste
4381	4381	0	cera	cera	single_word			wax		none						cera = wax
4382	4382	0	reverter	reverter	single_word			to reverse / revert		none						reverter = to reverse / revert
4383	4383	0	obscuro	obscuro	single_word			obscure		none						obscuro = obscure
4384	4384	0	continental	continental	single_word			continental		none						continental = continental
4385	4385	0	publicitário	publicitário	single_word			advertising		none						publicitário = advertising
4386	4386	0	choro	choro	single_word			weeping		none						choro = weeping
4387	4387	0	explosivo	explosivo	single_word			explosive		none						explosivo = explosive
4388	4388	0	protetor	protetor	single_word			protector / protective / patron		none						protetor = protector / protective / patron
4389	4389	0	marketing	marketing	single_word			marketing		none						marketing = marketing
4390	4390	0	sincero	sincero	single_word			sincere		none						sincero = sincere
4391	4391	0	sargento	sargento	single_word			sergeant		none						sargento = sergeant
4392	4392	0	oitavo	oitavo	single_word			eighth		none						oitavo = eighth
4393	4393	0	troço	troço	single_word			something / stuff / section of road (EP)		none						troço = something / stuff / section of road (EP)
4394	4394	0	livremente	livremente	single_word			freely		none						livremente = freely
4395	4395	0	difusão	difusão	single_word			spreading / diffusion		none						difusão = spreading / diffusion
4396	4396	0	defensivo	defensivo	single_word			defensive		none						defensivo = defensive
4397	4397	0	atar	atar	single_word			to bind / tie up		none						atar = to bind / tie up
4398	4398	0	indiferença	indiferença	single_word			indifference		none						indiferença = indifference
4399	4399	0	acervo	acervo	single_word			large collection		none						acervo = large collection
4400	4400	0	concentrado	concentrado	single_word			concentrated		none						concentrado = concentrated
4401	4401	0	distanciar	distanciar	single_word			to distance		none						distanciar = to distance
4402	4402	0	credibilidade	credibilidade	single_word			credibility		none						credibilidade = credibility
4403	4403	0	acusado	acusado	single_word			accused		none						acusado = accused
4404	4404	0	rolo	rolo	single_word			scroll / roll		none						rolo = scroll / roll
4405	4405	0	usina	usina	single_word			plant / factory		none						usina = plant / factory
4406	4406	0	previamente	previamente	single_word			previously		none						previamente = previously
4407	4407	0	violação	violação	single_word			violation		none						violação = violation
4408	4408	0	arquipélago	arquipélago	single_word			archipelago		none						arquipélago = archipelago
4409	4409	0	especificar	especificar	single_word			to specify		none						especificar = to specify
4410	4410	0	pasto	pasto	single_word			animal feed / pasture / food		none						pasto = animal feed / pasture / food
4411	4411	0	feixe	feixe	single_word			shaft / ray (light) / bundle		none						feixe = shaft / ray (light) / bundle
4412	4412	0	discriminação	discriminação	single_word			discrimination		none						discriminação = discrimination
4413	4413	0	fértil	fértil	single_word			fertile		none						fértil = fertile
4414	4414	0	marcador	marcador	single_word			goal scorer / marker		none						marcador = goal scorer / marker
4415	4415	0	vetor	vetor	single_word			vector		none						vetor = vector
4416	4416	0	parcialmente	parcialmente	single_word			partially		none						parcialmente = partially
4417	4417	0	compacto	compacto	single_word			compact		none						compacto = compact
4418	4418	0	aluguel	aluguel	single_word			rent		none						aluguel = rent
4419	4419	0	remover	remover	single_word			to remove		none						remover = to remove
4420	4420	0	instabilidade	instabilidade	single_word			instability		none						instabilidade = instability
4421	4421	0	superioridade	superioridade	single_word			superiority		none						superioridade = superiority
4422	4422	0	suposto	suposto	single_word			supposed		none						suposto = supposed
4423	4423	0	miserável	miserável	single_word			miserable		none						miserável = miserable
4424	4424	0	mouro	mouro	single_word			moor		none						mouro = moor
4425	4425	0	cumprimentar	cumprimentar	single_word			to greet		none						cumprimentar = to greet
4426	4426	0	coerente	coerente	single_word			coherent		none						coerente = coherent
4427	4427	0	aperfeiçoar	aperfeiçoar	single_word			to perfect		none						aperfeiçoar = to perfect
4428	4428	0	unicamente	unicamente	single_word			solely / only		none						unicamente = solely / only
4429	4429	0	boletim	boletim	single_word			bulletin		none						boletim = bulletin
4430	4430	0	tabuleiro	tabuleiro	single_word			(game) board / tray		none						tabuleiro = (game) board / tray
4431	4431	0	didático	didático	single_word			teaching / didactic		none						didático = teaching / didactic
4432	4432	0	assaltar	assaltar	single_word			to rob / assault / mug		none						assaltar = to rob / assault / mug
4433	4433	0	toca	toca	single_word			den / burrow / lair		none						toca = den / burrow / lair
4434	4434	0	contribuinte	contribuinte	single_word			taxpayer / contributor		none						contribuinte = taxpayer / contributor
4435	4435	0	consequente	consequente	single_word			subsequent		none						consequente = subsequent
4436	4436	0	desmentir	desmentir	single_word			to deny / contradict / expose		none						desmentir = to deny / contradict / expose
4437	4437	0	indenização	indenização	single_word			reparation		none						indenização = reparation
4438	4438	0	intensificar	intensificar	single_word			to intensify		none						intensificar = to intensify
4439	4439	0	ente	ente	single_word			being / person		none						ente = being / person
4440	4440	0	analista	analista	single_word			analyst		none						analista = analyst
4441	4441	0	embaixo	embaixo	single_word			under / beneath / underneath		none						embaixo = under / beneath / underneath
4442	4442	0	explícito	explícito	single_word			explicit		none						explícito = explicit
4443	4443	0	compartilhar	compartilhar	single_word			to share		none						compartilhar = to share
4444	4444	0	ibérico	ibérico	single_word			Iberian		none						ibérico = Iberian
4445	4445	0	inocência	inocência	single_word			innocence		none						inocência = innocence
4446	4446	0	horizontal	horizontal	single_word			horizontal		none						horizontal = horizontal
4447	4447	0	brando	brando	single_word			gentle / tender / soft		none						brando = gentle / tender / soft
4448	4448	0	nó	nó	single_word			knot		none						nó = knot
4449	4449	0	estrago	estrago	single_word			damage / destruction		none						estrago = damage / destruction
4450	4450	0	espantoso	espantoso	single_word			shocking / surprising		none						espantoso = shocking / surprising
4451	4451	0	inscrever	inscrever	single_word			to enroll / register		none						inscrever = to enroll / register
4452	4452	0	frade	frade	single_word			friar		none						frade = friar
4453	4453	0	antecedente	antecedente	single_word			previous (history)		none						antecedente = previous (history)
4454	4454	0	ginásio	ginásio	single_word			middle school / gymnasium		none						ginásio = middle school / gymnasium
4455	4455	0	vigiar	vigiar	single_word			to keep an eye on / watch over		none						vigiar = to keep an eye on / watch over
4456	4456	0	aviação	aviação	single_word			aviation		none						aviação = aviation
4457	4457	0	galho	galho	single_word			branch		none						galho = branch
4458	4458	0	suíço	suíço	single_word			Swiss		none						suíço = Swiss
4459	4459	0	inovador	inovador	single_word			innovative / innovator		none						inovador = innovative / innovator
4460	4460	0	brutal	brutal	single_word			brutal		none						brutal = brutal
4461	4461	0	ilustração	ilustração	single_word			illustration		none						ilustração = illustration
4462	4462	0	homossexual	homossexual	single_word			homosexual		none						homossexual = homosexual
4463	4463	0	roxo	roxo	single_word			dark red / scarlet		none						roxo = dark red / scarlet
4464	4464	0	difundir	difundir	single_word			to spread / broadcast		none						difundir = to spread / broadcast
4465	4465	0	recolha	recolha	single_word			compilation / collection		none						recolha = compilation / collection
4466	4466	0	despacho	despacho	single_word			decree / resolution / decision		none						despacho = decree / resolution / decision
4467	4467	0	cortina	cortina	single_word			curtain		none						cortina = curtain
4468	4468	0	solicitação	solicitação	single_word			request / solicitation		none						solicitação = request / solicitation
4469	4469	0	agregado	agregado	single_word			aggregate / mixture		none						agregado = aggregate / mixture
4470	4470	0	inundação	inundação	single_word			flood		none						inundação = flood
4471	4471	0	exigente	exigente	single_word			demanding		none						exigente = demanding
4472	4472	0	fatia	fatia	single_word			share / slice / piece		none						fatia = share / slice / piece
4473	4473	0	espreitar	espreitar	single_word			to peek / pry		none						espreitar = to peek / pry
4474	4474	0	cota	cota	single_word			quota		none						cota = quota
4475	4475	0	enquadrar	enquadrar	single_word			to fall into / fit into / abide by		none						enquadrar = to fall into / fit into / abide by
4476	4476	0	melodia	melodia	single_word			melody		none						melodia = melody
4477	4477	0	porventura	porventura	single_word			perhaps / maybe / by chance		none						porventura = perhaps / maybe / by chance
4478	4478	0	sufocar	sufocar	single_word			to suffocate		none						sufocar = to suffocate
4479	4479	0	helicóptero	helicóptero	single_word			helicopter		none						helicóptero = helicopter
4480	4480	0	especialização	especialização	single_word			specialization		none						especialização = specialization
4481	4481	0	antepassado	antepassado	single_word			ancestor		none						antepassado = ancestor
4482	4482	0	equivaler	equivaler	single_word			to be equivalent		none						equivaler = to be equivalent
4483	4483	0	englobar	englobar	single_word			to encompass		none						englobar = to encompass
4484	4484	0	grilo	grilo	single_word			cricket		none						grilo = cricket
4485	4485	0	oportuno	oportuno	single_word			opportune / timely		none						oportuno = opportune / timely
4486	4486	0	arrepender	arrepender	single_word			to repent / regret		none						arrepender = to repent / regret
4487	4487	0	energético	energético	single_word			of energy / energetic		none						energético = of energy / energetic
4488	4488	0	pendurado	pendurado	single_word			hung		none						pendurado = hung
4489	4489	0	inclusão	inclusão	single_word			inclusion		none						inclusão = inclusion
4490	4490	0	berço	berço	single_word			crib / cradle / homeland		none						berço = crib / cradle / homeland
4491	4491	0	revólver	revólver	single_word			revolver		none						revólver = revolver
4492	4492	0	pálido	pálido	single_word			pale		none						pálido = pale
4493	4493	0	fecho	fecho	single_word			bolt / latch / clasp / lock		none						fecho = bolt / latch / clasp / lock
4494	4494	0	cómico	cômico	single_word			comic / comedian		spelling						cómico = comic / comedian
4495	4495	0	vivência	vivência	single_word			life / life experience		none						vivência = life / life experience
4496	4496	0	omissão	omissão	single_word			omission		none						omissão = omission
4497	4497	0	empreender	empreender	single_word			to undertake		none						empreender = to undertake
4498	4498	0	adicional	adicional	single_word			additional		none						adicional = additional
4499	4499	0	oxigénio	oxigênio	single_word			oxygen		spelling						oxigénio = oxygen
4500	4500	0	sigilo	sigilo	single_word			secrecy		none						sigilo = secrecy
4501	4501	0	suor	suor	single_word			sweat		none						suor = sweat
4502	4502	0	espesso	espesso	single_word			thick / dense / opaque		none						espesso = thick / dense / opaque
4503	4503	0	inverso	inverso	single_word			opposite / inverse / contrary		none						inverso = opposite / inverse / contrary
4504	4504	0	toalha	toalha	single_word			towel		none						toalha = towel
4505	4505	0	incerto	incerto	single_word			uncertain / unsure		none						incerto = uncertain / unsure
4506	4506	0	densidade	densidade	single_word			density		none						densidade = density
4507	4507	0	hino	hino	single_word			anthem / hymn		none						hino = anthem / hymn
4508	4508	0	preceito	preceito	single_word			precept / order / norm		none						preceito = precept / order / norm
4509	4509	0	bruxa	bruxa	single_word			witch		none						bruxa = witch
4510	4510	0	sobrepor	sobrepor	single_word			to take precedence over / surpass		none						sobrepor = to take precedence over / surpass
4511	4511	0	sobrinha	sobrinha	single_word			niece		none						sobrinha = niece
4512	4512	0	cultivo	cultivo	single_word			act of planting		none						cultivo = act of planting
4513	4513	0	desvantagem	desvantagem	single_word			disadvantage		none						desvantagem = disadvantage
4514	4514	0	punho	punho	single_word			fist / wrist / cuff		none						punho = fist / wrist / cuff
4515	4515	0	bosque	bosque	single_word			grove		none						bosque = grove
4516	4516	0	cotação	cotação	single_word			value / estimate		none						cotação = value / estimate
4517	4517	0	luto	luto	single_word			mourning		none						luto = mourning
4518	4518	0	precedente	precedente	single_word			precedent		none						precedente = precedent
4519	4519	0	pontapé	pontapé	single_word			kick		none						pontapé = kick
4520	4520	0	varejo	varejo	single_word			retail (trade)		none						varejo = retail (trade)
4521	4521	0	espetacular	espetacular	single_word			spectacular		none						espetacular = spectacular
4522	4522	0	esquecimento	esquecimento	single_word			forgetfulness		none						esquecimento = forgetfulness
4523	4523	0	aplicado	aplicado	single_word			applied		none						aplicado = applied
4524	4524	0	documentação	documentação	single_word			documentation		none						documentação = documentation
4525	4525	0	inauguração	inauguração	single_word			inauguration		none						inauguração = inauguration
4526	4526	0	satisfatório	satisfatório	single_word			satisfactory		none						satisfatório = satisfactory
4527	4527	0	gótico	gótico	single_word			gothic		none						gótico = gothic
4528	4528	0	sumário	sumário	single_word			brief / summary		none						sumário = brief / summary
4529	4529	0	politécnico	politécnico	single_word			polytechnic		none						politécnico = polytechnic
4530	4530	0	nulo	nulo	single_word			void / null		none						nulo = void / null
4531	4531	0	protestante	protestante	single_word			protestant		none						protestante = protestant
4532	4532	0	autárquico	autárquico	single_word			non-governmental		none						autárquico = non-governmental
4533	4533	0	interrogação	interrogação	single_word			question / interrogation		none						interrogação = question / interrogation
4534	4534	0	terapia	terapia	single_word			therapy / treatment		none						terapia = therapy / treatment
4535	4535	0	temperamento	temperamento	single_word			temperament		none						temperamento = temperament
4536	4536	0	arbitragem	arbitragem	single_word			arbitration		none						arbitragem = arbitration
4537	4537	0	falecido	falecido	single_word			deceased		none						falecido = deceased
4538	4538	0	furioso	furioso	single_word			sharp / furious		none						furioso = sharp / furious
4539	4539	0	proteína	proteína	single_word			protein		none						proteína = protein
4540	4540	0	extra	extra	single_word			extra / added		none						extra = extra / added
4541	4541	0	bordado	bordado	single_word			embroidered / embroidery		none						bordado = embroidered / embroidery
4542	4542	0	coesão	coesão	single_word			cohesion		none						coesão = cohesion
4543	4543	0	colonização	colonização	single_word			colonization / colonizing		none						colonização = colonization / colonizing
4544	4544	0	proporcional	proporcional	single_word			proportional		none						proporcional = proportional
4545	4545	0	psicólogo	psicólogo	single_word			psychologist		none						psicólogo = psychologist
4546	4546	0	acionar	acionar	single_word			to activate / put into action		none						acionar = to activate / put into action
4547	4547	0	recair	recair	single_word			to go back to / revert to		none						recair = to go back to / revert to
4548	4548	0	equívoco	equívoco	single_word			error / equivocal		none						equívoco = error / equivocal
4549	4549	0	desconto	desconto	single_word			discount		none						desconto = discount
4550	4550	0	espinho	espinho	single_word			thorn		none						espinho = thorn
4551	4551	0	espinha	espinha	single_word			spine / fish bone / acne		none						espinha = spine / fish bone / acne
4552	4552	0	esqueleto	esqueleto	single_word			skeleton		none						esqueleto = skeleton
4553	4553	0	metodologia	metodologia	single_word			methodology		none						metodologia = methodology
4554	4554	0	teclado	teclado	single_word			keyboard		none						teclado = keyboard
4555	4555	0	condicionado	condicionado	single_word			conditioned		none						condicionado = conditioned
4556	4556	0	corretor	corretor	single_word			broker / agent		none						corretor = broker / agent
4557	4557	0	artilharia	artilharia	single_word			artillery		none						artilharia = artillery
4558	4558	0	tubarão	tubarão	single_word			shark		none						tubarão = shark
4559	4559	0	comunhão	comunhão	single_word			communion		none						comunhão = communion
4560	4560	0	abraço	abraço	single_word			embrace / hug		none						abraço = embrace / hug
4561	4561	0	rim	rim	single_word			kidney		none						rim = kidney
4562	4562	0	fração	fração	single_word			fraction / bit		none						fração = fraction / bit
4563	4563	0	editorial	editorial	single_word			editorial		none						editorial = editorial
4564	4564	0	resgate	resgate	single_word			rescue / ransom		none						resgate = rescue / ransom
4565	4565	0	mercê	mercê	single_word			(a m. de) at the mercy of		none						mercê = (a m. de) at the mercy of
4565	4565	1	à mercê de	à mercê de	space_compound			(a m. de) at the mercy of		idiom_expansion						mercê = (a m. de) at the mercy of
4566	4566	0	marechal	marechal	single_word			marshal		none						marechal = marshal
4567	4567	0	balão	balão	single_word			balloon		none						balão = balloon
4568	4568	0	tremer	tremer	single_word			to shake / tremble		none						tremer = to shake / tremble
4569	4569	0	milénio	milénio	single_word			millennium		none						milénio = millennium
4570	4570	0	reajuste	reajuste	single_word			adjustment (income)		none						reajuste = adjustment (income)
4571	4571	0	aquecimento	aquecimento	single_word			warming / heating		none						aquecimento = warming / heating
4572	4572	0	torturar	torturar	single_word			to torture		none						torturar = to torture
4573	4573	0	afogar	afogar	single_word			to drown / flood		none						afogar = to drown / flood
4574	4574	0	estragar	estragar	single_word			to ruin / go bad / spoil		none						estragar = to ruin / go bad / spoil
4575	4575	0	alinhado	alinhado	single_word			aligned		none						alinhado = aligned
4576	4576	0	charuto	charuto	single_word			cigar		none						charuto = cigar
4577	4577	0	nora	nora	single_word			daughter-in-law		none						nora = daughter-in-law
4578	4578	0	aposentado	aposentado	single_word			retired		none						aposentado = retired
4579	4579	0	consentir	consentir	single_word			to approve / grant		none						consentir = to approve / grant
4580	4580	0	romantismo	romantismo	single_word			romanticism		none						romantismo = romanticism
4581	4581	0	agrupar	agrupar	single_word			to group		none						agrupar = to group
4582	4582	0	narrativo	narrativo	single_word			narrative		none						narrativo = narrative
4583	4583	0	canhão	canhão	single_word			cannon		none						canhão = cannon
4584	4584	0	sanguíneo	sanguíneo	single_word			relating to blood		none						sanguíneo = relating to blood
4585	4585	0	bandeirante	bandeirante	single_word			bandeirante (frontiersmen)		none						bandeirante = bandeirante (frontiersmen)
4586	4586	0	atlântico	atlântico	single_word			Atlantic (ocean)		none						atlântico = Atlantic (ocean)
4587	4587	0	reputação	reputação	single_word			reputation		none						reputação = reputation
4588	4588	0	saudar	saudar	single_word			to greet / salute		none						saudar = to greet / salute
4589	4589	0	traçado	traçado	single_word			drawn out / planned / plan		none						traçado = drawn out / planned / plan
4590	4590	0	preliminar	preliminar	single_word			preliminary		none						preliminar = preliminary
4591	4591	0	confirmação	confirmação	single_word			confirmation		none						confirmação = confirmation
4592	4592	0	abdicar	abdicar	single_word			to abdicate		none						abdicar = to abdicate
4593	4593	0	diferir	diferir	single_word			to differ / be different from		none						diferir = to differ / be different from
4594	4594	0	escocês	escocês	single_word			Scottish		none						escocês = Scottish
4595	4595	0	curiosamente	curiosamente	single_word			curiously		none						curiosamente = curiously
4596	4596	0	ídolo	ídolo	single_word			idol		none						ídolo = idol
4597	4597	0	grosseiro	grosseiro	single_word			crude / coarse / rude		none						grosseiro = crude / coarse / rude
4598	4598	0	serpente	serpente	single_word			snake / serpent		none						serpente = snake / serpent
4599	4599	0	tomada	tomada	single_word			seizure / socket		none						tomada = seizure / socket
4600	4600	0	terno	terno	single_word			suit / tender / kindly		none						terno = suit / tender / kindly
4601	4601	0	civilizado	civilizado	single_word			civilized		none						civilizado = civilized
4602	4602	0	anotar	anotar	single_word			to write down / annotate		none						anotar = to write down / annotate
4603	4603	0	desdobrar	desdobrar	single_word			to unfold		none						desdobrar = to unfold
4604	4604	0	progredir	progredir	single_word			to progress		none						progredir = to progress
4605	4605	0	montado	montado	single_word			mounted / assembled		none						montado = mounted / assembled
4606	4606	0	furtar	furtar	single_word			to steal		none						furtar = to steal
4607	4607	0	contributo	contributo	single_word			contribution		none						contributo = contribution
4608	4608	0	precoce	precoce	single_word			premature / precocious		none						precoce = premature / precocious
4609	4609	0	pardo	pardo	single_word			mulatto / off-white		none						pardo = mulatto / off-white
4610	4610	0	poste	poste	single_word			pole / vertical post		none						poste = pole / vertical post
4611	4611	0	milionário	milionário	single_word			millionaire		none						milionário = millionaire
4612	4612	0	panela	panela	single_word			pot / pan		none						panela = pot / pan
4613	4613	0	hostil	hostil	single_word			hostile		none						hostil = hostile
4614	4614	0	sudoeste	sudoeste	single_word			southwest		none						sudoeste = southwest
4615	4615	0	cavalaria	cavalaria	single_word			cavalry		none						cavalaria = cavalry
4616	4616	0	bonde	bonde	single_word			streetcar		none						bonde = streetcar
4617	4617	0	exagero	exagero	single_word			exaggeration		none						exagero = exaggeration
4618	4618	0	liquidar	liquidar	single_word			to pay off (debt) / liquidate		none						liquidar = to pay off (debt) / liquidate
4619	4619	0	rosado	rosado	single_word			rosy / pink		none						rosado = rosy / pink
4620	4620	0	referido	referido	single_word			above-mentioned / referred		none						referido = above-mentioned / referred
4621	4621	0	brisa	brisa	single_word			breeze		none						brisa = breeze
4622	4622	0	internado	internado	single_word			hospitalized		none						internado = hospitalized
4623	4623	0	convocação	convocação	single_word			convocation / gathering		none						convocação = convocation / gathering
4624	4624	0	adjetivo	adjetivo	single_word			adjective		none						adjetivo = adjective
4625	4625	0	trajeto	trajeto	single_word			route / distance / stretch		none						trajeto = route / distance / stretch
4626	4626	0	chefiar	chefiar	single_word			to head / lead		none						chefiar = to head / lead
4627	4627	0	vocabulário	vocabulário	single_word			vocabulary		none						vocabulário = vocabulary
4628	4628	0	coerência	coerência	single_word			coherence		none						coerência = coherence
4629	4629	0	aspirar	aspirar	single_word			to aspire to / inhale		none						aspirar = to aspire to / inhale
4630	4630	0	multinacional	multinacional	single_word			international corporation		none						multinacional = international corporation
4631	4631	0	homenagear	homenagear	single_word			to pay homage to / honor		none						homenagear = to pay homage to / honor
4632	4632	0	asilo	asilo	single_word			asylum		none						asilo = asylum
4633	4633	0	ceia	ceia	single_word			supper / dinner		none						ceia = supper / dinner
4634	4634	0	moradia	moradia	single_word			dwelling		none						moradia = dwelling
4635	4635	0	nordestino	nordestino	single_word			northeastern / northeasterner		none						nordestino = northeastern / northeasterner
4636	4636	0	apelido	apelido	single_word			nickname / family name		none						apelido = nickname / family name
4637	4637	0	celeste	celeste	single_word			heavenly		none						celeste = heavenly
4638	4638	0	abismo	abismo	single_word			abyss		none						abismo = abyss
4639	4639	0	aprendizado	aprendizado	single_word			the act of learning		none						aprendizado = the act of learning
4640	4640	0	contestação	contestação	single_word			challenge		none						contestação = challenge
4641	4641	0	liberação	liberação	single_word			disbursement / absolving		none						liberação = disbursement / absolving
4642	4642	0	homicídio	homicídio	single_word			murder / homicide		none						homicídio = murder / homicide
4643	4643	0	terraço	terraço	single_word			porch / patio / balcony		none						terraço = porch / patio / balcony
4644	4644	0	fixação	fixação	single_word			stability / settlement		none						fixação = stability / settlement
4645	4645	0	heróico	heróico	single_word			heroic		none						heróico = heroic
4646	4646	0	ensaiar	ensaiar	single_word			to practice / rehearse		none						ensaiar = to practice / rehearse
4647	4647	0	pontual	pontual	single_word			punctual		none						pontual = punctual
4648	4648	0	manto	manto	single_word			mantle / robe		none						manto = mantle / robe
4649	4649	0	globalização	globalização	single_word			globalisation		none						globalização = globalisation
4650	4650	0	catálogo	catálogo	single_word			index / catalog		none						catálogo = index / catalog
4651	4651	0	socorrer	socorrer	single_word			to aid / relieve		none						socorrer = to aid / relieve
4652	4652	0	colocado	colocado	single_word			positioned / placed		none						colocado = positioned / placed
4653	4653	0	desgaste	desgaste	single_word			deterioration		none						desgaste = deterioration
4654	4654	0	cantiga	cantiga	single_word			song / ballad		none						cantiga = song / ballad
4655	4655	0	recinto	recinto	single_word			chamber / enclosure		none						recinto = chamber / enclosure
4656	4656	0	qualificado	qualificado	single_word			qualified		none						qualificado = qualified
4657	4657	0	encaixar	encaixar	single_word			to fit (in or together) / belong		none						encaixar = to fit (in or together) / belong
4658	4658	0	preceder	preceder	single_word			to precede / predate		none						preceder = to precede / predate
4659	4659	0	ditador	ditador	single_word			dictator		none						ditador = dictator
4660	4660	0	nominal	nominal	single_word			nominal		none						nominal = nominal
4661	4661	0	maturidade	maturidade	single_word			maturity		none						maturidade = maturity
4662	4662	0	inquietação	inquietação	single_word			unrest / disturbance		none						inquietação = unrest / disturbance
4663	4663	0	cerâmica	cerâmica	single_word			pottery / ceramics		none						cerâmica = pottery / ceramics
4664	4664	0	mecânica	mecânica	single_word			mechanics		none						mecânica = mechanics
4665	4665	0	sacar	sacar	single_word			to take out / pull out		none						sacar = to take out / pull out
4666	4666	0	porta-voz	porta-voz	hyphenated_compound			spokesperson		none						porta-voz = spokesperson
4667	4667	0	mão-de-obra	mão de obra	space_compound			labor / workers		hyphen						mão-de-obra = labor / workers
4668	4668	0	distrital	distrital	single_word			relating to a district		none						distrital = relating to a district
4669	4669	0	burocrático	burocrático	single_word			bureaucratic		none						burocrático = bureaucratic
4670	4670	0	extração	extração	single_word			extraction		none						extração = extraction
4671	4671	0	descobrimento	descobrimento	single_word			discovery		none						descobrimento = discovery
4672	4672	0	complemento	complemento	single_word			object (grammar) / addition		none						complemento = object (grammar) / addition
4673	4673	0	desordem	desordem	single_word			disorder / quarrel / fight		none						desordem = disorder / quarrel / fight
4674	4674	0	ex-presidente	ex-presidente	hyphenated_compound			ex-president		none						ex-presidente = ex-president
4675	4675	0	influente	influente	single_word			influential		none						influente = influential
4676	4676	0	postal	postal	single_word			postal		none						postal = postal
4677	4677	0	queima	queima	single_word			burning		none						queima = burning
4678	4678	0	suprir	suprir	single_word			to supply		none						suprir = to supply
4679	4679	0	clínico	clínico	single_word			clinical		none						clínico = clinical
4680	4680	0	alinhamento	alinhamento	single_word			alignment / line up		none						alinhamento = alignment / line up
4681	4681	0	desembargador	desembargador	single_word			judge of a court of appeals		none						desembargador = judge of a court of appeals
4682	4682	0	catástrofe	catástrofe	single_word			catastrophe		none						catástrofe = catastrophe
4683	4683	0	deslocamento	deslocamento	single_word			movement / travel		none						deslocamento = movement / travel
4684	4684	0	indagar	indagar	single_word			to inquire / question		none						indagar = to inquire / question
4685	4685	0	mobilização	mobilização	single_word			mobilization		none						mobilização = mobilization
4686	4686	0	seduzir	seduzir	single_word			to seduce / entice		none						seduzir = to seduce / entice
4687	4687	0	equipado	equipado	single_word			equipped		none						equipado = equipped
4688	4688	0	atrever	atrever	single_word			to dare		none						atrever = to dare
4689	4689	0	regimento	regimento	single_word			regiment		none						regimento = regiment
4690	4690	0	estranhar	estranhar	single_word			to find strange / be surprised		none						estranhar = to find strange / be surprised
4691	4691	0	vulto	vulto	single_word			notable person / appearance		none						vulto = notable person / appearance
4692	4692	0	legião	legião	single_word			legion		none						legião = legion
4693	4693	0	elevador	elevador	single_word			elevator		none						elevador = elevator
4694	4694	0	afinidade	afinidade	single_word			affinity		none						afinidade = affinity
4695	4695	0	corporal	corporal	single_word			relating to the body / bodily		none						corporal = relating to the body / bodily
4696	4696	0	inerente	inerente	single_word			inherent		none						inerente = inherent
4697	4697	0	suscitar	suscitar	single_word			to rouse / excite		none						suscitar = to rouse / excite
4698	4698	0	conciliar	conciliar	single_word			to reconcile / harmonize		none						conciliar = to reconcile / harmonize
4699	4699	0	estabilização	estabilização	single_word			stability / stabilization		none						estabilização = stability / stabilization
4700	4700	0	intriga	intriga	single_word			intrigue		none						intriga = intrigue
4701	4701	0	fação	fação	single_word			faction		none						fação = faction
4702	4702	0	indignação	indignação	single_word			indignation		none						indignação = indignation
4703	4703	0	lavagem	lavagem	single_word			washing		none						lavagem = washing
4704	4704	0	tigre	tigre	single_word			tiger		none						tigre = tiger
4705	4705	0	humidade	umidade	single_word			humidity / moisture		spelling						humidade = humidity / moisture
4706	4706	0	cumplicidade	cumplicidade	single_word			complicity		none						cumplicidade = complicity
4707	4707	0	travessia	travessia	single_word			crossing		none						travessia = crossing
4708	4708	0	gerador	gerador	single_word			generator		none						gerador = generator
4709	4709	0	arraial	arraial	single_word			encampment / fair		none						arraial = encampment / fair
4710	4710	0	assessor	assessor	single_word			assistant / advisor / consultant		none						assessor = assistant / advisor / consultant
4711	4711	0	saca	saca	single_word			bag / sack		none						saca = bag / sack
4712	4712	0	prosperidade	prosperidade	single_word			prosperity		none						prosperidade = prosperity
4713	4713	0	simular	simular	single_word			to simulate		none						simular = to simulate
4714	4714	0	estacionar	estacionar	single_word			to park		none						estacionar = to park
4715	4715	0	peculiar	peculiar	single_word			peculiar		none						peculiar = peculiar
4716	4716	0	competitividade	competitividade	single_word			competitiveness		none						competitividade = competitiveness
4717	4717	0	torcida	torcida	single_word			fans / fan club		none						torcida = fans / fan club
4718	4718	0	predominar	predominar	single_word			to predominate / prevail		none						predominar = to predominate / prevail
4719	4719	0	concretização	concretização	single_word			realization		none						concretização = realization
4720	4720	0	chato	chato	single_word			bothersome / unpleasant / boring		none						chato = bothersome / unpleasant / boring
4721	4721	0	insistência	insistência	single_word			insistence		none						insistência = insistence
4722	4722	0	problemática	problemática	single_word			issue / problem		none						problemática = issue / problem
4723	4723	0	semanal	semanal	single_word			weekly		none						semanal = weekly
4724	4724	0	atributo	atributo	single_word			attribute / trait		none						atributo = attribute / trait
4725	4725	0	educacional	educacional	single_word			educational		none						educacional = educational
4726	4726	0	acrescido	acrescido	single_word			increased / addition		none						acrescido = increased / addition
4727	4727	0	tona	tona	single_word			(à t.) to the surface		none						tona = (à t.) to the surface
4727	4727	1	à tona	à tona	space_compound			(à t.) to the surface		idiom_expansion						tona = (à t.) to the surface
4728	4728	0	sonda	sonda	single_word			probe / catheter		none						sonda = probe / catheter
4729	4729	0	australiano	australiano	single_word			Australian		none						australiano = Australian
4730	4730	0	ferimento	ferimento	single_word			wound		none						ferimento = wound
4731	4731	0	câncer	câncer	single_word			cancer		none						câncer = cancer
4732	4732	0	subúrbio	subúrbio	single_word			suburbs		none						subúrbio = suburbs
4733	4733	0	neutro	neutro	single_word			neutral		none						neutro = neutral
4734	4734	0	estudioso	estudioso	single_word			studious / scholar / erudite		none						estudioso = studious / scholar / erudite
4735	4735	0	flagrante	flagrante	single_word			flagrant		none						flagrante = flagrant
4736	4736	0	pneu	pneu	single_word			tire (car)		none						pneu = tire (car)
4737	4737	0	tostão	tostão	single_word			an old coin worth 10 cents		none						tostão = an old coin worth 10 cents
4738	4738	0	ata	ata	single_word			minutes (meeting)		none						ata = minutes (meeting)
4739	4739	0	naturalidade	naturalidade	single_word			ease / place of birth		none						naturalidade = ease / place of birth
4740	4740	0	rodada	rodada	single_word			round / rotation		none						rodada = round / rotation
4741	4741	0	procissão	procissão	single_word			procession		none						procissão = procession
4742	4742	0	chocolate	chocolate	single_word			chocolate		none						chocolate = chocolate
4743	4743	0	vice	vice	single_word			vice (assistant)		none						vice = vice (assistant)
4744	4744	0	robusto	robusto	single_word			strong / robust		none						robusto = strong / robust
4745	4745	0	contaminado	contaminado	single_word			contaminated		none						contaminado = contaminated
4746	4746	0	detalhado	detalhado	single_word			detailed		none						detalhado = detailed
4747	4747	0	pausa	pausa	single_word			pause / rest		none						pausa = pause / rest
4748	4748	0	marfim	marfim	single_word			ivory		none						marfim = ivory
4749	4749	0	rejeição	rejeição	single_word			rejection		none						rejeição = rejection
4750	4750	0	acomodar	acomodar	single_word			to make comfortable / accommodate		none						acomodar = to make comfortable / accommodate
4751	4751	0	mocidade	mocidade	single_word			youth		none						mocidade = youth
4752	4752	0	fúria	fúria	single_word			fury / wrath		none						fúria = fury / wrath
4753	4753	0	incompleto	incompleto	single_word			incomplete		none						incompleto = incomplete
4754	4754	0	implementação	implementação	single_word			implementation		none						implementação = implementation
4755	4755	0	atualizar	atualizar	single_word			to update / modernize		none						atualizar = to update / modernize
4756	4756	0	sábado	sábado	single_word			Saturday		none						sábado = Saturday
4757	4757	0	crente	crente	single_word			believer / believing		none						crente = believer / believing
4758	4758	0	preventivo	preventivo	single_word			preventative		none						preventivo = preventative
4759	4759	0	papai	papai	single_word			daddy		none						papai = daddy
4760	4760	0	meia-noite	meia-noite	hyphenated_compound			midnight		none						meia-noite = midnight
4761	4761	0	risca	risca	single_word			stripe / line		none						risca = stripe / line
4762	4762	0	sardinha	sardinha	single_word			sardine		none						sardinha = sardine
4763	4763	0	espingarda	espingarda	single_word			shotgun		none						espingarda = shotgun
4764	4764	0	profeta	profeta	single_word			prophet		none						profeta = prophet
4765	4765	0	emigrar	emigrar	single_word			to emigrate		none						emigrar = to emigrate
4766	4766	0	eleitorado	eleitorado	single_word			electorate		none						eleitorado = electorate
4767	4767	0	progressivamente	progressivamente	single_word			gradually / progressively		none						progressivamente = gradually / progressively
4768	4768	0	cavar	cavar	single_word			to dig		none						cavar = to dig
4769	4769	0	contagem	contagem	single_word			counting		none						contagem = counting
4770	4770	0	pesadelo	pesadelo	single_word			nightmare		none						pesadelo = nightmare
4771	4771	0	honrar	honrar	single_word			to honor		none						honrar = to honor
4772	4772	0	susceptível	susceptível	single_word			susceptible		none						susceptível = susceptible
4773	4773	0	cereal	cereal	single_word			grain / cereal		none						cereal = grain / cereal
4774	4774	0	renascer	renascer	single_word			to be reborn		none						renascer = to be reborn
4775	4775	0	apetite	apetite	single_word			appetite		none						apetite = appetite
4776	4776	0	sertanejo	sertanejo	single_word			from rural Northeastern Brazil		none						sertanejo = from rural Northeastern Brazil
4777	4777	0	cartório	cartório	single_word			records office		none						cartório = records office
4778	4778	0	privilegiar	privilegiar	single_word			to favor / choose		none						privilegiar = to favor / choose
4779	4779	0	fracassar	fracassar	single_word			to fail		none						fracassar = to fail
4780	4780	0	sinistro	sinistro	single_word			sinister		none						sinistro = sinister
4781	4781	0	atenuar	atenuar	single_word			to reduce / die down / ease		none						atenuar = to reduce / die down / ease
4782	4782	0	catorze	catorze	single_word			fourteen		none						catorze = fourteen
4783	4783	0	marxista	marxista	single_word			Marxist		none						marxista = Marxist
4784	4784	0	substancial	substancial	single_word			substantial		none						substancial = substantial
4785	4785	0	bloquear	bloquear	single_word			to block		none						bloquear = to block
4786	4786	0	refazer	refazer	single_word			to redo		none						refazer = to redo
4787	4787	0	reafirmar	reafirmar	single_word			to reaffirm		none						reafirmar = to reaffirm
4788	4788	0	flanco	flanco	single_word			flank		none						flanco = flank
4789	4789	0	estacionamento	estacionamento	single_word			parking		none						estacionamento = parking
4790	4790	0	equação	equação	single_word			equation		none						equação = equation
4791	4791	0	secular	secular	single_word			secular		none						secular = secular
4792	4792	0	acostumar	acostumar	single_word			to get used to (+se)		none						acostumar = to get used to (+se)
4793	4793	0	velar	velar	single_word			to watch over / care for		none						velar = to watch over / care for
4794	4794	0	derramar	derramar	single_word			to shed / spill		none						derramar = to shed / spill
4795	4795	0	encarnado	encarnado	single_word			incarnate / in the flesh		none						encarnado = incarnate / in the flesh
4796	4796	0	ternura	ternura	single_word			tenderness / kindness		none						ternura = tenderness / kindness
4797	4797	0	condicionar	condicionar	single_word			to condition / subject		none						condicionar = to condition / subject
4798	4798	0	fluir	fluir	single_word			to flow		none						fluir = to flow
4799	4799	0	ingresso	ingresso	single_word			admission / entrance		none						ingresso = admission / entrance
4800	4800	0	irritação	irritação	single_word			irritation		none						irritação = irritation
4801	4801	0	esvaziar	esvaziar	single_word			to empty		none						esvaziar = to empty
4802	4802	0	giro	giro	single_word			(take a) walk / return		none						giro = (take a) walk / return
4803	4803	0	providenciar	providenciar	single_word			to provide		none						providenciar = to provide
4804	4804	0	encostado	encostado	single_word			leaning / resting on		none						encostado = leaning / resting on
4805	4805	0	perpétuo	perpétuo	single_word			perpetual / permanent		none						perpétuo = perpetual / permanent
4806	4806	0	declínio	declínio	single_word			decline		none						declínio = decline
4807	4807	0	prematuro	prematuro	single_word			premature		none						prematuro = premature
4808	4808	0	amplitude	amplitude	single_word			range / amplitude		none						amplitude = range / amplitude
4809	4809	0	piada	piada	single_word			joke		none						piada = joke
4810	4810	0	rancho	rancho	single_word			ranch		none						rancho = ranch
4811	4811	0	despeito	despeito	single_word			despite / in spite of		none						despeito = despite / in spite of
4812	4812	0	acréscimo	acréscimo	single_word			growth / addition / increase		none						acréscimo = growth / addition / increase
4813	4813	0	fôlego	fôlego	single_word			breath		none						fôlego = breath
4814	4814	0	derivado	derivado	single_word			derivative / derived		none						derivado = derivative / derived
4815	4815	0	armamento	armamento	single_word			weaponry		none						armamento = weaponry
4816	4816	0	deduzir	deduzir	single_word			to figure out / deduce		none						deduzir = to figure out / deduce
4817	4817	0	confortável	confortável	single_word			comfortable		none						confortável = comfortable
4818	4818	0	cauteloso	cauteloso	single_word			cautious / prudent		none						cauteloso = cautious / prudent
4819	4819	0	televisivo	televisivo	single_word			related to TV		none						televisivo = related to TV
4820	4820	0	sul-africano	sul-africano	hyphenated_compound			South African		none						sul-africano = South African
4821	4821	0	boneco	boneco	single_word			toy / action figure		none						boneco = toy / action figure
4822	4822	0	castigar	castigar	single_word			to punish		none						castigar = to punish
4823	4823	0	curvar	curvar	single_word			to bow		none						curvar = to bow
4824	4824	0	gestor	gestor	single_word			manager		none						gestor = manager
4825	4825	0	caldo	caldo	single_word			broth / soup		none						caldo = broth / soup
4826	4826	0	tolerância	tolerância	single_word			tolerance		none						tolerância = tolerance
4827	4827	0	feto	feto	single_word			fetus		none						feto = fetus
4828	4828	0	valioso	valioso	single_word			valuable		none						valioso = valuable
4829	4829	0	fauna	fauna	single_word			fauna		none						fauna = fauna
4830	4830	0	detestar	detestar	single_word			to detest		none						detestar = to detest
4831	4831	0	cirúrgico	cirúrgico	single_word			surgical		none						cirúrgico = surgical
4832	4832	0	cavalheiro	cavalheiro	single_word			gentleman		none						cavalheiro = gentleman
4833	4833	0	astro	astro	single_word			any heavenly body / pop-star		none						astro = any heavenly body / pop-star
4834	4834	0	presumir	presumir	single_word			to presume / suspect		none						presumir = to presume / suspect
4835	4835	0	ofensa	ofensa	single_word			offense		none						ofensa = offense
4836	4836	0	queimado	queimado	single_word			burned		none						queimado = burned
4837	4837	0	atraente	atraente	single_word			attractive		none						atraente = attractive
4838	4838	0	viável	viável	single_word			viable		none						viável = viable
4839	4839	0	afetivo	afetivo	single_word			affectionate / caring		none						afetivo = affectionate / caring
4840	4840	0	configuração	configuração	single_word			configuration		none						configuração = configuration
4841	4841	0	gravata	gravata	single_word			necktie		none						gravata = necktie
4842	4842	0	influir	influir	single_word			to influence / dominate		none						influir = to influence / dominate
4843	4843	0	chefia	chefia	single_word			leadership / command		none						chefia = leadership / command
4844	4844	0	subitamente	subitamente	single_word			suddenly		none						subitamente = suddenly
4845	4845	0	burocracia	burocracia	single_word			bureaucracy		none						burocracia = bureaucracy
4846	4846	0	corretamente	corretamente	single_word			accurately / correctly		none						corretamente = accurately / correctly
4847	4847	0	criatividade	criatividade	single_word			creativity		none						criatividade = creativity
4848	4848	0	parasita	parasita	single_word			parasite / parasitic		none						parasita = parasite / parasitic
4849	4849	0	findar	findar	single_word			to end / finalize		none						findar = to end / finalize
4850	4850	0	comunicado	comunicado	single_word			press release / announcement		none						comunicado = press release / announcement
4851	4851	0	fera	fera	single_word			wild animal / beast		none						fera = wild animal / beast
4852	4852	0	rosário	rosário	single_word			rosary		none						rosário = rosary
4853	4853	0	solucionar	solucionar	single_word			to solve / find a solution		none						solucionar = to solve / find a solution
4854	4854	0	rito	rito	single_word			rite		none						rito = rite
4855	4855	0	tradicionalmente	tradicionalmente	single_word			traditionally		none						tradicionalmente = traditionally
4856	4856	0	embrião	embrião	single_word			embryo		none						embrião = embryo
4857	4857	0	contido	contido	single_word			contained		none						contido = contained
4858	4858	0	sopro	sopro	single_word			puff / breath		none						sopro = puff / breath
4859	4859	0	vulcão	vulcão	single_word			volcano		none						vulcão = volcano
4860	4860	0	site	site	single_word			website		none						site = website
4861	4861	0	índex	índex	single_word			index		none						índex = index
4862	4862	0	escorrer	escorrer	single_word			to trickle / drain / drip		none						escorrer = to trickle / drain / drip
4863	4863	0	decerto	decerto	single_word			certainly		none						decerto = certainly
4864	4864	0	detetive	detetive	single_word			detective		none						detetive = detective
4865	4865	0	lavrar	lavrar	single_word			to cultivate		none						lavrar = to cultivate
4866	4866	0	calado	calado	single_word			quiet		none						calado = quiet
4867	4867	0	gozo	gozo	single_word			pleasure / joy / enjoyment		none						gozo = pleasure / joy / enjoyment
4868	4868	0	isento	isento	single_word			exempt / free		none						isento = exempt / free
4869	4869	0	prudente	prudente	single_word			prudent		none						prudente = prudent
4870	4870	0	envergonhar	envergonhar	single_word			to be ashamed (+se)		none						envergonhar = to be ashamed (+se)
4871	4871	0	confiante	confiante	single_word			confident		none						confiante = confident
4872	4872	0	seriedade	seriedade	single_word			seriousness		none						seriedade = seriousness
4873	4873	0	perito	perito	single_word			expert		none						perito = expert
4874	4874	0	peste	peste	single_word			plague / pest		none						peste = plague / pest
4875	4875	0	obsessão	obsessão	single_word			obsession		none						obsessão = obsession
4876	4876	0	cozinhar	cozinhar	single_word			to cook		none						cozinhar = to cook
4877	4877	0	cristianismo	cristianismo	single_word			Christianity		none						cristianismo = Christianity
4878	4878	0	convicto	convicto	single_word			die-hard / convinced		none						convicto = die-hard / convinced
4879	4879	0	detenção	detenção	single_word			arrest / detention		none						detenção = arrest / detention
4880	4880	0	despedida	despedida	single_word			farewell		none						despedida = farewell
4881	4881	0	perverso	perverso	single_word			pervert / perverse		none						perverso = pervert / perverse
4882	4882	0	experimento	experimento	single_word			experiment		none						experimento = experiment
4883	4883	0	mandado	mandado	single_word			warrant / mandate		none						mandado = warrant / mandate
4884	4884	0	reservado	reservado	single_word			reserved		none						reservado = reserved
4885	4885	0	tenso	tenso	single_word			tense		none						tenso = tense
4886	4886	0	telefonema	telefonema	single_word			phone call		none						telefonema = phone call
4887	4887	0	devorar	devorar	single_word			to devour		none						devorar = to devour
4888	4888	0	mola	mola	single_word			spring (of metal) / driving force		none						mola = spring (of metal) / driving force
4889	4889	0	voltado	voltado	single_word			intended for / turned towards		none						voltado = intended for / turned towards
4890	4890	0	descalço	descalço	single_word			barefoot / shoeless		none						descalço = barefoot / shoeless
4891	4891	0	caixão	caixão	single_word			coffin / casket / big box		none						caixão = coffin / casket / big box
4892	4892	0	construtor	construtor	single_word			builder		none						construtor = builder
4893	4893	0	azeitona	azeitona	single_word			olive		none						azeitona = olive
4894	4894	0	violino	violino	single_word			violin		none						violino = violin
4895	4895	0	apreender	apreender	single_word			to comprehend / apprehend		none						apreender = to comprehend / apprehend
4896	4896	0	brusco	brusco	single_word			abrupt / sudden / brusque		none						brusco = abrupt / sudden / brusque
4897	4897	0	tripa	tripa	single_word			intestine / tripe		none						tripa = intestine / tripe
4898	4898	0	ginástica	ginástica	single_word			gymnastics		none						ginástica = gymnastics
4899	4899	0	povoar	povoar	single_word			to people		none						povoar = to people
4900	4900	0	reparação	reparação	single_word			redress / reparation		none						reparação = redress / reparation
4901	4901	0	advogar	advogar	single_word			to advocate		none						advogar = to advocate
4902	4902	0	justificação	justificação	single_word			justification		none						justificação = justification
4903	4903	0	firmeza	firmeza	single_word			steadiness / firmness		none						firmeza = steadiness / firmness
4904	4904	0	originário	originário	single_word			originally from		none						originário = originally from
4905	4905	0	peregrinação	peregrinação	single_word			pilgrimage / journey		none						peregrinação = pilgrimage / journey
4906	4906	0	validade	validade	single_word			validity		none						validade = validity
4907	4907	0	proposição	proposição	single_word			proposition		none						proposição = proposition
4908	4908	0	flauta	flauta	single_word			flute		none						flauta = flute
4909	4909	0	suicidar	suicidar	single_word			to commit suicide (+se)		none						suicidar = to commit suicide (+se)
4910	4910	0	roer	roer	single_word			to gnaw / bite (off)		none						roer = to gnaw / bite (off)
4911	4911	0	incómodo	incómodo	single_word			inconvenient / difficulty		none						incómodo = inconvenient / difficulty
4912	4912	0	edificação	edificação	single_word			building / construction / edification		none						edificação = building / construction / edification
4913	4913	0	regularmente	regularmente	single_word			regularly		none						regularmente = regularly
4914	4914	0	opositor	opositor	single_word			opponent / opposing		none						opositor = opponent / opposing
4915	4915	0	fóssil	fóssil	single_word			fossil		none						fóssil = fossil
4916	4916	0	esquecido	esquecido	single_word			forgotten		none						esquecido = forgotten
4917	4917	0	arbusto	arbusto	single_word			bush		none						arbusto = bush
4918	4918	0	celebração	celebração	single_word			celebration		none						celebração = celebration
4919	4919	0	encarregado	encarregado	single_word			in charge / responsible		none						encarregado = in charge / responsible
4920	4920	0	cal	cal	single_word			limestone		none						cal = limestone
4921	4921	0	ninho	ninho	single_word			nest		none						ninho = nest
4922	4922	0	encantar	encantar	single_word			to fascinate / cast a spell on		none						encantar = to fascinate / cast a spell on
4923	4923	0	linear	linear	single_word			linear		none						linear = linear
4924	4924	0	colete	colete	single_word			vest / straight jacket		none						colete = vest / straight jacket
4925	4925	0	manipulação	manipulação	single_word			manipulation		none						manipulação = manipulation
4926	4926	0	potencialidade	potencialidade	single_word			potential		none						potencialidade = potential
4927	4927	0	pia	pia	single_word			sink / font		none						pia = sink / font
4928	4928	0	namoro	namoro	single_word			affair (romance)		none						namoro = affair (romance)
4929	4929	0	divisa	divisa	single_word			border / money		none						divisa = border / money
4930	4930	0	compatível	compatível	single_word			compatible		none						compatível = compatible
4931	4931	0	deslocação	deslocação	single_word			travel / displacement		none						deslocação = travel / displacement
4932	4932	0	amarrado	amarrado	single_word			fastened / tied		none						amarrado = fastened / tied
4933	4933	0	paralisar	paralisar	single_word			to paralyze		none						paralisar = to paralyze
4934	4934	0	casado	casado	single_word			married		none						casado = married
4935	4935	0	violeta	violeta	single_word			violet		none						violeta = violet
4936	4936	0	paradigma	paradigma	single_word			paradigm		none						paradigma = paradigm
4937	4937	0	encolher	encolher	single_word			to shrug		none						encolher = to shrug
4938	4938	0	decorativo	decorativo	single_word			decorative		none						decorativo = decorative
4939	4939	0	vigente	vigente	single_word			current / currently in force		none						vigente = current / currently in force
4940	4940	0	artifício	artifício	single_word			device / tool		none						artifício = device / tool
4941	4941	0	expediente	expediente	single_word			business hours / escape from problem		none						expediente = business hours / escape from problem
4942	4942	0	armadilha	armadilha	single_word			trap		none						armadilha = trap
4943	4943	0	gripe	gripe	single_word			cold / flu		none						gripe = cold / flu
4944	4944	0	contornar	contornar	single_word			to go around / bypass		none						contornar = to go around / bypass
4945	4945	0	epidemia	epidemia	single_word			epidemic		none						epidemia = epidemic
4946	4946	0	aceitável	aceitável	single_word			acceptable		none						aceitável = acceptable
4947	4947	0	vocal	vocal	single_word			vocal		none						vocal = vocal
4948	4948	0	candeeiro	candeeiro	single_word			lamp / light fixture		none						candeeiro = lamp / light fixture
4949	4949	0	cancelar	cancelar	single_word			to revoke / cancel		none						cancelar = to revoke / cancel
4950	4950	0	cimo	cimo	single_word			peak / top		none						cimo = peak / top
4951	4951	0	bengala	bengala	single_word			walking stick / cane		none						bengala = walking stick / cane
4952	4952	0	consultor	consultor	single_word			consultant		none						consultor = consultant
4953	4953	0	velhice	velhice	single_word			old age		none						velhice = old age
4954	4954	0	escuridão	escuridão	single_word			darkness		none						escuridão = darkness
4955	4955	0	telegrama	telegrama	single_word			telegram		none						telegrama = telegram
4956	4956	0	carneiro	carneiro	single_word			ram		none						carneiro = ram
4957	4957	0	iludir	iludir	single_word			to deceive / delude		none						iludir = to deceive / delude
4958	4958	0	barca	barca	single_word			small boat		none						barca = small boat
4959	4959	0	armazenar	armazenar	single_word			to store		none						armazenar = to store
4960	4960	0	incidência	incidência	single_word			incidence		none						incidência = incidence
4961	4961	0	bondade	bondade	single_word			kindness / goodness		none						bondade = kindness / goodness
4962	4962	0	carroça	carroça	single_word			cart / wagon		none						carroça = cart / wagon
4963	4963	0	afetado	afetado	single_word			affected		none						afetado = affected
4964	4964	0	edificar	edificar	single_word			to build / edify		none						edificar = to build / edify
4965	4965	0	edital	edital	single_word			public notice / relating to editing		none						edital = public notice / relating to editing
4966	4966	0	estúpido	estúpido	single_word			stupid / brute		none						estúpido = stupid / brute
4967	4967	0	idiota	idiota	single_word			idiot / idiotic		none						idiota = idiot / idiotic
4968	4968	0	insegurança	insegurança	single_word			insecurity		none						insegurança = insecurity
4969	4969	0	despir	despir	single_word			to undress		none						despir = to undress
4970	4970	0	ancestral	ancestral	single_word			ancestor / ancestral		none						ancestral = ancestor / ancestral
4971	4971	0	rótulo	rótulo	single_word			label		none						rótulo = label
4972	4972	0	vigoroso	vigoroso	single_word			vigorous / strong		none						vigoroso = vigorous / strong
4973	4973	0	louro	louro	single_word			blond		none						louro = blond
4974	4974	0	deslizar	deslizar	single_word			to slide / glide / slip		none						deslizar = to slide / glide / slip
4975	4975	0	módulo	módulo	single_word			module		none						módulo = module
4976	4976	0	ministrar	ministrar	single_word			to administer		none						ministrar = to administer
4977	4977	0	mendigo	mendigo	single_word			beggar		none						mendigo = beggar
4978	4978	0	serenidade	serenidade	single_word			serenity		none						serenidade = serenity
4979	4979	0	informativo	informativo	single_word			informative		none						informativo = informative
4980	4980	0	crânio	crânio	single_word			skull		none						crânio = skull
4981	4981	0	feitio	feitio	single_word			personality / temperament / feature		none						feitio = personality / temperament / feature
4982	4982	0	lápis	lápis	single_word			pencil		none						lápis = pencil
4983	4983	0	penetração	penetração	single_word			penetration		none						penetração = penetration
4984	4984	0	mamífero	mamífero	single_word			mammal		none						mamífero = mammal
4985	4985	0	sul-americano	sul-americano	hyphenated_compound			South-American		none						sul-americano = South-American
