sense_id	pt	voice_id	risk_patterns	priority	ipa_word_final	rank
0001.00.01	o	m151rjrbWXbBqyq56tly	none	—	u	1
0001.00.02	o	m151rjrbWXbBqyq56tly	none	—	u	1
0002.00.01	de	m151rjrbWXbBqyq56tly	final_unstressed_e	P2	dʒi	2
0002.00.02	de	xNGAXaCH8MaasNuo7Hr7	final_unstressed_e	P2	dʒi	2
0003.00.01	em	ny3E2DZImeZm00WLGZi9	none	—	ẽ	3
0003.00.02	em	m151rjrbWXbBqyq56tly	none	—	ẽ	3
0004.00.01	e	m151rjrbWXbBqyq56tly	none	—	i	4
0005.00.01	que	m151rjrbWXbBqyq56tly	none	—	ki	5
0005.00.02	que	Rw38T6bn0lTNOb1aUevR	none	—	ki	5
0005.00.03	que	wxoDdfPKBuna5KnUEotz	none	—	ki	5
0006.00.01	ser	m151rjrbWXbBqyq56tly	none	—	sˈeʁ	6
0007.00.01	um	4r3G9XKliGgVZLKMgjik	none	—	ũ	7
0007.00.02	um	m151rjrbWXbBqyq56tly	none	—	ũ	7
0008.00.01	por	4r3G9XKliGgVZLKMgjik	none	—	poʁ	8
0008.00.02	por	4r3G9XKliGgVZLKMgjik	none	—	poʁ	8
0008.00.03	por	ny3E2DZImeZm00WLGZi9	none	—	poʁ	8
0009.00.01	para	Rw38T6bn0lTNOb1aUevR	none	—	pˈaɾɐ	9
0009.00.02	para	4r3G9XKliGgVZLKMgjik	none	—	pˈaɾɐ	9
0009.00.03	para	AaeZyyi87RCxtFnHPS3e	none	—	pˈaɾɐ	9
0010.00.01	a	qPfM2laM0pRL4rrZtBGl	none	—	a	10
0010.00.02	a	qPfM2laM0pRL4rrZtBGl	none	—	a	10
0011.00.01	não	qPfM2laM0pRL4rrZtBGl	none	—	nˈɐ̃w̃	11
0012.00.01	com	Rw38T6bn0lTNOb1aUevR	none	—	kõ	12
0013.00.01	ter	xNGAXaCH8MaasNuo7Hr7	none	—	tˈeʁ	13
0014.00.01	se	ny3E2DZImeZm00WLGZi9	final_unstressed_e	P2	si	14
0014.00.02	se	ny3E2DZImeZm00WLGZi9	final_unstressed_e	P2	si	14
0014.00.03	se	4r3G9XKliGgVZLKMgjik	final_unstressed_e	P2	si	14
0015.00.01	seu	xNGAXaCH8MaasNuo7Hr7	none	—	sˈew	15
0016.00.01	como	xNGAXaCH8MaasNuo7Hr7	none	—	kˈomu	16
0016.00.02	como	wxoDdfPKBuna5KnUEotz	none	—	kˈomu	16
0016.00.03	como	4r3G9XKliGgVZLKMgjik	none	—	kˈomu	16
0017.00.01	estar	m151rjrbWXbBqyq56tly	coda_s_ep_risk	P3	esˈtaʁ	17
0018.00.01	mais	qPfM2laM0pRL4rrZtBGl	none	—	mˈajs	18
0019.00.01	mas	m151rjrbWXbBqyq56tly	spanish_collision	P3	mas	19
0020.00.01	fazer	qPfM2laM0pRL4rrZtBGl	none	—	fazˈeʁ	20
0021.00.01	poder	Rw38T6bn0lTNOb1aUevR	none	—	podˈeʁ	21
0022.00.01	este	xNGAXaCH8MaasNuo7Hr7	coda_s_ep_risk,de_te_palatalization,final_unstressed_e	P2	ˈestʃi	22
0023.00.01	ou	Rw38T6bn0lTNOb1aUevR	none	—	ˈow	23
0024.00.01	ele	wxoDdfPKBuna5KnUEotz	final_unstressed_e	P2	ˈeli	24
0024.00.02	ele	ny3E2DZImeZm00WLGZi9	final_unstressed_e	P2	ˈeli	24
0025.00.01	esse	m151rjrbWXbBqyq56tly	coda_s_ep_risk,final_unstressed_e	P2	ˈesi	25
0026.00.01	outro	qPfM2laM0pRL4rrZtBGl	none	—	ˈowtɾu	26
0027.00.01	muito	m151rjrbWXbBqyq56tly	none	—	mˈũjtu	27
0028.00.01	haver	Rw38T6bn0lTNOb1aUevR	h_initial_english_risk	P1	avˈeʁ	28
0029.00.01	ir	m151rjrbWXbBqyq56tly	none	—	ˈiʁ	29
0030.00.01	todo	wxoDdfPKBuna5KnUEotz	none	—	tˈodu	30
0031.00.01	eu	m151rjrbWXbBqyq56tly	none	—	ˈew	31
0031.00.02	eu	m151rjrbWXbBqyq56tly	none	—	ˈew	31
0032.00.01	já	AaeZyyi87RCxtFnHPS3e	none	—	ʒˈa	32
0033.00.01	dizer	4r3G9XKliGgVZLKMgjik	none	—	dʒizˈeʁ	33
0034.00.01	ano	qPfM2laM0pRL4rrZtBGl	none	—	ˈɐ̃nu	34
0035.00.01	dar	Rw38T6bn0lTNOb1aUevR	none	—	dˈaʁ	35
0036.00.01	também	m151rjrbWXbBqyq56tly	none	—	tɐ̃ˈbẽj	36
0037.00.01	quando	m151rjrbWXbBqyq56tly	none	—	kwˈɐ̃du	37
0038.00.01	mesmo	qPfM2laM0pRL4rrZtBGl	coda_s_ep_risk	P3	mˈezmu	38
0039.00.01	ver	m151rjrbWXbBqyq56tly	none	—	vˈeʁ	39
0040.00.01	até	qPfM2laM0pRL4rrZtBGl	none	—	atˈɛ	40
0040.00.02	até	Rw38T6bn0lTNOb1aUevR	none	—	atˈɛ	40
0040.00.03	até	m151rjrbWXbBqyq56tly	none	—	atˈɛ	40
0041.00.01	dois	m151rjrbWXbBqyq56tly	none	—	dˈojs	41
0042.00.01	ainda	qPfM2laM0pRL4rrZtBGl	none	—	ɐˈĩdɐ	42
0043.00.01	isso	qPfM2laM0pRL4rrZtBGl	coda_s_ep_risk	P3	ˈisu	43
0044.00.01	grande	xNGAXaCH8MaasNuo7Hr7	de_te_palatalization,final_unstressed_e	P2	ɡɾˈɐ̃dʒi	44
0045.00.01	vez	xNGAXaCH8MaasNuo7Hr7	none	—	vˈɛs	45
0045.00.02	vez	m151rjrbWXbBqyq56tly	none	—	vˈes	45
0046.00.01	algum	m151rjrbWXbBqyq56tly	none	—	awˈɡũ	46
0047.00.01	ela	AaeZyyi87RCxtFnHPS3e	none	—	ˈɛlɐ	47
0047.00.02	ela	m151rjrbWXbBqyq56tly	none	—	ˈɛlɐ	47
0048.00.01	depois	4r3G9XKliGgVZLKMgjik	none	—	deˈpojs	48
0049.00.01	entre	ny3E2DZImeZm00WLGZi9	final_unstressed_e	P2	ˈẽtɾi	49
0050.00.01	dia	Rw38T6bn0lTNOb1aUevR	none	—	dʒˈiɐ	50
0051.00.01	só	m151rjrbWXbBqyq56tly	none	—	sˈɔ	51
0051.00.02	só	Rw38T6bn0lTNOb1aUevR	none	—	sˈɔ	51
0052.00.01	aquele	4r3G9XKliGgVZLKMgjik	final_unstressed_e	P2	ɐkˈeli	52
0053.00.01	sobre	Rw38T6bn0lTNOb1aUevR	final_unstressed_e	P2	sˈobɾi	53
0053.00.02	sobre	m151rjrbWXbBqyq56tly	final_unstressed_e	P2	sˈobɾi	53
0054.00.01	primeiro	Rw38T6bn0lTNOb1aUevR	none	—	pɾimˈejɾu	54
0055.00.01	ficar	4r3G9XKliGgVZLKMgjik	none	—	fikˈaʁ	55
0055.00.02	ficar	Rw38T6bn0lTNOb1aUevR	none	—	fikˈaʁ	55
0055.00.03	ficar	m151rjrbWXbBqyq56tly	none	—	fikˈaʁ	55
0056.00.01	dever	m151rjrbWXbBqyq56tly	none	—	devˈeʁ	56
0056.00.02	dever	Rw38T6bn0lTNOb1aUevR	none	—	devˈeʁ	56
0057.00.01	passar	Rw38T6bn0lTNOb1aUevR	coda_s_ep_risk	P3	pasˈaʁ	57
0057.00.02	passar	m151rjrbWXbBqyq56tly	coda_s_ep_risk	P3	pasˈaʁ	57
0058.00.01	saber	xNGAXaCH8MaasNuo7Hr7	none	—	sabˈeʁ	58
0059.00.01	assim	wxoDdfPKBuna5KnUEotz	coda_s_ep_risk	P3	aˈsĩ	59
0060.00.01	querer	ny3E2DZImeZm00WLGZi9	none	—	keˈɾeʁ	60
0061.00.01	onde	Rw38T6bn0lTNOb1aUevR	de_te_palatalization,final_unstressed_e	P2	ˈõdʒi	61
0062.00.01	novo	ny3E2DZImeZm00WLGZi9	none	—	nˈovu	62
0063.00.01	sem	ny3E2DZImeZm00WLGZi9	none	—	sẽ	63
0064.00.01	vir	wxoDdfPKBuna5KnUEotz	none	—	vˈiʁ	64
0065.00.01	tempo	AaeZyyi87RCxtFnHPS3e	none	—	tˈẽpu	65
0065.00.02	tempo	4r3G9XKliGgVZLKMgjik	none	—	tˈẽpu	65
0066.00.01	bem	xNGAXaCH8MaasNuo7Hr7	none	—	bẽj	66
0067.00.01	porque	m151rjrbWXbBqyq56tly	none	—	puɾˈke	67
0068.00.01	meu	Rw38T6bn0lTNOb1aUevR	none	—	mˈew	68
0069.00.01	pessoa	Rw38T6bn0lTNOb1aUevR	coda_s_ep_risk	P3	pˈesoɐ	69
0070.00.01	coisa	ny3E2DZImeZm00WLGZi9	none	—	kˈojzɐ	70
0071.00.01	então	4r3G9XKliGgVZLKMgjik	none	—	ẽˈtãw	71
0072.00.01	quem	wxoDdfPKBuna5KnUEotz	none	—	kẽ	72
0073.00.01	sempre	wxoDdfPKBuna5KnUEotz	final_unstressed_e	P2	sˈẽpɾi	73
0074.00.01	qual	m151rjrbWXbBqyq56tly	final_l_vocalization	P1	kwˈaw	74
0075.00.01	chegar	xNGAXaCH8MaasNuo7Hr7	none	—	ʃeɡˈaʁ	75
0076.00.01	vida	ny3E2DZImeZm00WLGZi9	none	—	vˈidɐ	76
0077.00.01	pouco	Rw38T6bn0lTNOb1aUevR	none	—	pˈowku	77
0078.00.01	homem	wxoDdfPKBuna5KnUEotz	h_initial_english_risk	P1	ˈomẽ	78
0079.00.01	parte	Rw38T6bn0lTNOb1aUevR	de_te_palatalization,final_unstressed_e	P2	pˈaɾtʃi	79
0080.00.01	tudo	AaeZyyi87RCxtFnHPS3e	none	—	tˈudu	80
0081.00.01	casa	AaeZyyi87RCxtFnHPS3e	spanish_collision	P3	kˈazɐ	81
0082.00.01	agora	4r3G9XKliGgVZLKMgjik	none	—	aɡˈɔɾɐ	82
0083.00.01	lhe	m151rjrbWXbBqyq56tly	final_unstressed_e	P2	ʎi	83
0084.00.01	trabalho	m151rjrbWXbBqyq56tly	none	—	tɾabˈaʎu	84
0085.00.01	nosso	ny3E2DZImeZm00WLGZi9	coda_s_ep_risk	P3	nˈɔsu	85
0086.00.01	levar	4r3G9XKliGgVZLKMgjik	none	—	levˈaʁ	86
0087.00.01	pois	m151rjrbWXbBqyq56tly	none	—	pˈojs	87
0088.00.01	deixar	Rw38T6bn0lTNOb1aUevR	none	—	dejʃˈaʁ	88
0088.00.02	deixar	xNGAXaCH8MaasNuo7Hr7	none	—	dejˈʃaʁ	88
0089.00.01	bom	ny3E2DZImeZm00WLGZi9	none	—	bõ	89
0090.00.01	começar	AaeZyyi87RCxtFnHPS3e	none	—	kˌomesˈaʁ	90
0091.00.01	próprio	ny3E2DZImeZm00WLGZi9	none	—	pɾˈɔpɾiu	91
0092.00.01	maior	Rw38T6bn0lTNOb1aUevR	none	—	majˈoʁ	92
0093.00.01	caso	Rw38T6bn0lTNOb1aUevR	none	—	kˈazu	93
0094.00.01	falar	xNGAXaCH8MaasNuo7Hr7	none	—	faˈlaʁ	94
0095.00.01	país	m151rjrbWXbBqyq56tly	none	—	paˈis	95
0096.00.01	forma	wxoDdfPKBuna5KnUEotz	none	—	fˈɔɾmɐ	96
0097.00.01	cada	Rw38T6bn0lTNOb1aUevR	none	—	kˈadɐ	97
0098.00.01	hoje	m151rjrbWXbBqyq56tly	final_unstressed_e,h_initial_english_risk	P1	ˈoʒi	98
0099.00.01	nem	xNGAXaCH8MaasNuo7Hr7	none	—	nẽ	99
0100.00.01	três	ny3E2DZImeZm00WLGZi9	spanish_collision	P3	tɾˈes	100
0101.00.01	encontrar	xNGAXaCH8MaasNuo7Hr7	none	—	ẽkõtɾˈaʁ	101
0101.00.02	encontrar	ny3E2DZImeZm00WLGZi9	none	—	ẽkõtɾˈaʁ	101
0102.00.01	meio	4r3G9XKliGgVZLKMgjik	none	—	mˈeju	102
0102.00.02	meio	xNGAXaCH8MaasNuo7Hr7	none	—	mˈeju	102
0102.00.03	meio	AaeZyyi87RCxtFnHPS3e	none	—	mˈeju	102
0103.00.01	aqui	m151rjrbWXbBqyq56tly	none	—	akˈi	103
0104.00.01	mundo	Rw38T6bn0lTNOb1aUevR	none	—	mˈũdu	104
0105.00.01	apenas	m151rjrbWXbBqyq56tly	none	—	apˈenɐs	105
0106.00.01	estado	xNGAXaCH8MaasNuo7Hr7	coda_s_ep_risk	P3	esˈtadu	106
0107.00.01	segundo	m151rjrbWXbBqyq56tly	none	—	seɡˈũdu	107
0107.00.02	segundo	m151rjrbWXbBqyq56tly	none	—	seɡˈũdu	107
0108.00.01	qualquer	Rw38T6bn0lTNOb1aUevR	none	—	kwawˈkɛʁ	108
0109.00.01	cidade	m151rjrbWXbBqyq56tly	de_te_palatalization,final_unstressed_e	P2	sidˈadʒi	109
0110.00.01	menos	Rw38T6bn0lTNOb1aUevR	none	—	mˈenus	110
0111.00.01	governo	qPfM2laM0pRL4rrZtBGl	none	—	ɡovˈeɾnu	111
0112.00.01	partir	xNGAXaCH8MaasNuo7Hr7	none	—	paɾtʃˈiʁ	112
0113.00.01	conseguir	Rw38T6bn0lTNOb1aUevR	none	—	kõseɡˈiɾ	113
0113.00.02	conseguir	qPfM2laM0pRL4rrZtBGl	none	—	kõseɡˈiɾ	113
0114.00.01	tanto	ny3E2DZImeZm00WLGZi9	none	—	tˈɐ̃tu	114
0114.00.02	tanto	AaeZyyi87RCxtFnHPS3e	none	—	tˈɐ̃tu	114
0115.00.01	lado	m151rjrbWXbBqyq56tly	none	—	lˈadu	115
0116.00.01	chamar	wxoDdfPKBuna5KnUEotz	none	—	ʃɐmˈaʁ	116
0117.00.01	melhor	AaeZyyi87RCxtFnHPS3e	none	—	meʎˈoʁ	117
0118.00.01	pensar	Rw38T6bn0lTNOb1aUevR	none	—	pẽˈsaʁ	118
0119.00.01	nome	AaeZyyi87RCxtFnHPS3e	final_unstressed_e	P2	nˈomi	119
0120.00.01	isto	qPfM2laM0pRL4rrZtBGl	coda_s_ep_risk	P3	ˈistu	120
0121.00.01	certo	xNGAXaCH8MaasNuo7Hr7	none	—	sˈɛɾtu	121
0122.00.01	mulher	4r3G9XKliGgVZLKMgjik	none	—	muˈʎɛʁ	122
0122.00.02	mulher	qPfM2laM0pRL4rrZtBGl	none	—	muʎˈɛʁ	122
0123.00.01	conhecer	ny3E2DZImeZm00WLGZi9	none	—	koɲeˈseʁ	123
0124.00.01	exemplo	4r3G9XKliGgVZLKMgjik	none	—	ezˈẽplu	124
0125.00.01	existir	ny3E2DZImeZm00WLGZi9	coda_s_ep_risk	P3	ezisˈtʃiʁ	125
0126.00.01	antes	Rw38T6bn0lTNOb1aUevR	none	—	ˈɐ̃ntʃis	126
0127.00.01	tal	m151rjrbWXbBqyq56tly	final_l_vocalization	P1	tˈaw	127
0128.00.01	você	qPfM2laM0pRL4rrZtBGl	none	—	voˈse	128
0129.00.01	lá	xNGAXaCH8MaasNuo7Hr7	none	—	lˈa	129
0130.00.01	durante	m151rjrbWXbBqyq56tly	de_te_palatalization,final_unstressed_e	P2	duɾˈɐ̃tʃi	130
0131.00.01	terra	xNGAXaCH8MaasNuo7Hr7	initial_r_or_rr	P2	tˈɛʁɐ	131
0132.00.01	último	4r3G9XKliGgVZLKMgjik	none	—	ˈuwtʃimu	132
0133.00.01	desde	Rw38T6bn0lTNOb1aUevR	coda_s_ep_risk,de_te_palatalization,final_unstressed_e	P2	dˈezdʒi	133
0134.00.01	contra	AaeZyyi87RCxtFnHPS3e	none	—	kˈõtɾɐ	134
0135.00.01	aí	Rw38T6bn0lTNOb1aUevR	none	—	aˈi	135
0136.00.01	parecer	4r3G9XKliGgVZLKMgjik	none	—	paɾesˈeʁ	136
0137.00.01	pequeno	qPfM2laM0pRL4rrZtBGl	none	—	pekˈenu	137
0138.00.01	quanto	Rw38T6bn0lTNOb1aUevR	none	—	kwˈɐ̃tu	138
0139.00.01	nada	ny3E2DZImeZm00WLGZi9	spanish_collision	P3	nˈadɐ	139
0140.00.01	português	Rw38T6bn0lTNOb1aUevR	none	—	poɾtuɡˈes	140
0141.00.01	filho	Rw38T6bn0lTNOb1aUevR	none	—	fˈiʎu	141
0142.00.01	tornar-se	4r3G9XKliGgVZLKMgjik	final_unstressed_e	P2	toʁnˈaʁsi	142
0143.00.01	água	Rw38T6bn0lTNOb1aUevR	none	—	ˈaɡwɐ	143
0144.00.01	direito	qPfM2laM0pRL4rrZtBGl	none	—	dʒiɾˈejtu	144
0144.00.02	direito	ny3E2DZImeZm00WLGZi9	none	—	dʒiɾˈejtu	144
0145.00.01	público	Rw38T6bn0lTNOb1aUevR	none	—	pˈubliku	145
0146.00.01	entrar	wxoDdfPKBuna5KnUEotz	none	—	ẽtɾˈaɾ	146
0147.00.01	problema	4r3G9XKliGgVZLKMgjik	none	—	pɾoˈblẽmɐ	147
0148.00.01	viver	wxoDdfPKBuna5KnUEotz	none	—	vivˈeʁ	148
0149.00.01	além	wxoDdfPKBuna5KnUEotz	none	—	alˈẽ	149
0150.00.01	pôr	Rw38T6bn0lTNOb1aUevR	none	—	ˈpoʁ	150
0151.00.01	história	AaeZyyi87RCxtFnHPS3e	coda_s_ep_risk,h_initial_english_risk	P1	isˈtɔɾjɐ	151
0151.00.02	história	Rw38T6bn0lTNOb1aUevR	coda_s_ep_risk,h_initial_english_risk	P1	iˈstɔɾjɐ	151
0152.00.01	grupo	qPfM2laM0pRL4rrZtBGl	none	—	ɡɾˈupu	152
0153.00.01	hora	ny3E2DZImeZm00WLGZi9	h_initial_english_risk,spanish_collision	P1	ˈɔɾɐ	153
0154.00.01	sair	AaeZyyi87RCxtFnHPS3e	none	—	saˈiʁ	154
0155.00.01	acabar	4r3G9XKliGgVZLKMgjik	none	—	akabˈaʁ	155
0155.00.02	acabar	wxoDdfPKBuna5KnUEotz	none	—	akabˈaʁ	155
0156.00.01	continuar	Rw38T6bn0lTNOb1aUevR	none	—	kõtʃinuˈaʁ	156
0157.00.01	tão	m151rjrbWXbBqyq56tly	none	—	tˈãw̃	157
0158.00.01	nunca	qPfM2laM0pRL4rrZtBGl	none	—	nˈũŋkɐ	158
0159.00.01	dentro	Rw38T6bn0lTNOb1aUevR	none	—	dˈẽtɾu	159
0160.00.01	voltar	4r3G9XKliGgVZLKMgjik	none	—	vowtˈaʁ	160
0161.00.01	tomar	m151rjrbWXbBqyq56tly	none	—	tomˈaʁ	161
0161.00.02	tomar	Rw38T6bn0lTNOb1aUevR	none	—	tomˈaʁ	161
0162.00.01	obra	ny3E2DZImeZm00WLGZi9	none	—	ˈɔbɾɐ	162
0163.00.01	fato	AaeZyyi87RCxtFnHPS3e	spanish_collision	P3	fˈatu	163
0164.00.01	ponto	xNGAXaCH8MaasNuo7Hr7	none	—	pˈõtu	164
0164.00.02	ponto	wxoDdfPKBuna5KnUEotz	none	—	pˈõtu	164
0164.00.03	ponto	m151rjrbWXbBqyq56tly	none	—	pˈõtu	164
0165.00.01	trabalhar	qPfM2laM0pRL4rrZtBGl	french_loanword	P3	tɾabaʎˈaʁ	165
0166.00.01	fim	ny3E2DZImeZm00WLGZi9	none	—	fˈĩ	166
0166.00.02	fim	AaeZyyi87RCxtFnHPS3e	none	—	fˈĩ	166
0167.00.01	quase	Rw38T6bn0lTNOb1aUevR	final_unstressed_e	P2	kwˈazi	167
0168.00.01	pai	4r3G9XKliGgVZLKMgjik	none	—	pˈaj	168
0169.00.01	apresentar	m151rjrbWXbBqyq56tly	none	—	ˌapɾezẽˈtaʁ	169
0170.00.01	relação	m151rjrbWXbBqyq56tly	initial_r_or_rr	P2	ʁelɐsˈɐ̃w	170
0171.00.01	criar	m151rjrbWXbBqyq56tly	none	—	kɾiˈaʁ	171
0172.00.01	considerar	Rw38T6bn0lTNOb1aUevR	none	—	kõsidʒeɾˈaʁ	172
0173.00.01	momento	qPfM2laM0pRL4rrZtBGl	none	—	momˈẽtu	173
0174.00.01	receber	Rw38T6bn0lTNOb1aUevR	initial_r_or_rr	P2	ʁesebˈeʁ	174
0175.00.01	ideia	Rw38T6bn0lTNOb1aUevR	none	—	idˈɛjɐ	175
0176.00.01	política	m151rjrbWXbBqyq56tly	none	—	pˈolitʃikɐ	176
0177.00.01	vários	m151rjrbWXbBqyq56tly	none	—	vˈaɾjus	177
0178.00.01	lugar	ny3E2DZImeZm00WLGZi9	none	—	luɡˈaʁ	178
0179.00.01	sentir	4r3G9XKliGgVZLKMgjik	none	—	sẽˈtʃiʁ	179
0180.00.01	livro	AaeZyyi87RCxtFnHPS3e	none	—	lˈivɾu	180
0181.00.01	nós	m151rjrbWXbBqyq56tly	none	—	nˈɔs	181
0181.00.02	nós	Rw38T6bn0lTNOb1aUevR	none	—	nˈɔs	181
0182.00.01	mês	wxoDdfPKBuna5KnUEotz	none	—	mˈes	182
0183.00.01	alto	ny3E2DZImeZm00WLGZi9	none	—	ˈawtu	183
0184.00.01	força	AaeZyyi87RCxtFnHPS3e	none	—	fˈɔʁsɐ	184
0185.00.01	acontecer	ny3E2DZImeZm00WLGZi9	none	—	akõtesˈeʁ	185
0186.00.01	família	ny3E2DZImeZm00WLGZi9	none	—	fɐmˈiʎɐ	186
0187.00.01	tipo	Rw38T6bn0lTNOb1aUevR	none	—	tʃˈipu	187
0187.00.02	tipo	ny3E2DZImeZm00WLGZi9	none	—	tʃˈipu	187
0188.00.01	presidente	m151rjrbWXbBqyq56tly	de_te_palatalization,final_unstressed_e	P2	pɾezidˈẽtʃi	188
0189.00.01	mil	m151rjrbWXbBqyq56tly	final_l_vocalization	P1	mˈiw	189
0190.00.01	tratar	Rw38T6bn0lTNOb1aUevR	none	—	tɾatˈaʁ	190
0191.00.01	enquanto	xNGAXaCH8MaasNuo7Hr7	none	—	ẽkwˈɐ̃tu	191
0192.00.01	perder	m151rjrbWXbBqyq56tly	none	—	peɾdˈeʁ	192
0193.00.01	achar	Rw38T6bn0lTNOb1aUevR	none	—	aʃˈaʁ	193
0193.00.02	achar	ny3E2DZImeZm00WLGZi9	none	—	aʃˈaʁ	193
0194.00.01	escrever	Rw38T6bn0lTNOb1aUevR	coda_s_ep_risk	P3	eskɾevˈeʁ	194
0195.00.01	quatro	m151rjrbWXbBqyq56tly	none	—	kwˈatɾu	195
0196.00.01	usar	4r3G9XKliGgVZLKMgjik	none	—	uzˈaʁ	196
0197.00.01	único	AaeZyyi87RCxtFnHPS3e	none	—	ˈuniku	197
0197.00.02	único	m151rjrbWXbBqyq56tly	none	—	ˈuniku	197
0198.00.01	nenhum	4r3G9XKliGgVZLKMgjik	none	—	neɲˈũ	198
0199.00.01	contar	ny3E2DZImeZm00WLGZi9	none	—	kõtˈaʁ	199
0199.00.02	contar	AaeZyyi87RCxtFnHPS3e	none	—	kõˈtaʁ	199
0200.00.01	real	m151rjrbWXbBqyq56tly	final_l_vocalization,initial_r_or_rr,same_spelling_en_pt	P1	ʁeˈaw	200
0200.00.02	real	Rw38T6bn0lTNOb1aUevR	final_l_vocalization,initial_r_or_rr,same_spelling_en_pt	P1	ʁeˈaw	200
0200.00.03	real	m151rjrbWXbBqyq56tly	final_l_vocalization,initial_r_or_rr,same_spelling_en_pt	P1	ʁeˈaw	200
0201.00.01	palavra	wxoDdfPKBuna5KnUEotz	none	—	pɐlˈavɾɐ	201
0202.00.01	embora	AaeZyyi87RCxtFnHPS3e	none	—	ẽˈbɔɾɐ	202
0203.00.01	diferente	Rw38T6bn0lTNOb1aUevR	de_te_palatalization,final_unstressed_e	P2	dʒifeɾˈẽtʃi	203
0204.00.01	possível	4r3G9XKliGgVZLKMgjik	coda_s_ep_risk,final_l_vocalization	P1	pˌosˈivew	204
0205.00.01	importante	xNGAXaCH8MaasNuo7Hr7	de_te_palatalization,final_unstressed_e	P2	ĩpoɾtˈɐ̃tʃi	205
0206.00.01	mostrar	ny3E2DZImeZm00WLGZi9	coda_s_ep_risk	P3	mostrˈaʁ	206
0207.00.01	social	Rw38T6bn0lTNOb1aUevR	final_l_vocalization,same_spelling_en_pt	P1	sosi̯ˈaw	207
0208.00.01	ali	xNGAXaCH8MaasNuo7Hr7	none	—	aˈli	208
0209.00.01	claro	m151rjrbWXbBqyq56tly	none	—	klˈaɾu	209
0209.00.02	claro	qPfM2laM0pRL4rrZtBGl	none	—	klˈaɾu	209
0210.00.01	mão	m151rjrbWXbBqyq56tly	none	—	mˈɐ̃w̃	210
0211.00.01	logo	ny3E2DZImeZm00WLGZi9	none	—	lˈɔɡu	211
0212.00.01	rio	ny3E2DZImeZm00WLGZi9	initial_r_or_rr	P2	ʁˈiu	212
0213.00.01	seguir	4r3G9XKliGgVZLKMgjik	none	—	seɡˈiʁ	213
0214.00.01	situação	qPfM2laM0pRL4rrZtBGl	none	—	sˌituaˈsɐ̃w	214
0215.00.01	questão	m151rjrbWXbBqyq56tly	coda_s_ep_risk	P3	kestʃˈɐ̃w	215
0215.00.02	questão	xNGAXaCH8MaasNuo7Hr7	coda_s_ep_risk	P3	kestˈɐ̃w	215
0216.00.01	procurar	4r3G9XKliGgVZLKMgjik	none	—	pɾokuɾˈaʁ	216
0217.00.01	campo	Rw38T6bn0lTNOb1aUevR	none	—	kˈɐ̃pu	217
0218.00.01	através	qPfM2laM0pRL4rrZtBGl	none	—	atɾavˈɛs	218
0219.00.01	brasileiro	Rw38T6bn0lTNOb1aUevR	none	—	bɾˌaziˈlejɾu	219
0220.00.01	tentar	Rw38T6bn0lTNOb1aUevR	none	—	tẽtˈaʁ	220
0221.00.01	serviço	m151rjrbWXbBqyq56tly	none	—	seɾvˈisu	221
0222.00.01	lei	Rw38T6bn0lTNOb1aUevR	none	—	lˈej	222
0223.00.01	criança	ny3E2DZImeZm00WLGZi9	none	—	kɾiˈɐ̃sɐ	223
0224.00.01	próximo	m151rjrbWXbBqyq56tly	none	—	pɾˈɔsimu	224
0224.00.02	próximo	qPfM2laM0pRL4rrZtBGl	none	—	pɾˈɔsimu	224
0225.00.01	nacional	m151rjrbWXbBqyq56tly	final_l_vocalization,same_spelling_en_pt	P1	nɐsjõnˈaw	225
0226.00.01	trazer	m151rjrbWXbBqyq56tly	none	—	tɾazˈeʁ	226
0227.00.01	geral	4r3G9XKliGgVZLKMgjik	final_l_vocalization	P1	ʒeɾˈaw	227
0228.00.01	frente	wxoDdfPKBuna5KnUEotz	de_te_palatalization,final_unstressed_e	P2	fɾˈẽtʃi	228
0229.00.01	aparecer	Rw38T6bn0lTNOb1aUevR	none	—	ˌapaɾesˈeʁ	229
0230.00.01	manter	m151rjrbWXbBqyq56tly	none	—	mɐ̃ŋtˈeʁ	230
0231.00.01	colocar	ny3E2DZImeZm00WLGZi9	none	—	kolokˈaʁ	231
0232.00.01	conta	Rw38T6bn0lTNOb1aUevR	none	—	kˈõtɐ	232
0232.00.02	conta	ny3E2DZImeZm00WLGZi9	none	—	kˈõtɐ	232
0233.00.01	pedir	Rw38T6bn0lTNOb1aUevR	none	—	pedʒˈiʁ	233
0234.00.01	cinco	m151rjrbWXbBqyq56tly	none	—	sˈĩku	234
0235.00.01	escola	Rw38T6bn0lTNOb1aUevR	coda_s_ep_risk	P3	eskˈɔlɐ	235
0236.00.01	verdade	m151rjrbWXbBqyq56tly	de_te_palatalization,final_unstressed_e	P2	veɾdˈadʒi	236
0237.00.01	corpo	Rw38T6bn0lTNOb1aUevR	none	—	kˈoɾpu	237
0238.00.01	morrer	qPfM2laM0pRL4rrZtBGl	initial_r_or_rr	P2	moˈʁeʁ	238
0239.00.01	guerra	Rw38T6bn0lTNOb1aUevR	initial_r_or_rr	P2	ɡˈɛʁɐ	239
0240.00.01	música	m151rjrbWXbBqyq56tly	none	—	mˈuzikɐ	240
0241.00.01	região	Rw38T6bn0lTNOb1aUevR	initial_r_or_rr	P2	ʁeʒiˈɐ̃w	241
0242.00.01	baixo	wxoDdfPKBuna5KnUEotz	none	—	bˈajʃu	242
0242.00.02	baixo	4r3G9XKliGgVZLKMgjik	none	—	bˈajʃu	242
0243.00.01	professor	Rw38T6bn0lTNOb1aUevR	coda_s_ep_risk	P3	pɾofesˈoʁ	243
0244.00.01	longo	Rw38T6bn0lTNOb1aUevR	none	—	lˈõɡu	244
0245.00.01	ação	Rw38T6bn0lTNOb1aUevR	none	—	asˈɐ̃w̃	245
0246.00.01	entender	AaeZyyi87RCxtFnHPS3e	none	—	ẽtẽˈdeʁ	246
0247.00.01	movimento	m151rjrbWXbBqyq56tly	none	—	movimˈẽtu	247
0248.00.01	branco	qPfM2laM0pRL4rrZtBGl	none	—	bɾˈɐ̃ku	248
0249.00.01	processo	Rw38T6bn0lTNOb1aUevR	coda_s_ep_risk	P3	pɾoˈsɛsu	249
0250.00.01	ganhar	ny3E2DZImeZm00WLGZi9	none	—	ɡɐ̃ˈɲaʁ	250
0251.00.01	arte	m151rjrbWXbBqyq56tly	de_te_palatalization,final_unstressed_e	P2	ˈaʁtʃi	251
0252.00.01	papel	m151rjrbWXbBqyq56tly	final_l_vocalization	P1	papˈɛw	252
0252.00.02	papel	4r3G9XKliGgVZLKMgjik	final_l_vocalization	P1	papˈɛw	252
0253.00.01	sim	Rw38T6bn0lTNOb1aUevR	none	—	sĩ	253
0254.00.01	esperar	Rw38T6bn0lTNOb1aUevR	coda_s_ep_risk	P3	ˌespeɾˈaʁ	254
0254.00.02	esperar	wxoDdfPKBuna5KnUEotz	coda_s_ep_risk	P3	espeˈɾaʁ	254
0254.00.03	esperar	xNGAXaCH8MaasNuo7Hr7	coda_s_ep_risk	P3	espeɾˈaʁ	254
0255.00.01	fundo	xNGAXaCH8MaasNuo7Hr7	none	—	fˈũdu	255
0255.00.02	fundo	m151rjrbWXbBqyq56tly	none	—	fˈũdu	255
0255.00.03	fundo	m151rjrbWXbBqyq56tly	none	—	fˈũdu	255
0256.00.01	senhor	m151rjrbWXbBqyq56tly	none	—	seɲˈoʁ	256
0256.00.02	senhor	m151rjrbWXbBqyq56tly	none	—	seɲˈoʁ	256
0256.00.03	senhor	Rw38T6bn0lTNOb1aUevR	none	—	seɲˈoʁ	256
0257.00.01	número	ny3E2DZImeZm00WLGZi9	none	—	nˈũmeɾu	257
0258.00.01	definir	m151rjrbWXbBqyq56tly	none	—	dˌefiˈniʁ	258
0259.00.01	tarde	xNGAXaCH8MaasNuo7Hr7	de_te_palatalization,final_unstressed_e,spanish_collision	P2	tˈaʁdʒi	259
0259.00.02	tarde	ny3E2DZImeZm00WLGZi9	de_te_palatalization,final_unstressed_e,spanish_collision	P2	tˈaʁdʒi	259
0260.00.01	abrir	m151rjrbWXbBqyq56tly	none	—	abɾˈiʁ	260
0261.00.01	sociedade	m151rjrbWXbBqyq56tly	de_te_palatalization,final_unstressed_e	P2	sˌosiedˈadʒi	261
0262.00.01	povo	m151rjrbWXbBqyq56tly	none	—	pˈovu	262
0263.00.01	forte	qPfM2laM0pRL4rrZtBGl	de_te_palatalization,final_unstressed_e	P2	fˈɔɾtʃi	263
0263.00.02	forte	Rw38T6bn0lTNOb1aUevR	de_te_palatalization,final_unstressed_e	P2	fˈɔɾtʃi	263
0264.00.01	cabeça	AaeZyyi87RCxtFnHPS3e	none	—	kabˈesɐ	264
0265.00.01	altura	m151rjrbWXbBqyq56tly	user_reported	P0	awtˈuɾɐ	265
0265.00.02	altura	m151rjrbWXbBqyq56tly	user_reported	P0	awtˈuɾɐ	265
0266.00.01	volta	4r3G9XKliGgVZLKMgjik	none	—	vˈɔltɐ	266
0266.00.02	volta	xNGAXaCH8MaasNuo7Hr7	none	—	vˈɔltɐ	266
0267.00.01	condição	m151rjrbWXbBqyq56tly	none	—	kõdʒiˈsɐ̃w	267
0268.00.01	apesar	Rw38T6bn0lTNOb1aUevR	none	—	apezˈaʁ	268
0269.00.01	valor	Rw38T6bn0lTNOb1aUevR	none	—	valˈoʁ	269
0270.00.01	mãe	xNGAXaCH8MaasNuo7Hr7	none	—	mˈɐ̃j	270
0271.00.01	servir	Rw38T6bn0lTNOb1aUevR	none	—	seɾvˈiʁ	271
0272.00.01	pagar	m151rjrbWXbBqyq56tly	none	—	paɡˈaʁ	272
0273.00.01	causa	qPfM2laM0pRL4rrZtBGl	none	—	kˈawzɐ	273
0274.00.01	antigo	AaeZyyi87RCxtFnHPS3e	none	—	ɐ̃ˈtʃiɡu	274
0274.00.02	antigo	Rw38T6bn0lTNOb1aUevR	none	—	ɐ̃ŋtʃˈiɡu	274
0274.00.03	antigo	4r3G9XKliGgVZLKMgjik	none	—	ɐ̃ˈtʃiɡu	274
0275.00.01	maneira	m151rjrbWXbBqyq56tly	none	—	mɐnˈejɾɐ	275
0276.00.01	humano	4r3G9XKliGgVZLKMgjik	h_initial_english_risk	P1	umˈɐ̃nu	276
0277.00.01	sentido	m151rjrbWXbBqyq56tly	none	—	sẽˈtʃidu	277
0277.00.02	sentido	m151rjrbWXbBqyq56tly	none	—	sẽˈtʃidu	277
0277.00.03	sentido	Rw38T6bn0lTNOb1aUevR	none	—	sẽˈtʃidu	277
0278.00.01	permitir	m151rjrbWXbBqyq56tly	none	—	peɾmiˈtʃiɾ	278
0279.00.01	Deus	wxoDdfPKBuna5KnUEotz	none	—	dˈews	279
0280.00.01	modo	AaeZyyi87RCxtFnHPS3e	none	—	mˈɔdu	280
0281.00.01	gente	m151rjrbWXbBqyq56tly	de_te_palatalization,final_unstressed_e	P2	ʒˈẽtʃi	281
0282.00.01	imagem	qPfM2laM0pRL4rrZtBGl	none	—	imˈaʒẽ	282
0283.00.01	época	ny3E2DZImeZm00WLGZi9	none	—	ˈɛpokɐ	283
0284.00.01	noite	4r3G9XKliGgVZLKMgjik	de_te_palatalization,final_unstressed_e	P2	nˈojtʃi	284
0285.00.01	velho	qPfM2laM0pRL4rrZtBGl	none	—	vˈɛʎu	285
0286.00.01	cair	qPfM2laM0pRL4rrZtBGl	none	—	kaˈiʁ	286
0287.00.01	aquilo	m151rjrbWXbBqyq56tly	none	—	ɐkˈilu	287
0288.00.01	projeto	wxoDdfPKBuna5KnUEotz	none	—	pɾoˈʒɛtu	288
0289.00.01	final	wxoDdfPKBuna5KnUEotz	final_l_vocalization,same_spelling_en_pt	P1	finˈaw	289
0290.00.01	acreditar	AaeZyyi87RCxtFnHPS3e	none	—	ˌakɾedʒitˈaʁ	290
0291.00.01	jornal	Rw38T6bn0lTNOb1aUevR	final_l_vocalization	P1	ʒoʁnˈaw	291
0292.00.01	razão	Rw38T6bn0lTNOb1aUevR	initial_r_or_rr	P2	ʁazˈɐ̃w̃	292
0293.00.01	espécie	xNGAXaCH8MaasNuo7Hr7	coda_s_ep_risk	P3	esˈpɛsi	293
0294.00.01	junto	m151rjrbWXbBqyq56tly	none	—	ʒˈũtu	294
0295.00.01	preciso	qPfM2laM0pRL4rrZtBGl	none	—	pɾeˈsizu	295
0295.00.02	preciso	qPfM2laM0pRL4rrZtBGl	none	—	pɾeˈsizu	295
0296.00.01	século	AaeZyyi87RCxtFnHPS3e	none	—	sˈɛkulu	296
0297.00.01	precisar	wxoDdfPKBuna5KnUEotz	none	—	pɾesizˈaʁ	297
0298.00.01	ler	Rw38T6bn0lTNOb1aUevR	none	—	lˈeʁ	298
0299.00.01	dinheiro	m151rjrbWXbBqyq56tly	none	—	dʒĩɲˈejɾu	299
0300.00.01	talvez	4r3G9XKliGgVZLKMgjik	none	—	tawˈvɛs	300
0301.00.01	plano	ny3E2DZImeZm00WLGZi9	none	—	plˈɐ̃nu	301
0301.00.02	plano	m151rjrbWXbBqyq56tly	none	—	plˈɐ̃nu	301
0302.00.01	nascer	AaeZyyi87RCxtFnHPS3e	coda_s_ep_risk	P3	nasˈeɾ	302
0303.00.01	centro	Rw38T6bn0lTNOb1aUevR	none	—	sˈẽtɾu	303
0303.00.02	centro	m151rjrbWXbBqyq56tly	none	—	sˈẽtɾu	303
0304.00.01	partido	AaeZyyi87RCxtFnHPS3e	none	—	paɾtʃˈidu	304
0305.00.01	descobrir	ny3E2DZImeZm00WLGZi9	coda_s_ep_risk	P3	dʒeskobrˈiʁ	305
0306.00.01	ouvir	wxoDdfPKBuna5KnUEotz	none	—	owvˈiʁ	306
0307.00.01	ligar	ny3E2DZImeZm00WLGZi9	none	—	liɡˈaʁ	307
0307.00.02	ligar	wxoDdfPKBuna5KnUEotz	none	—	liɡˈaʁ	307
0308.00.01	interesse	m151rjrbWXbBqyq56tly	coda_s_ep_risk,final_unstressed_e	P2	ĩteɾˈesi	308
0309.00.01	amigo	Rw38T6bn0lTNOb1aUevR	none	—	ɐmˈiɡu	309
0310.00.01	seguinte	Rw38T6bn0lTNOb1aUevR	de_te_palatalization,final_unstressed_e	P2	seɡˈĩtʃi	310
0311.00.01	termo	xNGAXaCH8MaasNuo7Hr7	none	—	tˈɛʁmu	311
0312.00.01	mudar	wxoDdfPKBuna5KnUEotz	none	—	mudˈaʁ	312
0313.00.01	linha	AaeZyyi87RCxtFnHPS3e	none	—	lˈĩɲɐ	313
0314.00.01	medida	wxoDdfPKBuna5KnUEotz	none	—	medʒˈidɐ	314
0314.01.01	à medida que	m151rjrbWXbBqyq56tly	none	—	a mɛdʒˈidɐ ki	314
0315.00.01	teatro	Rw38T6bn0lTNOb1aUevR	none	—	teˈatɾu	315
0316.00.01	espaço	4r3G9XKliGgVZLKMgjik	coda_s_ep_risk	P3	espˈasu	316
0317.00.01	animal	m151rjrbWXbBqyq56tly	final_l_vocalization,same_spelling_en_pt	P1	ˌaniˈmaw	317
0318.00.01	santo	Rw38T6bn0lTNOb1aUevR	none	—	sˈɐ̃tu	318
0319.00.01	acordo	Rw38T6bn0lTNOb1aUevR	none	—	akˈoɾdu	319
0320.00.01	olhar	m151rjrbWXbBqyq56tly	none	—	oʎˈaʁ	320
0321.00.01	necessário	xNGAXaCH8MaasNuo7Hr7	coda_s_ep_risk	P3	nesesˈaɾju	321
0322.00.01	jovem	Rw38T6bn0lTNOb1aUevR	none	—	ˈʒɔvẽ	322
0323.00.01	futuro	AaeZyyi87RCxtFnHPS3e	none	—	futˈuɾu	323
0324.00.01	local	qPfM2laM0pRL4rrZtBGl	final_l_vocalization,same_spelling_en_pt	P1	lokˈaw	324
0325.00.01	falta	Rw38T6bn0lTNOb1aUevR	none	—	fˈawtɐ	325
0326.00.01	morte	Rw38T6bn0lTNOb1aUevR	de_te_palatalization,final_unstressed_e	P2	mˈɔɾtʃi	326
0327.00.01	político	AaeZyyi87RCxtFnHPS3e	none	—	pˈolitʃiku	327
0327.00.02	político	qPfM2laM0pRL4rrZtBGl	none	—	pˌolˈitʃiku	327
0328.00.01	banco	m151rjrbWXbBqyq56tly	spanish_collision	P3	bˈɐ̃ku	328
0328.00.02	banco	Rw38T6bn0lTNOb1aUevR	spanish_collision	P3	bˈɐ̃ku	328
0329.00.01	posição	AaeZyyi87RCxtFnHPS3e	none	—	pozisˈɐ̃w	329
0330.00.01	rua	Rw38T6bn0lTNOb1aUevR	initial_r_or_rr	P2	ʁˈuɐ	330
0331.00.01	difícil	Rw38T6bn0lTNOb1aUevR	final_l_vocalization	P1	dʒifˈisiw	331
0332.00.01	mercado	Rw38T6bn0lTNOb1aUevR	none	—	meɾkˈadu	332
0333.00.01	resolver	xNGAXaCH8MaasNuo7Hr7	initial_r_or_rr	P2	ʁezowˈveʁ	333
0334.00.01	caminho	m151rjrbWXbBqyq56tly	none	—	kɐmˈĩɲu	334
0335.00.01	jogo	xNGAXaCH8MaasNuo7Hr7	none	—	ʒˈoɡu	335
0336.00.01	estudar	m151rjrbWXbBqyq56tly	coda_s_ep_risk	P3	estuˈdaʁ	336
0337.00.01	igreja	Rw38T6bn0lTNOb1aUevR	none	—	iɡɾˈeʒɐ	337
0338.00.01	formar	m151rjrbWXbBqyq56tly	none	—	foɾmˈaɾ	338
0338.00.02	formar	Rw38T6bn0lTNOb1aUevR	none	—	foɾmˈaɾ	338
0339.00.01	surgir	Rw38T6bn0lTNOb1aUevR	none	—	suɾʒˈiʁ	339
0340.00.01	lembrar	m151rjrbWXbBqyq56tly	none	—	lẽbɾˈaʁ	340
0340.00.02	lembrar	wxoDdfPKBuna5KnUEotz	none	—	lẽbɾˈaʁ	340
0341.00.01	representar	ny3E2DZImeZm00WLGZi9	initial_r_or_rr	P2	ʁepɾezẽˈtaʁ	341
0342.00.01	negócio	AaeZyyi87RCxtFnHPS3e	none	—	neɡˈɔsju	342
0342.00.02	negócio	Rw38T6bn0lTNOb1aUevR	none	—	neɡˈɔsju	342
0342.00.03	negócio	m151rjrbWXbBqyq56tly	none	—	neɡˈɔsju	342
0343.00.01	via	m151rjrbWXbBqyq56tly	none	—	vˈiɐ	343
0344.00.01	semana	Rw38T6bn0lTNOb1aUevR	none	—	sˈemɐ̃nɐ	344
0345.00.01	luz	wxoDdfPKBuna5KnUEotz	none	—	lˈus	345
0346.00.01	contrário	m151rjrbWXbBqyq56tly	none	—	kõtɾˈaɾiu	346
0346.00.02	contrário	m151rjrbWXbBqyq56tly	none	—	kõtɾˈaɾiu	346
0346.00.03	contrário	Rw38T6bn0lTNOb1aUevR	none	—	kõtɾˈaɾiu	346
0347.00.01	bastante	qPfM2laM0pRL4rrZtBGl	coda_s_ep_risk,de_te_palatalization,final_unstressed_e	P2	bɐsˈtɐ̃tʃi	347
0347.00.02	bastante	Rw38T6bn0lTNOb1aUevR	coda_s_ep_risk,de_te_palatalization,final_unstressed_e	P2	bɐstˈɐ̃tʃi	347
0348.00.01	pessoal	m151rjrbWXbBqyq56tly	coda_s_ep_risk,final_l_vocalization,same_spelling_en_pt	P1	pˌesoˈaw	348
0348.00.02	pessoal	wxoDdfPKBuna5KnUEotz	coda_s_ep_risk,final_l_vocalization,same_spelling_en_pt	P1	pˌesoˈaw	348
0349.00.01	realidade	m151rjrbWXbBqyq56tly	de_te_palatalization,final_unstressed_e,initial_r_or_rr	P2	ʁeɐlidˈadʒi	349
0350.00.01	explicar	m151rjrbWXbBqyq56tly	none	—	ˌespliˈkaʁ	350
0351.00.01	mal	m151rjrbWXbBqyq56tly	final_l_vocalization	P1	ˈmaw	351
0352.00.01	militar	Rw38T6bn0lTNOb1aUevR	none	—	miliˈtaʁ	352
0352.00.02	militar	qPfM2laM0pRL4rrZtBGl	none	—	militˈaʁ	352
0353.00.01	seis	m151rjrbWXbBqyq56tly	none	—	sˈejs	353
0354.00.01	empresa	wxoDdfPKBuna5KnUEotz	none	—	ẽpɾˈezɐ	354
0355.00.01	pé	qPfM2laM0pRL4rrZtBGl	none	—	pˈɛ	355
0355.00.02	pé	m151rjrbWXbBqyq56tly	none	—	pˈɛ	355
0356.00.01	perceber	4r3G9XKliGgVZLKMgjik	none	—	peɾseˈbeɾ	356
0357.00.01	ajudar	m151rjrbWXbBqyq56tly	none	—	aʒuˈdaʁ	357
0358.00.01	ordem	m151rjrbWXbBqyq56tly	none	—	ˈɔɾdẽ	358
0359.00.01	defender	m151rjrbWXbBqyq56tly	none	—	defẽdˈeʁ	359
0360.00.01	ocorrer	wxoDdfPKBuna5KnUEotz	initial_r_or_rr	P2	ˌokoˈʁeɾ	360
0361.00.01	principal	m151rjrbWXbBqyq56tly	final_l_vocalization,same_spelling_en_pt	P1	pɾĩsipˈaw	361
0362.00.01	assunto	Rw38T6bn0lTNOb1aUevR	coda_s_ep_risk	P3	asˈũtu	362
0363.00.01	passo	Rw38T6bn0lTNOb1aUevR	coda_s_ep_risk	P3	pˈasu	363
0364.00.01	portanto	ny3E2DZImeZm00WLGZi9	none	—	poɾtˈɐ̃tu	364
0365.00.01	atividade	m151rjrbWXbBqyq56tly	de_te_palatalization,final_unstressed_e	P2	ˌatʃiviˈdadʒi	365
0366.00.01	aceitar	m151rjrbWXbBqyq56tly	none	—	asejˈtaʁ	366
0367.00.01	direção	xNGAXaCH8MaasNuo7Hr7	none	—	dʒiɾesˈɐ̃w̃	367
0368.00.01	necessidade	xNGAXaCH8MaasNuo7Hr7	coda_s_ep_risk,de_te_palatalization,final_unstressed_e	P2	nˌesesidˈadʒi	368
0369.00.01	dez	AaeZyyi87RCxtFnHPS3e	none	—	dˈɛs	369
0370.00.01	ministro	4r3G9XKliGgVZLKMgjik	coda_s_ep_risk	P3	minˈistɾu	370
0371.00.01	qualidade	m151rjrbWXbBqyq56tly	de_te_palatalization,final_unstressed_e	P2	kwɐlidˈadʒi	371
0372.00.01	realizar	m151rjrbWXbBqyq56tly	initial_r_or_rr	P2	ʁealiˈzaʁ	372
0373.00.01	função	qPfM2laM0pRL4rrZtBGl	none	—	fũsˈɐ̃w	373
0374.00.01	olho	wxoDdfPKBuna5KnUEotz	none	—	ˈoʎu	374
0375.00.01	respeito	ny3E2DZImeZm00WLGZi9	coda_s_ep_risk,initial_r_or_rr	P2	ʁespˈejtu	375
0376.00.01	tirar	Rw38T6bn0lTNOb1aUevR	none	—	tʃiɾˈaʁ	376
0377.00.01	cima	m151rjrbWXbBqyq56tly	none	—	sˈimɐ	377
0378.00.01	mar	AaeZyyi87RCxtFnHPS3e	spanish_collision	P3	mˈaʁ	378
0379.00.01	natural	m151rjrbWXbBqyq56tly	final_l_vocalization,same_spelling_en_pt	P1	nˌatuɾˈaw	379
0380.00.01	costa	AaeZyyi87RCxtFnHPS3e	coda_s_ep_risk	P3	kˈɔstɐ	380
0380.00.02	costa	ny3E2DZImeZm00WLGZi9	coda_s_ep_risk	P3	kˈɔstɐ	380
0381.00.01	peça	ny3E2DZImeZm00WLGZi9	none	—	pˈɛsɐ	381
0381.00.02	peça	xNGAXaCH8MaasNuo7Hr7	none	—	pˈɛsɐ	381
0381.00.03	peça	xNGAXaCH8MaasNuo7Hr7	none	—	pˈɛsɐ	381
0382.00.01	área	wxoDdfPKBuna5KnUEotz	none	—	ˈaɾiɐ	382
0383.00.01	lançar	m151rjrbWXbBqyq56tly	none	—	lɐ̃ˈsaʁ	383
0384.00.01	preço	ny3E2DZImeZm00WLGZi9	none	—	pɾˈesu	384
0385.00.01	correr	m151rjrbWXbBqyq56tly	initial_r_or_rr	P2	koˈʁeʁ	385
0386.00.01	experiência	m151rjrbWXbBqyq56tly	none	—	ˌespeɾiˈẽsiɐ	386
0387.00.01	norte	m151rjrbWXbBqyq56tly	de_te_palatalization,final_unstressed_e	P2	nˈɔɾtʃi	387
0388.00.01	princípio	wxoDdfPKBuna5KnUEotz	none	—	pɾĩsˈipiu	388
0388.00.02	princípio	Rw38T6bn0lTNOb1aUevR	none	—	pɾĩsˈipju	388
0389.00.01	autor	m151rjrbWXbBqyq56tly	none	—	awˈtoʁ	389
0390.00.01	curso	m151rjrbWXbBqyq56tly	none	—	kˈuɾsu	390
0390.00.02	curso	m151rjrbWXbBqyq56tly	none	—	kˈuɾsu	390
0391.00.01	crescer	4r3G9XKliGgVZLKMgjik	coda_s_ep_risk	P3	kɾeˈseʁ	391
0392.00.01	aumentar	Rw38T6bn0lTNOb1aUevR	none	—	awmẽˈtaʁ	392
0393.00.01	decisão	qPfM2laM0pRL4rrZtBGl	none	—	desiˈzɐ̃w	393
0394.00.01	câmara	m151rjrbWXbBqyq56tly	none	—	kˈɐ̃mɐɾɐ	394
0394.00.02	câmara	m151rjrbWXbBqyq56tly	none	—	kˈɐ̃mɐɾɐ	394
0395.00.01	andar	m151rjrbWXbBqyq56tly	none	—	ɐ̃ŋdˈaʁ	395
0396.00.01	sistema	4r3G9XKliGgVZLKMgjik	coda_s_ep_risk	P3	sˌistˈemɐ	396
0397.00.01	vontade	4r3G9XKliGgVZLKMgjik	de_te_palatalization,final_unstressed_e	P2	võˈtadʒi	397
0398.00.01	maioria	m151rjrbWXbBqyq56tly	none	—	majuɾˈiɐ	398
0399.00.01	acompanhar	m151rjrbWXbBqyq56tly	none	—	ˌakõpɐ̃ˈɲaʁ	399
0400.00.01	viagem	wxoDdfPKBuna5KnUEotz	none	—	viˈaʒẽ	400
0401.00.01	senhora	m151rjrbWXbBqyq56tly	none	—	seɲˈoɾɐ	401
0402.00.01	aspecto	qPfM2laM0pRL4rrZtBGl	coda_s_ep_risk	P3	aspˈɛktu	402
0403.00.01	artista	AaeZyyi87RCxtFnHPS3e	coda_s_ep_risk	P3	aɾtʃˈistɐ	403
0404.00.01	idade	Rw38T6bn0lTNOb1aUevR	de_te_palatalization,final_unstressed_e	P2	idˈadʒi	404
0405.00.01	aberto	4r3G9XKliGgVZLKMgjik	none	—	aˈbɛɾtu	405
0406.00.01	conto	AaeZyyi87RCxtFnHPS3e	none	—	kˈõtu	406
0406.00.02	conto	AaeZyyi87RCxtFnHPS3e	none	—	kõtu	406
0407.00.01	médico	m151rjrbWXbBqyq56tly	none	—	mˈɛdʒiku	407
0407.00.02	médico	wxoDdfPKBuna5KnUEotz	none	—	ˈmɛdʒiku	407
0408.00.01	capital	ny3E2DZImeZm00WLGZi9	final_l_vocalization	P1	kapitˈaw	408
0408.00.02	capital	qPfM2laM0pRL4rrZtBGl	final_l_vocalization	P1	kapitˈaw	408
0409.00.01	sobretudo	Rw38T6bn0lTNOb1aUevR	none	—	sobɾetˈudu	409
0410.00.01	no entanto	qPfM2laM0pRL4rrZtBGl	none	—	nu ẽtˈɐ̃tu	410
0410.00.02	no entanto	qPfM2laM0pRL4rrZtBGl	none	—	nu ẽtˈɐ̃tu	410
0411.00.01	cultura	m151rjrbWXbBqyq56tly	none	—	kuwtˈuɾɐ	411
0412.00.01	escolher	m151rjrbWXbBqyq56tly	coda_s_ep_risk	P3	ˌeskoʎˈeʁ	412
0413.00.01	conhecimento	m151rjrbWXbBqyq56tly	none	—	kˌoɲesimˈẽtu	413
0414.00.01	responder	m151rjrbWXbBqyq56tly	coda_s_ep_risk,initial_r_or_rr	P2	ʁespoŋdˈeʁ	414
0415.00.01	pretender	m151rjrbWXbBqyq56tly	none	—	pɾetẽˈdeɾ	415
0416.00.01	população	Rw38T6bn0lTNOb1aUevR	none	—	pˌopulɐsˈɐ̃w	416
0417.00.01	estudo	wxoDdfPKBuna5KnUEotz	coda_s_ep_risk	P3	esˈtudu	417
0418.00.01	resposta	Rw38T6bn0lTNOb1aUevR	coda_s_ep_risk,initial_r_or_rr	P2	ʁespˈɔstɐ	418
0419.00.01	informação	m151rjrbWXbBqyq56tly	none	—	ĩfoʁmɐsˈɐ̃w	419
0420.00.01	comum	4r3G9XKliGgVZLKMgjik	none	—	koˈmũ	420
0421.00.01	gostar	qPfM2laM0pRL4rrZtBGl	coda_s_ep_risk	P3	ɡostˈaʁ	421
0422.00.01	superior	AaeZyyi87RCxtFnHPS3e	none	—	supeɾiˈoʁ	422
0423.00.01	saúde	4r3G9XKliGgVZLKMgjik	de_te_palatalization,final_unstressed_e	P2	saˈudʒi	423
0424.00.01	capaz	Rw38T6bn0lTNOb1aUevR	none	—	kapˈas	424
0425.00.01	porta	Rw38T6bn0lTNOb1aUevR	none	—	pˈɔɾtɐ	425
0426.00.01	terceiro	m151rjrbWXbBqyq56tly	none	—	teɾsˈejɾu	426
0427.00.01	vender	wxoDdfPKBuna5KnUEotz	none	—	vẽˈdeʁ	427
0428.00.01	república	m151rjrbWXbBqyq56tly	initial_r_or_rr	P2	ʁeˈpublikɐ	428
0429.00.01	matar	m151rjrbWXbBqyq56tly	none	—	matˈaʁ	429
0430.00.01	menor	AaeZyyi87RCxtFnHPS3e	none	—	menˈoʁ	430
0431.00.01	especial	qPfM2laM0pRL4rrZtBGl	coda_s_ep_risk,final_l_vocalization	P1	ˌespesjˈaw	431
0432.00.01	sul	m151rjrbWXbBqyq56tly	none	—	sˈuw	432
0433.00.01	cinema	Rw38T6bn0lTNOb1aUevR	none	—	sˌinˈemɐ	433
0433.00.02	cinema	Rw38T6bn0lTNOb1aUevR	none	—	sinˈemɐ	433
0434.00.01	pena	xNGAXaCH8MaasNuo7Hr7	none	—	pˈenɐ	434
0434.00.02	pena	xNGAXaCH8MaasNuo7Hr7	none	—	pˈenɐ	434
0435.00.01	cor	m151rjrbWXbBqyq56tly	none	—	kˈoʁ	435
0436.00.01	sofrer	4r3G9XKliGgVZLKMgjik	none	—	sofɾˈeʁ	436
0437.00.01	estrangeiro	Rw38T6bn0lTNOb1aUevR	coda_s_ep_risk	P3	ˌestɾɐ̃ʒˈejɾu	437
0437.00.02	estrangeiro	AaeZyyi87RCxtFnHPS3e	coda_s_ep_risk	P3	ˌestɾɐ̃ʒˈejɾu	437
0438.00.01	ar	m151rjrbWXbBqyq56tly	none	—	aʁ	438
0439.00.01	carro	Rw38T6bn0lTNOb1aUevR	initial_r_or_rr	P2	kˈaʁu	439
0439.00.02	carro	Rw38T6bn0lTNOb1aUevR	initial_r_or_rr	P2	kˈaʁu	439
0440.00.01	igual	m151rjrbWXbBqyq56tly	final_l_vocalization	P1	iɡwˈaw	440
0441.00.01	figura	Rw38T6bn0lTNOb1aUevR	none	—	fiɡˈuɾɐ	441
0441.00.02	figura	xNGAXaCH8MaasNuo7Hr7	none	—	fiɡˈuɾɐ	441
0441.00.03	figura	m151rjrbWXbBqyq56tly	none	—	fiɡˈuɾɐ	441
0442.00.01	interior	Rw38T6bn0lTNOb1aUevR	none	—	ĩteɾiˈoʁ	442
0443.00.01	dificuldade	AaeZyyi87RCxtFnHPS3e	de_te_palatalization,final_unstressed_e	P2	dʒifikulˈdadʒi	443
0444.00.01	decidir	Rw38T6bn0lTNOb1aUevR	none	—	dˌesidʒˈiʁ	444
0445.00.01	negro	m151rjrbWXbBqyq56tly	none	—	nˈeɡɾu	445
0446.00.01	compreender	4r3G9XKliGgVZLKMgjik	none	—	kõpɾeẽˈdeʁ	446
0447.00.01	milhão	wxoDdfPKBuna5KnUEotz	none	—	miʎˈɐ̃w	447
0448.00.01	importância	Rw38T6bn0lTNOb1aUevR	none	—	ˌimpoʁtˈɐ̃sjɐ	448
0449.00.01	produzir	qPfM2laM0pRL4rrZtBGl	none	—	pɾoduzˈiʁ	449
0450.00.01	livre	qPfM2laM0pRL4rrZtBGl	final_unstressed_e	P2	lˈivɾi	450
0451.00.01	rede	xNGAXaCH8MaasNuo7Hr7	de_te_palatalization,final_unstressed_e,initial_r_or_rr	P2	ˈʁedʒi	451
0452.00.01	efeito	m151rjrbWXbBqyq56tly	none	—	efˈejtu	452
0453.00.01	fechar	qPfM2laM0pRL4rrZtBGl	none	—	feʃˈaʁ	453
0454.00.01	possibilidade	xNGAXaCH8MaasNuo7Hr7	coda_s_ep_risk,de_te_palatalization,final_unstressed_e	P2	pˌosibilidˈadʒi	454
0455.00.01	oito	4r3G9XKliGgVZLKMgjik	none	—	ˈojtu	455
0456.00.01	principalmente	xNGAXaCH8MaasNuo7Hr7	de_te_palatalization,final_unstressed_e	P2	pɾĩsipawmˈẽtʃi	456
0457.00.01	quadro	wxoDdfPKBuna5KnUEotz	none	—	kwˈadɾu	457
0458.00.01	espírito	qPfM2laM0pRL4rrZtBGl	coda_s_ep_risk	P3	esˈpiɾitu	458
0459.00.01	elemento	Rw38T6bn0lTNOb1aUevR	none	—	eleˈmẽtu	459
0460.00.01	base	qPfM2laM0pRL4rrZtBGl	final_unstressed_e	P2	bˈazi	460
0461.00.01	cujo	m151rjrbWXbBqyq56tly	none	—	kˈuʒu	461
0462.00.01	transformar	wxoDdfPKBuna5KnUEotz	coda_s_ep_risk	P3	tɾɐ̃ʃfoʁmˈaʁ	462
0463.00.01	comprar	Rw38T6bn0lTNOb1aUevR	none	—	kõpɾˈaʁ	463
0464.00.01	tu	m151rjrbWXbBqyq56tly	none	—	tu	464
0465.00.01	após	wxoDdfPKBuna5KnUEotz	none	—	apˈɔs	465
0466.00.01	filha	4r3G9XKliGgVZLKMgjik	none	—	fˈiʎɐ	466
0467.00.01	sob	ny3E2DZImeZm00WLGZi9	none	—	sˈɔb	467
0468.00.01	referir	m151rjrbWXbBqyq56tly	initial_r_or_rr	P2	ʁefeˈɾiʁ	468
0469.00.01	pedra	xNGAXaCH8MaasNuo7Hr7	none	—	pˈɛdɾɐ	469
0470.00.01	filme	4r3G9XKliGgVZLKMgjik	final_unstressed_e	P2	fˈiwmi	470
0471.00.01	madeira	m151rjrbWXbBqyq56tly	none	—	madˈejɾɐ	471
0472.00.01	natureza	Rw38T6bn0lTNOb1aUevR	none	—	nˌatuɾˈezɐ	472
0473.00.01	período	xNGAXaCH8MaasNuo7Hr7	none	—	peˈɾiudu	473
0474.00.01	presente	Rw38T6bn0lTNOb1aUevR	de_te_palatalization,final_unstressed_e	P2	pɾeˈzẽtʃi	474
0474.00.02	presente	m151rjrbWXbBqyq56tly	de_te_palatalization,final_unstressed_e	P2	pɾezˈẽtʃi	474
0475.00.01	sete	Rw38T6bn0lTNOb1aUevR	de_te_palatalization,final_unstressed_e	P2	sˈɛtʃi	475
0476.00.01	recurso	m151rjrbWXbBqyq56tly	initial_r_or_rr	P2	ʁekˈuɾsu	476
0477.00.01	levantar	m151rjrbWXbBqyq56tly	none	—	levɐ̃ŋtˈaʁ	477
0477.00.02	levantar	4r3G9XKliGgVZLKMgjik	none	—	levɐ̃ŋtˈaʁ	477
0478.00.01	mandar	AaeZyyi87RCxtFnHPS3e	none	—	mɐ̃ˈdaʁ	478
0478.00.02	mandar	AaeZyyi87RCxtFnHPS3e	none	—	mɐ̃ŋdˈaʁ	478
0479.00.01	unido	AaeZyyi87RCxtFnHPS3e	none	—	uˈnidu	479
0480.00.01	resultado	Rw38T6bn0lTNOb1aUevR	initial_r_or_rr	P2	ʁezuwtˈadu	480
0481.00.01	preso	xNGAXaCH8MaasNuo7Hr7	none	—	pɾˈezu	481
0482.00.01	reconhecer	xNGAXaCH8MaasNuo7Hr7	initial_r_or_rr	P2	ʁekoɲesˈeʁ	482
0483.00.01	dirigir	ny3E2DZImeZm00WLGZi9	none	—	dʒiɾiʒˈiʁ	483
0483.00.02	dirigir	ny3E2DZImeZm00WLGZi9	none	—	dʒiɾiˈʒiʁ	483
0483.00.03	dirigir	4r3G9XKliGgVZLKMgjik	none	—	dʒiɾiʒˈiʁ	483
0484.00.01	tocar	Rw38T6bn0lTNOb1aUevR	none	—	toˈkaʁ	484
0484.00.02	tocar	m151rjrbWXbBqyq56tly	none	—	tokˈaʁ	484
0485.00.01	diretor	ny3E2DZImeZm00WLGZi9	none	—	dʒiɾeˈtoʁ	485
0486.00.01	irmão	qPfM2laM0pRL4rrZtBGl	none	—	iɾmˈɐ̃w	486
0487.00.01	ninguém	Rw38T6bn0lTNOb1aUevR	none	—	nĩˈɡẽj̃	487
0488.00.01	mau	qPfM2laM0pRL4rrZtBGl	none	—	mˈaw	488
0489.00.01	simples	m151rjrbWXbBqyq56tly	none	—	sˈĩplis	489
0490.00.01	programa	m151rjrbWXbBqyq56tly	none	—	pɾoɡɾˈɐ̃mɐ	490
0491.00.01	construir	m151rjrbWXbBqyq56tly	coda_s_ep_risk	P3	kõstɾuˈiʁ	491
0492.00.01	diverso	AaeZyyi87RCxtFnHPS3e	none	—	dʒivˈɛɾsu	492
0492.00.02	diverso	qPfM2laM0pRL4rrZtBGl	none	—	dʒivˈɛɾsu	492
0493.00.01	cerca	Rw38T6bn0lTNOb1aUevR	none	—	sˈɛɾkɐ	493
0494.00.01	classe	m151rjrbWXbBqyq56tly	coda_s_ep_risk,final_unstressed_e	P2	klˈasi	494
0495.00.01	conselho	m151rjrbWXbBqyq56tly	none	—	kõsˈeʎu	495
0495.00.02	conselho	Rw38T6bn0lTNOb1aUevR	none	—	kõsˈeʎu	495
0496.00.01	amor	wxoDdfPKBuna5KnUEotz	spanish_collision	P3	amˈoʁ	496
0497.00.01	televisão	ny3E2DZImeZm00WLGZi9	none	—	tˌelevizˈɐ̃w̃	497
0498.00.01	valer	ny3E2DZImeZm00WLGZi9	none	—	valˈeʁ	498
0499.00.01	banda	xNGAXaCH8MaasNuo7Hr7	none	—	bˈɐ̃dɐ	499
0500.00.01	carta	AaeZyyi87RCxtFnHPS3e	none	—	kˈaɾtɐ	500
0501.00.01	segurança	Rw38T6bn0lTNOb1aUevR	none	—	seɡuɾˈɐ̃sɐ	501
0502.00.01	vinte	m151rjrbWXbBqyq56tly	de_te_palatalization,final_unstressed_e	P2	vˈĩtʃi	502
0503.00.01	quarto	AaeZyyi87RCxtFnHPS3e	user_reported	P0	kwˈaɾtu	503
0503.00.02	quarto	AaeZyyi87RCxtFnHPS3e	user_reported	P0	kwaɾtʊ	503
0503.00.03	quarto	4r3G9XKliGgVZLKMgjik	user_reported	P0	kwˈaɾtu	503
0504.00.01	diferença	m151rjrbWXbBqyq56tly	none	—	dʒifeɾˈẽsɐ	504
0505.00.01	perto	m151rjrbWXbBqyq56tly	none	—	pˈɛɾtu	505
0506.00.01	opinião	Rw38T6bn0lTNOb1aUevR	none	—	ˌopiɲiˈɐ̃w̃	506
0507.00.01	título	qPfM2laM0pRL4rrZtBGl	none	—	tʃˈitulu	507
0508.00.01	luta	wxoDdfPKBuna5KnUEotz	none	—	lˈutɐ	508
0509.00.01	afirmar	m151rjrbWXbBqyq56tly	none	—	afiɾmˈaɾ	509
0510.00.01	terminar	Rw38T6bn0lTNOb1aUevR	none	—	teɾmĩˈnaʁ	510
0511.00.01	algo	xNGAXaCH8MaasNuo7Hr7	none	—	ˈawɡu	511
0512.00.01	peixe	Rw38T6bn0lTNOb1aUevR	final_unstressed_e	P2	pˈejʃi	512
0513.00.01	atrás	m151rjrbWXbBqyq56tly	none	—	atɾˈas	513
0513.00.02	atrás	Rw38T6bn0lTNOb1aUevR	none	—	atɾˈas	513
0514.00.01	atingir	m151rjrbWXbBqyq56tly	none	—	atʃĩˈʒiʁ	514
0515.00.01	interessar	Rw38T6bn0lTNOb1aUevR	coda_s_ep_risk	P3	ĩteɾesˈaʁ	515
0516.00.01	discutir	m151rjrbWXbBqyq56tly	coda_s_ep_risk	P3	dʒiskuˈtʃiʁ	516
0516.00.02	discutir	ny3E2DZImeZm00WLGZi9	coda_s_ep_risk	P3	dʒiskutʃˈiʁ	516
0517.00.01	voz	qPfM2laM0pRL4rrZtBGl	none	—	vˈɔs	517
0518.00.01	companhia	Rw38T6bn0lTNOb1aUevR	none	—	kõpɐ̃ˈɲiɐ	518
0519.00.01	significar	AaeZyyi87RCxtFnHPS3e	none	—	siɡnifiˈkaʁ	519
0520.00.01	objeto	m151rjrbWXbBqyq56tly	none	—	ɔbʒˈɛtu	520
0521.00.01	alguém	4r3G9XKliGgVZLKMgjik	none	—	awˈɡẽj̃	521
0522.00.01	anterior	Rw38T6bn0lTNOb1aUevR	none	—	ɐ̃tʃeɾiˈoʁ	522
0523.00.01	buscar	qPfM2laM0pRL4rrZtBGl	coda_s_ep_risk	P3	busˈkaɾ	523
0523.00.02	buscar	qPfM2laM0pRL4rrZtBGl	coda_s_ep_risk	P3	buskˈaʁ	523
0524.00.01	dúvida	ny3E2DZImeZm00WLGZi9	none	—	dˈuvidɐ	524
0525.00.01	início	Rw38T6bn0lTNOb1aUevR	none	—	iˈnisju	525
0526.00.01	matéria	AaeZyyi87RCxtFnHPS3e	none	—	mɐˈtɛɾjɐ	526
0526.00.02	matéria	m151rjrbWXbBqyq56tly	none	—	matˈɛɾjɐ	526
0527.00.01	graça	m151rjrbWXbBqyq56tly	none	—	ɡɾˈasɐ	527
0527.00.02	graça	m151rjrbWXbBqyq56tly	none	—	ɡɾˈasɐ	527
0528.00.01	língua	m151rjrbWXbBqyq56tly	none	—	lˈĩɡwɐ	528
0528.00.02	língua	Rw38T6bn0lTNOb1aUevR	none	—	lˈĩɡwɐ	528
0529.00.01	enorme	4r3G9XKliGgVZLKMgjik	final_unstressed_e	P2	enˈɔɾmi	529
0530.00.01	americano	4r3G9XKliGgVZLKMgjik	none	—	ɐmeɾikˈɐ̃nu	530
0531.00.01	doutor	AaeZyyi87RCxtFnHPS3e	none	—	dowtˈoʁ	531
0532.00.01	julgar	Rw38T6bn0lTNOb1aUevR	none	—	ʒuwɡˈaʁ	532
0533.00.01	francês	AaeZyyi87RCxtFnHPS3e	none	—	fɾɐ̃ŋsˈes	533
0534.00.01	verde	ny3E2DZImeZm00WLGZi9	de_te_palatalization,final_unstressed_e	P2	vˈeʁdʒi	534
0534.00.02	verde	wxoDdfPKBuna5KnUEotz	de_te_palatalization,final_unstressed_e	P2	vˈeɾdʒi	534
0535.00.01	atenção	wxoDdfPKBuna5KnUEotz	none	—	atẽsˈɐ̃w	535
0536.00.01	nível	xNGAXaCH8MaasNuo7Hr7	final_l_vocalization	P1	nˈivew	536
0537.00.01	criação	qPfM2laM0pRL4rrZtBGl	none	—	kɾiˈasɐ̃w̃	537
0538.00.01	verdadeiro	qPfM2laM0pRL4rrZtBGl	none	—	veɾdadˈejɾu	538
0539.00.01	justiça	xNGAXaCH8MaasNuo7Hr7	coda_s_ep_risk	P3	ʒustʃˈisɐ	539
0540.00.01	vivo	Rw38T6bn0lTNOb1aUevR	none	—	vˈivu	540
0541.00.01	educação	ny3E2DZImeZm00WLGZi9	none	—	edukasˈɐ̃w	541
0542.00.01	passado	qPfM2laM0pRL4rrZtBGl	coda_s_ep_risk	P3	pɐsˈadu	542
0543.00.01	evitar	qPfM2laM0pRL4rrZtBGl	none	—	eviˈtaʁ	543
0544.00.01	ambiente	wxoDdfPKBuna5KnUEotz	de_te_palatalization,final_unstressed_e	P2	ɐ̃biˈẽtʃi	544
0545.00.01	guarda	wxoDdfPKBuna5KnUEotz	none	—	ɡwˈaɾdɐ	545
0545.00.02	guarda	m151rjrbWXbBqyq56tly	none	—	ɡwˈaɾdɐ	545
0546.00.01	econômico	4r3G9XKliGgVZLKMgjik	none	—	ˌekonˈomiku	546
0547.00.01	casar	ny3E2DZImeZm00WLGZi9	none	—	kazˈaʁ	547
0548.00.01	participar	wxoDdfPKBuna5KnUEotz	none	—	paɾtʃisipˈaʁ	548
0549.00.01	rico	4r3G9XKliGgVZLKMgjik	initial_r_or_rr	P2	ʁˈiku	549
0550.00.01	pobre	xNGAXaCH8MaasNuo7Hr7	final_unstressed_e	P2	pˈɔbɾi	550
0551.00.01	cabo	Rw38T6bn0lTNOb1aUevR	none	—	kˈabu	551
0551.00.02	cabo	xNGAXaCH8MaasNuo7Hr7	none	—	kˈabu	551
0551.00.03	cabo	xNGAXaCH8MaasNuo7Hr7	none	—	kˈabu	551
0552.00.01	eleição	m151rjrbWXbBqyq56tly	none	—	elejsˈɐ̃w	552
0553.00.01	apoio	ny3E2DZImeZm00WLGZi9	none	—	apˈoju	553
0554.00.01	inglês	qPfM2laM0pRL4rrZtBGl	none	—	ĩɡlˈes	554
0555.00.01	solução	4r3G9XKliGgVZLKMgjik	none	—	soluˈsɐ̃w	555
0556.00.01	demais	4r3G9XKliGgVZLKMgjik	none	—	demˈajs	556
0557.00.01	máquina	ny3E2DZImeZm00WLGZi9	none	—	mˈakinɐ	557
0558.00.01	trabalhador	Rw38T6bn0lTNOb1aUevR	none	—	tɾabaʎadˈoʁ	558
0559.00.01	produto	Rw38T6bn0lTNOb1aUevR	none	—	pɾodˈutu	559
0560.00.01	envolver	AaeZyyi87RCxtFnHPS3e	none	—	ẽvowˈveʁ	560
0561.00.01	doença	4r3G9XKliGgVZLKMgjik	none	—	doˈẽsɐ	561
0562.00.01	resto	Rw38T6bn0lTNOb1aUevR	coda_s_ep_risk,initial_r_or_rr	P2	ʁˈɛstu	562
0563.00.01	ciência	m151rjrbWXbBqyq56tly	none	—	siˈẽsiɐ	563
0564.00.01	marcar	AaeZyyi87RCxtFnHPS3e	none	—	maɾkˈaʁ	564
0564.00.02	marcar	xNGAXaCH8MaasNuo7Hr7	none	—	maɾkˈaʁ	564
0565.00.01	cumprir	m151rjrbWXbBqyq56tly	none	—	kũpɾˈiɾ	565
0565.00.02	cumprir	m151rjrbWXbBqyq56tly	none	—	kũmpɾˈiɾ	565
0566.00.01	contato	ny3E2DZImeZm00WLGZi9	none	—	kõtˈatu	566
0567.00.01	realmente	qPfM2laM0pRL4rrZtBGl	de_te_palatalization,final_unstressed_e,initial_r_or_rr	P2	ʁeawˈmẽtʃi	567
0568.00.01	morar	4r3G9XKliGgVZLKMgjik	none	—	moɾˈaʁ	568
0569.00.01	rápido	qPfM2laM0pRL4rrZtBGl	initial_r_or_rr	P2	ˈʁapidu	569
0570.00.01	literatura	AaeZyyi87RCxtFnHPS3e	none	—	lˌiteɾatˈuɾɐ	570
0571.00.01	fácil	m151rjrbWXbBqyq56tly	final_l_vocalization	P1	fˈasiw	571
0572.00.01	atual	4r3G9XKliGgVZLKMgjik	final_l_vocalization	P1	atuˈaw	572
0573.00.01	morto	4r3G9XKliGgVZLKMgjik	none	—	mˈoʁtu	573
0574.00.01	exigir	m151rjrbWXbBqyq56tly	none	—	eziʒˈiʁ	574
0575.00.01	diante	qPfM2laM0pRL4rrZtBGl	de_te_palatalization,final_unstressed_e	P2	dʒiˈɐ̃tʃi	575
0575.00.02	diante	Rw38T6bn0lTNOb1aUevR	de_te_palatalization,final_unstressed_e	P2	dʒiˈɐ̃tʃi	575
0575.01.01	em diante	wxoDdfPKBuna5KnUEotz	final_unstressed_e	P2	ẽj dʒiˈɐ̃tʃi	575
0575.01.02	em diante	m151rjrbWXbBqyq56tly	final_unstressed_e	P2	ẽj dʒiˈɐ̃tʃi	575
0576.00.01	liberdade	Rw38T6bn0lTNOb1aUevR	de_te_palatalization,final_unstressed_e	P2	lˌibeɾdˈadʒi	576
0577.00.01	zona	4r3G9XKliGgVZLKMgjik	none	—	zˈonɐ	577
0578.00.01	terreno	Rw38T6bn0lTNOb1aUevR	initial_r_or_rr	P2	teˈʁenu	578
0579.00.01	provocar	xNGAXaCH8MaasNuo7Hr7	none	—	pɾovokˈaʁ	579
0580.00.01	garantir	Rw38T6bn0lTNOb1aUevR	none	—	ɡaɾɐ̃tʃˈiʁ	580
0581.00.01	jogar	m151rjrbWXbBqyq56tly	none	—	ʒoɡˈaʁ	581
0581.00.02	jogar	AaeZyyi87RCxtFnHPS3e	none	—	ʒoɡˈaʁ	581
0582.00.01	modelo	wxoDdfPKBuna5KnUEotz	none	—	mˈodelu	582
0582.00.02	modelo	m151rjrbWXbBqyq56tly	none	—	mɔdˈɛlu	582
0583.00.01	assumir	xNGAXaCH8MaasNuo7Hr7	coda_s_ep_risk	P3	asumˈiʁ	583
0584.00.01	oferecer	m151rjrbWXbBqyq56tly	none	—	ˌofeɾesˈeʁ	584
0585.00.01	visão	4r3G9XKliGgVZLKMgjik	none	—	viˈzɐ̃w̃	585
0585.00.02	visão	Rw38T6bn0lTNOb1aUevR	none	—	vizˈɐ̃w̃	585
0586.00.01	preparar	qPfM2laM0pRL4rrZtBGl	none	—	pɾepɐɾˈaʁ	586
0587.00.01	constituir	4r3G9XKliGgVZLKMgjik	coda_s_ep_risk	P3	kõstʃituˈiʁ	587
0588.00.01	escritor	xNGAXaCH8MaasNuo7Hr7	coda_s_ep_risk	P3	ˌeskɾitˈoʁ	588
0589.00.01	estrada	xNGAXaCH8MaasNuo7Hr7	coda_s_ep_risk	P3	estɾˈadɐ	589
0590.00.01	construção	m151rjrbWXbBqyq56tly	coda_s_ep_risk	P3	kõstɾusˈɐ̃w̃	590
0591.00.01	polícia	Rw38T6bn0lTNOb1aUevR	none	—	polˈisjɐ	591
0591.00.02	polícia	m151rjrbWXbBqyq56tly	none	—	pˌolˈisjɐ	591
0592.00.01	mudança	m151rjrbWXbBqyq56tly	none	—	mudˈɐ̃sɐ	592
0593.00.01	aprender	Rw38T6bn0lTNOb1aUevR	none	—	apɾẽdˈeʁ	593
0594.00.01	mínimo	Rw38T6bn0lTNOb1aUevR	none	—	mˈinimu	594
0595.00.01	comer	m151rjrbWXbBqyq56tly	none	—	komˈeʁ	595
0596.00.01	fugir	wxoDdfPKBuna5KnUEotz	none	—	fuʒˈiʁ	596
0597.00.01	motivo	m151rjrbWXbBqyq56tly	none	—	motʃˈivu	597
0598.00.01	som	m151rjrbWXbBqyq56tly	none	—	sˈõ	598
0599.00.01	obrigar	Rw38T6bn0lTNOb1aUevR	none	—	obɾiɡˈaʁ	599
0600.00.01	publicar	m151rjrbWXbBqyq56tly	none	—	publiˈkaʁ	600
0601.00.01	sol	ny3E2DZImeZm00WLGZi9	final_l_vocalization,spanish_collision	P1	sˈɔw	601
0602.00.01	comércio	qPfM2laM0pRL4rrZtBGl	none	—	kˈomɛɾsju	602
0603.00.01	ocupar	m151rjrbWXbBqyq56tly	none	—	ˌokuˈpaʁ	603
0604.00.01	central	qPfM2laM0pRL4rrZtBGl	final_l_vocalization,same_spelling_en_pt	P1	sẽˈtɾaw	604
0604.00.02	central	4r3G9XKliGgVZLKMgjik	final_l_vocalization,same_spelling_en_pt	P1	sẽtɾˈaw	604
0604.00.03	central	m151rjrbWXbBqyq56tly	final_l_vocalization,same_spelling_en_pt	P1	sẽtɾˈaw	604
0605.00.01	curto	xNGAXaCH8MaasNuo7Hr7	none	—	kˈuɾtu	605
0606.00.01	prova	xNGAXaCH8MaasNuo7Hr7	none	—	pɾˈɔvɐ	606
0606.00.02	prova	wxoDdfPKBuna5KnUEotz	none	—	pɾˈɔvɐ	606
0606.00.03	prova	m151rjrbWXbBqyq56tly	none	—	pɾˈɔvɐ	606
0607.00.01	memória	qPfM2laM0pRL4rrZtBGl	none	—	memˈɔɾjɐ	607
0608.00.01	bater	Rw38T6bn0lTNOb1aUevR	none	—	batˈeɾ	608
0609.00.01	aproveitar	m151rjrbWXbBqyq56tly	none	—	ˌapɾovejˈtaʁ	609
0610.00.01	depender	Rw38T6bn0lTNOb1aUevR	none	—	depẽˈdeʁ	610
0611.00.01	parar	4r3G9XKliGgVZLKMgjik	none	—	paɾˈaʁ	611
0612.00.01	metro	Rw38T6bn0lTNOb1aUevR	none	—	mˈɛtɾu	612
0612.00.02	metro	ny3E2DZImeZm00WLGZi9	none	—	mˈɛtɾu	612
0613.00.01	material	Rw38T6bn0lTNOb1aUevR	final_l_vocalization,same_spelling_en_pt	P1	mateɾiˈaw	613
0614.00.01	revista	m151rjrbWXbBqyq56tly	coda_s_ep_risk,initial_r_or_rr	P2	ʁevˈistɐ	614
0615.00.01	acima	AaeZyyi87RCxtFnHPS3e	none	—	ɐsˈimɐ	615
0616.00.01	crítica	m151rjrbWXbBqyq56tly	none	—	kɾˈitʃikɐ	616
0617.00.01	sinal	Rw38T6bn0lTNOb1aUevR	final_l_vocalization	P1	sinˈaw	617
0618.00.01	medo	m151rjrbWXbBqyq56tly	none	—	mˈedu	618
0619.00.01	profissional	Rw38T6bn0lTNOb1aUevR	coda_s_ep_risk,final_l_vocalization	P1	pɾofisiˈonaw	619
0620.00.01	objetivo	AaeZyyi87RCxtFnHPS3e	none	—	ˌobʒetʃˈivu	620
0621.00.01	inteiro	Rw38T6bn0lTNOb1aUevR	none	—	ĩˈtejɾu	621
0622.00.01	venda	4r3G9XKliGgVZLKMgjik	none	—	vˈẽdɐ	622
0623.00.01	sucesso	Rw38T6bn0lTNOb1aUevR	coda_s_ep_risk	P3	sˌusˈɛsu	623
0624.00.01	carreira	wxoDdfPKBuna5KnUEotz	initial_r_or_rr	P2	kaˈʁejɾɐ	624
0624.00.02	carreira	Rw38T6bn0lTNOb1aUevR	initial_r_or_rr	P2	kaˈʁejɾɐ	624
0625.00.01	assistir	4r3G9XKliGgVZLKMgjik	coda_s_ep_risk	P3	asisˈtʃiʁ	625
0625.00.02	assistir	Rw38T6bn0lTNOb1aUevR	coda_s_ep_risk	P3	ˌasistʃˈiʁ	625
0625.00.03	assistir	m151rjrbWXbBqyq56tly	coda_s_ep_risk	P3	asistʃˈiʁ	625
0626.00.01	esquerda	Rw38T6bn0lTNOb1aUevR	coda_s_ep_risk	P3	eskˈɛɾdɐ	626
0627.00.01	cortar	m151rjrbWXbBqyq56tly	none	—	koʁtˈaʁ	627
0628.00.01	influência	ny3E2DZImeZm00WLGZi9	none	—	ĩflwˈẽsiɐ	628
0629.00.01	pertencer	m151rjrbWXbBqyq56tly	none	—	peɾtẽˈseʁ	629
0630.00.01	personagem	m151rjrbWXbBqyq56tly	none	—	peɾsonˈaʒẽ	630
0630.00.02	personagem	Rw38T6bn0lTNOb1aUevR	none	—	peɾsonˈaʒẽ	630
0631.00.01	obter	wxoDdfPKBuna5KnUEotz	none	—	obitˈeʁ	631
0632.00.01	apoiar	wxoDdfPKBuna5KnUEotz	none	—	apojˈaʁ	632
0633.00.01	funcionar	wxoDdfPKBuna5KnUEotz	none	—	fũsjonˈaʁ	633
0634.00.01	prática	m151rjrbWXbBqyq56tly	none	—	pɾˈatʃikɐ	634
0635.00.01	formação	wxoDdfPKBuna5KnUEotz	none	—	foʁmasˈɐ̃w	635
0635.00.02	formação	Rw38T6bn0lTNOb1aUevR	none	—	foʁmasˈɐ̃w	635
0636.00.01	europeu	xNGAXaCH8MaasNuo7Hr7	none	—	ewɾopˈew	636
0637.00.01	conforme	AaeZyyi87RCxtFnHPS3e	final_unstressed_e	P2	kõˈfɔɾmi	637
0638.00.01	preocupação	ny3E2DZImeZm00WLGZi9	none	—	pɾeokupɐsˈɐ̃w	638
0639.00.01	estabelecer	Rw38T6bn0lTNOb1aUevR	coda_s_ep_risk	P3	ˌestabeleˈseʁ	639
0640.00.01	produção	wxoDdfPKBuna5KnUEotz	none	—	pɾodusˈɐ̃w	640
0641.00.01	conjunto	m151rjrbWXbBqyq56tly	none	—	kõˈʒũtu	641
0642.00.01	esforço	qPfM2laM0pRL4rrZtBGl	coda_s_ep_risk	P3	esˈfoʁsu	642
0643.00.01	massa	m151rjrbWXbBqyq56tly	coda_s_ep_risk	P3	mˈasɐ	643
0643.00.02	massa	qPfM2laM0pRL4rrZtBGl	coda_s_ep_risk	P3	mˈasɐ	643
0644.00.01	comissão	AaeZyyi87RCxtFnHPS3e	coda_s_ep_risk	P3	kˌomisˈɐ̃w̃	644
0645.00.01	porém	Rw38T6bn0lTNOb1aUevR	none	—	poˈɾẽ	645
0646.00.01	subir	4r3G9XKliGgVZLKMgjik	none	—	suˈbiʁ	646
0647.00.01	popular	Rw38T6bn0lTNOb1aUevR	none	—	pˌopulˈaʁ	647
0648.00.01	desenvolver	xNGAXaCH8MaasNuo7Hr7	none	—	dˌezẽvowˈveʁ	648
0649.00.01	rei	m151rjrbWXbBqyq56tly	initial_r_or_rr	P2	ʁˈej	649
0650.00.01	rádio	m151rjrbWXbBqyq56tly	initial_r_or_rr	P2	ʁˈadʒiu	650
0650.00.02	rádio	xNGAXaCH8MaasNuo7Hr7	initial_r_or_rr	P2	ʁˈadʒiu	650
0651.00.01	prestar	qPfM2laM0pRL4rrZtBGl	coda_s_ep_risk	P3	pɾesˈtaʁ	651
0651.00.02	prestar	Rw38T6bn0lTNOb1aUevR	coda_s_ep_risk	P3	pɾesˈtaʁ	651
0652.00.01	dividir	Rw38T6bn0lTNOb1aUevR	none	—	dʒiviˈdʒiɾ	652
0653.00.01	erro	4r3G9XKliGgVZLKMgjik	initial_r_or_rr	P2	ˈeʁu	653
0654.00.01	gênero	xNGAXaCH8MaasNuo7Hr7	none	—	ʒˈeneɾu	654
0655.00.01	favor	m151rjrbWXbBqyq56tly	none	—	favˈoʁ	655
0656.00.01	oficial	m151rjrbWXbBqyq56tly	final_l_vocalization	P1	ˌofisiˈaw	656
0657.00.01	administração	qPfM2laM0pRL4rrZtBGl	coda_s_ep_risk	P3	ˌadminiˌstɾasˈɐ̃w̃	657
0658.00.01	reunir	m151rjrbWXbBqyq56tly	initial_r_or_rr	P2	ʁeunˈiʁ	658
0659.00.01	cento	Rw38T6bn0lTNOb1aUevR	none	—	sˈẽtu	659
0659.01.01	por cento	ny3E2DZImeZm00WLGZi9	none	—	puɾ sˈẽtu	659
0660.00.01	sangue	AaeZyyi87RCxtFnHPS3e	none	—	sˈɐ̃ɡi	660
0661.00.01	letra	wxoDdfPKBuna5KnUEotz	none	—	lˈetɾɐ	661
0661.00.02	letra	Rw38T6bn0lTNOb1aUevR	none	—	lˈetɾɐ	661
0661.00.03	letra	qPfM2laM0pRL4rrZtBGl	none	—	lˈɛtɾɐ	661
0662.00.01	série	4r3G9XKliGgVZLKMgjik	user_reported	P0	sˈɛɾi	662
0663.00.01	expressão	m151rjrbWXbBqyq56tly	coda_s_ep_risk	P3	ˌespɾesˈɐ̃w̃	663
0664.00.01	face	m151rjrbWXbBqyq56tly	final_unstressed_e,same_spelling_en_pt,user_reported	P0	fˈasi	664
0664.00.02	face	Rw38T6bn0lTNOb1aUevR	final_unstressed_e,same_spelling_en_pt,user_reported	P0	fˈasi	664
0665.00.01	supor	wxoDdfPKBuna5KnUEotz	none	—	supˈoʁ	665
0666.00.01	vila	Rw38T6bn0lTNOb1aUevR	none	—	vˈilɐ	666
0667.00.01	determinar	ny3E2DZImeZm00WLGZi9	none	—	dˌeteɾmĩnˈaɾ	667
0668.00.01	completamente	xNGAXaCH8MaasNuo7Hr7	de_te_palatalization,final_unstressed_e	P2	kõpletɐmˈẽtʃi	668
0669.00.01	energia	m151rjrbWXbBqyq56tly	none	—	eneɾʒˈiɐ	669
0670.00.01	presença	m151rjrbWXbBqyq56tly	none	—	pɾeˈzẽsɐ	670
0671.00.01	árvore	qPfM2laM0pRL4rrZtBGl	final_unstressed_e	P2	ˈaɾvoɾi	671
0672.00.01	fase	AaeZyyi87RCxtFnHPS3e	final_unstressed_e	P2	fˈazi	672
0673.00.01	encontro	m151rjrbWXbBqyq56tly	none	—	ẽkˈõtɾu	673
0673.00.02	encontro	AaeZyyi87RCxtFnHPS3e	none	—	ẽkˈõtɾu	673
0673.00.03	encontro	4r3G9XKliGgVZLKMgjik	none	—	ẽkˈõtɾu	673
0674.00.01	deputado	qPfM2laM0pRL4rrZtBGl	none	—	depuˈtadu	674
0675.00.01	emprego	ny3E2DZImeZm00WLGZi9	none	—	ẽpɾˈeɡu	675
0676.00.01	particular	Rw38T6bn0lTNOb1aUevR	none	—	paɾtʃikuˈlaʁ	676
0677.00.01	risco	m151rjrbWXbBqyq56tly	coda_s_ep_risk,initial_r_or_rr	P2	ʁˈisku	677
0678.00.01	belo	m151rjrbWXbBqyq56tly	none	—	bˈɛlu	678
0679.00.01	cena	qPfM2laM0pRL4rrZtBGl	none	—	sˈenɐ	679
0680.00.01	consciência	4r3G9XKliGgVZLKMgjik	coda_s_ep_risk	P3	kõsiˈẽsiɐ	680
0680.00.02	consciência	m151rjrbWXbBqyq56tly	coda_s_ep_risk	P3	kõsiˈẽsiɐ	680
0681.00.01	geração	m151rjrbWXbBqyq56tly	none	—	ʒeɾɐsˈɐ̃w	681
0682.00.01	crime	wxoDdfPKBuna5KnUEotz	final_unstressed_e	P2	kɾˈimi	682
0683.00.01	somente	m151rjrbWXbBqyq56tly	de_te_palatalization,final_unstressed_e	P2	somˈẽtʃi	683
0684.00.01	verificar	Rw38T6bn0lTNOb1aUevR	none	—	veɾifiˈkaʁ	684
0685.00.01	preferir	Rw38T6bn0lTNOb1aUevR	none	—	pɾefeɾˈiʁ	685
0686.00.01	crise	4r3G9XKliGgVZLKMgjik	final_unstressed_e	P2	kɾˈizi	686
0687.00.01	ora	m151rjrbWXbBqyq56tly	none	—	ˈɔɾɐ	687
0688.00.01	entregar	Rw38T6bn0lTNOb1aUevR	none	—	ẽtɾeɡˈaɾ	688
0689.00.01	moderno	Rw38T6bn0lTNOb1aUevR	none	—	modˈɛɾnu	689
0690.00.01	regra	qPfM2laM0pRL4rrZtBGl	initial_r_or_rr	P2	ʁˈɛɡɾɐ	690
0691.00.01	revelar	4r3G9XKliGgVZLKMgjik	initial_r_or_rr	P2	ʁevelˈaʁ	691
0691.00.02	revelar	xNGAXaCH8MaasNuo7Hr7	initial_r_or_rr	P2	ʁevelˈaʁ	691
0692.00.01	desejar	4r3G9XKliGgVZLKMgjik	none	—	dezeʒˈaʁ	692
0693.00.01	exatamente	wxoDdfPKBuna5KnUEotz	de_te_palatalization,final_unstressed_e	P2	ˌezatɐmˈẽtʃi	693
0694.00.01	fonte	Rw38T6bn0lTNOb1aUevR	de_te_palatalization,final_unstressed_e	P2	fˈõtʃi	694
0694.00.02	fonte	m151rjrbWXbBqyq56tly	de_te_palatalization,final_unstressed_e	P2	fˈõtʃi	694
0695.00.01	repetir	4r3G9XKliGgVZLKMgjik	initial_r_or_rr	P2	ʁepetʃˈiʁ	695
0696.00.01	largo	AaeZyyi87RCxtFnHPS3e	none	—	lˈaɾɡu	696
0697.00.01	estilo	Rw38T6bn0lTNOb1aUevR	coda_s_ep_risk	P3	esˈtʃilu	697
0698.00.01	imaginar	Rw38T6bn0lTNOb1aUevR	none	—	imɐʒinˈaʁ	698
0699.00.01	responsabilidade	m151rjrbWXbBqyq56tly	coda_s_ep_risk,de_te_palatalization,final_unstressed_e,initial_r_or_rr	P2	ʁespoŋsabilidˈadʒi	699
0700.00.01	economia	wxoDdfPKBuna5KnUEotz	none	—	ˌekonomiˈɐ	700
0701.00.01	vale	m151rjrbWXbBqyq56tly	final_unstressed_e	P2	vˈali	701
0701.00.02	vale	qPfM2laM0pRL4rrZtBGl	final_unstressed_e	P2	vˈali	701
0702.00.01	avançar	Rw38T6bn0lTNOb1aUevR	none	—	avɐ̃ˈsaʁ	702
0703.00.01	observar	m151rjrbWXbBqyq56tly	none	—	ˌobseɾvˈaʁ	703
0704.00.01	carne	m151rjrbWXbBqyq56tly	final_unstressed_e	P2	kˈaɾni	704
0705.00.01	origem	xNGAXaCH8MaasNuo7Hr7	none	—	oɾˈiʒẽ	705
0706.00.01	atitude	qPfM2laM0pRL4rrZtBGl	de_te_palatalization,final_unstressed_e	P2	ˌatʃitˈudʒi	706
0707.00.01	indivíduo	wxoDdfPKBuna5KnUEotz	none	—	ĩdʒivˈidwu	707
0708.00.01	inclusive	xNGAXaCH8MaasNuo7Hr7	final_unstressed_e	P2	ĩkluzˈivi	708
0708.00.02	inclusive	Rw38T6bn0lTNOb1aUevR	final_unstressed_e	P2	ĩkluzˈivi	708
0709.00.01	sala	qPfM2laM0pRL4rrZtBGl	none	—	sˈalɐ	709
0710.00.01	cheio	m151rjrbWXbBqyq56tly	none	—	ʃˈeju	710
0711.00.01	preto	m151rjrbWXbBqyq56tly	none	—	pɾˈetu	711
0712.00.01	reduzir	m151rjrbWXbBqyq56tly	initial_r_or_rr	P2	ʁeduzˈiʁ	712
0713.00.01	defesa	Rw38T6bn0lTNOb1aUevR	none	—	dˌefˈezɐ	713
0714.00.01	propor	AaeZyyi87RCxtFnHPS3e	none	—	pɾopˈoʁ	714
0715.00.01	civil	AaeZyyi87RCxtFnHPS3e	final_l_vocalization,same_spelling_en_pt	P1	sivˈiw	715
0716.00.01	comunicação	Rw38T6bn0lTNOb1aUevR	none	—	kˌomunikasˈɐ̃w̃	716
0717.00.01	resultar	m151rjrbWXbBqyq56tly	initial_r_or_rr	P2	ʁezuwtˈaʁ	717
0718.00.01	texto	Rw38T6bn0lTNOb1aUevR	none	—	tˈɛstu	718
0719.00.01	oportunidade	4r3G9XKliGgVZLKMgjik	de_te_palatalization,final_unstressed_e	P2	ˌopoɾtuniˈdadʒi	719
0720.00.01	proposta	m151rjrbWXbBqyq56tly	coda_s_ep_risk	P3	pɾopˈɔstɐ	720
0721.00.01	manhã	4r3G9XKliGgVZLKMgjik	none	—	mɐ̃ˈɲɐ̃	721
0722.00.01	peso	xNGAXaCH8MaasNuo7Hr7	none	—	pˈezu	722
0723.00.01	entrada	xNGAXaCH8MaasNuo7Hr7	none	—	ẽˈtɾadɐ	723
0724.00.01	existência	Rw38T6bn0lTNOb1aUevR	coda_s_ep_risk	P3	ezistˈẽsjɐ	724
0725.00.01	moeda	qPfM2laM0pRL4rrZtBGl	none	—	moˈɛdɐ	725
0725.00.02	moeda	qPfM2laM0pRL4rrZtBGl	none	—	moˈɛdɐ	725
0726.00.01	total	wxoDdfPKBuna5KnUEotz	final_l_vocalization,same_spelling_en_pt	P1	totˈaw	726
0727.00.01	clube	AaeZyyi87RCxtFnHPS3e	final_unstressed_e	P2	klˈubi	727
0728.00.01	ferro	ny3E2DZImeZm00WLGZi9	initial_r_or_rr	P2	fˈɛʁu	728
0729.00.01	romance	Rw38T6bn0lTNOb1aUevR	final_unstressed_e,initial_r_or_rr	P2	ʁomˈɐ̃si	729
0729.00.02	romance	4r3G9XKliGgVZLKMgjik	final_unstressed_e,initial_r_or_rr	P2	ʁomˈɐ̃si	729
0730.00.01	autoridade	m151rjrbWXbBqyq56tly	de_te_palatalization,final_unstressed_e	P2	ˌawtoɾidˈadʒi	730
0731.00.01	sentimento	m151rjrbWXbBqyq56tly	none	—	sẽtʃimˈẽtu	731
0732.00.01	grave	xNGAXaCH8MaasNuo7Hr7	final_unstressed_e	P2	ɡɾˈavi	732
0733.00.01	vitória	xNGAXaCH8MaasNuo7Hr7	none	—	viˈtɔɾjɐ	733
0734.00.01	reunião	ny3E2DZImeZm00WLGZi9	initial_r_or_rr	P2	ʁeuniˈɐ̃w	734
0734.00.02	reunião	Rw38T6bn0lTNOb1aUevR	initial_r_or_rr	P2	ʁeuniˈɐ̃w	734
0735.00.01	marido	m151rjrbWXbBqyq56tly	none	—	mɐˈɾidu	735
0736.00.01	interessante	Rw38T6bn0lTNOb1aUevR	coda_s_ep_risk,de_te_palatalization,final_unstressed_e	P2	ĩteɾesˈɐ̃tʃi	736
0737.00.01	admitir	m151rjrbWXbBqyq56tly	none	—	ˌadmitʃˈiʁ	737
0738.00.01	sério	4r3G9XKliGgVZLKMgjik	none	—	sˈɛɾju	738
0739.00.01	operação	m151rjrbWXbBqyq56tly	none	—	ˌopeɾasˈɐ̃w	739
0740.00.01	indicar	wxoDdfPKBuna5KnUEotz	none	—	ĩdʒikˈaʁ	740
0741.00.01	máximo	wxoDdfPKBuna5KnUEotz	none	—	mˈasimu	741
0742.00.01	normal	Rw38T6bn0lTNOb1aUevR	final_l_vocalization	P1	noɾmˈaw	742
0743.00.01	juntar	Rw38T6bn0lTNOb1aUevR	none	—	ʒũˈtaʁ	743
0744.00.01	impedir	m151rjrbWXbBqyq56tly	none	—	ĩpedʒˈiʁ	744
0745.00.01	ilha	m151rjrbWXbBqyq56tly	none	—	ˈiʎɐ	745
0746.00.01	espetáculo	wxoDdfPKBuna5KnUEotz	coda_s_ep_risk	P3	ˌespetˈakulu	746
0747.00.01	possuir	xNGAXaCH8MaasNuo7Hr7	coda_s_ep_risk	P3	posuˈiɾ	747
0748.00.01	dado	Rw38T6bn0lTNOb1aUevR	none	—	dˈadu	748
0748.00.02	dado	Rw38T6bn0lTNOb1aUevR	none	—	dˈadu	748
0749.00.01	certeza	qPfM2laM0pRL4rrZtBGl	none	—	seɾtˈezɐ	749
0750.00.01	em torno	m151rjrbWXbBqyq56tly	none	—	ẽ tˈoɾnu	750
0751.00.01	frio	qPfM2laM0pRL4rrZtBGl	none	—	fɾˈiu	751
0752.00.01	histórico	qPfM2laM0pRL4rrZtBGl	coda_s_ep_risk,h_initial_english_risk	P1	isˈtɔɾiku	752
0753.00.01	faltar	wxoDdfPKBuna5KnUEotz	none	—	fawˈtaʁ	753
0754.00.01	iniciar	Rw38T6bn0lTNOb1aUevR	none	—	inisiˈaʁ	754
0755.00.01	dedicar	m151rjrbWXbBqyq56tly	none	—	dˌedʒikˈaʁ	755
0756.00.01	aliás	Rw38T6bn0lTNOb1aUevR	none	—	ˌaliˈas	756
0756.00.02	aliás	Rw38T6bn0lTNOb1aUevR	none	—	aliˈas	756
0757.00.01	universidade	Rw38T6bn0lTNOb1aUevR	de_te_palatalization,final_unstressed_e	P2	ˌuniveɾsidˈadʒi	757
0758.00.01	intenção	Rw38T6bn0lTNOb1aUevR	none	—	ĩtẽsˈɐ̃w	758
0759.00.01	discurso	ny3E2DZImeZm00WLGZi9	coda_s_ep_risk	P3	dʒiskˈuɾsu	759
0760.00.01	trinta	wxoDdfPKBuna5KnUEotz	none	—	tɾˈĩtɐ	760
0761.00.01	apontar	Rw38T6bn0lTNOb1aUevR	none	—	apõˈtaʁ	761
0762.00.01	passagem	xNGAXaCH8MaasNuo7Hr7	coda_s_ep_risk	P3	pɐsˈaʒẽ	762
0762.00.02	passagem	Rw38T6bn0lTNOb1aUevR	coda_s_ep_risk	P3	pɐsˈaʒẽ	762
0763.00.01	tema	xNGAXaCH8MaasNuo7Hr7	none	—	tˈemɐ	763
0764.00.01	abandonar	m151rjrbWXbBqyq56tly	none	—	ˌabɐ̃dõnˈaʁ	764
0765.00.01	notar	qPfM2laM0pRL4rrZtBGl	none	—	notˈaʁ	765
0766.00.01	coração	wxoDdfPKBuna5KnUEotz	none	—	koɾɐsˈɐ̃w	766
0767.00.01	doente	m151rjrbWXbBqyq56tly	de_te_palatalization,final_unstressed_e	P2	doˈẽtʃi	767
0768.00.01	concluir	m151rjrbWXbBqyq56tly	none	—	kõklʊˈiʁ	768
0769.00.01	leite	Rw38T6bn0lTNOb1aUevR	de_te_palatalization,final_unstressed_e	P2	lˈejtʃi	769
0770.00.01	paz	AaeZyyi87RCxtFnHPS3e	none	—	pˈas	770
0771.00.01	margem	4r3G9XKliGgVZLKMgjik	none	—	mˈaʁʒẽ	771
0771.00.02	margem	m151rjrbWXbBqyq56tly	none	—	mˈaʁʒẽ	771
0771.00.03	margem	Rw38T6bn0lTNOb1aUevR	none	—	mˈaʁʒẽ	771
0772.00.01	ambos	m151rjrbWXbBqyq56tly	none	—	ˈɐ̃bus	772
0773.00.01	retirar	m151rjrbWXbBqyq56tly	initial_r_or_rr	P2	ʁetʃiɾˈaʁ	773
0774.00.01	pronto	wxoDdfPKBuna5KnUEotz	none	—	pɾˈõtu	774
0775.00.01	vencer	Rw38T6bn0lTNOb1aUevR	none	—	vẽsˈeʁ	775
0776.00.01	discussão	Rw38T6bn0lTNOb1aUevR	coda_s_ep_risk	P3	dʒiskusˈɐ̃w	776
0777.00.01	hospital	wxoDdfPKBuna5KnUEotz	coda_s_ep_risk,final_l_vocalization,h_initial_english_risk,same_spelling_en_pt	P1	ˌospitˈaw	777
0778.00.01	instrumento	m151rjrbWXbBqyq56tly	coda_s_ep_risk	P3	ĩstɾumˈẽtu	778
0779.00.01	minuto	ny3E2DZImeZm00WLGZi9	none	—	minˈutu	779
0780.00.01	monte	qPfM2laM0pRL4rrZtBGl	de_te_palatalization,final_unstressed_e	P2	mˈõtʃi	780
0780.00.02	monte	AaeZyyi87RCxtFnHPS3e	de_te_palatalization,final_unstressed_e	P2	mˈõtʃi	780
0780.00.03	monte	4r3G9XKliGgVZLKMgjik	de_te_palatalization,final_unstressed_e	P2	mˈõtʃi	780
0781.00.01	campanha	Rw38T6bn0lTNOb1aUevR	none	—	kɐ̃ˈpɐ̃ɲɐ	781
0782.00.01	incluir	qPfM2laM0pRL4rrZtBGl	none	—	ĩklũˈiʁ	782
0783.00.01	prever	m151rjrbWXbBqyq56tly	none	—	pɾevˈeʁ	783
0784.00.01	tarefa	m151rjrbWXbBqyq56tly	none	—	taɾˈɛfɐ	784
0784.00.02	tarefa	wxoDdfPKBuna5KnUEotz	none	—	taɾˈɛfɐ	784
0785.00.01	indústria	Rw38T6bn0lTNOb1aUevR	coda_s_ep_risk	P3	ĩdˈustɾiɐ	785
0786.00.01	viajar	Rw38T6bn0lTNOb1aUevR	none	—	viˈaʒaʁ	786
0787.00.01	reforma	AaeZyyi87RCxtFnHPS3e	initial_r_or_rr	P2	ʁefˈɔɾmɐ	787
0788.00.01	vento	m151rjrbWXbBqyq56tly	none	—	vˈẽtu	788
0789.00.01	especializar	Rw38T6bn0lTNOb1aUevR	coda_s_ep_risk	P3	ˌespesjalizˈaʁ	789
0790.00.01	saída	Rw38T6bn0lTNOb1aUevR	none	—	saˈidɐ	790
0791.00.01	esquecer	m151rjrbWXbBqyq56tly	coda_s_ep_risk	P3	eskeˈseʁ	791
0792.00.01	adquirir	ny3E2DZImeZm00WLGZi9	none	—	adkiɾˈiʁ	792
0793.00.01	pergunta	wxoDdfPKBuna5KnUEotz	none	—	peɾɡˈũtɐ	793
0794.00.01	boca	xNGAXaCH8MaasNuo7Hr7	spanish_collision	P3	bˈokɐ	794
0795.00.01	organização	4r3G9XKliGgVZLKMgjik	none	—	ˌoɾɡanizasˈɐ̃w	795
0796.00.01	poeta	qPfM2laM0pRL4rrZtBGl	none	—	poˈɛtɐ	796
0797.00.01	cargo	m151rjrbWXbBqyq56tly	none	—	kˈaɾɡu	797
0798.00.01	capacidade	xNGAXaCH8MaasNuo7Hr7	de_te_palatalization,final_unstressed_e	P2	kapasidˈadʒi	798
0799.00.01	cantar	Rw38T6bn0lTNOb1aUevR	none	—	kɐ̃ŋtˈaʁ	799
0800.00.01	chefe	ny3E2DZImeZm00WLGZi9	final_unstressed_e	P2	ʃˈɛfi	800
0801.00.01	exército	wxoDdfPKBuna5KnUEotz	none	—	ezˈɛɾsitu	801
0802.00.01	corrente	m151rjrbWXbBqyq56tly	de_te_palatalization,final_unstressed_e,initial_r_or_rr	P2	koˈʁẽtʃi	802
0802.00.02	corrente	m151rjrbWXbBqyq56tly	de_te_palatalization,final_unstressed_e,initial_r_or_rr	P2	koˈɾẽtʃi	802
0803.00.01	festa	Rw38T6bn0lTNOb1aUevR	coda_s_ep_risk	P3	fˈɛstɐ	803
0804.00.01	melhorar	Rw38T6bn0lTNOb1aUevR	none	—	meʎoɾˈaʁ	804
0805.00.01	pensamento	xNGAXaCH8MaasNuo7Hr7	none	—	pẽsɐmˈẽtu	805
0806.00.01	limite	m151rjrbWXbBqyq56tly	de_te_palatalization,final_unstressed_e	P2	lˈimitʃi	806
0807.00.01	atender	Rw38T6bn0lTNOb1aUevR	none	—	atẽˈdeʁ	807
0808.00.01	profundo	Rw38T6bn0lTNOb1aUevR	none	—	pɾoˈfũdu	808
0809.00.01	aula	Rw38T6bn0lTNOb1aUevR	none	—	ˈawlɐ	809
0810.00.01	pesar	xNGAXaCH8MaasNuo7Hr7	none	—	pezˈaʁ	810
0811.00.01	ministério	ny3E2DZImeZm00WLGZi9	coda_s_ep_risk	P3	minisˈtɛɾiu	811
0812.00.01	longe	Rw38T6bn0lTNOb1aUevR	final_unstressed_e	P2	lˈõʒi	812
0813.00.01	estrutura	m151rjrbWXbBqyq56tly	coda_s_ep_risk	P3	ˌestɾutˈuɾɐ	813
0814.00.01	aplicar	ny3E2DZImeZm00WLGZi9	none	—	ˌapliˈkaʁ	814
0815.00.01	uso	m151rjrbWXbBqyq56tly	none	—	ˈuzu	815
0816.00.01	conduzir	Rw38T6bn0lTNOb1aUevR	none	—	kõduˈziʁ	816
0817.00.01	vermelho	Rw38T6bn0lTNOb1aUevR	none	—	veɾmˈeʎu	817
0818.00.01	pintura	m151rjrbWXbBqyq56tly	none	—	pĩˈtuɾɐ	818
0819.00.01	ramo	m151rjrbWXbBqyq56tly	initial_r_or_rr	P2	ʁˈɐ̃mu	819
0820.00.01	cavalo	xNGAXaCH8MaasNuo7Hr7	none	—	kavˈalu	820
0821.00.01	índio	Rw38T6bn0lTNOb1aUevR	none	—	ˈĩdʒiu	821
0822.00.01	comercial	4r3G9XKliGgVZLKMgjik	final_l_vocalization	P1	komeɾsiˈaw	822
0823.00.01	técnico	xNGAXaCH8MaasNuo7Hr7	none	—	tɛkniku	823
0823.00.02	técnico	Rw38T6bn0lTNOb1aUevR	none	—	tɛkniku	823
0823.00.03	técnico	Rw38T6bn0lTNOb1aUevR	none	—	tˈɛkniku	823
0824.00.01	disco	ny3E2DZImeZm00WLGZi9	coda_s_ep_risk	P3	dʒˈisku	824
0825.00.01	sujeito	wxoDdfPKBuna5KnUEotz	none	—	suʒˈejtu	825
0826.00.01	preocupar	xNGAXaCH8MaasNuo7Hr7	none	—	pɾeokupˈaʁ	826
0827.00.01	afastar	xNGAXaCH8MaasNuo7Hr7	coda_s_ep_risk	P3	afastˈaʁ	827
0828.00.01	metade	Rw38T6bn0lTNOb1aUevR	de_te_palatalization,final_unstressed_e	P2	metˈadʒi	828
0829.00.01	direto	Rw38T6bn0lTNOb1aUevR	none	—	dʒiɾˈɛtu	829
0830.00.01	respeitar	Rw38T6bn0lTNOb1aUevR	coda_s_ep_risk,initial_r_or_rr	P2	ʁespejtˈaʁ	830
0831.00.01	linguagem	m151rjrbWXbBqyq56tly	none	—	lĩɡwˈaʒẽ	831
0832.00.01	união	qPfM2laM0pRL4rrZtBGl	none	—	uniˈɐ̃w	832
0833.00.01	parede	xNGAXaCH8MaasNuo7Hr7	de_te_palatalization,final_unstressed_e	P2	paˈɾedʒi	833
0834.00.01	fogo	m151rjrbWXbBqyq56tly	none	—	fˈoɡu	834
0835.00.01	arma	ny3E2DZImeZm00WLGZi9	none	—	ˈaʁmɐ	835
0836.00.01	advogado	m151rjrbWXbBqyq56tly	none	—	ˌadvoɡˈadu	836
0837.00.01	cuidar	xNGAXaCH8MaasNuo7Hr7	none	—	kuidˈaʁ	837
0838.00.01	caixa	wxoDdfPKBuna5KnUEotz	none	—	kˈajʃɐ	838
0838.00.02	caixa	Rw38T6bn0lTNOb1aUevR	none	—	kˈajʃɐ	838
0839.00.01	familiar	qPfM2laM0pRL4rrZtBGl	none	—	fɐmiliˈaʁ	839
0839.00.02	familiar	Rw38T6bn0lTNOb1aUevR	none	—	fɐmiliˈaʁ	839
0839.00.03	familiar	wxoDdfPKBuna5KnUEotz	none	—	fɐmiliˈaʁ	839
0840.00.01	completar	xNGAXaCH8MaasNuo7Hr7	none	—	kõpletˈaʁ	840
0841.00.01	aluno	4r3G9XKliGgVZLKMgjik	none	—	alˈunu	841
0842.00.01	entretanto	ny3E2DZImeZm00WLGZi9	none	—	ẽtɾetˈɐ̃tu	842
0842.00.02	entretanto	m151rjrbWXbBqyq56tly	none	—	ẽtɾetˈɐ̃tu	842
0843.00.01	revolução	m151rjrbWXbBqyq56tly	initial_r_or_rr	P2	ʁevoluˈsɐ̃w	843
0844.00.01	nota	Rw38T6bn0lTNOb1aUevR	none	—	nˈɔtɐ	844
0844.00.02	nota	m151rjrbWXbBqyq56tly	none	—	nˈɔtɐ	844
0845.00.01	causar	qPfM2laM0pRL4rrZtBGl	none	—	kawzˈaɾ	845
0846.00.01	armado	Rw38T6bn0lTNOb1aUevR	none	—	aʁmˈadu	846
0847.00.01	custo	qPfM2laM0pRL4rrZtBGl	coda_s_ep_risk	P3	kˈustu	847
0848.00.01	procura	qPfM2laM0pRL4rrZtBGl	none	—	pɾoˈkuɾɐ	848
0849.00.01	escolha	xNGAXaCH8MaasNuo7Hr7	coda_s_ep_risk	P3	esˈkoʎɐ	849
0850.00.01	literário	4r3G9XKliGgVZLKMgjik	none	—	lˌiteɾˈaɾju	850
0851.00.01	responsável	m151rjrbWXbBqyq56tly	coda_s_ep_risk,final_l_vocalization,initial_r_or_rr	P1	ʁespõsˈavew	851
0851.00.02	responsável	wxoDdfPKBuna5KnUEotz	coda_s_ep_risk,final_l_vocalization,initial_r_or_rr	P1	ʁespõsˈavew	851
0852.00.01	mesa	Rw38T6bn0lTNOb1aUevR	spanish_collision	P3	mˈezɐ	852
0853.00.01	físico	m151rjrbWXbBqyq56tly	none	—	fˈiziku	853
0853.00.02	físico	Rw38T6bn0lTNOb1aUevR	none	—	fˈiziku	853
0854.00.01	tamanho	Rw38T6bn0lTNOb1aUevR	none	—	tamˈɐ̃ɲu	854
0855.00.01	leitura	qPfM2laM0pRL4rrZtBGl	none	—	lejtˈuɾɐ	855
0856.00.01	suficiente	ny3E2DZImeZm00WLGZi9	de_te_palatalization,final_unstressed_e	P2	sufisiˈẽtʃi	856
0857.00.01	aproximar	4r3G9XKliGgVZLKMgjik	none	—	ˌapɾosiˈmaʁ	857
0858.00.01	data	4r3G9XKliGgVZLKMgjik	same_spelling_en_pt,user_reported	P0	dˈatɐ	858
0859.00.01	pegar	Rw38T6bn0lTNOb1aUevR	none	—	peɡˈaʁ	859
0860.00.01	artigo	Rw38T6bn0lTNOb1aUevR	none	—	aɾtʃˈiɡu	860
0861.00.01	oposição	Rw38T6bn0lTNOb1aUevR	none	—	ˌopozisˈɐ̃w̃	861
0862.00.01	ponte	wxoDdfPKBuna5KnUEotz	de_te_palatalization,final_unstressed_e	P2	pˈõtʃi	862
0863.00.01	menino	Rw38T6bn0lTNOb1aUevR	none	—	menˈinu	863
0864.00.01	fixar	Rw38T6bn0lTNOb1aUevR	none	—	fiksˈaʁ	864
0864.00.02	fixar	m151rjrbWXbBqyq56tly	none	—	fiksˈaʁ	864
0865.00.01	automóvel	m151rjrbWXbBqyq56tly	final_l_vocalization	P1	ˌawtomˈɔvew	865
0866.00.01	absoluto	m151rjrbWXbBqyq56tly	none	—	ˌabsoˈlutu	866
0867.00.01	cara	Rw38T6bn0lTNOb1aUevR	spanish_collision,user_reported	P0	kˈaɾɐ	867
0868.00.01	consequência	Rw38T6bn0lTNOb1aUevR	none	—	kõsekwˈẽsiɐ	868
0869.00.01	planta	Rw38T6bn0lTNOb1aUevR	none	—	plˈɐ̃tɐ	869
0870.00.01	importar	AaeZyyi87RCxtFnHPS3e	none	—	ĩpoɾtˈaɾ	870
0870.00.02	importar	4r3G9XKliGgVZLKMgjik	none	—	ĩpɔɾtˈaɾ	870
0871.00.01	caber	m151rjrbWXbBqyq56tly	none	—	kabˈeʁ	871
0872.00.01	perna	AaeZyyi87RCxtFnHPS3e	none	—	pˈɛɾnɐ	872
0873.00.01	perspectiva	AaeZyyi87RCxtFnHPS3e	coda_s_ep_risk	P3	pɛɾspɛktʃˈivɐ	873
0874.00.01	religioso	xNGAXaCH8MaasNuo7Hr7	initial_r_or_rr	P2	ʁeliʒiˈozu	874
0875.00.01	nove	m151rjrbWXbBqyq56tly	final_unstressed_e	P2	nˈɔvi	875
0876.00.01	concordar	Rw38T6bn0lTNOb1aUevR	none	—	kõkoʁdˈaʁ	876
0877.00.01	impor	4r3G9XKliGgVZLKMgjik	none	—	ĩpˈoʁ	877
0878.00.01	exposição	m151rjrbWXbBqyq56tly	none	—	ˌespoziˈsɐ̃w	878
0879.00.01	interno	Rw38T6bn0lTNOb1aUevR	none	—	ĩtˈɛɾnu	879
0880.00.01	setor	qPfM2laM0pRL4rrZtBGl	none	—	setˈoʁ	880
0881.00.01	lutar	m151rjrbWXbBqyq56tly	none	—	lutˈaʁ	881
0882.00.01	ideal	qPfM2laM0pRL4rrZtBGl	final_l_vocalization,same_spelling_en_pt	P1	ideˈaw	882
0883.00.01	substituir	Rw38T6bn0lTNOb1aUevR	coda_s_ep_risk	P3	subistʃituˈiʁ	883
0884.00.01	tendência	Rw38T6bn0lTNOb1aUevR	none	—	tẽdˈẽsjɐ	884
0885.00.01	governador	ny3E2DZImeZm00WLGZi9	none	—	ɡˌoveɾnɐdˈoʁ	885
0886.00.01	funcionário	m151rjrbWXbBqyq56tly	none	—	fũsiõˈnaɾiu	886
0887.00.01	roda	qPfM2laM0pRL4rrZtBGl	initial_r_or_rr,user_reported	P0	ʁˈɔdɐ	887
0888.00.01	candidato	ny3E2DZImeZm00WLGZi9	none	—	kɐ̃dʒidˈatu	888
0889.00.01	compor	Rw38T6bn0lTNOb1aUevR	none	—	kõpˈoʁ	889
0889.00.02	compor	Rw38T6bn0lTNOb1aUevR	none	—	kõpˈoʁ	889
0890.00.01	costumar	AaeZyyi87RCxtFnHPS3e	coda_s_ep_risk	P3	kˌostuˈmaʁ	890
0891.00.01	impressão	xNGAXaCH8MaasNuo7Hr7	coda_s_ep_risk	P3	ĩpɾesˈɐ̃w	891
0891.00.02	impressão	Rw38T6bn0lTNOb1aUevR	coda_s_ep_risk	P3	ĩpɾesˈɐ̃w	891
0892.00.01	hipótese	Rw38T6bn0lTNOb1aUevR	final_unstressed_e,h_initial_english_risk	P1	ipˈɔtezi	892
0893.00.01	verão	ny3E2DZImeZm00WLGZi9	none	—	veɾˈɐ̃w	893
0894.00.01	cobrir	m151rjrbWXbBqyq56tly	none	—	kobrˈiʁ	894
0895.00.01	refletir	xNGAXaCH8MaasNuo7Hr7	initial_r_or_rr	P2	ʁeflektʃˈiʁ	895
0896.00.01	anunciar	Rw38T6bn0lTNOb1aUevR	none	—	ɐnũsiˈaʁ	896
0897.00.01	dispor	qPfM2laM0pRL4rrZtBGl	coda_s_ep_risk	P3	dʒispˈoʁ	897
0898.00.01	violência	AaeZyyi87RCxtFnHPS3e	none	—	vjolˈẽsjɐ	898
0899.00.01	virar	Rw38T6bn0lTNOb1aUevR	none	—	viɾˈaɾ	899
0899.00.02	virar	qPfM2laM0pRL4rrZtBGl	none	—	viɾˈaʁ	899
0900.00.01	seguro	qPfM2laM0pRL4rrZtBGl	none	—	seɡˈuɾu	900
0900.00.02	seguro	m151rjrbWXbBqyq56tly	none	—	seɡˈuɾu	900
0901.00.01	instituição	Rw38T6bn0lTNOb1aUevR	coda_s_ep_risk	P3	ĩstʃitʃuisˈɐ̃w̃	901
0902.00.01	exercer	Rw38T6bn0lTNOb1aUevR	none	—	ezeɾsˈeɾ	902
0903.00.01	durar	Rw38T6bn0lTNOb1aUevR	none	—	duɾˈaʁ	903
0904.00.01	perguntar	m151rjrbWXbBqyq56tly	none	—	peɾɡũtˈaʁ	904
0905.00.01	café	Rw38T6bn0lTNOb1aUevR	none	—	kafˈɛ	905
0906.00.01	financeiro	m151rjrbWXbBqyq56tly	none	—	finɐ̃sˈejɾu	906
0907.00.01	abaixo	m151rjrbWXbBqyq56tly	none	—	abˈajʃu	907
0908.00.01	fotografia	AaeZyyi87RCxtFnHPS3e	none	—	fˌotoɡɾafˈiɐ	908
0908.00.02	fotografia	4r3G9XKliGgVZLKMgjik	none	—	fˌotoɡɾafˈiɐ	908
0909.00.01	conhecido	wxoDdfPKBuna5KnUEotz	none	—	kˌoɲesˈidu	909
0910.00.01	utilizar	xNGAXaCH8MaasNuo7Hr7	none	—	ˌutʃilizˈaʁ	910
0911.00.01	vantagem	Rw38T6bn0lTNOb1aUevR	none	—	vɐ̃ŋˈtaʒẽj	911
0912.00.01	regime	Rw38T6bn0lTNOb1aUevR	final_unstressed_e,initial_r_or_rr	P2	ʁeˈʒimi	912
0913.00.01	sítio	ny3E2DZImeZm00WLGZi9	none	—	sˈitʃiu	913
0913.00.02	sítio	ny3E2DZImeZm00WLGZi9	none	—	sˈitʃiu	913
0913.00.03	sítio	ny3E2DZImeZm00WLGZi9	none	—	sˈitʃiu	913
0914.00.01	citar	m151rjrbWXbBqyq56tly	none	—	siˈtaʁ	914
0915.00.01	tradição	xNGAXaCH8MaasNuo7Hr7	none	—	tɾadʒisˈɐ̃w̃	915
0916.00.01	alcançar	Rw38T6bn0lTNOb1aUevR	none	—	ˌawkɐ̃sˈaʁ	916
0917.00.01	desenvolvimento	4r3G9XKliGgVZLKMgjik	none	—	dˌezẽvoʊvimˈẽtu	917
0918.00.01	sonho	4r3G9XKliGgVZLKMgjik	none	—	sˈoɲu	918
0919.00.01	jardim	Rw38T6bn0lTNOb1aUevR	none	—	ʒaʁdˈĩ	919
0920.00.01	assembleia	4r3G9XKliGgVZLKMgjik	coda_s_ep_risk	P3	ˌasẽˈblɛjɐ	920
0921.00.01	corte	Rw38T6bn0lTNOb1aUevR	de_te_palatalization,final_unstressed_e	P2	kˈɔɾtʃi	921
0921.00.02	corte	wxoDdfPKBuna5KnUEotz	de_te_palatalization,final_unstressed_e	P2	kˈɔɾtʃi	921
0922.00.01	estrela	m151rjrbWXbBqyq56tly	coda_s_ep_risk	P3	estɾˈɛlɐ	922
0923.00.01	impossível	Rw38T6bn0lTNOb1aUevR	coda_s_ep_risk,final_l_vocalization	P1	ĩpɔsˈivew	923
0924.00.01	determinado	AaeZyyi87RCxtFnHPS3e	none	—	dˌeteɾminˈadu	924
0924.00.02	determinado	m151rjrbWXbBqyq56tly	none	—	deteɾminˈadu	924
0925.00.01	faculdade	m151rjrbWXbBqyq56tly	de_te_palatalization,final_unstressed_e	P2	fakuwdˈadʒi	925
0925.00.02	faculdade	Rw38T6bn0lTNOb1aUevR	de_te_palatalization,final_unstressed_e	P2	fakuwdˈadʒi	925
0926.00.01	voto	qPfM2laM0pRL4rrZtBGl	none	—	vˈɔtu	926
0926.00.02	voto	ny3E2DZImeZm00WLGZi9	none	—	vˈɔtu	926
0927.00.01	estudante	xNGAXaCH8MaasNuo7Hr7	coda_s_ep_risk,de_te_palatalization,final_unstressed_e	P2	ˌestudˈɐ̃tʃi	927
0928.00.01	padre	m151rjrbWXbBqyq56tly	final_unstressed_e	P2	pˈadɾi	928
0929.00.01	média	xNGAXaCH8MaasNuo7Hr7	none	—	mˈɛdʒjɐ	929
0929.00.02	média	xNGAXaCH8MaasNuo7Hr7	none	—	mˈɛdʒiɐ	929
0930.00.01	exterior	ny3E2DZImeZm00WLGZi9	none	—	esteɾiˈoʁ	930
0931.00.01	associação	Rw38T6bn0lTNOb1aUevR	coda_s_ep_risk	P3	ˌasosˌiasˈɐ̃w̃	931
0932.00.01	comunidade	qPfM2laM0pRL4rrZtBGl	de_te_palatalization,final_unstressed_e	P2	kˌomunidˈadʒi	932
0933.00.01	simplesmente	m151rjrbWXbBqyq56tly	coda_s_ep_risk,de_te_palatalization,final_unstressed_e	P2	sĩpliʃmˈẽtʃi	933
0934.00.01	notícia	4r3G9XKliGgVZLKMgjik	none	—	nˌotʃˈisjɐ	934
0935.00.01	desaparecer	ny3E2DZImeZm00WLGZi9	none	—	dˌezapɐɾesˈeʁ	935
0936.00.01	cão	4r3G9XKliGgVZLKMgjik	none	—	kˈɐ̃w̃	936
0937.00.01	sede	Rw38T6bn0lTNOb1aUevR	de_te_palatalization,final_unstressed_e,user_reported	P0	sˈɛdʒi	937
0937.00.02	sede	qPfM2laM0pRL4rrZtBGl	de_te_palatalization,final_unstressed_e,user_reported	P0	sˈedʒi	937
0938.00.01	transporte	Rw38T6bn0lTNOb1aUevR	coda_s_ep_risk,de_te_palatalization,final_unstressed_e	P2	tɾɐ̃ʃpˈɔɾtʃi	938
0939.00.01	cedo	4r3G9XKliGgVZLKMgjik	none	—	sˈedu	939
0940.00.01	ensinar	qPfM2laM0pRL4rrZtBGl	none	—	ẽsĩˈnaʁ	940
0941.00.01	perante	Rw38T6bn0lTNOb1aUevR	de_te_palatalization,final_unstressed_e	P2	peɾˈɐ̃tʃi	941
0942.00.01	renda	qPfM2laM0pRL4rrZtBGl	initial_r_or_rr	P2	ʁˈẽdɐ	942
0943.00.01	casamento	m151rjrbWXbBqyq56tly	none	—	kˌazɐmˈẽtu	943
0944.00.01	semelhante	Rw38T6bn0lTNOb1aUevR	de_te_palatalization,final_unstressed_e	P2	sˌemeljˈɐ̃tʃi	944
0945.00.01	amarelo	Rw38T6bn0lTNOb1aUevR	none	—	ˌamɐɾˈɛlu	945
0946.00.01	enfrentar	m151rjrbWXbBqyq56tly	none	—	ẽfɾẽtˈaʁ	946
0947.00.01	moral	m151rjrbWXbBqyq56tly	final_l_vocalization,same_spelling_en_pt	P1	moɾˈaw	947
0947.00.02	moral	m151rjrbWXbBqyq56tly	final_l_vocalization,same_spelling_en_pt	P1	moɾˈaw	947
0948.00.01	cruz	xNGAXaCH8MaasNuo7Hr7	none	—	kɾˈus	948
0949.00.01	convidar	Rw38T6bn0lTNOb1aUevR	none	—	kõvĩdˈaʁ	949
0950.00.01	distância	m151rjrbWXbBqyq56tly	coda_s_ep_risk	P3	dʒistˈɐ̃sjɐ	950
0951.00.01	caráter	Rw38T6bn0lTNOb1aUevR	none	—	kaˈɾateʁ	951
0952.00.01	nação	Rw38T6bn0lTNOb1aUevR	none	—	nasˈɐ̃w̃	952
0953.00.01	prazo	AaeZyyi87RCxtFnHPS3e	none	—	pɾˈazu	953
0953.00.02	prazo	wxoDdfPKBuna5KnUEotz	none	—	pɾˈazu	953
0954.00.01	separar	Rw38T6bn0lTNOb1aUevR	none	—	sepɐɾˈaʁ	954
0955.00.01	pior	ny3E2DZImeZm00WLGZi9	none	—	piˈoʁ	955
0956.00.01	rapaz	Rw38T6bn0lTNOb1aUevR	initial_r_or_rr	P2	ʁapˈas	956
0957.00.01	braço	qPfM2laM0pRL4rrZtBGl	none	—	bɾˈasu	957
0959.00.01	atravessar	Rw38T6bn0lTNOb1aUevR	coda_s_ep_risk	P3	atɾavesˈaʁ	959
0960.00.01	batalha	m151rjrbWXbBqyq56tly	none	—	batˈaʎɐ	960
0961.00.01	reação	Rw38T6bn0lTNOb1aUevR	initial_r_or_rr	P2	ʁeaˈsɐ̃w̃	961
0962.00.01	acesso	Rw38T6bn0lTNOb1aUevR	coda_s_ep_risk	P3	asˈɛsu	962
0963.00.01	tratamento	AaeZyyi87RCxtFnHPS3e	none	—	tɾatɐmˈẽtu	963
0964.00.01	salvar	qPfM2laM0pRL4rrZtBGl	none	—	sawˈvaʁ	964
0965.00.01	membro	Rw38T6bn0lTNOb1aUevR	none	—	mˈẽbɾu	965
0966.00.01	gosto	Rw38T6bn0lTNOb1aUevR	coda_s_ep_risk	P3	ɡˈostu	966
0966.00.02	gosto	xNGAXaCH8MaasNuo7Hr7	coda_s_ep_risk	P3	ɡˈostu	966
0967.00.01	atrair	xNGAXaCH8MaasNuo7Hr7	none	—	atɾaˈiʁ	967
0968.00.01	profissão	m151rjrbWXbBqyq56tly	coda_s_ep_risk	P3	pɾofiˈsɐ̃w̃	968
0969.00.01	poesia	qPfM2laM0pRL4rrZtBGl	none	—	poeˈziɐ	969
0970.00.01	busca	Rw38T6bn0lTNOb1aUevR	coda_s_ep_risk	P3	bˈuskɐ	970
0971.00.01	ator	AaeZyyi87RCxtFnHPS3e	none	—	atˈoʁ	971
0972.00.01	limitar	ny3E2DZImeZm00WLGZi9	none	—	limiˈtaʁ	972
0973.00.01	novamente	AaeZyyi87RCxtFnHPS3e	de_te_palatalization,final_unstressed_e	P2	ˌnovɐmˈẽtʃi	973
0973.00.02	novamente	qPfM2laM0pRL4rrZtBGl	de_te_palatalization,final_unstressed_e	P2	ˌnovɐmˈẽtʃi	973
0974.00.01	página	wxoDdfPKBuna5KnUEotz	none	—	pˈaʒinɐ	974
0975.00.01	permanecer	Rw38T6bn0lTNOb1aUevR	none	—	peɾmɐnˈeseʁ	975
0976.00.01	desejo	Rw38T6bn0lTNOb1aUevR	none	—	dezˈeʒu	976
0977.00.01	destino	ny3E2DZImeZm00WLGZi9	coda_s_ep_risk	P3	dˌestʃˈinu	977
0978.00.01	espanhol	Rw38T6bn0lTNOb1aUevR	coda_s_ep_risk,final_l_vocalization	P1	ˌespɐ̃ɲˈɔw	978
0979.00.01	marca	AaeZyyi87RCxtFnHPS3e	none	—	mˈaɾkɐ	979
0979.00.02	marca	m151rjrbWXbBqyq56tly	none	—	mˈaɾkɐ	979
0980.00.01	conter	m151rjrbWXbBqyq56tly	none	—	kõtˈeʁ	980
0981.00.01	vinho	wxoDdfPKBuna5KnUEotz	none	—	vˈĩɲu	981
0982.00.01	quente	Rw38T6bn0lTNOb1aUevR	de_te_palatalization,final_unstressed_e	P2	kẽtʃi	982
0983.00.01	trás	m151rjrbWXbBqyq56tly	user_reported	P0	tɾˈas	983
0984.00.01	ato	4r3G9XKliGgVZLKMgjik	none	—	ˈatu	984
0985.00.01	ligação	ny3E2DZImeZm00WLGZi9	none	—	liɡaˈsɐ̃w̃	985
0985.00.02	ligação	Rw38T6bn0lTNOb1aUevR	none	—	liɡaˈsɐ̃w̃	985
0986.00.01	intelectual	Rw38T6bn0lTNOb1aUevR	final_l_vocalization	P1	ĩtɛlɛktuˈaw	986
0987.00.01	tom	m151rjrbWXbBqyq56tly	none	—	tõ	987
0988.00.01	estender	m151rjrbWXbBqyq56tly	coda_s_ep_risk	P3	estẽˈdeʁ	988
0989.00.01	visitar	Rw38T6bn0lTNOb1aUevR	none	—	viziˈtaʁ	989
0990.00.01	bastar	qPfM2laM0pRL4rrZtBGl	coda_s_ep_risk	P3	bastˈaʁ	990
0991.00.01	cidadão	wxoDdfPKBuna5KnUEotz	none	—	sidadˈɐ̃w	991
0992.00.01	companheiro	ny3E2DZImeZm00WLGZi9	none	—	kõpɐ̃ˈɲejɾu	992
0993.00.01	crer	m151rjrbWXbBqyq56tly	none	—	kɾˈeɾ	993
0994.00.01	ouro	m151rjrbWXbBqyq56tly	none	—	ˈowɾu	994
0995.00.01	elétrico	ny3E2DZImeZm00WLGZi9	none	—	elˈɛtɾiku	995
0996.00.01	seco	ny3E2DZImeZm00WLGZi9	none	—	sˈeku	996
0997.00.01	fábrica	AaeZyyi87RCxtFnHPS3e	none	—	fˈabɾikɐ	997
0998.00.01	acrescentar	Rw38T6bn0lTNOb1aUevR	coda_s_ep_risk	P3	ˌakɾesẽˈtaʁ	998
0999.00.01	juiz	Rw38T6bn0lTNOb1aUevR	none	—	ʒuˈis	999
0999.00.02	juiz	4r3G9XKliGgVZLKMgjik	none	—	ʒuˈis	999
1000.00.01	original	Rw38T6bn0lTNOb1aUevR	final_l_vocalization,same_spelling_en_pt	P1	oɾiʒinˈaw	1000
1001.00.01	dívida	wxoDdfPKBuna5KnUEotz	none	—	dʒˈividɐ	1001
1002.00.01	chão	Rw38T6bn0lTNOb1aUevR	none	—	ʃˈɐ̃w	1002
1003.00.01	eleger	xNGAXaCH8MaasNuo7Hr7	none	—	eleʒˈeʁ	1003
1004.00.01	tentativa	AaeZyyi87RCxtFnHPS3e	none	—	tẽtɐtʃˈivɐ	1004
1005.00.01	alemão	m151rjrbWXbBqyq56tly	none	—	alemˈɐ̃w̃	1005
1006.00.01	baixar	qPfM2laM0pRL4rrZtBGl	none	—	bajʃˈaʁ	1006
1007.00.01	praia	Rw38T6bn0lTNOb1aUevR	none	—	pɾˈajɐ	1007
1008.00.01	ajuda	AaeZyyi87RCxtFnHPS3e	none	—	aʒˈudɐ	1008
1009.00.01	navio	ny3E2DZImeZm00WLGZi9	none	—	nɐvˈiu	1009
1010.00.01	lista	m151rjrbWXbBqyq56tly	coda_s_ep_risk	P3	lˈistɐ	1010
1011.00.01	torre	m151rjrbWXbBqyq56tly	final_unstressed_e,initial_r_or_rr	P2	tˈɔʁi	1011
1012.00.01	pele	xNGAXaCH8MaasNuo7Hr7	final_unstressed_e	P2	pˈɛli	1012
1013.00.01	perigo	4r3G9XKliGgVZLKMgjik	none	—	pˈeɾiɡu	1013
1014.00.01	céu	m151rjrbWXbBqyq56tly	none	—	sˈɛw	1014
1014.00.02	céu	m151rjrbWXbBqyq56tly	none	—	sˈɛw	1014
1015.00.01	diário	qPfM2laM0pRL4rrZtBGl	none	—	dʒiˈaɾju	1015
1015.00.02	diário	qPfM2laM0pRL4rrZtBGl	none	—	dʒiˈaɾju	1015
1016.00.01	juro	xNGAXaCH8MaasNuo7Hr7	none	—	ʒˈuɾu	1016
1017.00.01	comparar	4r3G9XKliGgVZLKMgjik	none	—	kõpaɾˈaʁ	1017
1018.00.01	cuidado	m151rjrbWXbBqyq56tly	none	—	kujdˈadu	1018
1019.00.01	imposto	Rw38T6bn0lTNOb1aUevR	coda_s_ep_risk	P3	ĩˈpostu	1019
1019.00.02	imposto	wxoDdfPKBuna5KnUEotz	coda_s_ep_risk	P3	ĩˈpostu	1019
1020.00.01	recusar	Rw38T6bn0lTNOb1aUevR	initial_r_or_rr	P2	ʁekuzˈaʁ	1020
1021.00.01	bola	qPfM2laM0pRL4rrZtBGl	none	—	bˈɔlɐ	1021
1022.00.01	demonstrar	m151rjrbWXbBqyq56tly	coda_s_ep_risk	P3	demoŋstɾˈaʁ	1022
1023.00.01	regressar	xNGAXaCH8MaasNuo7Hr7	coda_s_ep_risk,initial_r_or_rr	P2	ʁeɡɾesˈaɾ	1023
1024.00.01	técnica	qPfM2laM0pRL4rrZtBGl	none	—	tˈɛknikɐ	1024
1025.00.01	volume	xNGAXaCH8MaasNuo7Hr7	final_unstressed_e	P2	vˌolˈumi	1025
1026.00.01	desenho	m151rjrbWXbBqyq56tly	none	—	dezˈeɲu	1026
1027.00.01	domínio	4r3G9XKliGgVZLKMgjik	none	—	dˌomˈinju	1027
1028.00.01	dominar	AaeZyyi87RCxtFnHPS3e	none	—	domiˈnaʁ	1028
1029.00.01	congresso	qPfM2laM0pRL4rrZtBGl	coda_s_ep_risk	P3	kõɡɾˈɛsu	1029
1030.00.01	secretário	xNGAXaCH8MaasNuo7Hr7	none	—	sekɾeˈtaɾiu	1030
1031.00.01	roupa	Rw38T6bn0lTNOb1aUevR	initial_r_or_rr	P2	ʁˈowpɐ	1031
1032.00.01	documento	xNGAXaCH8MaasNuo7Hr7	none	—	dˌokumˈẽtu	1032
1033.00.01	acusar	Rw38T6bn0lTNOb1aUevR	none	—	akuzˈaʁ	1033
1034.00.01	puro	Rw38T6bn0lTNOb1aUevR	spanish_collision,user_reported	P0	pˈuɾu	1034
1035.00.01	negar	m151rjrbWXbBqyq56tly	none	—	neɡˈaʁ	1035
1036.00.01	identificar	qPfM2laM0pRL4rrZtBGl	none	—	idẽtʃifiˈkaʁ	1036
1037.00.01	totalmente	4r3G9XKliGgVZLKMgjik	de_te_palatalization,final_unstressed_e	P2	totawmˈẽtʃi	1037
1038.00.01	clássico	ny3E2DZImeZm00WLGZi9	coda_s_ep_risk	P3	klˈasiku	1038
1039.00.01	transmitir	qPfM2laM0pRL4rrZtBGl	coda_s_ep_risk	P3	tɾɐ̃zmitʃˈiɾ	1039
1040.00.01	ritmo	AaeZyyi87RCxtFnHPS3e	initial_r_or_rr	P2	ʁˈitmu	1040
1041.00.01	edifício	qPfM2laM0pRL4rrZtBGl	none	—	edʒifˈisiu	1041
1042.00.01	corresponder	wxoDdfPKBuna5KnUEotz	coda_s_ep_risk,initial_r_or_rr	P2	kˌoʁespõdˈeʁ	1042
1043.00.01	concepção	m151rjrbWXbBqyq56tly	none	—	kõsepˈsɐ̃w̃	1043
1044.00.01	barco	xNGAXaCH8MaasNuo7Hr7	none	—	bˈaɾku	1044
1045.00.01	prazer	qPfM2laM0pRL4rrZtBGl	none	—	pɾazˈeʁ	1045
1046.00.01	propriedade	Rw38T6bn0lTNOb1aUevR	de_te_palatalization,final_unstressed_e	P2	pɾopɾiedˈadʒi	1046
1047.00.01	estação	m151rjrbWXbBqyq56tly	coda_s_ep_risk	P3	estɐsˈɐ̃w	1047
1047.00.02	estação	qPfM2laM0pRL4rrZtBGl	coda_s_ep_risk	P3	estaˈsɐ̃w	1047
1048.00.01	fundamental	Rw38T6bn0lTNOb1aUevR	final_l_vocalization	P1	fũdɐmẽˈtaw	1048
1049.00.01	fazenda	m151rjrbWXbBqyq56tly	ep_leftover_named	P0	fɐzˈẽdɐ	1049
1049.00.02	fazenda	Rw38T6bn0lTNOb1aUevR	ep_leftover_named	P0	fɐzˈẽdɐ	1049
1050.00.01	conceito	xNGAXaCH8MaasNuo7Hr7	none	—	kõsˈejtu	1050
1051.00.01	alma	qPfM2laM0pRL4rrZtBGl	none	—	ˈawmɐ	1051
1052.00.01	ensino	xNGAXaCH8MaasNuo7Hr7	none	—	ẽsˈĩnu	1052
1053.00.01	imprensa	wxoDdfPKBuna5KnUEotz	none	—	ĩpɾˈẽsɐ	1053
1054.00.01	confiança	AaeZyyi87RCxtFnHPS3e	none	—	kõfˈiɐ̃sɐ	1054
1055.00.01	carga	m151rjrbWXbBqyq56tly	none	—	kˈaɾɡɐ	1055
1055.00.02	carga	Rw38T6bn0lTNOb1aUevR	none	—	kˈaʁɡɐ	1055
1055.00.03	carga	qPfM2laM0pRL4rrZtBGl	none	—	kˈaɾɡɐ	1055
1056.00.01	rapidamente	m151rjrbWXbBqyq56tly	de_te_palatalization,final_unstressed_e,initial_r_or_rr	P2	ʁɐpidɐmˈẽtʃi	1056
1057.00.01	guardar	Rw38T6bn0lTNOb1aUevR	none	—	ɡwaɾdˈaʁ	1057
1057.00.02	guardar	Rw38T6bn0lTNOb1aUevR	none	—	ɡwaɾdˈaʁ	1057
1057.00.03	guardar	xNGAXaCH8MaasNuo7Hr7	none	—	ɡwaɾdˈaɾ	1057
1058.00.01	federal	m151rjrbWXbBqyq56tly	final_l_vocalization,same_spelling_en_pt	P1	fedɛɾˈaw	1058
1059.00.01	grosso	Rw38T6bn0lTNOb1aUevR	coda_s_ep_risk	P3	ɡɾˈosu	1059
1059.00.02	grosso	wxoDdfPKBuna5KnUEotz	coda_s_ep_risk	P3	ɡɾˈosu	1059
1059.00.03	grosso	m151rjrbWXbBqyq56tly	coda_s_ep_risk	P3	ɡɾˈosu	1059
1060.00.01	teoria	m151rjrbWXbBqyq56tly	none	—	teoˈɾiɐ	1060
1061.00.01	católico	m151rjrbWXbBqyq56tly	none	—	kɐtˈɔliku	1061
1062.00.01	instalar	AaeZyyi87RCxtFnHPS3e	coda_s_ep_risk	P3	ĩstɐlˈaʁ	1062
1063.00.01	par	m151rjrbWXbBqyq56tly	none	—	pˈaʁ	1063
1064.00.01	futebol	xNGAXaCH8MaasNuo7Hr7	final_l_vocalization	P1	futʃibˈɔw	1064
1065.00.01	privado	Rw38T6bn0lTNOb1aUevR	none	—	pɾivˈadu	1065
1065.00.02	privado	Rw38T6bn0lTNOb1aUevR	none	—	pɾivˈadu	1065
1066.00.01	ataque	qPfM2laM0pRL4rrZtBGl	none	—	atˈaki	1066
1067.00.01	gerar	m151rjrbWXbBqyq56tly	none	—	ʒeɾˈaʁ	1067
1068.00.01	praticar	AaeZyyi87RCxtFnHPS3e	none	—	pɾatʃikˈaʁ	1068
1069.00.01	museu	m151rjrbWXbBqyq56tly	none	—	muzˈew	1069
1070.00.01	pesquisa	Rw38T6bn0lTNOb1aUevR	coda_s_ep_risk	P3	peskˈizɐ	1070
1071.00.01	finalmente	AaeZyyi87RCxtFnHPS3e	de_te_palatalization,final_unstressed_e	P2	finawmˈẽtʃi	1071
1072.00.01	leitor	wxoDdfPKBuna5KnUEotz	none	—	lejtˈoʁ	1072
1073.00.01	positivo	4r3G9XKliGgVZLKMgjik	none	—	pˌozitʃˈivu	1073
1074.00.01	vizinho	AaeZyyi87RCxtFnHPS3e	none	—	vizˈĩɲu	1074
1075.00.01	ocasião	m151rjrbWXbBqyq56tly	none	—	ˌokaziˈɐ̃w	1075
1076.00.01	quantidade	AaeZyyi87RCxtFnHPS3e	de_te_palatalization,final_unstressed_e	P2	kwɐ̃tʃidˈadʒi	1076
1077.00.01	diminuir	xNGAXaCH8MaasNuo7Hr7	none	—	dʒimĩnuˈiʁ	1077
1078.00.01	general	xNGAXaCH8MaasNuo7Hr7	final_l_vocalization,same_spelling_en_pt	P1	ʒeɾˈaw	1078
1079.00.01	montar	Rw38T6bn0lTNOb1aUevR	none	—	mõtˈaʁ	1079
1079.00.02	montar	AaeZyyi87RCxtFnHPS3e	none	—	mõtˈaʁ	1079
1080.00.01	alterar	m151rjrbWXbBqyq56tly	none	—	ˌawtɛɾˈaʁ	1080
1081.00.01	científico	Rw38T6bn0lTNOb1aUevR	none	—	siẽˈtʃifiku	1081
1082.00.01	mestre	qPfM2laM0pRL4rrZtBGl	coda_s_ep_risk,final_unstressed_e	P2	mˈɛstɾi	1082
1083.00.01	missão	4r3G9XKliGgVZLKMgjik	coda_s_ep_risk	P3	miˈsɐ̃w̃	1083
1084.00.01	imediato	AaeZyyi87RCxtFnHPS3e	none	—	ˌimedʒiˈatu	1084
1085.00.01	contrato	qPfM2laM0pRL4rrZtBGl	none	—	kõtɾˈatu	1085
1086.00.01	frase	Rw38T6bn0lTNOb1aUevR	final_unstressed_e	P2	fɾˈazi	1086
1087.00.01	independente	m151rjrbWXbBqyq56tly	de_te_palatalization,final_unstressed_e	P2	ĩdepẽdˈẽtʃi	1087
1088.00.01	soldado	m151rjrbWXbBqyq56tly	none	—	sowdˈadu	1088
1089.00.01	pressão	m151rjrbWXbBqyq56tly	coda_s_ep_risk	P3	pɾesˈɐ̃w	1089
1090.00.01	avião	m151rjrbWXbBqyq56tly	none	—	aviˈɐ̃w	1090
1091.00.01	colega	AaeZyyi87RCxtFnHPS3e	none	—	kˌolˈɛɡɐ	1091
1091.00.02	colega	Rw38T6bn0lTNOb1aUevR	none	—	kˈɔlɛɡɐ	1091
1092.00.01	órgão	Rw38T6bn0lTNOb1aUevR	none	—	ˈɔɾɡɐ̃w	1092
1092.00.02	órgão	Rw38T6bn0lTNOb1aUevR	none	—	ˈɔɾɡɐ̃w	1092
1093.00.01	equipamento	Rw38T6bn0lTNOb1aUevR	none	—	ekipɐmˈẽtu	1093
1094.00.01	descer	xNGAXaCH8MaasNuo7Hr7	coda_s_ep_risk	P3	desˈeʁ	1094
1095.00.01	jornalista	4r3G9XKliGgVZLKMgjik	coda_s_ep_risk	P3	ʒoʁnalˈistɐ	1095
1096.00.01	ponta	qPfM2laM0pRL4rrZtBGl	none	—	pˈõtɐ	1096
1097.00.01	propósito	m151rjrbWXbBqyq56tly	none	—	pɾopˈɔzitu	1097
1098.00.01	irmã	Rw38T6bn0lTNOb1aUevR	none	—	iɾmˈɐ̃	1098
1099.00.01	ovo	xNGAXaCH8MaasNuo7Hr7	none	—	ˈovu	1099
1100.00.01	iniciativa	qPfM2laM0pRL4rrZtBGl	none	—	ˌinisiˈatʃivɐ	1100
1101.00.01	legal	qPfM2laM0pRL4rrZtBGl	final_l_vocalization,same_spelling_en_pt	P1	leɡˈaw	1101
1102.00.01	dor	AaeZyyi87RCxtFnHPS3e	none	—	dˈoʁ	1102
1103.00.01	referência	Rw38T6bn0lTNOb1aUevR	initial_r_or_rr	P2	ʁefeɾˈẽsjɐ	1103
1103.00.02	referência	m151rjrbWXbBqyq56tly	initial_r_or_rr	P2	ʁefeɾˈẽsiɐ	1103
1104.00.01	imenso	wxoDdfPKBuna5KnUEotz	none	—	imˈẽsu	1104
1105.00.01	destacar	xNGAXaCH8MaasNuo7Hr7	coda_s_ep_risk	P3	dˌestakˈaʁ	1105
1105.00.02	destacar	m151rjrbWXbBqyq56tly	coda_s_ep_risk	P3	dˌestakˈaʁ	1105
1106.00.01	grau	m151rjrbWXbBqyq56tly	none	—	ɡɾˈaw	1106
1107.00.01	chuva	Rw38T6bn0lTNOb1aUevR	none	—	ʃˈuvɐ	1107
1108.00.01	praça	wxoDdfPKBuna5KnUEotz	none	—	pɾˈasɐ	1108
1109.00.01	engenheiro	m151rjrbWXbBqyq56tly	none	—	ẽʒeɲˈejɾu	1109
1110.00.01	agir	m151rjrbWXbBqyq56tly	none	—	aʒˈiʁ	1110
1111.00.01	proteger	AaeZyyi87RCxtFnHPS3e	none	—	pɾoteʒˈeʁ	1111
1112.00.01	atribuir	4r3G9XKliGgVZLKMgjik	none	—	ˌatɾibuˈiʁ	1112
1113.00.01	religião	m151rjrbWXbBqyq56tly	initial_r_or_rr	P2	ʁeliʒiˈɐ̃w	1113
1114.00.01	analisar	Rw38T6bn0lTNOb1aUevR	none	—	ˌanaliˈzaʁ	1114
1115.00.01	hábito	ny3E2DZImeZm00WLGZi9	h_initial_english_risk	P1	ˈabitu	1115
1116.00.01	quinto	ny3E2DZImeZm00WLGZi9	none	—	kˈĩtu	1116
1117.00.01	destruir	xNGAXaCH8MaasNuo7Hr7	coda_s_ep_risk	P3	dʒistɾuˈiʁ	1117
1118.00.01	compra	m151rjrbWXbBqyq56tly	none	—	kˈõpɾɐ	1118
1119.00.01	atacar	Rw38T6bn0lTNOb1aUevR	none	—	atɐkˈaʁ	1119
1120.00.01	combate	Rw38T6bn0lTNOb1aUevR	de_te_palatalization,final_unstressed_e	P2	kõˈbatʃi	1120
1121.00.01	avaliar	m151rjrbWXbBqyq56tly	none	—	avaliˈaʁ	1121
1122.00.01	dono	m151rjrbWXbBqyq56tly	none	—	dˈonu	1122
1122.00.02	dono	ny3E2DZImeZm00WLGZi9	none	—	dˈonu	1122
1123.00.01	trocar	ny3E2DZImeZm00WLGZi9	none	—	tɾokˈaʁ	1123
1124.00.01	acontecimento	Rw38T6bn0lTNOb1aUevR	none	—	ˌakõtesimˈẽtu	1124
1125.00.01	policial	m151rjrbWXbBqyq56tly	final_l_vocalization,user_reported	P0	polisiˈaw	1125
1125.00.02	policial	4r3G9XKliGgVZLKMgjik	final_l_vocalization,user_reported	P0	pˌolisiˈaw	1125
1126.00.01	recente	4r3G9XKliGgVZLKMgjik	de_te_palatalization,final_unstressed_e,initial_r_or_rr	P2	ʁesˈẽtʃi	1126
1127.00.01	custar	qPfM2laM0pRL4rrZtBGl	coda_s_ep_risk	P3	kustˈaʁ	1127
1128.00.01	enviar	Rw38T6bn0lTNOb1aUevR	none	—	ẽviˈaʁ	1128
1129.00.01	onda	m151rjrbWXbBqyq56tly	none	—	ˈõdɐ	1129
1130.00.01	entrevista	m151rjrbWXbBqyq56tly	coda_s_ep_risk	P3	ẽtɾevˈistɐ	1130
1131.00.01	imediatamente	xNGAXaCH8MaasNuo7Hr7	de_te_palatalization,final_unstressed_e	P2	ˌimedʒiatɐmˈẽtʃi	1131
1132.00.01	declarar	ny3E2DZImeZm00WLGZi9	none	—	deklɐɾˈaʁ	1132
1133.00.01	afinal	Rw38T6bn0lTNOb1aUevR	final_l_vocalization	P1	afinˈaw	1133
1134.00.01	beleza	Rw38T6bn0lTNOb1aUevR	none	—	belˈezɐ	1134
1135.00.01	mina	xNGAXaCH8MaasNuo7Hr7	none	—	mˈinɐ	1135
1136.00.01	bonito	Rw38T6bn0lTNOb1aUevR	none	—	bˌonˈitu	1136
1137.00.01	raro	Rw38T6bn0lTNOb1aUevR	initial_r_or_rr	P2	ʁˈaɾu	1137
1138.00.01	evidente	Rw38T6bn0lTNOb1aUevR	de_te_palatalization,final_unstressed_e	P2	ˌevidˈẽtʃi	1138
1139.00.01	esperança	Rw38T6bn0lTNOb1aUevR	coda_s_ep_risk	P3	ˌespeɾˈɐ̃sɐ	1139
1140.00.01	aparelho	Rw38T6bn0lTNOb1aUevR	none	—	ˌapaɾˈeʎu	1140
1141.00.01	diálogo	ny3E2DZImeZm00WLGZi9	none	—	dʒiˈaloɡu	1141
1142.00.01	conversar	wxoDdfPKBuna5KnUEotz	none	—	kõveɾsˈaɾ	1142
1143.00.01	inverno	AaeZyyi87RCxtFnHPS3e	none	—	ĩvˈɛɾnu	1143
1144.00.01	vítima	ny3E2DZImeZm00WLGZi9	none	—	vˈitʃimɐ	1144
1145.00.01	cliente	4r3G9XKliGgVZLKMgjik	de_te_palatalization,final_unstressed_e	P2	kliˈẽtʃi	1145
1146.00.01	contribuir	m151rjrbWXbBqyq56tly	none	—	kõtɾibuˈiʁ	1146
1147.00.01	atualmente	Rw38T6bn0lTNOb1aUevR	de_te_palatalization,final_unstressed_e	P2	ˌatuawmˈẽtʃi	1147
1148.00.01	fio	m151rjrbWXbBqyq56tly	none	—	fˈiu	1148
1149.00.01	tropa	ny3E2DZImeZm00WLGZi9	none	—	tɾˈɔpɐ	1149
1150.00.01	unidade	m151rjrbWXbBqyq56tly	de_te_palatalization,final_unstressed_e	P2	ˌunidˈadʒi	1150
1151.00.01	estranho	m151rjrbWXbBqyq56tly	coda_s_ep_risk	P3	estɾˈɐ̃ɲu	1151
1152.00.01	característica	Rw38T6bn0lTNOb1aUevR	coda_s_ep_risk	P3	kaɾakteɾˈistʃikɐ	1152
1153.00.01	fronteira	qPfM2laM0pRL4rrZtBGl	none	—	fɾõtˈejɾɐ	1153
1154.00.01	organizar	4r3G9XKliGgVZLKMgjik	none	—	ˌoɾɡɐnizˈaʁ	1154
1155.00.01	carregar	m151rjrbWXbBqyq56tly	initial_r_or_rr	P2	kaʁeɡˈaʁ	1155
1156.00.01	contudo	ny3E2DZImeZm00WLGZi9	none	—	kõˈtudu	1156
1157.00.01	intervenção	wxoDdfPKBuna5KnUEotz	none	—	ĩteɾvẽsˈɐ̃w	1157
1158.00.01	naturalmente	ny3E2DZImeZm00WLGZi9	de_te_palatalization,final_unstressed_e	P2	nˌatuɾawmˈẽtʃi	1158
1159.00.01	sensação	m151rjrbWXbBqyq56tly	none	—	sẽsɐsˈɐ̃w	1159
1160.00.01	doce	4r3G9XKliGgVZLKMgjik	final_unstressed_e	P2	dˈosi	1160
1160.00.02	doce	ny3E2DZImeZm00WLGZi9	final_unstressed_e	P2	dˈosi	1160
1161.00.01	sugerir	ny3E2DZImeZm00WLGZi9	none	—	suʒeˈɾiʁ	1161
1162.00.01	cadeia	Rw38T6bn0lTNOb1aUevR	none	—	kadˈejɐ	1162
1162.00.02	cadeia	qPfM2laM0pRL4rrZtBGl	none	—	kɐdˈejɐ	1162
1162.00.03	cadeia	xNGAXaCH8MaasNuo7Hr7	none	—	kadˈejɐ	1162
1163.00.01	colégio	m151rjrbWXbBqyq56tly	none	—	kˌolˈɛʒju	1163
1164.00.01	moda	wxoDdfPKBuna5KnUEotz	none	—	mˈɔdɐ	1164
1165.00.01	gado	Rw38T6bn0lTNOb1aUevR	none	—	ɡˈadu	1165
1166.00.01	conclusão	m151rjrbWXbBqyq56tly	none	—	kõkluzˈɐ̃w	1166
1167.00.01	sozinho	qPfM2laM0pRL4rrZtBGl	none	—	sˌozˈiɲu	1167
1167.00.02	sozinho	Rw38T6bn0lTNOb1aUevR	none	—	sˌozˈĩɲu	1167
1168.00.01	acidente	wxoDdfPKBuna5KnUEotz	de_te_palatalization,final_unstressed_e	P2	asidˈẽtʃi	1168
1169.00.01	bolsa	m151rjrbWXbBqyq56tly	none	—	bˈowsɐ	1169
1170.00.01	conflito	m151rjrbWXbBqyq56tly	none	—	kõfˈlitu	1170
1171.00.01	aldeia	ny3E2DZImeZm00WLGZi9	none	—	awdˈejɐ	1171
1172.00.01	chave	ny3E2DZImeZm00WLGZi9	final_unstressed_e	P2	ʃˈavi	1172
1173.00.01	ativo	ny3E2DZImeZm00WLGZi9	none	—	aˈtʃivu	1173
1174.00.01	visita	m151rjrbWXbBqyq56tly	none	—	viˈzitɐ	1174
1175.00.01	agente	4r3G9XKliGgVZLKMgjik	de_te_palatalization,final_unstressed_e	P2	aˈʒẽtʃi	1175
1176.00.01	alimentar	AaeZyyi87RCxtFnHPS3e	none	—	ˌalimẽˈtaɾ	1176
1177.00.01	prisão	m151rjrbWXbBqyq56tly	none	—	pɾizˈɐ̃w	1177
1178.00.01	voar	wxoDdfPKBuna5KnUEotz	none	—	voˈaʁ	1178
1179.00.01	recuperar	m151rjrbWXbBqyq56tly	initial_r_or_rr	P2	ʁekupeɾˈaʁ	1179
1180.00.01	bandeira	m151rjrbWXbBqyq56tly	none	—	bɐ̃ˈdejɾɐ	1180
1181.00.01	municipal	qPfM2laM0pRL4rrZtBGl	final_l_vocalization	P1	munisipˈaw	1181
1182.00.01	famoso	ny3E2DZImeZm00WLGZi9	none	—	fɐmˈozu	1182
1183.00.01	filosofia	Rw38T6bn0lTNOb1aUevR	none	—	filozoˈfiɐ	1183
1184.00.01	empregar	wxoDdfPKBuna5KnUEotz	none	—	ẽpɾeɡˈaɾ	1184
1185.00.01	italiano	ny3E2DZImeZm00WLGZi9	none	—	italiˈɐ̃nu	1185
1186.00.01	justificar	m151rjrbWXbBqyq56tly	coda_s_ep_risk	P3	ʒustʃifiˈkaʁ	1186
1187.00.01	aumento	xNGAXaCH8MaasNuo7Hr7	none	—	awˈmẽtu	1187
1188.00.01	queda	xNGAXaCH8MaasNuo7Hr7	none	—	kˈɛdɐ	1188
1189.00.01	musical	m151rjrbWXbBqyq56tly	final_l_vocalization,same_spelling_en_pt	P1	muziˈkaw	1189
1190.00.01	dança	AaeZyyi87RCxtFnHPS3e	none	—	dˈɐ̃sɐ	1190
1191.00.01	canto	Rw38T6bn0lTNOb1aUevR	none	—	kˈɐ̃tu	1191
1191.00.02	canto	m151rjrbWXbBqyq56tly	none	—	kˈɐ̃tu	1191
1192.00.01	apanhar	Rw38T6bn0lTNOb1aUevR	none	—	apɐ̃ˈɲaʁ	1192
1193.00.01	tribunal	Rw38T6bn0lTNOb1aUevR	final_l_vocalization	P1	tɾibunˈaw	1193
1194.00.01	resistência	Rw38T6bn0lTNOb1aUevR	coda_s_ep_risk,initial_r_or_rr	P2	ʁezistˈẽsjɐ	1194
1195.00.01	quinze	Rw38T6bn0lTNOb1aUevR	final_unstressed_e	P2	kˈĩzi	1195
1196.00.01	fruto	xNGAXaCH8MaasNuo7Hr7	none	—	fɾˈutu	1196
1197.00.01	evolução	m151rjrbWXbBqyq56tly	none	—	ˌevolusˈɐ̃w	1197
1198.00.01	provavelmente	m151rjrbWXbBqyq56tly	de_te_palatalization,final_unstressed_e	P2	pɾovavɛwmˈẽtʃi	1198
1199.00.01	paixão	m151rjrbWXbBqyq56tly	none	—	pajʃˈɐ̃w	1199
1200.00.01	flor	wxoDdfPKBuna5KnUEotz	none	—	flˈoʁ	1200
1201.00.01	personalidade	ny3E2DZImeZm00WLGZi9	de_te_palatalization,final_unstressed_e	P2	pˌeɾsonɐlidˈadʒi	1201
1202.00.01	raiz	Rw38T6bn0lTNOb1aUevR	initial_r_or_rr	P2	ʁaˈis	1202
1203.00.01	conversa	wxoDdfPKBuna5KnUEotz	none	—	kõvˈɛɾsɐ	1203
1204.00.01	prometer	wxoDdfPKBuna5KnUEotz	none	—	pɾomeˈteʁ	1204
1205.00.01	solo	m151rjrbWXbBqyq56tly	spanish_collision	P3	sˈɔlu	1205
1206.00.01	duro	wxoDdfPKBuna5KnUEotz	none	—	dˈuɾu	1206
1207.00.01	informar	Rw38T6bn0lTNOb1aUevR	none	—	ĩfoɾmˈaɾ	1207
1208.00.01	parque	ny3E2DZImeZm00WLGZi9	none	—	pˈaɾki	1208
1209.00.01	exame	AaeZyyi87RCxtFnHPS3e	final_unstressed_e	P2	ezˈɐ̃mi	1209
1210.00.01	comentar	ny3E2DZImeZm00WLGZi9	none	—	komẽˈtaʁ	1210
1211.00.01	telefone	m151rjrbWXbBqyq56tly	final_unstressed_e	P2	tˌelefˈoni	1211
1212.00.01	azul	xNGAXaCH8MaasNuo7Hr7	none	—	azˈuw	1212
1213.00.01	inventar	wxoDdfPKBuna5KnUEotz	none	—	ĩvẽˈtaʁ	1213
1214.00.01	sustentar	4r3G9XKliGgVZLKMgjik	coda_s_ep_risk	P3	sustẽˈtaʁ	1214
1215.00.01	quebrar	AaeZyyi87RCxtFnHPS3e	none	—	kebɾˈaɾ	1215
1216.00.01	fraco	Rw38T6bn0lTNOb1aUevR	none	—	fɾˈaku	1216
1217.00.01	fino	4r3G9XKliGgVZLKMgjik	none	—	fˈinu	1217
1218.00.01	despesa	m151rjrbWXbBqyq56tly	coda_s_ep_risk	P3	dɛspˈezɐ	1218
1219.00.01	cem	m151rjrbWXbBqyq56tly	none	—	sẽ	1219
1220.00.01	fator	4r3G9XKliGgVZLKMgjik	none	—	fatˈoʁ	1220
1221.00.01	encarar	AaeZyyi87RCxtFnHPS3e	none	—	ẽkaɾˈaʁ	1221
1222.00.01	loja	xNGAXaCH8MaasNuo7Hr7	none	—	lˈɔʒɐ	1222
1223.00.01	menina	AaeZyyi87RCxtFnHPS3e	none	—	menˈinɐ	1223
1224.00.01	sexo	wxoDdfPKBuna5KnUEotz	none	—	sˈɛksu	1224
1225.00.01	culpa	qPfM2laM0pRL4rrZtBGl	none	—	kˈuwpɐ	1225
1225.00.02	culpa	Rw38T6bn0lTNOb1aUevR	none	—	kˈuwpɐ	1225
1226.00.01	castelo	Rw38T6bn0lTNOb1aUevR	coda_s_ep_risk	P3	kɐsˈtɛlu	1226
1227.00.01	instituto	m151rjrbWXbBqyq56tly	coda_s_ep_risk	P3	ĩstʃitʃˈutu	1227
1228.00.01	pleno	Rw38T6bn0lTNOb1aUevR	none	—	plˈenu	1228
1229.00.01	merecer	m151rjrbWXbBqyq56tly	none	—	meɾesˈeʁ	1229
1230.00.01	breve	Rw38T6bn0lTNOb1aUevR	final_unstressed_e	P2	brˈɛvi	1230
1231.00.01	diretamente	Rw38T6bn0lTNOb1aUevR	de_te_palatalization,final_unstressed_e	P2	dʒiɾetɐmˈẽtʃi	1231
1232.00.01	perfeito	xNGAXaCH8MaasNuo7Hr7	none	—	peɾfˈejtu	1232
1233.00.01	golpe	AaeZyyi87RCxtFnHPS3e	final_unstressed_e	P2	ɡˈɔwpi	1233
1233.00.02	golpe	ny3E2DZImeZm00WLGZi9	final_unstressed_e	P2	ɡˈɔwpi	1233
1234.00.01	fenômeno	xNGAXaCH8MaasNuo7Hr7	none	—	fenˈomenu	1234
1235.00.01	prédio	qPfM2laM0pRL4rrZtBGl	none	—	pɾˈɛdʒiu	1235
1236.00.01	provar	m151rjrbWXbBqyq56tly	none	—	pɾovˈaʁ	1236
1236.00.02	provar	xNGAXaCH8MaasNuo7Hr7	none	—	pɾovˈaɾ	1236
1236.00.03	provar	Rw38T6bn0lTNOb1aUevR	none	—	pɾovˈaʁ	1236
1237.00.01	africano	xNGAXaCH8MaasNuo7Hr7	none	—	ˌafɾikˈɐ̃nu	1237
1238.00.01	partida	wxoDdfPKBuna5KnUEotz	none	—	paɾtʃˈidɐ	1238
1239.00.01	complexo	Rw38T6bn0lTNOb1aUevR	none	—	kõplˈɛksu	1239
1240.00.01	conquistar	AaeZyyi87RCxtFnHPS3e	coda_s_ep_risk	P3	kõkisˈtaʁ	1240
1241.00.01	obrigação	AaeZyyi87RCxtFnHPS3e	none	—	ˌobɾiɡɐsˈɐ̃w	1241
1242.00.01	especialmente	Rw38T6bn0lTNOb1aUevR	coda_s_ep_risk,de_te_palatalization,final_unstressed_e	P2	ˌespesjˈawmẽtʃi	1242
1243.00.01	senão	m151rjrbWXbBqyq56tly	none	—	senˈɐ̃w̃	1243
1243.00.02	senão	m151rjrbWXbBqyq56tly	none	—	senˈɐ̃w	1243
1243.00.03	senão	xNGAXaCH8MaasNuo7Hr7	none	—	senˈɐ̃w̃	1243
1244.00.01	cultural	ny3E2DZImeZm00WLGZi9	final_l_vocalization,same_spelling_en_pt	P1	kultuɾˈaw	1244
1245.00.01	elevado	ny3E2DZImeZm00WLGZi9	none	—	ˌelevˈadu	1245
1246.00.01	chamada	xNGAXaCH8MaasNuo7Hr7	none	—	ʃɐmˈadɐ	1246
1247.00.01	violento	qPfM2laM0pRL4rrZtBGl	none	—	viˈolẽtu	1247
1248.00.01	disposição	qPfM2laM0pRL4rrZtBGl	coda_s_ep_risk	P3	dʒispozisˈɐ̃w	1248
1249.00.01	análise	m151rjrbWXbBqyq56tly	final_unstressed_e	P2	anˈalizi	1249
1250.00.01	pão	4r3G9XKliGgVZLKMgjik	none	—	pˈɐ̃w̃	1250
1251.00.01	anormal	qPfM2laM0pRL4rrZtBGl	final_l_vocalization	P1	ˌanoɾmˈaw	1251
1252.00.01	amplo	m151rjrbWXbBqyq56tly	none	—	ˈɐ̃plu	1252
1253.00.01	confirmar	qPfM2laM0pRL4rrZtBGl	none	—	kõfiɾmˈaʁ	1253
1254.00.01	perigoso	wxoDdfPKBuna5KnUEotz	none	—	peɾiɡˈozu	1254
1255.00.01	milhar	m151rjrbWXbBqyq56tly	none	—	miʎˈaʁ	1255
1256.00.01	pintar	m151rjrbWXbBqyq56tly	none	—	pĩtˈaʁ	1256
1257.00.01	cometer	Rw38T6bn0lTNOb1aUevR	none	—	komɛtˈeʁ	1257
1258.00.01	apto	m151rjrbWXbBqyq56tly	none	—	ˈaptu	1258
1259.00.01	crédito	m151rjrbWXbBqyq56tly	none	—	kɾˈɛdʒitu	1259
1260.00.01	enfim	AaeZyyi87RCxtFnHPS3e	none	—	ẽˈfĩ	1260
1260.00.02	enfim	m151rjrbWXbBqyq56tly	none	—	ẽfˈĩ	1260
1261.00.01	suceder	xNGAXaCH8MaasNuo7Hr7	none	—	suseˈdeʁ	1261
1261.00.02	suceder	ny3E2DZImeZm00WLGZi9	none	—	susedˈeʁ	1261
1262.00.01	normalmente	m151rjrbWXbBqyq56tly	de_te_palatalization,final_unstressed_e	P2	noʁmawmˈẽtʃi	1262
1263.00.01	cá	m151rjrbWXbBqyq56tly	none	—	kˈa	1263
1264.00.01	abertura	ny3E2DZImeZm00WLGZi9	none	—	ˌabeɾtˈuɾɐ	1264
1265.00.01	extremo	ny3E2DZImeZm00WLGZi9	none	—	eʃtɾˈemu	1265
1266.00.01	desafio	ny3E2DZImeZm00WLGZi9	none	—	dˌezafˈiu	1266
1267.00.01	gastar	ny3E2DZImeZm00WLGZi9	coda_s_ep_risk	P3	ɡasˈtaʁ	1267
1267.00.02	gastar	Rw38T6bn0lTNOb1aUevR	coda_s_ep_risk	P3	ɡastˈaʁ	1267
1268.00.01	decorrer	4r3G9XKliGgVZLKMgjik	initial_r_or_rr	P2	dˌekoˈʁeʁ	1268
1268.00.02	decorrer	m151rjrbWXbBqyq56tly	initial_r_or_rr	P2	dˌekoˈʁeʁ	1268
1269.00.01	essencial	xNGAXaCH8MaasNuo7Hr7	coda_s_ep_risk,final_l_vocalization	P1	ˌesẽsiˈaw	1269
1270.00.01	ajustar	AaeZyyi87RCxtFnHPS3e	coda_s_ep_risk	P3	aʒusˈtaʁ	1270
1271.00.01	poema	m151rjrbWXbBqyq56tly	none	—	poˈemɐ	1271
1272.00.01	exercício	AaeZyyi87RCxtFnHPS3e	none	—	ˌezeɾsˈisju	1272
1273.00.01	barro	m151rjrbWXbBqyq56tly	initial_r_or_rr	P2	bˈaʁu	1273
1274.00.01	mundial	4r3G9XKliGgVZLKMgjik	final_l_vocalization	P1	mũdʒiˈaw	1274
1275.00.01	folha	Rw38T6bn0lTNOb1aUevR	none	—	fˈoʎɐ	1275
1275.00.02	folha	ny3E2DZImeZm00WLGZi9	none	—	fˈoʎɐ	1275
1275.00.03	folha	Rw38T6bn0lTNOb1aUevR	none	—	fˈoʎɐ	1275
1276.00.01	extraordinário	4r3G9XKliGgVZLKMgjik	none	—	ˌestɾɐˌoɾdʒinˈaɾiu	1276
1277.00.01	reserva	Rw38T6bn0lTNOb1aUevR	initial_r_or_rr	P2	ʁezˈɛɾvɐ	1277
1278.00.01	cenário	wxoDdfPKBuna5KnUEotz	none	—	sẽˈnaɾju	1278
1279.00.01	mensagem	m151rjrbWXbBqyq56tly	none	—	mẽsˈaʒẽ	1279
1280.00.01	crescimento	wxoDdfPKBuna5KnUEotz	coda_s_ep_risk	P3	kɾesimˈẽtu	1280
1281.00.01	reagir	ny3E2DZImeZm00WLGZi9	initial_r_or_rr	P2	ʁeaʒˈiʁ	1281
1282.00.01	constituição	m151rjrbWXbBqyq56tly	coda_s_ep_risk	P3	kõstʃituisˈɐ̃w̃	1282
1283.00.01	explicação	m151rjrbWXbBqyq56tly	none	—	ˌesplʃikasˈɐ̃w̃	1283
1284.00.01	espera	m151rjrbWXbBqyq56tly	coda_s_ep_risk	P3	esˈpɛɾɐ	1284
1284.00.02	espera	m151rjrbWXbBqyq56tly	coda_s_ep_risk	P3	ˌespˈɛɾɐ	1284
1285.00.01	votar	Rw38T6bn0lTNOb1aUevR	none	—	votˈaʁ	1285
1286.00.01	perda	m151rjrbWXbBqyq56tly	none	—	pˈɛʁdɐ	1286
1287.00.01	artístico	qPfM2laM0pRL4rrZtBGl	coda_s_ep_risk	P3	aɾtʃˈistʃiku	1287
1288.00.01	leve	Rw38T6bn0lTNOb1aUevR	final_unstressed_e	P2	lˈɛvi	1288
1288.00.02	leve	AaeZyyi87RCxtFnHPS3e	final_unstressed_e	P2	lˈɛvi	1288
1289.00.01	clima	qPfM2laM0pRL4rrZtBGl	none	—	klˈimɐ	1289
1290.00.01	permanente	m151rjrbWXbBqyq56tly	de_te_palatalization,final_unstressed_e	P2	peɾmɐnˈẽtʃi	1290
1291.00.01	quilômetro	AaeZyyi87RCxtFnHPS3e	none	—	kiˈlometɾu	1291
1292.00.01	jogador	4r3G9XKliGgVZLKMgjik	none	—	ʒoɡadˈoʁ	1292
1293.00.01	troca	xNGAXaCH8MaasNuo7Hr7	none	—	tɾˈɔkɐ	1293
1294.00.01	divisão	m151rjrbWXbBqyq56tly	none	—	dʒiviˈzɐ̃w	1294
1295.00.01	investigação	4r3G9XKliGgVZLKMgjik	coda_s_ep_risk	P3	ĩvɛstʃiɡɐsˈɐ̃w̃	1295
1296.00.01	rainha	m151rjrbWXbBqyq56tly	initial_r_or_rr	P2	ʁɐˈĩɲɐ	1296
1297.00.01	palácio	wxoDdfPKBuna5KnUEotz	none	—	palˈasju	1297
1298.00.01	integrar	wxoDdfPKBuna5KnUEotz	none	—	ĩteɡɾˈaɾ	1298
1299.00.01	administrativo	Rw38T6bn0lTNOb1aUevR	coda_s_ep_risk	P3	ˌadminiʃtɾɐtʃˈivu	1299
1300.00.01	útil	4r3G9XKliGgVZLKMgjik	final_l_vocalization	P1	ˈutʃiw	1300
1301.00.01	manifestar	4r3G9XKliGgVZLKMgjik	coda_s_ep_risk	P3	mˌanifestˈaʁ	1301
1302.00.01	participação	AaeZyyi87RCxtFnHPS3e	none	—	pˌaɾtʃisipɐsˈɐ̃w	1302
1303.00.01	comportamento	Rw38T6bn0lTNOb1aUevR	none	—	kõpoʁtɐmẽtu	1303
1304.00.01	circunstância	Rw38T6bn0lTNOb1aUevR	coda_s_ep_risk	P3	siɾkũstˈɐ̃sjɐ	1304
1305.00.01	alegre	qPfM2laM0pRL4rrZtBGl	final_unstressed_e	P2	alˈɛɡɾi	1305
1306.00.01	casal	Rw38T6bn0lTNOb1aUevR	final_l_vocalization	P1	kazˈaw	1306
1307.00.01	esconder	4r3G9XKliGgVZLKMgjik	coda_s_ep_risk	P3	iskõˈdeʁ	1307
1308.00.01	taxa	4r3G9XKliGgVZLKMgjik	none	—	tˈaʃɐ	1308
1308.00.02	taxa	ny3E2DZImeZm00WLGZi9	none	—	tˈaʃɐ	1308
1309.00.01	inicial	Rw38T6bn0lTNOb1aUevR	final_l_vocalization	P1	inisiˈaw	1309
1310.00.01	príncipe	4r3G9XKliGgVZLKMgjik	final_unstressed_e	P2	pɾˈĩsipi	1310
1311.00.01	universo	4r3G9XKliGgVZLKMgjik	none	—	ˌunivˈɛɾsu	1311
1312.00.01	dormir	ny3E2DZImeZm00WLGZi9	none	—	doɾmˈiʁ	1312
1313.00.01	garantia	Rw38T6bn0lTNOb1aUevR	none	—	ɡaɾɐ̃ˈtʃiɐ	1313
1314.00.01	ave	qPfM2laM0pRL4rrZtBGl	final_unstressed_e	P2	ˈavi	1314
1315.00.01	amar	wxoDdfPKBuna5KnUEotz	none	—	amˈaʁ	1315
1316.00.01	assinar	Rw38T6bn0lTNOb1aUevR	coda_s_ep_risk	P3	ˌasiˈnaʁ	1316
1317.00.01	motor	4r3G9XKliGgVZLKMgjik	none	—	motˈoʁ	1317
1318.00.01	gravar	ny3E2DZImeZm00WLGZi9	none	—	ɡɾavˈaʁ	1318
1318.00.02	gravar	m151rjrbWXbBqyq56tly	none	—	ɡɾavˈaʁ	1318
1319.00.01	fé	Rw38T6bn0lTNOb1aUevR	none	—	fˈɛ	1319
1320.00.01	expor	Rw38T6bn0lTNOb1aUevR	none	—	espoʁ	1320
1321.00.01	dedo	Rw38T6bn0lTNOb1aUevR	none	—	dˈedu	1321
1322.00.01	canção	Rw38T6bn0lTNOb1aUevR	none	—	kɐ̃ˈsɐ̃w	1322
1323.00.01	negativo	Rw38T6bn0lTNOb1aUevR	none	—	nˌeɡatʃˈivu	1323
1324.00.01	industrial	m151rjrbWXbBqyq56tly	coda_s_ep_risk,final_l_vocalization	P1	ĩdʊstɾiˈaw	1324
1325.00.01	posse	Rw38T6bn0lTNOb1aUevR	coda_s_ep_risk,final_unstressed_e	P2	pˈɔsi	1325
1326.00.01	lucro	AaeZyyi87RCxtFnHPS3e	none	—	lˈukɾu	1326
1327.00.01	expectativa	ny3E2DZImeZm00WLGZi9	none	—	ˌespekatʃˈivɐ	1327
1328.00.01	traduzir	m151rjrbWXbBqyq56tly	none	—	tɾaduˈziʁ	1328
1329.00.01	libertar	m151rjrbWXbBqyq56tly	none	—	libeɾtˈaʁ	1329
1330.00.01	manifestação	xNGAXaCH8MaasNuo7Hr7	coda_s_ep_risk	P3	mˌanifestɐsˈɐ̃w	1330
1331.00.01	líder	qPfM2laM0pRL4rrZtBGl	none	—	lˈidɛʁ	1331
1332.00.01	horizonte	4r3G9XKliGgVZLKMgjik	de_te_palatalization,final_unstressed_e,h_initial_english_risk	P1	oɾizˈõtʃi	1332
1333.00.01	urbano	m151rjrbWXbBqyq56tly	none	—	uɾbˈɐ̃nu	1333
1334.00.01	território	m151rjrbWXbBqyq56tly	initial_r_or_rr	P2	teʁitˈɔɾju	1334
1335.00.01	compromisso	xNGAXaCH8MaasNuo7Hr7	coda_s_ep_risk	P3	kõpɾomˈisu	1335
1335.00.02	compromisso	AaeZyyi87RCxtFnHPS3e	coda_s_ep_risk	P3	kõpɾomˈisu	1335
1336.00.01	feminino	wxoDdfPKBuna5KnUEotz	none	—	femĩnˈinu	1336
1337.00.01	mover	m151rjrbWXbBqyq56tly	none	—	movˈeʁ	1337
1338.00.01	município	m151rjrbWXbBqyq56tly	none	—	munisˈipiu	1338
1339.00.01	entidade	m151rjrbWXbBqyq56tly	de_te_palatalization,final_unstressed_e	P2	ẽtʃidˈadʒi	1339
1340.00.01	constante	Rw38T6bn0lTNOb1aUevR	coda_s_ep_risk,de_te_palatalization,final_unstressed_e	P2	kõstˈɐ̃tʃi	1340
1341.00.01	pagamento	Rw38T6bn0lTNOb1aUevR	none	—	paɡɐmˈẽtu	1341
1342.00.01	sequer	m151rjrbWXbBqyq56tly	none	—	seˈkɛʁ	1342
1343.00.01	promover	AaeZyyi87RCxtFnHPS3e	none	—	pɾomoˈveʁ	1343
1344.00.01	argumento	wxoDdfPKBuna5KnUEotz	none	—	ˌaɾɡumẽtu	1344
1345.00.01	controlar	m151rjrbWXbBqyq56tly	none	—	kõtɾolˈaʁ	1345
1346.00.01	fome	AaeZyyi87RCxtFnHPS3e	final_unstressed_e	P2	fˈomi	1346
1346.00.02	fome	AaeZyyi87RCxtFnHPS3e	final_unstressed_e	P2	fˈomi	1346
1347.00.01	pintor	m151rjrbWXbBqyq56tly	none	—	pĩtˈoʁ	1347
1348.00.01	adotar	AaeZyyi87RCxtFnHPS3e	none	—	adotˈaʁ	1348
1349.00.01	restar	4r3G9XKliGgVZLKMgjik	coda_s_ep_risk,initial_r_or_rr	P2	ʁestˈaʁ	1349
1350.00.01	calor	qPfM2laM0pRL4rrZtBGl	none	—	kalˈoʁ	1350
1351.00.01	exceção	m151rjrbWXbBqyq56tly	none	—	esesˈɐ̃w̃	1351
1352.00.01	ausência	AaeZyyi87RCxtFnHPS3e	none	—	awzˈẽsjɐ	1352
1353.00.01	externo	4r3G9XKliGgVZLKMgjik	none	—	esˈtɛɾnu	1353
1354.00.01	distribuir	Rw38T6bn0lTNOb1aUevR	coda_s_ep_risk	P3	dʒistɾibuˈiʁ	1354
1355.00.01	método	xNGAXaCH8MaasNuo7Hr7	none	—	mˈɛtodu	1355
1356.00.01	crítico	qPfM2laM0pRL4rrZtBGl	none	—	kɾˈitʃiku	1356
1356.00.02	crítico	m151rjrbWXbBqyq56tly	none	—	kɾˈitʃiku	1356
1357.00.01	inferior	Rw38T6bn0lTNOb1aUevR	none	—	ĩfeɾiˈoʁ	1357
1358.00.01	completo	qPfM2laM0pRL4rrZtBGl	none	—	kõplˈɛtu	1358
1359.00.01	proteção	AaeZyyi87RCxtFnHPS3e	none	—	pɾotesˈɐ̃w̃	1359
1360.00.01	excelente	ny3E2DZImeZm00WLGZi9	de_te_palatalization,final_unstressed_e	P2	ˌeselˈẽtʃi	1360
1361.00.01	calcular	qPfM2laM0pRL4rrZtBGl	none	—	kˌawkuˈlaʁ	1361
1362.00.01	demorar	Rw38T6bn0lTNOb1aUevR	none	—	demɔˈɾaʁ	1362
1363.00.01	sentar	xNGAXaCH8MaasNuo7Hr7	none	—	sẽtˈaʁ	1363
1364.00.01	interpretar	m151rjrbWXbBqyq56tly	none	—	ĩteɾpɾetˈaɾ	1364
1364.00.02	interpretar	xNGAXaCH8MaasNuo7Hr7	none	—	ĩteɾpɾetˈaʁ	1364
1365.00.01	sorte	AaeZyyi87RCxtFnHPS3e	de_te_palatalization,final_unstressed_e,user_reported	P0	sˈɔɾtʃi	1365
1365.00.02	sorte	4r3G9XKliGgVZLKMgjik	de_te_palatalization,final_unstressed_e,user_reported	P0	sˈɔɾtʃi	1365
1366.00.01	secretaria	AaeZyyi87RCxtFnHPS3e	none	—	sˌekɾetaɾˈiɐ	1366
1367.00.01	recolher	qPfM2laM0pRL4rrZtBGl	initial_r_or_rr	P2	ʁekoljˈeʁ	1367
1367.00.02	recolher	AaeZyyi87RCxtFnHPS3e	initial_r_or_rr	P2	ʁekoljˈeʁ	1367
1368.00.01	deter	AaeZyyi87RCxtFnHPS3e	none	—	detˈeʁ	1368
1369.00.01	ceder	Rw38T6bn0lTNOb1aUevR	none	—	seˈdeʁ	1369
1370.00.01	feliz	Rw38T6bn0lTNOb1aUevR	none	—	felˈis	1370
1371.00.01	cadeira	Rw38T6bn0lTNOb1aUevR	none	—	kadˈejɾɐ	1371
1371.00.02	cadeira	4r3G9XKliGgVZLKMgjik	none	—	kadˈejɾɐ	1371
1372.00.01	comunista	xNGAXaCH8MaasNuo7Hr7	coda_s_ep_risk	P3	kˌomunˈistɐ	1372
1373.00.01	emoção	Rw38T6bn0lTNOb1aUevR	none	—	emosˈɐ̃w̃	1373
1374.00.01	representante	Rw38T6bn0lTNOb1aUevR	de_te_palatalization,final_unstressed_e,initial_r_or_rr	P2	ʁepɾezẽˈtɐ̃tʃi	1374
1375.00.01	ultrapassar	AaeZyyi87RCxtFnHPS3e	coda_s_ep_risk	P3	ˌuwtɾɐpɐsˈaʁ	1375
1375.00.02	ultrapassar	m151rjrbWXbBqyq56tly	coda_s_ep_risk	P3	ˌuwtɾɐpɐsˈaɾ	1375
1375.00.03	ultrapassar	xNGAXaCH8MaasNuo7Hr7	coda_s_ep_risk	P3	ˌuwtɾɐpɐsˈaʁ	1375
1376.00.01	comando	wxoDdfPKBuna5KnUEotz	none	—	komˈɐ̃du	1376
1377.00.01	alvo	wxoDdfPKBuna5KnUEotz	none	—	ˈawvu	1377
1377.00.02	alvo	m151rjrbWXbBqyq56tly	none	—	ˈawvu	1377
1378.00.01	concentrar	m151rjrbWXbBqyq56tly	none	—	kõsẽtɾˈaʁ	1378
1379.00.01	comunicar	m151rjrbWXbBqyq56tly	none	—	kˌomunikˈaʁ	1379
1380.00.01	coletivo	m151rjrbWXbBqyq56tly	none	—	kˌoletʃˈivu	1380
1380.00.02	coletivo	Rw38T6bn0lTNOb1aUevR	none	—	kˌoletʃˈivu	1380
1381.00.01	jeito	m151rjrbWXbBqyq56tly	none	—	ʒˈejtu	1381
1382.00.01	atuar	m151rjrbWXbBqyq56tly	none	—	atuˈaʁ	1382
1383.00.01	janela	AaeZyyi87RCxtFnHPS3e	none	—	ʒɐnˈɛlɐ	1383
1384.00.01	certamente	qPfM2laM0pRL4rrZtBGl	de_te_palatalization,final_unstressed_e	P2	sˌeɾtɐmˈẽtʃi	1384
1385.00.01	estratégia	4r3G9XKliGgVZLKMgjik	coda_s_ep_risk	P3	ˌestɾatˈɛʒjɐ	1385
1386.00.01	papa	m151rjrbWXbBqyq56tly	none	—	pˈapɐ	1386
1387.00.01	unir	wxoDdfPKBuna5KnUEotz	none	—	uˈniʁ	1387
1388.00.01	comandante	Rw38T6bn0lTNOb1aUevR	de_te_palatalization,final_unstressed_e	P2	kˌomɐ̃dˈɐ̃tʃi	1388
1389.00.01	inimigo	AaeZyyi87RCxtFnHPS3e	none	—	inimˈiɡu	1389
1390.00.01	eleitoral	xNGAXaCH8MaasNuo7Hr7	final_l_vocalization	P1	elejtʃoɾˈaw	1390
1391.00.01	executivo	AaeZyyi87RCxtFnHPS3e	none	—	ˌezekutʃˈivu	1391
1392.00.01	gás	Rw38T6bn0lTNOb1aUevR	none	—	ɡˈas	1392
1393.00.01	marquês	m151rjrbWXbBqyq56tly	none	—	maɾkˈes	1393
1394.00.01	raça	m151rjrbWXbBqyq56tly	initial_r_or_rr	P2	ʁˈasɐ	1394
1395.00.01	palco	Rw38T6bn0lTNOb1aUevR	none	—	pˈawku	1395
1396.00.01	independência	4r3G9XKliGgVZLKMgjik	none	—	ĩdepẽdˈẽsjɐ	1396
1397.00.01	empregado	wxoDdfPKBuna5KnUEotz	none	—	ẽpɾeɡˈadu	1397
1398.00.01	começo	m151rjrbWXbBqyq56tly	none	—	komˈesu	1398
1399.00.01	desenhar	4r3G9XKliGgVZLKMgjik	none	—	dˌezẽɲˈaʁ	1399
1399.00.02	desenhar	qPfM2laM0pRL4rrZtBGl	none	—	dezẽˈɲaʁ	1399
1400.00.01	descrever	m151rjrbWXbBqyq56tly	coda_s_ep_risk	P3	deskɾevˈeʁ	1400
1401.00.01	receita	AaeZyyi87RCxtFnHPS3e	initial_r_or_rr	P2	ʁesˈejtɐ	1401
1401.00.02	receita	wxoDdfPKBuna5KnUEotz	initial_r_or_rr	P2	ʁesˈejtɐ	1401
1402.00.01	errar	Rw38T6bn0lTNOb1aUevR	initial_r_or_rr	P2	eʁˈaʁ	1402
1403.00.01	império	Rw38T6bn0lTNOb1aUevR	none	—	ĩpˈɛɾju	1403
1404.00.01	explorar	wxoDdfPKBuna5KnUEotz	none	—	esploˈɾaʁ	1404
1404.00.02	explorar	ny3E2DZImeZm00WLGZi9	none	—	ˌesploɾˈaʁ	1404
1405.00.01	critério	Rw38T6bn0lTNOb1aUevR	none	—	kɾitˈɛɾju	1405
1406.00.01	deitar	xNGAXaCH8MaasNuo7Hr7	none	—	dejtˈaʁ	1406
1407.00.01	chamado	m151rjrbWXbBqyq56tly	none	—	ʃɐmˈadu	1407
1408.00.01	detalhe	Rw38T6bn0lTNOb1aUevR	final_unstressed_e	P2	detˈaʎi	1408
1409.00.01	plástico	m151rjrbWXbBqyq56tly	coda_s_ep_risk	P3	plˈastʃiku	1409
1410.00.01	corda	4r3G9XKliGgVZLKMgjik	none	—	kˈɔɾdɐ	1410
1410.00.02	corda	wxoDdfPKBuna5KnUEotz	none	—	kˈɔɾdɐ	1410
1410.00.03	corda	4r3G9XKliGgVZLKMgjik	none	—	kˈɔɾdɐ	1410
1411.00.01	jamais	Rw38T6bn0lTNOb1aUevR	none	—	ʒamˈajs	1411
1412.00.01	juventude	xNGAXaCH8MaasNuo7Hr7	de_te_palatalization,final_unstressed_e	P2	ʒuvẽˈtudʒi	1412
1413.00.01	areia	Rw38T6bn0lTNOb1aUevR	none	—	aɾˈejɐ	1413
1414.00.01	categoria	Rw38T6bn0lTNOb1aUevR	none	—	kˌateɡoɾˈiɐ	1414
1415.00.01	controle	m151rjrbWXbBqyq56tly	final_unstressed_e	P2	kõˈtɾɔli	1415
1416.00.01	comida	m151rjrbWXbBqyq56tly	none	—	kˌomˈidɐ	1416
1417.00.01	sombra	AaeZyyi87RCxtFnHPS3e	none	—	sˈõbɾɐ	1417
1418.00.01	limpar	Rw38T6bn0lTNOb1aUevR	none	—	lĩpˈaʁ	1418
1419.00.01	biblioteca	xNGAXaCH8MaasNuo7Hr7	none	—	bibliˈotɛkɐ	1419
1420.00.01	escuro	ny3E2DZImeZm00WLGZi9	coda_s_ep_risk	P3	eskˈuɾu	1420
1421.00.01	disposto	qPfM2laM0pRL4rrZtBGl	coda_s_ep_risk	P3	dʒispˈostu	1421
1421.00.02	disposto	m151rjrbWXbBqyq56tly	coda_s_ep_risk	P3	dʒispˈostu	1421
1422.00.01	rural	4r3G9XKliGgVZLKMgjik	final_l_vocalization,initial_r_or_rr	P1	ʁuɾˈaw	1422
1423.00.01	disciplina	xNGAXaCH8MaasNuo7Hr7	coda_s_ep_risk	P3	dʒisipˈlinɐ	1423
1424.00.01	retomar	m151rjrbWXbBqyq56tly	initial_r_or_rr	P2	ʁetomˈaʁ	1424
1425.00.01	neto	4r3G9XKliGgVZLKMgjik	none	—	nˈɛtu	1425
1426.00.01	justamente	AaeZyyi87RCxtFnHPS3e	coda_s_ep_risk,de_te_palatalization,final_unstressed_e	P2	ʒustɐmˈẽtʃi	1426
1427.00.01	salário	qPfM2laM0pRL4rrZtBGl	none	—	salˈaɾju	1427
1428.00.01	agricultura	m151rjrbWXbBqyq56tly	none	—	ˌaɡɾikuwˈtuɾɐ	1428
1429.00.01	russo	wxoDdfPKBuna5KnUEotz	coda_s_ep_risk,initial_r_or_rr	P2	ʁˈusu	1429
1430.00.01	geralmente	m151rjrbWXbBqyq56tly	de_te_palatalization,final_unstressed_e	P2	ʒeɾawmˈẽtʃi	1430
1431.00.01	declaração	xNGAXaCH8MaasNuo7Hr7	none	—	deklɐɾɐsˈɐ̃w	1431
1432.00.01	dimensão	Rw38T6bn0lTNOb1aUevR	none	—	dʒĩmẽˈsɐ̃w	1432
1433.00.01	feira	Rw38T6bn0lTNOb1aUevR	none	—	fˈejɾɐ	1433
1433.00.02	feira	m151rjrbWXbBqyq56tly	none	—	fˈejɾɐ	1433
1434.00.01	prender	qPfM2laM0pRL4rrZtBGl	none	—	pɾẽˈdeʁ	1434
1434.00.02	prender	AaeZyyi87RCxtFnHPS3e	none	—	pɾẽˈdeʁ	1434
1435.00.01	fala	m151rjrbWXbBqyq56tly	none	—	fˈalɐ	1435
1436.00.01	correto	qPfM2laM0pRL4rrZtBGl	initial_r_or_rr	P2	koˈʁɛtu	1436
1437.00.01	medicina	AaeZyyi87RCxtFnHPS3e	none	—	medʒisˈinɐ	1437
1438.00.01	aliança	ny3E2DZImeZm00WLGZi9	none	—	ˌaliˈɐ̃sɐ	1438
1438.00.02	aliança	m151rjrbWXbBqyq56tly	none	—	ˌaliˈɐ̃sɐ	1438
1439.00.01	faixa	Rw38T6bn0lTNOb1aUevR	none	—	fˈajʃɐ	1439
1439.00.02	faixa	4r3G9XKliGgVZLKMgjik	none	—	fˈajʃɐ	1439
1440.00.01	vazio	Rw38T6bn0lTNOb1aUevR	none	—	vɐzˈiu	1440
1440.00.02	vazio	m151rjrbWXbBqyq56tly	none	—	vazˈiu	1440
1441.00.01	tradicional	xNGAXaCH8MaasNuo7Hr7	final_l_vocalization	P1	tɾadʒisiˈonaw	1441
1442.00.01	infantil	qPfM2laM0pRL4rrZtBGl	final_l_vocalization	P1	ĩfɐ̃ˈtʃiw	1442
1443.00.01	acaso	m151rjrbWXbBqyq56tly	none	—	ɐkˈazu	1443
1444.00.01	porto	AaeZyyi87RCxtFnHPS3e	none	—	pˈoɾtu	1444
1445.00.01	sócio	Rw38T6bn0lTNOb1aUevR	none	—	sˈɔsju	1445
1446.00.01	assegurar	Rw38T6bn0lTNOb1aUevR	coda_s_ep_risk	P3	ˌaseɡuˈɾaʁ	1446
1447.00.01	código	qPfM2laM0pRL4rrZtBGl	none	—	kˈɔdʒiɡu	1447
1448.00.01	igualmente	4r3G9XKliGgVZLKMgjik	de_te_palatalization,final_unstressed_e	P2	iɡwawˈmẽtʃi	1448
1449.00.01	misturar	AaeZyyi87RCxtFnHPS3e	coda_s_ep_risk	P3	mˌistuɾˈaʁ	1449
1450.00.01	coluna	Rw38T6bn0lTNOb1aUevR	none	—	kolˈunɐ	1450
1450.00.02	coluna	xNGAXaCH8MaasNuo7Hr7	none	—	koˈlunɐ	1450
1451.00.01	versão	xNGAXaCH8MaasNuo7Hr7	none	—	veɾsˈɐ̃w	1451
1452.00.01	nordeste	Rw38T6bn0lTNOb1aUevR	coda_s_ep_risk,de_te_palatalization,final_unstressed_e	P2	nˌoɾdˈɛstʃi	1452
1453.00.01	canal	ny3E2DZImeZm00WLGZi9	final_l_vocalization	P1	kanˈaw	1453
1454.00.01	doze	m151rjrbWXbBqyq56tly	final_unstressed_e	P2	dˈozi	1454
1455.00.01	espalhar	4r3G9XKliGgVZLKMgjik	coda_s_ep_risk	P3	ˌespaljˈaʁ	1455
1456.00.01	ameaçar	4r3G9XKliGgVZLKMgjik	none	—	ɐmjɐsˈaʁ	1456
1457.00.01	relativamente	4r3G9XKliGgVZLKMgjik	de_te_palatalization,final_unstressed_e,initial_r_or_rr	P2	ʁelatʃivɐmˈẽtʃi	1457
1457.00.02	relativamente	qPfM2laM0pRL4rrZtBGl	de_te_palatalization,final_unstressed_e,initial_r_or_rr	P2	ʁelatʃivɐmˈẽtʃi	1457
1458.00.01	quarenta	AaeZyyi87RCxtFnHPS3e	none	—	kwɐɾˈẽtɐ	1458
1459.00.01	fiscal	m151rjrbWXbBqyq56tly	coda_s_ep_risk,final_l_vocalization	P1	fisˈkaw	1459
1460.00.01	operar	4r3G9XKliGgVZLKMgjik	none	—	ˌopeɾˈaʁ	1460
1461.00.01	década	m151rjrbWXbBqyq56tly	none	—	dˈɛkadɐ	1461
1462.00.01	cinquenta	m151rjrbWXbBqyq56tly	none	—	sĩkwˈẽtɐ	1462
1463.00.01	opor	m151rjrbWXbBqyq56tly	none	—	opoʁ	1463
1464.00.01	fornecer	ny3E2DZImeZm00WLGZi9	none	—	foʁnesˈeʁ	1464
1465.00.01	floresta	Rw38T6bn0lTNOb1aUevR	coda_s_ep_risk	P3	floɾˈɛstɐ	1465
1466.00.01	investimento	ny3E2DZImeZm00WLGZi9	coda_s_ep_risk	P3	ĩvɛstʃimˈẽtu	1466
1467.00.01	paisagem	m151rjrbWXbBqyq56tly	none	—	pajzˈaʒẽj	1467
1468.00.01	alternativa	m151rjrbWXbBqyq56tly	none	—	ˌawtɛɾnatʃˈivɐ	1468
1469.00.01	comentário	Rw38T6bn0lTNOb1aUevR	none	—	kˌomẽˈtaɾju	1469
1470.00.01	resolução	4r3G9XKliGgVZLKMgjik	initial_r_or_rr	P2	ʁezoluˈsɐ̃w̃	1470
1471.00.01	caro	AaeZyyi87RCxtFnHPS3e	spanish_collision	P3	kˈaɾu	1471
1471.00.02	caro	wxoDdfPKBuna5KnUEotz	spanish_collision	P3	kˈaɾu	1471
1472.00.01	puxar	4r3G9XKliGgVZLKMgjik	none	—	puʃˈaʁ	1472
1473.00.01	recorrer	m151rjrbWXbBqyq56tly	initial_r_or_rr,user_reported	P0	ʁekuˈʁeʁ	1473
1473.00.02	recorrer	m151rjrbWXbBqyq56tly	initial_r_or_rr,user_reported	P0	ʁekɔˈʁeʁ	1473
1474.00.01	alteração	wxoDdfPKBuna5KnUEotz	none	—	ˌawteɾaˈsɐ̃w̃	1474
1475.00.01	fita	Rw38T6bn0lTNOb1aUevR	none	—	fˈitɐ	1475
1476.00.01	necessitar	4r3G9XKliGgVZLKMgjik	coda_s_ep_risk	P3	nesesitˈaʁ	1476
1477.00.01	infância	qPfM2laM0pRL4rrZtBGl	none	—	ĩfˈɐ̃sjɐ	1477
1478.00.01	prejudicar	m151rjrbWXbBqyq56tly	none	—	pɾeʒudʒikˈaʁ	1478
1479.00.01	lua	qPfM2laM0pRL4rrZtBGl	none	—	lˈuɐ	1479
1480.00.01	distrito	Rw38T6bn0lTNOb1aUevR	coda_s_ep_risk	P3	dʒisˈtɾitu	1480
1481.00.01	conceder	AaeZyyi87RCxtFnHPS3e	none	—	kõseˈdeʁ	1481
1482.00.01	caminhar	4r3G9XKliGgVZLKMgjik	none	—	kɐmĩˈɲaʁ	1482
1483.00.01	vara	4r3G9XKliGgVZLKMgjik	user_reported	P0	vˈaɾɐ	1483
1484.00.01	executar	m151rjrbWXbBqyq56tly	none	—	ˌezekutˈaʁ	1484
1485.00.01	percorrer	Rw38T6bn0lTNOb1aUevR	initial_r_or_rr	P2	peɾkoˈʁeɾ	1485
1486.00.01	organizado	4r3G9XKliGgVZLKMgjik	none	—	oɾɡɐnizˈadu	1486
1487.00.01	modificar	Rw38T6bn0lTNOb1aUevR	none	—	mˌodʒifikˈaʁ	1487
1488.00.01	agrícola	Rw38T6bn0lTNOb1aUevR	none	—	aˈɡɾikolɐ	1488
1489.00.01	adequado	AaeZyyi87RCxtFnHPS3e	none	—	adekwˈadu	1489
1490.00.01	investir	m151rjrbWXbBqyq56tly	coda_s_ep_risk	P3	ĩvesˈtʃiʁ	1490
1491.00.01	satisfazer	qPfM2laM0pRL4rrZtBGl	coda_s_ep_risk	P3	sˌatʃisfazˈeʁ	1491
1492.00.01	dente	Rw38T6bn0lTNOb1aUevR	de_te_palatalization,final_unstressed_e	P2	dˈẽtʃi	1492
1493.00.01	intenso	qPfM2laM0pRL4rrZtBGl	none	—	ĩtˈẽsu	1493
1494.00.01	velocidade	4r3G9XKliGgVZLKMgjik	de_te_palatalization,final_unstressed_e	P2	vˌelosidˈadʒi	1494
1495.00.01	bloco	m151rjrbWXbBqyq56tly	none	—	blˈɔku	1495
1496.00.01	representação	qPfM2laM0pRL4rrZtBGl	initial_r_or_rr	P2	ʁepɾezẽtɐsˈɐ̃w	1496
1497.00.01	mental	Rw38T6bn0lTNOb1aUevR	final_l_vocalization,same_spelling_en_pt	P1	mẽtˈaw	1497
1498.00.01	riqueza	qPfM2laM0pRL4rrZtBGl	initial_r_or_rr	P2	ʁikˈezɐ	1498
1499.00.01	chegada	xNGAXaCH8MaasNuo7Hr7	none	—	ʃeɡˈadɐ	1499
1500.00.01	escapar	wxoDdfPKBuna5KnUEotz	coda_s_ep_risk	P3	iskapˈaɾ	1500
1501.00.01	absolutamente	m151rjrbWXbBqyq56tly	de_te_palatalization,final_unstressed_e	P2	ˌabsoluˈtɐmẽtʃi	1501
1502.00.01	imóvel	Rw38T6bn0lTNOb1aUevR	final_l_vocalization	P1	imˈɔvɛw	1502
1502.00.02	imóvel	m151rjrbWXbBqyq56tly	final_l_vocalization	P1	iˈmɔvew	1502
1503.00.01	província	Rw38T6bn0lTNOb1aUevR	none	—	pɾovˈĩsjɐ	1503
1504.00.01	habitante	m151rjrbWXbBqyq56tly	de_te_palatalization,final_unstressed_e,h_initial_english_risk	P1	abitˈɐ̃tʃi	1504
1505.00.01	alimento	m151rjrbWXbBqyq56tly	none	—	ˌalimˈẽtu	1505
1506.00.01	combater	qPfM2laM0pRL4rrZtBGl	none	—	kõbatˈeʁ	1506
1507.00.01	beber	AaeZyyi87RCxtFnHPS3e	none	—	bebˈeʁ	1507
1508.00.01	silêncio	m151rjrbWXbBqyq56tly	none	—	silˈẽsju	1508
1509.00.01	insistir	qPfM2laM0pRL4rrZtBGl	coda_s_ep_risk	P3	ĩsistʃˈiʁ	1509
1510.00.01	japonês	m151rjrbWXbBqyq56tly	none	—	ʒapõˈes	1510
1511.00.01	cobrar	wxoDdfPKBuna5KnUEotz	none	—	kobɾˈaʁ	1511
1512.00.01	cabelo	wxoDdfPKBuna5KnUEotz	none	—	kabˈelu	1512
1513.00.01	computador	AaeZyyi87RCxtFnHPS3e	none	—	kõputadˈoʁ	1513
1514.00.01	invadir	wxoDdfPKBuna5KnUEotz	none	—	ĩvaˈdʒiʁ	1514
1515.00.01	convencer	m151rjrbWXbBqyq56tly	none	—	kõvẽˈseʁ	1515
1516.00.01	móvel	m151rjrbWXbBqyq56tly	final_l_vocalization	P1	mˈɔvɛw	1516
1516.00.02	móvel	ny3E2DZImeZm00WLGZi9	final_l_vocalization	P1	mˈɔvɛw	1516
1517.00.01	equilíbrio	xNGAXaCH8MaasNuo7Hr7	none	—	ekiliˈbɾiu	1517
1518.00.01	afetar	xNGAXaCH8MaasNuo7Hr7	none	—	afetˈaʁ	1518
1519.00.01	virtude	Rw38T6bn0lTNOb1aUevR	de_te_palatalization,final_unstressed_e	P2	viɾtʃˈudʒi	1519
1520.00.01	revisão	m151rjrbWXbBqyq56tly	initial_r_or_rr	P2	ʁeviˈzɐ̃w	1520
1521.00.01	gabinete	4r3G9XKliGgVZLKMgjik	de_te_palatalization,final_unstressed_e	P2	ɡabinˈetʃi	1521
1521.00.02	gabinete	qPfM2laM0pRL4rrZtBGl	de_te_palatalization,final_unstressed_e	P2	ɡabinˈetʃi	1521
1522.00.01	democracia	m151rjrbWXbBqyq56tly	none	—	dˌemokɾasˈiɐ	1522
1523.00.01	norma	wxoDdfPKBuna5KnUEotz	none	—	nˈɔʁmɐ	1523
1524.00.01	experimentar	4r3G9XKliGgVZLKMgjik	none	—	ˌespeɾimẽˈtaʁ	1524
1525.00.01	edição	AaeZyyi87RCxtFnHPS3e	none	—	edʒiˈsɐ̃w	1525
1526.00.01	distinguir	qPfM2laM0pRL4rrZtBGl	coda_s_ep_risk	P3	dʒistʃĩɡwˈiʁ	1526
1527.00.01	falso	Rw38T6bn0lTNOb1aUevR	none	—	fˈawsu	1527
1527.00.02	falso	m151rjrbWXbBqyq56tly	none	—	fˈawsu	1527
1528.00.01	milho	AaeZyyi87RCxtFnHPS3e	none	—	mˈiʎu	1528
1529.00.01	proibir	Rw38T6bn0lTNOb1aUevR	none	—	pɾoibˈiʁ	1529
1530.00.01	exato	m151rjrbWXbBqyq56tly	none	—	ezˈatu	1530
1531.00.01	estreito	qPfM2laM0pRL4rrZtBGl	coda_s_ep_risk	P3	estɾˈejtu	1531
1531.00.02	estreito	Rw38T6bn0lTNOb1aUevR	coda_s_ep_risk	P3	estɾˈejtu	1531
1532.00.01	criticar	Rw38T6bn0lTNOb1aUevR	none	—	kɾitʃikˈaʁ	1532
1533.00.01	governar	qPfM2laM0pRL4rrZtBGl	none	—	ɡovɛɾnˈaʁ	1533
1534.00.01	corrida	Rw38T6bn0lTNOb1aUevR	initial_r_or_rr	P2	koˈxidɐ	1534
1535.00.01	resistir	m151rjrbWXbBqyq56tly	coda_s_ep_risk,initial_r_or_rr	P2	ʁezistʃˈiɾ	1535
1536.00.01	regional	Rw38T6bn0lTNOb1aUevR	final_l_vocalization,initial_r_or_rr	P1	ʁeʒjonˈaw	1536
1537.00.01	inspirar	m151rjrbWXbBqyq56tly	coda_s_ep_risk	P3	ĩspʃiɾˈaʁ	1537
1538.00.01	curioso	Rw38T6bn0lTNOb1aUevR	none	—	kuɾiˈozu	1538
1538.00.02	curioso	ny3E2DZImeZm00WLGZi9	none	—	kuɾiˈozu	1538
1539.00.01	acumular	wxoDdfPKBuna5KnUEotz	none	—	ˌakumuˈlaʁ	1539
1540.00.01	doméstico	AaeZyyi87RCxtFnHPS3e	coda_s_ep_risk	P3	dˌomˈɛstʃiku	1540
1541.00.01	socialista	m151rjrbWXbBqyq56tly	coda_s_ep_risk	P3	sosialˈistɐ	1541
1542.00.01	costume	Rw38T6bn0lTNOb1aUevR	coda_s_ep_risk,final_unstressed_e	P2	kˌostˈumi	1542
1543.00.01	símbolo	qPfM2laM0pRL4rrZtBGl	none	—	sˈĩbolu	1543
1544.00.01	deslocar	Rw38T6bn0lTNOb1aUevR	coda_s_ep_risk	P3	dˌezlokˈaʁ	1544
1544.00.02	deslocar	m151rjrbWXbBqyq56tly	coda_s_ep_risk	P3	dʒezloˈkaʁ	1544
1545.00.01	poderoso	wxoDdfPKBuna5KnUEotz	none	—	pˌodeɾˈozu	1545
1546.00.01	reino	xNGAXaCH8MaasNuo7Hr7	initial_r_or_rr	P2	ʁˈejnu	1546
1547.00.01	medir	qPfM2laM0pRL4rrZtBGl	none	—	medʒˈiɾ	1547
1548.00.01	relatório	Rw38T6bn0lTNOb1aUevR	initial_r_or_rr	P2	ʁelatˈɔɾju	1548
1549.00.01	noção	m151rjrbWXbBqyq56tly	none	—	noˈsɐ̃w̃	1549
1550.00.01	droga	ny3E2DZImeZm00WLGZi9	none	—	dɾˈɔɡɐ	1550
1551.00.01	mata	wxoDdfPKBuna5KnUEotz	none	—	mˈatɐ	1551
1552.00.01	círculo	qPfM2laM0pRL4rrZtBGl	none	—	sˈiɾkulu	1552
1553.00.01	observação	ny3E2DZImeZm00WLGZi9	none	—	ˌobseɾvɐsˈɐ̃w	1553
1554.00.01	reclamar	4r3G9XKliGgVZLKMgjik	initial_r_or_rr	P2	ʁeklɐmˈaʁ	1554
1555.00.01	convite	qPfM2laM0pRL4rrZtBGl	de_te_palatalization,final_unstressed_e	P2	kõˈvitʃi	1555
1556.00.01	definitivo	m151rjrbWXbBqyq56tly	none	—	dˌefinitʃˈivu	1556
1557.00.01	metal	Rw38T6bn0lTNOb1aUevR	final_l_vocalization	P1	metˈaw	1557
1558.00.01	buraco	ny3E2DZImeZm00WLGZi9	none	—	buɾˈaku	1558
1559.00.01	vidro	Rw38T6bn0lTNOb1aUevR	none	—	vˈidɾu	1559
1560.00.01	isolado	qPfM2laM0pRL4rrZtBGl	none	—	ˌizolˈadu	1560
1561.00.01	sal	xNGAXaCH8MaasNuo7Hr7	final_l_vocalization	P1	sˈaw	1561
1562.00.01	supremo	4r3G9XKliGgVZLKMgjik	none	—	supɾˈemu	1562
1563.00.01	concreto	qPfM2laM0pRL4rrZtBGl	none	—	kõkɾˈɛtu	1563
1564.00.01	individual	ny3E2DZImeZm00WLGZi9	final_l_vocalization	P1	ˌĩdʒividuˈaw	1564
1565.00.01	colher	AaeZyyi87RCxtFnHPS3e	none	—	koʎˈeʁ	1565
1566.00.01	distante	xNGAXaCH8MaasNuo7Hr7	coda_s_ep_risk,de_te_palatalization,final_unstressed_e	P2	dʒistˈɐ̃tʃi	1566
1567.00.01	estimar	xNGAXaCH8MaasNuo7Hr7	coda_s_ep_risk	P3	estʃimˈaʁ	1567
1567.00.02	estimar	xNGAXaCH8MaasNuo7Hr7	coda_s_ep_risk	P3	estʃimˈaʁ	1567
1568.00.01	acordar	xNGAXaCH8MaasNuo7Hr7	none	—	akɔɾdˈaʁ	1568
1569.00.01	raio	xNGAXaCH8MaasNuo7Hr7	initial_r_or_rr	P2	ʁˈaju	1569
1570.00.01	suportar	Rw38T6bn0lTNOb1aUevR	none	—	supuɾətˈaʁ	1570
1570.00.02	suportar	Rw38T6bn0lTNOb1aUevR	none	—	supɔɾtˈaʁ	1570
1571.00.01	honra	AaeZyyi87RCxtFnHPS3e	h_initial_english_risk	P1	ˈõʁɐ	1571
1572.00.01	ameaça	m151rjrbWXbBqyq56tly	none	—	ɐmẽˈasɐ	1572
1573.00.01	sindicato	qPfM2laM0pRL4rrZtBGl	none	—	sĩdʒikˈatu	1573
1573.00.02	sindicato	m151rjrbWXbBqyq56tly	none	—	sĩdʒikˈatu	1573
1574.00.01	encher	wxoDdfPKBuna5KnUEotz	none	—	ẽʃˈeʁ	1574
1575.00.01	herói	m151rjrbWXbBqyq56tly	h_initial_english_risk	P1	eˈɾɔj	1575
1576.00.01	precisamente	m151rjrbWXbBqyq56tly	de_te_palatalization,final_unstressed_e	P2	pɾesizɐmˈẽtʃi	1576
1577.00.01	específico	qPfM2laM0pRL4rrZtBGl	coda_s_ep_risk	P3	ˌespesˈifiku	1577
1578.00.01	pesado	m151rjrbWXbBqyq56tly	none	—	pezˈadu	1578
1579.00.01	extremamente	ny3E2DZImeZm00WLGZi9	de_te_palatalization,final_unstressed_e	P2	ˌestɾemɐmˈẽtʃi	1579
1580.00.01	aventura	qPfM2laM0pRL4rrZtBGl	none	—	avẽˈtuɾɐ	1580
1581.00.01	lógica	m151rjrbWXbBqyq56tly	none	—	lˈɔʒikɐ	1581
1582.00.01	assistência	m151rjrbWXbBqyq56tly	coda_s_ep_risk	P3	ˌasistʃˈẽsjɐ	1582
1583.00.01	justo	4r3G9XKliGgVZLKMgjik	coda_s_ep_risk	P3	ʒˈustu	1583
1584.00.01	montanha	qPfM2laM0pRL4rrZtBGl	none	—	mõˈtɐ̃ɲɐ	1584
1585.00.01	regresso	ny3E2DZImeZm00WLGZi9	coda_s_ep_risk,initial_r_or_rr	P2	ʁeɡɾˈɛsu	1585
1586.00.01	humanidade	4r3G9XKliGgVZLKMgjik	de_te_palatalization,final_unstressed_e,h_initial_english_risk	P1	ˌumɐnidˈadʒi	1586
1587.00.01	apresentação	Rw38T6bn0lTNOb1aUevR	none	—	ˌapɾezẽtɐsˈɐ̃w	1587
1588.00.01	academia	xNGAXaCH8MaasNuo7Hr7	none	—	ˌakadɛmˈiɐ	1588
1588.00.02	academia	m151rjrbWXbBqyq56tly	none	—	akadˈemiɐ	1588
1589.00.01	interessado	m151rjrbWXbBqyq56tly	coda_s_ep_risk	P3	ˌĩteɾesˈadu	1589
1590.00.01	meter	Rw38T6bn0lTNOb1aUevR	none	—	metˈeʁ	1590
1590.00.02	meter	Rw38T6bn0lTNOb1aUevR	none	—	metˈeɾ	1590
1591.00.01	ai	ny3E2DZImeZm00WLGZi9	none	—	ˈaj	1591
1592.00.01	universal	Rw38T6bn0lTNOb1aUevR	final_l_vocalization,same_spelling_en_pt	P1	ˌuniveɾsˈaw	1592
1593.00.01	inteligência	Rw38T6bn0lTNOb1aUevR	none	—	ĩtʃeliʒˈẽsjɐ	1593
1594.00.01	recordar	m151rjrbWXbBqyq56tly	initial_r_or_rr	P2	ʁekoʁdˈaʁ	1594
1595.00.01	caça	4r3G9XKliGgVZLKMgjik	user_reported	P0	kˈasɐ	1595
1596.00.01	capítulo	wxoDdfPKBuna5KnUEotz	none	—	kɐpˈitʃulu	1596
1597.00.01	frequentar	ny3E2DZImeZm00WLGZi9	none	—	fɾekwẽˈtaʁ	1597
1598.00.01	prosseguir	m151rjrbWXbBqyq56tly	coda_s_ep_risk	P3	pɾoseɡˈiʁ	1598
1599.00.01	choque	4r3G9XKliGgVZLKMgjik	none	—	ʃˈɔki	1599
1600.00.01	mulato	wxoDdfPKBuna5KnUEotz	none	—	mulˈatu	1600
1601.00.01	escrita	Rw38T6bn0lTNOb1aUevR	coda_s_ep_risk	P3	eskɾˈitɐ	1601
1602.00.01	adulto	Rw38T6bn0lTNOb1aUevR	none	—	adˈuwtu	1602
1603.00.01	tender	wxoDdfPKBuna5KnUEotz	none	—	tẽˈdeʁ	1603
1604.00.01	gestão	wxoDdfPKBuna5KnUEotz	coda_s_ep_risk	P3	ʒestʃˈɐ̃w	1604
1605.00.01	rever	m151rjrbWXbBqyq56tly	initial_r_or_rr	P2	ʁevˈeʁ	1605
1605.00.02	rever	m151rjrbWXbBqyq56tly	initial_r_or_rr	P2	ʁevˈeʁ	1605
1606.00.01	serra	Rw38T6bn0lTNOb1aUevR	initial_r_or_rr,user_reported	P0	sˈɛʁɐ	1606
1606.00.02	serra	ny3E2DZImeZm00WLGZi9	initial_r_or_rr,user_reported	P0	sˈɛʁɐ	1606
1607.00.01	forno	AaeZyyi87RCxtFnHPS3e	none	—	fˈoɾnu	1607
1608.00.01	médio	xNGAXaCH8MaasNuo7Hr7	none	—	mˈɛdʒiu	1608
1609.00.01	instalação	qPfM2laM0pRL4rrZtBGl	coda_s_ep_risk	P3	ĩstɐlɐsˈɐ̃w	1609
1610.00.01	democrático	m151rjrbWXbBqyq56tly	none	—	dˌemokɾˈatʃiku	1610
1611.00.01	proprietário	xNGAXaCH8MaasNuo7Hr7	none	—	pɾopɾietˈaɾju	1611
1612.00.01	orçamento	xNGAXaCH8MaasNuo7Hr7	none	—	oɾsɐmˈẽtu	1612
1613.00.01	temer	m151rjrbWXbBqyq56tly	none	—	temˈeʁ	1613
1614.00.01	debate	qPfM2laM0pRL4rrZtBGl	de_te_palatalization,final_unstressed_e	P2	deˈbatʃi	1614
1615.00.01	implicar	ny3E2DZImeZm00WLGZi9	none	—	ĩplikˈaʁ	1615
1616.00.01	facilitar	wxoDdfPKBuna5KnUEotz	none	—	fˌasilitˈaʁ	1616
1617.00.01	realização	AaeZyyi87RCxtFnHPS3e	initial_r_or_rr	P2	ʁealizɐsˈɐ̃w	1617
1618.00.01	disponível	AaeZyyi87RCxtFnHPS3e	coda_s_ep_risk,final_l_vocalization	P1	dʒispõˈnivew	1618
1619.00.01	repousar	Rw38T6bn0lTNOb1aUevR	initial_r_or_rr	P2	ʁepowzˈaʁ	1619
1620.00.01	continente	4r3G9XKliGgVZLKMgjik	de_te_palatalization,final_unstressed_e	P2	kõtʃinˈẽtʃi	1620
1621.00.01	líquido	xNGAXaCH8MaasNuo7Hr7	none	—	lˈikwidu	1621
1622.00.01	teste	Rw38T6bn0lTNOb1aUevR	coda_s_ep_risk,de_te_palatalization,final_unstressed_e	P2	tˈɛstʃi	1622
1623.00.01	junta	AaeZyyi87RCxtFnHPS3e	none	—	ʒˈũtɐ	1623
1624.00.01	talento	4r3G9XKliGgVZLKMgjik	none	—	talˈẽtu	1624
1625.00.01	dona	xNGAXaCH8MaasNuo7Hr7	none	—	dˈonɐ	1625
1625.00.02	dona	m151rjrbWXbBqyq56tly	none	—	dˈonɐ	1625
1626.00.01	variar	xNGAXaCH8MaasNuo7Hr7	none	—	vɐɾiˈaʁ	1626
1627.00.01	contemporâneo	m151rjrbWXbBqyq56tly	none	—	kõtẽpoɾˈɐ̃niu	1627
1628.00.01	seção	m151rjrbWXbBqyq56tly	none	—	sesˈɐ̃w̃	1628
1629.00.01	escritório	Rw38T6bn0lTNOb1aUevR	coda_s_ep_risk	P3	ˌeskɾitˈɔɾju	1629
1630.00.01	barato	wxoDdfPKBuna5KnUEotz	none	—	bɐɾˈatu	1630
1631.00.01	atirar	4r3G9XKliGgVZLKMgjik	none	—	atʃiˈɾaʁ	1631
1631.00.02	atirar	wxoDdfPKBuna5KnUEotz	none	—	atʃiɾˈaʁ	1631
1632.00.01	relativo	Rw38T6bn0lTNOb1aUevR	initial_r_or_rr	P2	ʁelatʃˈivu	1632
1633.00.01	pedaço	xNGAXaCH8MaasNuo7Hr7	none	—	pedˈasu	1633
1634.00.01	presidência	Rw38T6bn0lTNOb1aUevR	none	—	pɾezidˈẽsiɐ	1634
1635.00.01	piano	Rw38T6bn0lTNOb1aUevR	english_loanword,same_spelling_en_pt	P1	piˈɐ̃nu	1635
1636.00.01	negociar	Rw38T6bn0lTNOb1aUevR	none	—	neɡosiˈaʁ	1636
1637.00.01	vago	xNGAXaCH8MaasNuo7Hr7	none	—	vˈaɡu	1637
1637.00.02	vago	m151rjrbWXbBqyq56tly	none	—	vˈaɡu	1637
1638.00.01	tratado	Rw38T6bn0lTNOb1aUevR	none	—	tɾaˈtadu	1638
1639.00.01	superfície	m151rjrbWXbBqyq56tly	none	—	ˌsupeɾfˈisi	1639
1640.00.01	derrubar	Rw38T6bn0lTNOb1aUevR	initial_r_or_rr	P2	deʁubˈaʁ	1640
1640.00.02	derrubar	m151rjrbWXbBqyq56tly	initial_r_or_rr	P2	deʁubˈaʁ	1640
1641.00.01	padrão	Rw38T6bn0lTNOb1aUevR	none	—	padɾˈɐ̃w	1641
1641.00.02	padrão	m151rjrbWXbBqyq56tly	none	—	padɾˈɐ̃w	1641
1642.00.01	operário	xNGAXaCH8MaasNuo7Hr7	none	—	ˌopeɾˈaɾju	1642
1643.00.01	fórmula	wxoDdfPKBuna5KnUEotz	none	—	fˈɔɾmulɐ	1643
1644.00.01	transportar	4r3G9XKliGgVZLKMgjik	coda_s_ep_risk	P3	tɾɐ̃ŋspoɾtˈaʁ	1644
1645.00.01	esclarecer	AaeZyyi87RCxtFnHPS3e	coda_s_ep_risk	P3	ˌesklaɾesˈeʁ	1645
1646.00.01	distribuição	m151rjrbWXbBqyq56tly	coda_s_ep_risk	P3	dʒˌistɾibuisˈɐ̃w	1646
1647.00.01	lento	4r3G9XKliGgVZLKMgjik	none	—	lˈẽtu	1647
1648.00.01	concurso	AaeZyyi87RCxtFnHPS3e	none	—	kõkˈuɾsu	1648
1649.00.01	sobreviver	ny3E2DZImeZm00WLGZi9	none	—	sobɾevivˈeʁ	1649
1650.00.01	freguesia	m151rjrbWXbBqyq56tly	none	—	fɾeɡezˈiɐ	1650
1650.00.02	freguesia	m151rjrbWXbBqyq56tly	none	—	fɾeɡezˈiɐ	1650
1651.00.01	féria	ny3E2DZImeZm00WLGZi9	none	—	fˈɛɾjɐ	1651
1652.00.01	arranjar	Rw38T6bn0lTNOb1aUevR	initial_r_or_rr	P2	ˌaʁɐ̃ʒˈaʁ	1652
1652.00.02	arranjar	Rw38T6bn0lTNOb1aUevR	initial_r_or_rr	P2	aʁɐ̃ʒˈaʁ	1652
1653.00.01	nervoso	AaeZyyi87RCxtFnHPS3e	none	—	neɾvˈozu	1653
1654.00.01	surpresa	m151rjrbWXbBqyq56tly	none	—	suɾpɾˈezɐ	1654
1655.00.01	introduzir	Rw38T6bn0lTNOb1aUevR	none	—	ˌĩtɾoduzˈiʁ	1655
1656.00.01	seleção	xNGAXaCH8MaasNuo7Hr7	none	—	selˈesɐ̃w̃	1656
1656.00.02	seleção	Rw38T6bn0lTNOb1aUevR	none	—	seleˈsɐ̃w	1656
1657.00.01	progresso	AaeZyyi87RCxtFnHPS3e	coda_s_ep_risk	P3	pɾoɡɾˈɛsu	1657
1658.00.01	tiro	xNGAXaCH8MaasNuo7Hr7	none	—	tʃˈiɾu	1658
1659.00.01	exigência	Rw38T6bn0lTNOb1aUevR	none	—	eziʒˈẽsjɐ	1659
1660.00.01	opção	Rw38T6bn0lTNOb1aUevR	none	—	opˈsɐ̃w̃	1660
1661.00.01	vasto	m151rjrbWXbBqyq56tly	coda_s_ep_risk	P3	vˈastu	1661
1662.00.01	promessa	Rw38T6bn0lTNOb1aUevR	coda_s_ep_risk	P3	pɾoˈmɛsɐ	1662
1663.00.01	laboratório	ny3E2DZImeZm00WLGZi9	none	—	labɔɾatˈɔɾju	1663
1664.00.01	benefício	xNGAXaCH8MaasNuo7Hr7	none	—	bˌenefˈisju	1664
1665.00.01	nascimento	qPfM2laM0pRL4rrZtBGl	coda_s_ep_risk	P3	nɐsimˈẽtu	1665
1666.00.01	básico	Rw38T6bn0lTNOb1aUevR	none	—	bˈaziku	1666
1667.00.01	semente	Rw38T6bn0lTNOb1aUevR	de_te_palatalization,final_unstressed_e	P2	semˈẽtʃi	1667
1668.00.01	osso	Rw38T6bn0lTNOb1aUevR	coda_s_ep_risk	P3	ˈosu	1668
1669.00.01	frequência	ny3E2DZImeZm00WLGZi9	none	—	fɾekwˈẽsiɐ	1669
1670.00.01	conquista	wxoDdfPKBuna5KnUEotz	coda_s_ep_risk	P3	kõkˈistɐ	1670
1671.00.01	arquitetura	Rw38T6bn0lTNOb1aUevR	none	—	ˌaɾkitʃetˈuɾɐ	1671
1672.00.01	encaminhar	Rw38T6bn0lTNOb1aUevR	none	—	ẽkɐmĩɲˈaʁ	1672
1673.00.01	fiel	qPfM2laM0pRL4rrZtBGl	final_l_vocalization,user_reported	P0	fiˈɛw	1673
1674.00.01	seguida	m151rjrbWXbBqyq56tly	none	—	seɡˈidɐ	1674
1674.01.01	em seguida	m151rjrbWXbBqyq56tly	none	—	ẽ seˈɡidɐ	1674
1675.00.01	escudo	ny3E2DZImeZm00WLGZi9	coda_s_ep_risk	P3	eskˈudu	1675
1675.00.02	escudo	m151rjrbWXbBqyq56tly	coda_s_ep_risk	P3	eʃkˈudu	1675
1676.00.01	proceder	m151rjrbWXbBqyq56tly	none	—	pɾosedˈeʁ	1676
1677.00.01	complicado	Rw38T6bn0lTNOb1aUevR	none	—	kõplʃikˈadu	1677
1678.00.01	quadrado	qPfM2laM0pRL4rrZtBGl	none	—	kwadɾˈadu	1678
1679.00.01	condenar	m151rjrbWXbBqyq56tly	none	—	kõdʒenˈaʁ	1679
1680.00.01	patrimônio	ny3E2DZImeZm00WLGZi9	none	—	patɾimˈõniu	1680
1681.00.01	destinado	qPfM2laM0pRL4rrZtBGl	coda_s_ep_risk	P3	dˌestʃinˈadu	1681
1682.00.01	visar	xNGAXaCH8MaasNuo7Hr7	user_reported	P0	vizˈaʁ	1682
1683.00.01	transformação	m151rjrbWXbBqyq56tly	coda_s_ep_risk	P3	tɾɐ̃ʃfoʁmɐsˈɐ̃w	1683
1684.00.01	interpretação	4r3G9XKliGgVZLKMgjik	none	—	ĩteɾpɾetɐsˈɐ̃w	1684
1685.00.01	veículo	Rw38T6bn0lTNOb1aUevR	none	—	veˈikulu	1685
1686.00.01	gato	Rw38T6bn0lTNOb1aUevR	none	—	ɡˈatu	1686
1687.00.01	aéreo	Rw38T6bn0lTNOb1aUevR	none	—	aˈɛɾeu	1687
1688.00.01	ontem	m151rjrbWXbBqyq56tly	none	—	ˈõtẽj	1688
1689.00.01	conferência	ny3E2DZImeZm00WLGZi9	none	—	kõfeɾˈẽsjɐ	1689
1690.00.01	criado	Rw38T6bn0lTNOb1aUevR	none	—	kɾiˈadu	1690
1691.00.01	tecnologia	ny3E2DZImeZm00WLGZi9	none	—	tˌɛknoloˈʒiɐ	1691
1692.00.01	adaptar	Rw38T6bn0lTNOb1aUevR	none	—	adɐptˈaʁ	1692
1693.00.01	barra	AaeZyyi87RCxtFnHPS3e	initial_r_or_rr	P2	bˈaʁɐ	1693
1694.00.01	hotel	m151rjrbWXbBqyq56tly	english_loanword,final_l_vocalization,h_initial_english_risk,same_spelling_en_pt	P1	otˈɛw	1694
1695.00.01	mistura	Rw38T6bn0lTNOb1aUevR	coda_s_ep_risk	P3	mˈistuɾɐ	1695
1696.00.01	obrigado	AaeZyyi87RCxtFnHPS3e	none	—	ˌobɾiɡˈadu	1696
1696.00.02	obrigado	wxoDdfPKBuna5KnUEotz	none	—	ˌobɾiɡˈadu	1696
1697.00.01	teu	Rw38T6bn0lTNOb1aUevR	none	—	tˈew	1697
1698.00.01	copa	m151rjrbWXbBqyq56tly	none	—	kˈɔpɐ	1698
1698.00.02	copa	xNGAXaCH8MaasNuo7Hr7	none	—	kˈɔpɐ	1698
1699.00.01	romper	m151rjrbWXbBqyq56tly	initial_r_or_rr	P2	ʁõˈpeʁ	1699
1699.00.02	romper	ny3E2DZImeZm00WLGZi9	initial_r_or_rr	P2	ʁõpˈeʁ	1699
1700.00.01	comandar	Rw38T6bn0lTNOb1aUevR	none	—	kˌomɐ̃dˈaʁ	1700
1701.00.01	respectivo	m151rjrbWXbBqyq56tly	coda_s_ep_risk,initial_r_or_rr	P2	ʁespeˈtʃivu	1701
1702.00.01	avaliação	Rw38T6bn0lTNOb1aUevR	none	—	avaliˈasɐ̃w̃	1702
1703.00.01	dólar	m151rjrbWXbBqyq56tly	none	—	dˈɔlaʁ	1703
1704.00.01	identidade	Rw38T6bn0lTNOb1aUevR	de_te_palatalization,final_unstressed_e	P2	idẽtʃidˈadʒi	1704
1705.00.01	salto	qPfM2laM0pRL4rrZtBGl	none	—	sˈawtu	1705
1706.00.01	centena	xNGAXaCH8MaasNuo7Hr7	none	—	sẽˈtenɐ	1706
1707.00.01	interromper	AaeZyyi87RCxtFnHPS3e	initial_r_or_rr	P2	ĩteʁõˈpeʁ	1707
1708.00.01	músico	qPfM2laM0pRL4rrZtBGl	none	—	mˈuziku	1708
1708.00.02	músico	wxoDdfPKBuna5KnUEotz	none	—	mˈuziku	1708
1709.00.01	capa	4r3G9XKliGgVZLKMgjik	user_reported	P0	kˈapɐ	1709
1709.00.02	capa	Rw38T6bn0lTNOb1aUevR	user_reported	P0	kˈapɐ	1709
1710.00.01	roubar	Rw38T6bn0lTNOb1aUevR	initial_r_or_rr	P2	ʁowbˈaɾ	1710
1711.00.01	paciente	qPfM2laM0pRL4rrZtBGl	de_te_palatalization,final_unstressed_e	P2	pɐsiˈẽtʃi	1711
1712.00.01	jurídico	m151rjrbWXbBqyq56tly	none	—	ʒuɾˈidʒiku	1712
1713.00.01	adversário	Rw38T6bn0lTNOb1aUevR	none	—	ˌadveɾsˈaɾiu	1713
1714.00.01	prejuízo	xNGAXaCH8MaasNuo7Hr7	none	—	pɾeʒuˈizu	1714
1714.00.02	prejuízo	qPfM2laM0pRL4rrZtBGl	none	—	pɾeʒuˈizu	1714
1715.00.01	capela	wxoDdfPKBuna5KnUEotz	none	—	kapˈɛlɐ	1715
1716.00.01	grego	Rw38T6bn0lTNOb1aUevR	none	—	ɡɾˈeɡu	1716
1717.00.01	episódio	4r3G9XKliGgVZLKMgjik	none	—	ˌepizˈɔdʒiu	1717
1718.00.01	composição	wxoDdfPKBuna5KnUEotz	none	—	kõpoziˈsɐ̃w̃	1718
1719.00.01	adiantar	Rw38T6bn0lTNOb1aUevR	none	—	ˌadʒiɐ̃ŋtˈaʁ	1719
1720.00.01	ciclo	qPfM2laM0pRL4rrZtBGl	none	—	sˈiklu	1720
1721.00.01	existente	qPfM2laM0pRL4rrZtBGl	coda_s_ep_risk,de_te_palatalization,final_unstressed_e	P2	eziʃtˈẽtʃi	1721
1722.00.01	excesso	m151rjrbWXbBqyq56tly	coda_s_ep_risk	P3	eˈsɛsu	1722
1723.00.01	teto	wxoDdfPKBuna5KnUEotz	none	—	tˈɛtu	1723
1724.00.01	rosto	xNGAXaCH8MaasNuo7Hr7	coda_s_ep_risk,initial_r_or_rr	P2	ʁˈostu	1724
1725.00.01	revolucionário	m151rjrbWXbBqyq56tly	initial_r_or_rr	P2	ʁevolusjõˈnaɾju	1725
1726.00.01	lobo	wxoDdfPKBuna5KnUEotz	none	—	lˈobu	1726
1727.00.01	açúcar	m151rjrbWXbBqyq56tly	none	—	ɐsˈukaʁ	1727
1728.00.01	denunciar	xNGAXaCH8MaasNuo7Hr7	none	—	denũsiˈaʁ	1728
1729.00.01	associado	m151rjrbWXbBqyq56tly	coda_s_ep_risk	P3	ˌasosiˈadu	1729
1730.00.01	organismo	Rw38T6bn0lTNOb1aUevR	coda_s_ep_risk	P3	oɾɡɐnˈizmu	1730
1730.00.02	organismo	4r3G9XKliGgVZLKMgjik	coda_s_ep_risk	P3	ˌoɾɡɐnˈizmu	1730
1731.00.01	rendimento	wxoDdfPKBuna5KnUEotz	initial_r_or_rr	P2	ʁẽdʒimˈẽtu	1731
1732.00.01	rumo	m151rjrbWXbBqyq56tly	initial_r_or_rr	P2	ʁˈumu	1732
1733.00.01	encerrar	Rw38T6bn0lTNOb1aUevR	initial_r_or_rr	P2	ẽseˈʁaʁ	1733
1734.00.01	concerto	Rw38T6bn0lTNOb1aUevR	none	—	kõsˈɛɾtu	1734
1736.00.01	mostra	wxoDdfPKBuna5KnUEotz	coda_s_ep_risk	P3	mˈɔstɾɐ	1736
1736.00.02	mostra	Rw38T6bn0lTNOb1aUevR	coda_s_ep_risk	P3	mˈɔstɾɐ	1736
1737.00.01	trecho	AaeZyyi87RCxtFnHPS3e	none	—	tɾˈeʃu	1737
1738.00.01	intervir	m151rjrbWXbBqyq56tly	none	—	ĩteɾvˈiʁ	1738
1739.00.01	ferir	Rw38T6bn0lTNOb1aUevR	none	—	feɾˈiʁ	1739
1740.00.01	agência	4r3G9XKliGgVZLKMgjik	none	—	aˈʒẽsjɐ	1740
1741.00.01	latino	wxoDdfPKBuna5KnUEotz	none	—	lɐtʃˈinu	1741
1741.00.02	latino	4r3G9XKliGgVZLKMgjik	none	—	lɐˈtʃinu	1741
1742.00.01	placa	m151rjrbWXbBqyq56tly	user_reported	P0	plˈakɐ	1742
1742.00.02	placa	qPfM2laM0pRL4rrZtBGl	user_reported	P0	plˈakɐ	1742
1742.00.03	placa	m151rjrbWXbBqyq56tly	user_reported	P0	plˈakɐ	1742
1743.00.01	mandato	xNGAXaCH8MaasNuo7Hr7	none	—	mɐ̃ŋdˈatu	1743
1744.00.01	praticamente	AaeZyyi87RCxtFnHPS3e	de_te_palatalization,final_unstressed_e	P2	pɾˌatʃikɐmˈẽtʃi	1744
1745.00.01	estabelecimento	ny3E2DZImeZm00WLGZi9	coda_s_ep_risk	P3	ˌestabˌelesimˈẽtu	1745
1746.00.01	ignorar	m151rjrbWXbBqyq56tly	none	—	iɡnoˈɾaʁ	1746
1747.00.01	brilhante	AaeZyyi87RCxtFnHPS3e	de_te_palatalization,final_unstressed_e	P2	bɾiʎˈɐ̃tʃi	1747
1748.00.01	saco	Rw38T6bn0lTNOb1aUevR	none	—	sˈaku	1748
1749.00.01	departamento	m151rjrbWXbBqyq56tly	none	—	dˌepaɾtɐmˈẽtu	1749
1750.00.01	amizade	m151rjrbWXbBqyq56tly	de_te_palatalization,final_unstressed_e	P2	ˌamizˈadʒi	1750
1751.00.01	perfil	Rw38T6bn0lTNOb1aUevR	final_l_vocalization	P1	peɾfˈiw	1751
1752.00.01	porco	wxoDdfPKBuna5KnUEotz	none	—	pˈoʁku	1752
1752.00.02	porco	Rw38T6bn0lTNOb1aUevR	none	—	pˈoɾku	1752
1753.00.01	assentar	m151rjrbWXbBqyq56tly	coda_s_ep_risk	P3	ˌasẽˈtaʁ	1753
1753.00.02	assentar	Rw38T6bn0lTNOb1aUevR	coda_s_ep_risk	P3	asẽˈtaʁ	1753
1754.00.01	produtor	m151rjrbWXbBqyq56tly	none	—	pɾoduˈtoʁ	1754
1755.00.01	retrato	wxoDdfPKBuna5KnUEotz	initial_r_or_rr	P2	ʁeˈtɾatu	1755
1756.00.01	bruto	xNGAXaCH8MaasNuo7Hr7	none	—	bɾˈutu	1756
1756.00.02	bruto	Rw38T6bn0lTNOb1aUevR	none	—	bɾˈutu	1756
1757.00.01	queimar	AaeZyyi87RCxtFnHPS3e	none	—	kejˈmaʁ	1757
1758.00.01	globo	AaeZyyi87RCxtFnHPS3e	none	—	ɡlˈobu	1758
1759.00.01	bispo	AaeZyyi87RCxtFnHPS3e	coda_s_ep_risk	P3	bˈispu	1759
1760.00.01	mente	wxoDdfPKBuna5KnUEotz	de_te_palatalization,final_unstressed_e	P2	mˈẽtʃi	1760
1761.00.01	parlamentar	wxoDdfPKBuna5KnUEotz	none	—	paɾlɐmẽˈtaʁ	1761
1762.00.01	significativo	m151rjrbWXbBqyq56tly	none	—	sˌiɡnifikatʃˈivu	1762
1763.00.01	falha	Rw38T6bn0lTNOb1aUevR	none	—	fˈaʎɐ	1763
1763.00.02	falha	wxoDdfPKBuna5KnUEotz	none	—	fˈaʎɐ	1763
1763.00.03	falha	4r3G9XKliGgVZLKMgjik	none	—	fˈaʎɐ	1763
1764.00.01	marcha	m151rjrbWXbBqyq56tly	ep_leftover_named	P0	mˈaʁʃɐ	1764
1764.00.02	marcha	Rw38T6bn0lTNOb1aUevR	ep_leftover_named	P0	mˈaʁʃɐ	1764
1764.00.03	marcha	AaeZyyi87RCxtFnHPS3e	ep_leftover_named	P0	mˈaʁʃɐ	1764
1765.00.01	horário	Rw38T6bn0lTNOb1aUevR	h_initial_english_risk	P1	oɾˈaɾju	1765
1766.00.01	extensão	ny3E2DZImeZm00WLGZi9	none	—	ˌestẽsˈɐ̃w̃	1766
1766.00.02	extensão	m151rjrbWXbBqyq56tly	none	—	estẽsˈɐ̃w	1766
1767.00.01	vaca	Rw38T6bn0lTNOb1aUevR	none	—	vˈakɐ	1767
1768.00.01	paulista	Rw38T6bn0lTNOb1aUevR	coda_s_ep_risk	P3	pawlˈistɐ	1768
1769.00.01	foto	m151rjrbWXbBqyq56tly	none	—	fˈɔtu	1769
1770.00.01	aplicação	m151rjrbWXbBqyq56tly	none	—	ˌaplikasˈɐ̃w	1770
1771.00.01	rato	ny3E2DZImeZm00WLGZi9	initial_r_or_rr,spanish_collision	P2	ʁˈatu	1771
1772.00.01	conteúdo	xNGAXaCH8MaasNuo7Hr7	none	—	kõtʃˈedu	1772
1773.00.01	inúmero	m151rjrbWXbBqyq56tly	none	—	ĩnˈumeɾu	1773
1774.00.01	constitucional	wxoDdfPKBuna5KnUEotz	coda_s_ep_risk,final_l_vocalization	P1	kõstʃitusjonˈaw	1774
1775.00.01	escala	qPfM2laM0pRL4rrZtBGl	coda_s_ep_risk	P3	esˈkalɐ	1775
1776.00.01	negociação	xNGAXaCH8MaasNuo7Hr7	none	—	neɡosiˈasɐ̃w̃	1776
1777.00.01	criador	4r3G9XKliGgVZLKMgjik	none	—	kɾiɐdˈoʁ	1777
1778.00.01	alegria	Rw38T6bn0lTNOb1aUevR	none	—	aleɡɾˈiɐ	1778
1779.00.01	depósito	m151rjrbWXbBqyq56tly	none	—	depˈɔzitu	1779
1779.00.02	depósito	xNGAXaCH8MaasNuo7Hr7	none	—	dɛpˈɔzitu	1779
1779.00.03	depósito	m151rjrbWXbBqyq56tly	none	—	depˈɔzitu	1779
1780.00.01	instrução	xNGAXaCH8MaasNuo7Hr7	coda_s_ep_risk	P3	ĩstɾuˈsɐ̃w̃	1780
1781.00.01	comprido	Rw38T6bn0lTNOb1aUevR	none	—	kõpɾˈidu	1781
1783.00.01	dançar	xNGAXaCH8MaasNuo7Hr7	none	—	dɐ̃ˈsaʁ	1783
1784.00.01	conservar	xNGAXaCH8MaasNuo7Hr7	none	—	kõseɾvˈaʁ	1784
1785.00.01	tela	AaeZyyi87RCxtFnHPS3e	none	—	tˈɛlɐ	1785
1785.00.02	tela	Rw38T6bn0lTNOb1aUevR	none	—	tˈɛlɐ	1785
1786.00.01	disputar	m151rjrbWXbBqyq56tly	coda_s_ep_risk	P3	dʒisputˈaʁ	1786
1787.00.01	adolescente	m151rjrbWXbBqyq56tly	coda_s_ep_risk,de_te_palatalization,final_unstressed_e	P2	ˌadolesˈẽtʃi	1787
1788.00.01	restante	m151rjrbWXbBqyq56tly	coda_s_ep_risk,de_te_palatalization,final_unstressed_e,initial_r_or_rr	P2	ʁestˈɐ̃tʃi	1788
1789.00.01	sólido	xNGAXaCH8MaasNuo7Hr7	none	—	sˈɔlidu	1789
1790.00.01	nobre	Rw38T6bn0lTNOb1aUevR	final_unstressed_e	P2	nˈɔbɾi	1790
1790.00.02	nobre	m151rjrbWXbBqyq56tly	final_unstressed_e	P2	nˈɔbɾi	1790
1791.00.01	balanço	AaeZyyi87RCxtFnHPS3e	none	—	balˈɐ̃su	1791
1792.00.01	corrigir	ny3E2DZImeZm00WLGZi9	initial_r_or_rr	P2	koʁiʒˈiʁ	1792
1793.00.01	passageiro	Rw38T6bn0lTNOb1aUevR	coda_s_ep_risk	P3	pˌasaʒˈejɾu	1793
1794.00.01	facilidade	m151rjrbWXbBqyq56tly	de_te_palatalization,final_unstressed_e	P2	fˌasilidˈadʒi	1794
1795.00.01	forçar	m151rjrbWXbBqyq56tly	none	—	foʁsˈaʁ	1795
1796.00.01	mecanismo	xNGAXaCH8MaasNuo7Hr7	coda_s_ep_risk	P3	mekɐnˈizmu	1796
1797.00.01	álcool	m151rjrbWXbBqyq56tly	final_l_vocalization	P1	ˈawkow	1797
1798.00.01	convênio	wxoDdfPKBuna5KnUEotz	none	—	kõvˈenju	1798
1799.00.01	curva	wxoDdfPKBuna5KnUEotz	none	—	kˈuɾvɐ	1799
1800.00.01	concentração	m151rjrbWXbBqyq56tly	none	—	kõsẽtɾɐsˈɐ̃w	1800
1801.00.01	desconhecido	Rw38T6bn0lTNOb1aUevR	coda_s_ep_risk	P3	dˌeskõɲesˈidu	1801
1802.00.01	asa	AaeZyyi87RCxtFnHPS3e	none	—	ˈazɐ	1802
1803.00.01	mudo	qPfM2laM0pRL4rrZtBGl	none	—	mˈudu	1803
1804.00.01	cama	4r3G9XKliGgVZLKMgjik	spanish_collision	P3	kˈɐmɐ	1804
1805.00.01	empresário	m151rjrbWXbBqyq56tly	none	—	ẽpɾezˈaɾiu	1805
1806.00.01	distinto	wxoDdfPKBuna5KnUEotz	coda_s_ep_risk	P3	dʒistʃˈĩtu	1806
1806.00.02	distinto	qPfM2laM0pRL4rrZtBGl	coda_s_ep_risk	P3	dʒisˈtĩtu	1806
1807.00.01	especialista	m151rjrbWXbBqyq56tly	coda_s_ep_risk	P3	ˌespeʃiˈalistɐ	1807
1808.00.01	julgamento	m151rjrbWXbBqyq56tly	none	—	ʒuwɡɐmˈẽtu	1808
1809.00.01	elevar	Rw38T6bn0lTNOb1aUevR	none	—	eleˈvaʁ	1809
1810.00.01	nomeadamente	m151rjrbWXbBqyq56tly	de_te_palatalization,final_unstressed_e	P2	nomeadamẽtʃi	1810
1811.00.01	exibir	xNGAXaCH8MaasNuo7Hr7	none	—	eziˈbiʁ	1811
1812.00.01	êxito	ny3E2DZImeZm00WLGZi9	none	—	ˈezitu	1812
1813.00.01	internacional	AaeZyyi87RCxtFnHPS3e	final_l_vocalization	P1	ĩtʃeɾnɐsiõˈnaw	1813
1814.00.01	afirmação	Rw38T6bn0lTNOb1aUevR	none	—	ˌafiɾmasˈɐ̃w	1814
1815.00.01	fuga	4r3G9XKliGgVZLKMgjik	none	—	fˈuɡɐ	1815
1816.00.01	reforçar	ny3E2DZImeZm00WLGZi9	initial_r_or_rr	P2	ʁefoʁsˈaʁ	1816
1817.00.01	engenharia	xNGAXaCH8MaasNuo7Hr7	none	—	ẽʒeɲaˈɾiɐ	1817
1818.00.01	ah	m151rjrbWXbBqyq56tly	none	—	a	1818
1819.00.01	confusão	ny3E2DZImeZm00WLGZi9	none	—	kõfuzˈɐ̃w	1819
1820.00.01	bar	ny3E2DZImeZm00WLGZi9	english_loanword,same_spelling_en_pt	P1	bˈaʁ	1820
1821.00.01	parente	4r3G9XKliGgVZLKMgjik	de_te_palatalization,final_unstressed_e	P2	paɾˈẽtʃi	1821
1822.00.01	recentemente	ny3E2DZImeZm00WLGZi9	de_te_palatalization,final_unstressed_e,initial_r_or_rr	P2	ʁeseˈẽtʃimẽtʃi	1822
1823.00.01	primário	m151rjrbWXbBqyq56tly	none	—	pɾimˈaɾiu	1823
1824.00.01	definição	m151rjrbWXbBqyq56tly	none	—	dˌefiɲisˈɐ̃w̃	1824
1825.00.01	gesto	Rw38T6bn0lTNOb1aUevR	coda_s_ep_risk	P3	ʒˈɛstu	1825
1826.00.01	liberal	4r3G9XKliGgVZLKMgjik	final_l_vocalization,same_spelling_en_pt	P1	libeɾˈaw	1826
1827.00.01	licença	m151rjrbWXbBqyq56tly	none	—	lisˈẽsɐ	1827
1828.00.01	contemplar	qPfM2laM0pRL4rrZtBGl	none	—	kõtẽˈplaɾ	1828
1829.00.01	funcionamento	Rw38T6bn0lTNOb1aUevR	none	—	fũsjonɐmˈẽtu	1829
1830.00.01	correio	m151rjrbWXbBqyq56tly	initial_r_or_rr	P2	koˈʁeju	1830
1830.00.02	correio	wxoDdfPKBuna5KnUEotz	initial_r_or_rr	P2	koˈʁeju	1830
1830.00.03	correio	wxoDdfPKBuna5KnUEotz	initial_r_or_rr	P2	koˈʁeju	1830
1831.00.01	fechado	m151rjrbWXbBqyq56tly	none	—	feʃˈadu	1831
1832.00.01	revolta	wxoDdfPKBuna5KnUEotz	initial_r_or_rr	P2	ʁevˈɔltɐ	1832
1833.00.01	cumprimento	ny3E2DZImeZm00WLGZi9	none	—	kũpɾimˈẽtu	1833
1833.00.02	cumprimento	xNGAXaCH8MaasNuo7Hr7	none	—	kũpɾimˈẽtu	1833
1834.00.01	banho	m151rjrbWXbBqyq56tly	none	—	bˈɐ̃ɲu	1834
1835.00.01	depressa	qPfM2laM0pRL4rrZtBGl	coda_s_ep_risk	P3	dˌepɾˈɛsɐ	1835
1836.00.01	ocupação	qPfM2laM0pRL4rrZtBGl	none	—	ˌokupɐsˈɐ̃w	1836
1837.00.01	reflexão	wxoDdfPKBuna5KnUEotz	initial_r_or_rr	P2	ʁefleksˈɐ̃w	1837
1838.00.01	percurso	m151rjrbWXbBqyq56tly	none	—	peɾkˈuɾsu	1838
1839.00.01	orientar	qPfM2laM0pRL4rrZtBGl	none	—	oɾiẽˈtaʁ	1839
1840.00.01	planeta	Rw38T6bn0lTNOb1aUevR	none	—	plɐnˈetɐ	1840
1841.00.01	voo	wxoDdfPKBuna5KnUEotz	none	—	vˈou	1841
1842.00.01	rir	Rw38T6bn0lTNOb1aUevR	initial_r_or_rr	P2	ʁˈiʁ	1842
1843.00.01	parceiro	m151rjrbWXbBqyq56tly	none	—	paɾsˈejɾu	1843
1843.00.02	parceiro	m151rjrbWXbBqyq56tly	none	—	paɾsˈejɾu	1843
1844.00.01	homenagem	4r3G9XKliGgVZLKMgjik	h_initial_english_risk	P1	ˌomenˈaʒẽ	1844
1845.00.01	fundação	qPfM2laM0pRL4rrZtBGl	none	—	fũdɐsˈɐ̃w	1845
1846.00.01	comprometer	m151rjrbWXbBqyq56tly	none	—	kõpɾomeˈteʁ	1846
1846.00.02	comprometer	AaeZyyi87RCxtFnHPS3e	none	—	kõpɾomeˈteʁ	1846
1847.00.01	mapa	ny3E2DZImeZm00WLGZi9	none	—	mˈapɐ	1847
1848.00.01	cópia	wxoDdfPKBuna5KnUEotz	none	—	kˈɔpjɐ	1848
1849.00.01	pairar	4r3G9XKliGgVZLKMgjik	none	—	pajɾˈaʁ	1849
1850.00.01	secundário	m151rjrbWXbBqyq56tly	none	—	sˌekũndˈaɾju	1850
1851.00.01	sessão	m151rjrbWXbBqyq56tly	coda_s_ep_risk	P3	seˈsɐ̃w̃	1851
1852.00.01	atuação	Rw38T6bn0lTNOb1aUevR	none	—	ˌatuasˈɐ̃w	1852
1853.00.01	consideração	ny3E2DZImeZm00WLGZi9	none	—	kõsidɛɾɐsˈɐ̃w	1853
1854.00.01	ensaio	xNGAXaCH8MaasNuo7Hr7	none	—	ẽˈsaju	1854
1855.00.01	projetar	Rw38T6bn0lTNOb1aUevR	none	—	pɾoʒetˈaʁ	1855
1855.00.02	projetar	Rw38T6bn0lTNOb1aUevR	none	—	pɾoʒetˈaʁ	1855
1856.00.01	estadual	m151rjrbWXbBqyq56tly	coda_s_ep_risk,final_l_vocalization	P1	ˌestaduˈaw	1856
1857.00.01	conde	xNGAXaCH8MaasNuo7Hr7	de_te_palatalization,final_unstressed_e	P2	kˈõdʒi	1857
1858.00.01	proporção	Rw38T6bn0lTNOb1aUevR	none	—	pɾopˈoɾsɐ̃w̃	1858
1859.00.01	cantor	xNGAXaCH8MaasNuo7Hr7	none	—	kɐ̃ŋtˈoʁ	1859
1860.00.01	oferta	Rw38T6bn0lTNOb1aUevR	none	—	ofˈɛɾtɐ	1860
1860.00.02	oferta	Rw38T6bn0lTNOb1aUevR	none	—	ofˈɛɾtɐ	1860
1861.00.01	antigamente	Rw38T6bn0lTNOb1aUevR	de_te_palatalization,final_unstressed_e	P2	ˌɐ̃tʃiɡɐmˈẽtʃi	1861
1862.00.01	debaixo	m151rjrbWXbBqyq56tly	none	—	debˈajʃu	1862
1863.00.01	confiar	m151rjrbWXbBqyq56tly	none	—	kõfiˈaʁ	1863
1863.00.02	confiar	xNGAXaCH8MaasNuo7Hr7	none	—	kõfiˈaʁ	1863
1864.00.01	leão	AaeZyyi87RCxtFnHPS3e	none	—	leˈɐ̃w̃	1864
1865.00.01	colaborar	4r3G9XKliGgVZLKMgjik	none	—	kˌolaboɾˈaɾ	1865
1866.00.01	judeu	ny3E2DZImeZm00WLGZi9	none	—	ʒuˈdew	1866
1867.00.01	aprovar	Rw38T6bn0lTNOb1aUevR	none	—	ˌapɾovˈaʁ	1867
1867.00.02	aprovar	ny3E2DZImeZm00WLGZi9	none	—	apɾovˈaʁ	1867
1868.00.01	orientação	m151rjrbWXbBqyq56tly	none	—	ˌoɾiẽtɐsˈɐ̃w	1868
1869.00.01	sexual	4r3G9XKliGgVZLKMgjik	final_l_vocalization	P1	sɛksuˈaw	1869
1870.00.01	bomba	Rw38T6bn0lTNOb1aUevR	none	—	bˈõbɐ	1870
1871.00.01	constar	Rw38T6bn0lTNOb1aUevR	coda_s_ep_risk	P3	kõstˈaʁ	1871
1871.00.02	constar	m151rjrbWXbBqyq56tly	coda_s_ep_risk	P3	kõstˈaʁ	1871
1872.00.01	derrota	qPfM2laM0pRL4rrZtBGl	initial_r_or_rr	P2	deʁˈɔtɐ	1872
1873.00.01	relógio	Rw38T6bn0lTNOb1aUevR	initial_r_or_rr	P2	ʁeˈlɔʒiu	1873
1874.00.01	universitário	xNGAXaCH8MaasNuo7Hr7	none	—	ˌuniveɾsiˈtaɾju	1874
1875.00.01	coronel	m151rjrbWXbBqyq56tly	final_l_vocalization	P1	koɾonˈɛw	1875
1876.00.01	cálculo	ny3E2DZImeZm00WLGZi9	none	—	kˈalkulu	1876
1876.00.02	cálculo	xNGAXaCH8MaasNuo7Hr7	none	—	kˈalkulu	1876
1877.00.01	apreciar	qPfM2laM0pRL4rrZtBGl	none	—	ˌapɾesiˈaʁ	1877
1878.00.01	esposa	4r3G9XKliGgVZLKMgjik	coda_s_ep_risk	P3	esˈpɔzɐ	1878
1879.00.01	coragem	qPfM2laM0pRL4rrZtBGl	none	—	koɾˈaʒẽ	1879
1880.00.01	sentença	4r3G9XKliGgVZLKMgjik	none	—	sẽˈtẽsɐ	1880
1881.00.01	fruta	Rw38T6bn0lTNOb1aUevR	none	—	fɾˈutɐ	1881
1882.00.01	dom	Rw38T6bn0lTNOb1aUevR	none	—	dõ	1882
1882.00.02	dom	AaeZyyi87RCxtFnHPS3e	none	—	dõ	1882
1883.00.01	abordar	xNGAXaCH8MaasNuo7Hr7	none	—	ɐboɾdˈaʁ	1883
1884.00.01	terrível	m151rjrbWXbBqyq56tly	final_l_vocalization,initial_r_or_rr	P1	teʁˈivew	1884
1885.00.01	contínuo	Rw38T6bn0lTNOb1aUevR	none	—	kõtʃˈinuu	1885
1886.00.01	exploração	xNGAXaCH8MaasNuo7Hr7	none	—	ˌesploɾɐsˈɐ̃w	1886
1886.00.02	exploração	Rw38T6bn0lTNOb1aUevR	none	—	ˌesploɾɐsˈɐ̃w	1886
1887.00.01	febre	wxoDdfPKBuna5KnUEotz	final_unstressed_e	P2	fˈɛbɾi	1887
1888.00.01	competência	wxoDdfPKBuna5KnUEotz	none	—	kõpetˈẽsjɐ	1888
1889.00.01	atraso	m151rjrbWXbBqyq56tly	none	—	atɾˈazu	1889
1890.00.01	tese	4r3G9XKliGgVZLKMgjik	final_unstressed_e	P2	tˈɛzi	1890
1891.00.01	consumo	m151rjrbWXbBqyq56tly	none	—	kõsˈumu	1891
1892.00.01	invasão	AaeZyyi87RCxtFnHPS3e	none	—	ĩvɐzˈɐ̃w	1892
1893.00.01	mineiro	Rw38T6bn0lTNOb1aUevR	none	—	minˈejɾu	1893
1893.00.02	mineiro	4r3G9XKliGgVZLKMgjik	none	—	minˈejɾu	1893
1894.00.01	propriamente	xNGAXaCH8MaasNuo7Hr7	de_te_palatalization,final_unstressed_e	P2	pɾˌopɾiɐmˈẽtʃi	1894
1894.00.02	propriamente	qPfM2laM0pRL4rrZtBGl	de_te_palatalization,final_unstressed_e	P2	pɾˌopɾiɐmˈẽtʃi	1894
1895.00.01	lago	ny3E2DZImeZm00WLGZi9	spanish_collision	P3	lˈaɡu	1895
1896.00.01	despertar	Rw38T6bn0lTNOb1aUevR	coda_s_ep_risk	P3	dˌespeɾtˈaʁ	1896
1897.00.01	expansão	Rw38T6bn0lTNOb1aUevR	none	—	ˌespɐ̃ŋsˈɐ̃w	1897
1897.00.02	expansão	Rw38T6bn0lTNOb1aUevR	none	—	ĩspɐ̃ˈsɐ̃w	1897
1898.00.01	demasiado	m151rjrbWXbBqyq56tly	none	—	dˌemazjˈadu	1898
1899.00.01	novela	Rw38T6bn0lTNOb1aUevR	none	—	novˈɛlɐ	1899
1900.00.01	civilização	Rw38T6bn0lTNOb1aUevR	none	—	sivilizɐsˈɐ̃w	1900
1901.00.01	arrancar	Rw38T6bn0lTNOb1aUevR	initial_r_or_rr	P2	aʁɐ̃ŋkˈaʁ	1901
1902.00.01	facilmente	xNGAXaCH8MaasNuo7Hr7	de_te_palatalization,final_unstressed_e	P2	fˌasilmˈẽtʃi	1902
1903.00.01	desistir	Rw38T6bn0lTNOb1aUevR	coda_s_ep_risk	P3	dˌezistʃˈiʁ	1903
1904.00.01	gasto	xNGAXaCH8MaasNuo7Hr7	coda_s_ep_risk	P3	ɡˈastu	1904
1905.00.01	culto	m151rjrbWXbBqyq56tly	none	—	kˈuwtu	1905
1905.00.02	culto	Rw38T6bn0lTNOb1aUevR	none	—	kˈuwtu	1905
1905.00.03	culto	Rw38T6bn0lTNOb1aUevR	none	—	kˈuwtu	1905
1906.00.01	confundir	m151rjrbWXbBqyq56tly	none	—	kõfũdʒˈiʁ	1906
1907.00.01	sensível	Rw38T6bn0lTNOb1aUevR	final_l_vocalization	P1	sẽˈsivew	1907
1908.00.01	trigo	m151rjrbWXbBqyq56tly	none	—	tɾˈiɡu	1908
1909.00.01	carecer	Rw38T6bn0lTNOb1aUevR	none	—	kaɾesˈeʁ	1909
1910.00.01	retornar	xNGAXaCH8MaasNuo7Hr7	initial_r_or_rr	P2	ʁetoɾnˈaʁ	1910
1911.00.01	quilo	wxoDdfPKBuna5KnUEotz	none	—	kˈilu	1911
1912.00.01	lavar	ny3E2DZImeZm00WLGZi9	none	—	lavˈaʁ	1912
1913.00.01	obedecer	AaeZyyi87RCxtFnHPS3e	none	—	obedˈeseʁ	1913
1914.00.01	liga	xNGAXaCH8MaasNuo7Hr7	none	—	lˈiɡɐ	1914
1914.00.02	liga	Rw38T6bn0lTNOb1aUevR	none	—	lˈiɡɐ	1914
1914.00.03	liga	AaeZyyi87RCxtFnHPS3e	none	—	lˈiɡɐ	1914
1915.00.01	pacto	m151rjrbWXbBqyq56tly	none	—	pˈaktu	1915
1916.00.01	particularmente	Rw38T6bn0lTNOb1aUevR	de_te_palatalization,final_unstressed_e	P2	paɾtʃikulaɾmˈẽtʃi	1916
1917.00.01	novidade	Rw38T6bn0lTNOb1aUevR	de_te_palatalization,final_unstressed_e	P2	nˌovidˈadʒi	1917
1917.00.02	novidade	m151rjrbWXbBqyq56tly	de_te_palatalization,final_unstressed_e	P2	novĩdˈadʒi	1917
1918.00.01	crescente	m151rjrbWXbBqyq56tly	coda_s_ep_risk,de_te_palatalization,final_unstressed_e	P2	kɾeˈsẽtʃi	1918
1919.00.01	favorável	Rw38T6bn0lTNOb1aUevR	final_l_vocalization	P1	fˌavoɾˈavɛw	1919
1920.00.01	suspenso	Rw38T6bn0lTNOb1aUevR	coda_s_ep_risk	P3	suspˈẽsu	1920
1921.00.01	domingo	m151rjrbWXbBqyq56tly	none	—	dˈomĩɡu	1921
1922.00.01	verso	AaeZyyi87RCxtFnHPS3e	none	—	vˈɛɾsu	1922
1923.00.01	óleo	Rw38T6bn0lTNOb1aUevR	none	—	ˈɔliu	1923
1924.00.01	fabricar	4r3G9XKliGgVZLKMgjik	none	—	fabɾikˈaʁ	1924
1925.00.01	mecânico	Rw38T6bn0lTNOb1aUevR	none	—	mekˈɐ̃niku	1925
1925.00.02	mecânico	Rw38T6bn0lTNOb1aUevR	none	—	mekˈɐ̃niku	1925
1926.00.01	reconhecimento	qPfM2laM0pRL4rrZtBGl	initial_r_or_rr	P2	ʁekonesiˈmẽtu	1926
1927.00.01	prolongar	AaeZyyi87RCxtFnHPS3e	none	—	pɾolõɡˈaʁ	1927
1928.00.01	redução	ny3E2DZImeZm00WLGZi9	initial_r_or_rr	P2	ʁeduˈsɐ̃w̃	1928
1929.00.01	administrador	ny3E2DZImeZm00WLGZi9	coda_s_ep_risk	P3	ˌadmĩnistɾadˈoʁ	1929
1930.00.01	leste	ny3E2DZImeZm00WLGZi9	coda_s_ep_risk,de_te_palatalization,final_unstressed_e	P2	lˈɛstʃi	1930
1931.00.01	vestido	Rw38T6bn0lTNOb1aUevR	coda_s_ep_risk	P3	vɛstʃˈidu	1931
1932.00.01	perfeitamente	qPfM2laM0pRL4rrZtBGl	de_te_palatalization,final_unstressed_e	P2	peɾfejtɐmˈẽtʃi	1932
1933.00.01	compreensão	xNGAXaCH8MaasNuo7Hr7	none	—	kõpɾeẽˈsɐ̃w̃	1933
1934.00.01	glória	Rw38T6bn0lTNOb1aUevR	none	—	ɡlˈɔɾjɐ	1934
1935.00.01	instante	xNGAXaCH8MaasNuo7Hr7	coda_s_ep_risk,de_te_palatalization,final_unstressed_e	P2	ĩstˈɐ̃tʃi	1935
1936.00.01	drama	Rw38T6bn0lTNOb1aUevR	none	—	dɾˈɐ̃mɐ	1936
1937.00.01	seio	m151rjrbWXbBqyq56tly	none	—	sˈeju	1937
1937.00.02	seio	m151rjrbWXbBqyq56tly	none	—	sˈeju	1937
1937.00.03	seio	m151rjrbWXbBqyq56tly	none	—	sˈeju	1937
1938.00.01	render	wxoDdfPKBuna5KnUEotz	initial_r_or_rr	P2	ʁẽˈdeʁ	1938
1939.00.01	segredo	AaeZyyi87RCxtFnHPS3e	none	—	seɡɾˈedu	1939
1940.00.01	chinês	ny3E2DZImeZm00WLGZi9	none	—	ʃinˈes	1940
1941.00.01	paralelo	AaeZyyi87RCxtFnHPS3e	none	—	pˌaɾalˈɛlu	1941
1942.00.01	soltar	AaeZyyi87RCxtFnHPS3e	none	—	sowˈtaʁ	1942
1943.00.01	redondo	ny3E2DZImeZm00WLGZi9	initial_r_or_rr	P2	ʁedˈõdu	1943
1944.00.01	pedido	xNGAXaCH8MaasNuo7Hr7	none	—	pedʒˈidu	1944
1945.00.01	idêntico	4r3G9XKliGgVZLKMgjik	none	—	idˈẽntʃiku	1945
1946.00.01	cultivar	m151rjrbWXbBqyq56tly	none	—	kuwtʃivˈaʁ	1946
1947.00.01	cristão	4r3G9XKliGgVZLKMgjik	coda_s_ep_risk	P3	kɾistʃˈɐ̃w	1947
1948.00.01	equipe	xNGAXaCH8MaasNuo7Hr7	final_unstressed_e	P2	ekˈipi	1948
1949.00.01	muro	4r3G9XKliGgVZLKMgjik	spanish_collision	P3	mˈuɾu	1949
1950.00.01	salão	m151rjrbWXbBqyq56tly	none	—	salˈõ	1950
1951.00.01	visível	Rw38T6bn0lTNOb1aUevR	final_l_vocalization	P1	viˈzivew	1951
1952.00.01	camada	qPfM2laM0pRL4rrZtBGl	none	—	kɐmˈadɐ	1952
1953.00.01	cérebro	m151rjrbWXbBqyq56tly	none	—	sˈɛɾebɾu	1953
1954.00.01	coleção	4r3G9XKliGgVZLKMgjik	none	—	kolɛsˈɐ̃w	1954
1955.00.01	publicação	4r3G9XKliGgVZLKMgjik	none	—	pˌublikasˈɐ̃w	1955
1956.00.01	romano	m151rjrbWXbBqyq56tly	initial_r_or_rr	P2	ʁomˈɐ̃nu	1956
1957.00.01	juízo	Rw38T6bn0lTNOb1aUevR	none	—	ʒuˈizu	1957
1957.00.02	juízo	m151rjrbWXbBqyq56tly	none	—	ʒuˈizu	1957
1958.00.01	concelho	m151rjrbWXbBqyq56tly	none	—	kõsˈeʎu	1958
1958.00.02	concelho	4r3G9XKliGgVZLKMgjik	none	—	kõsˈeʎu	1958
1959.00.01	satisfação	AaeZyyi87RCxtFnHPS3e	coda_s_ep_risk	P3	sˌatʃisfɐsˈɐ̃w	1959
1960.00.01	caracterizar	qPfM2laM0pRL4rrZtBGl	none	—	kaɾakteɾizˈaʁ	1960
1961.00.01	primo	m151rjrbWXbBqyq56tly	none	—	pɾˈimu	1961
1961.00.02	primo	4r3G9XKliGgVZLKMgjik	none	—	pɾˈimu	1961
1962.00.01	exclusivamente	Rw38T6bn0lTNOb1aUevR	de_te_palatalization,final_unstressed_e	P2	ˌeskluzivɐmˈẽtʃi	1962
1963.00.01	miséria	ny3E2DZImeZm00WLGZi9	none	—	mizˈɛɾjɐ	1963
1963.00.02	miséria	qPfM2laM0pRL4rrZtBGl	none	—	mizˈɛɾjɐ	1963
1964.00.01	execução	m151rjrbWXbBqyq56tly	none	—	ˌezekusˈɐ̃w	1964
1965.00.01	escândalo	Rw38T6bn0lTNOb1aUevR	coda_s_ep_risk	P3	iskˈɐ̃dalu	1965
1966.00.01	ordenar	m151rjrbWXbBqyq56tly	none	—	ˌoɾdenˈaɾ	1966
1967.00.01	avenida	AaeZyyi87RCxtFnHPS3e	none	—	ˌavenˈidɐ	1967
1968.00.01	esquema	m151rjrbWXbBqyq56tly	coda_s_ep_risk	P3	ˈeskemɐ	1968
1969.00.01	expresso	xNGAXaCH8MaasNuo7Hr7	coda_s_ep_risk	P3	ˌespɾˈɛsu	1969
1970.00.01	sensibilidade	wxoDdfPKBuna5KnUEotz	de_te_palatalization,final_unstressed_e	P2	sẽsibiliˈdadʒi	1970
1970.00.02	sensibilidade	xNGAXaCH8MaasNuo7Hr7	de_te_palatalization,final_unstressed_e	P2	sẽsibiliˈdadʒi	1970
1971.00.01	galeria	Rw38T6bn0lTNOb1aUevR	none	—	ɡaleɾˈiɐ	1971
1972.00.01	âmbito	m151rjrbWXbBqyq56tly	none	—	ˈɐ̃mbitu	1972
1973.00.01	lançamento	AaeZyyi87RCxtFnHPS3e	none	—	lɐ̃sɐmˈẽtu	1973
1974.00.01	armar	Rw38T6bn0lTNOb1aUevR	none	—	aɾmˈaʁ	1974
1974.00.02	armar	m151rjrbWXbBqyq56tly	none	—	aʁmˈaʁ	1974
1974.00.03	armar	m151rjrbWXbBqyq56tly	none	—	aʁmˈaʁ	1974
1975.00.01	estatuto	wxoDdfPKBuna5KnUEotz	coda_s_ep_risk	P3	ˌestatˈutu	1975
1976.00.01	sequência	4r3G9XKliGgVZLKMgjik	none	—	sekwˈẽsiɐ	1976
1977.00.01	composto	ny3E2DZImeZm00WLGZi9	coda_s_ep_risk	P3	kõpˈostu	1977
1978.00.01	mistério	m151rjrbWXbBqyq56tly	coda_s_ep_risk	P3	mistˈɛɾiu	1978
1979.00.01	louco	m151rjrbWXbBqyq56tly	none	—	lˈowku	1979
1980.00.01	significado	AaeZyyi87RCxtFnHPS3e	none	—	siɡnifiˈkadu	1980
1981.00.01	pacífico	ny3E2DZImeZm00WLGZi9	none	—	pɐsˈifiku	1981
1981.00.02	pacífico	Rw38T6bn0lTNOb1aUevR	none	—	pɐsˈifiku	1981
1982.00.01	absorver	Rw38T6bn0lTNOb1aUevR	none	—	ˌabsoʁvˈeʁ	1982
1983.00.01	arroz	Rw38T6bn0lTNOb1aUevR	initial_r_or_rr	P2	aʁˈos	1983
1984.00.01	evento	Rw38T6bn0lTNOb1aUevR	none	—	eˈvẽtu	1984
1985.00.01	senador	4r3G9XKliGgVZLKMgjik	none	—	senɐdˈoʁ	1985
1986.00.01	estimular	AaeZyyi87RCxtFnHPS3e	coda_s_ep_risk	P3	ˌestʃimulˈaʁ	1986
1987.00.01	decisivo	4r3G9XKliGgVZLKMgjik	none	—	desizˈivu	1987
1988.00.01	solidariedade	4r3G9XKliGgVZLKMgjik	de_te_palatalization,final_unstressed_e	P2	sˌolidɐɾiedˈadʒi	1988
1989.00.01	núcleo	m151rjrbWXbBqyq56tly	none	—	nˈukleu	1989
1990.00.01	optar	Rw38T6bn0lTNOb1aUevR	none	—	optˈaʁ	1990
1991.00.01	atmosfera	AaeZyyi87RCxtFnHPS3e	coda_s_ep_risk	P3	ˌatmosfˈɛɾɐ	1991
1992.00.01	todavia	AaeZyyi87RCxtFnHPS3e	none	—	todɐvˈiɐ	1992
1993.00.01	sujeitar	wxoDdfPKBuna5KnUEotz	none	—	suʒejtˈaʁ	1993
1994.00.01	apurar	AaeZyyi87RCxtFnHPS3e	none	—	apuɾˈaʁ	1994
1994.00.02	apurar	m151rjrbWXbBqyq56tly	none	—	apuɾˈaʁ	1994
1995.00.01	cartão	wxoDdfPKBuna5KnUEotz	none	—	kaʁtˈɐ̃w	1995
1996.00.01	triste	Rw38T6bn0lTNOb1aUevR	coda_s_ep_risk,de_te_palatalization,final_unstressed_e	P2	tɾˈistʃi	1996
1997.00.01	legislativo	Rw38T6bn0lTNOb1aUevR	coda_s_ep_risk	P3	leʒislatʃˈivu	1997
1998.00.01	baseado	Rw38T6bn0lTNOb1aUevR	none	—	bˌazeˈadu	1998
1999.00.01	influenciar	ny3E2DZImeZm00WLGZi9	none	—	ĩflwẽsiˈaʁ	1999
2000.00.01	preparado	xNGAXaCH8MaasNuo7Hr7	none	—	pɾepɐɾˈadu	2000
2001.00.01	ganho	m151rjrbWXbBqyq56tly	none	—	ɡˈɐ̃ɲu	2001
2001.00.02	ganho	m151rjrbWXbBqyq56tly	none	—	ɡˈɐ̃ɲu	2001
2002.00.01	combinar	m151rjrbWXbBqyq56tly	none	—	kõbinˈaʁ	2002
2003.00.01	emitir	wxoDdfPKBuna5KnUEotz	none	—	emitʃˈiʁ	2003
2003.00.02	emitir	m151rjrbWXbBqyq56tly	none	—	emitʃˈiʁ	2003
2003.00.03	emitir	AaeZyyi87RCxtFnHPS3e	none	—	emitʃˈiʁ	2003
2004.00.01	divulgar	wxoDdfPKBuna5KnUEotz	none	—	dʒivuwɡˈaʁ	2004
2005.00.01	claramente	m151rjrbWXbBqyq56tly	de_te_palatalization,final_unstressed_e	P2	klˌaɾɐmˈẽtʃi	2005
2006.00.01	mexer	m151rjrbWXbBqyq56tly	none	—	meʃˈeʁ	2006
2006.00.02	mexer	m151rjrbWXbBqyq56tly	none	—	meʃˈeɾ	2006
2006.00.03	mexer	ny3E2DZImeZm00WLGZi9	none	—	meʃˈeɾ	2006
2007.00.01	senado	m151rjrbWXbBqyq56tly	none	—	sẽˈadu	2007
2008.00.01	alargar	4r3G9XKliGgVZLKMgjik	none	—	alɐɾɡˈaʁ	2008
2009.00.01	traço	m151rjrbWXbBqyq56tly	none	—	tɾˈasu	2009
2009.00.02	traço	AaeZyyi87RCxtFnHPS3e	none	—	tɾˈasu	2009
2009.00.03	traço	qPfM2laM0pRL4rrZtBGl	none	—	tɾˈasu	2009
2010.00.01	pau	wxoDdfPKBuna5KnUEotz	none	—	pˈaw	2010
2010.00.02	pau	ny3E2DZImeZm00WLGZi9	none	—	pˈaw	2010
2011.00.01	missa	qPfM2laM0pRL4rrZtBGl	coda_s_ep_risk	P3	mˈisɐ	2011
2012.00.01	consumir	m151rjrbWXbBqyq56tly	none	—	kõsumˈiʁ	2012
2013.00.01	libertação	qPfM2laM0pRL4rrZtBGl	none	—	libeɾtasˈɐ̃w	2013
2014.00.01	arrastar	qPfM2laM0pRL4rrZtBGl	coda_s_ep_risk,initial_r_or_rr	P2	aʁasˈtaʁ	2014
2015.00.01	superar	xNGAXaCH8MaasNuo7Hr7	none	—	supɛɾˈaʁ	2015
2015.00.02	superar	Rw38T6bn0lTNOb1aUevR	none	—	supɛɾˈaʁ	2015
2016.00.01	protesto	wxoDdfPKBuna5KnUEotz	coda_s_ep_risk	P3	pɾotˈɛstu	2016
2017.00.01	envolvido	4r3G9XKliGgVZLKMgjik	none	—	ẽvowˈvidu	2017
2018.00.01	travar	Rw38T6bn0lTNOb1aUevR	none	—	tɾavˈaʁ	2018
2018.00.02	travar	m151rjrbWXbBqyq56tly	none	—	tɾavˈaʁ	2018
2018.00.03	travar	Rw38T6bn0lTNOb1aUevR	none	—	tɾavˈaʁ	2018
2019.00.01	preferência	Rw38T6bn0lTNOb1aUevR	none	—	pɾefeɾˈẽsiɐ	2019
2020.00.01	eliminar	qPfM2laM0pRL4rrZtBGl	none	—	elimiˈnaʁ	2020
2021.00.01	federação	m151rjrbWXbBqyq56tly	none	—	fˌedeɾasˈɐ̃w	2021
2022.00.01	sagrado	xNGAXaCH8MaasNuo7Hr7	none	—	saɡɾˈadu	2022
2023.00.01	amanhã	ny3E2DZImeZm00WLGZi9	none	—	ˌamɐ̃ˈɲɐ̃	2023
2024.00.01	deserto	AaeZyyi87RCxtFnHPS3e	none	—	dezˈɛɾtu	2024
2024.00.02	deserto	m151rjrbWXbBqyq56tly	none	—	dezˈɛɾtu	2024
2025.00.01	reparar	wxoDdfPKBuna5KnUEotz	initial_r_or_rr	P2	ʁepɐɾˈaʁ	2025
2025.00.02	reparar	m151rjrbWXbBqyq56tly	initial_r_or_rr	P2	ʁepaɾˈaʁ	2025
2025.00.03	reparar	m151rjrbWXbBqyq56tly	initial_r_or_rr	P2	ʁepaˈɾaʁ	2025
2026.00.01	petróleo	qPfM2laM0pRL4rrZtBGl	none	—	pˌetɾˈɔlju	2026
2027.00.01	parlamento	AaeZyyi87RCxtFnHPS3e	none	—	paɾlɐmˈẽtu	2027
2028.00.01	autêntico	4r3G9XKliGgVZLKMgjik	none	—	awˈtẽtʃiku	2028
2029.00.01	fantástico	xNGAXaCH8MaasNuo7Hr7	coda_s_ep_risk	P3	fɐ̃tˈastʃiku	2029
2030.00.01	aliado	qPfM2laM0pRL4rrZtBGl	none	—	ˌaliˈadu	2030
2031.00.01	competir	m151rjrbWXbBqyq56tly	none	—	kõpetʃˈiʁ	2031
2032.00.01	regular	qPfM2laM0pRL4rrZtBGl	initial_r_or_rr	P2	ʁeɡulˈaʁ	2032
2033.00.01	erva	xNGAXaCH8MaasNuo7Hr7	none	—	ˈɛɾvɐ	2033
2034.00.01	prato	Rw38T6bn0lTNOb1aUevR	none	—	pɾˈatu	2034
2035.00.01	masculino	m151rjrbWXbBqyq56tly	coda_s_ep_risk	P3	maskuˈlinu	2035
2036.00.01	alcance	4r3G9XKliGgVZLKMgjik	final_unstressed_e	P2	awˈkɐ̃si	2036
2037.00.01	centímetro	xNGAXaCH8MaasNuo7Hr7	none	—	sẽtʃˈimetɾu	2037
2038.00.01	crônica	4r3G9XKliGgVZLKMgjik	none	—	kɾˈonikɐ	2038
2038.00.02	crônica	wxoDdfPKBuna5KnUEotz	none	—	kɾˈonikɐ	2038
2039.00.01	condenado	wxoDdfPKBuna5KnUEotz	none	—	kõdẽnˈadu	2039
2040.00.01	concorrer	AaeZyyi87RCxtFnHPS3e	initial_r_or_rr	P2	kõkoˈʁeɾ	2040
2040.00.02	concorrer	ny3E2DZImeZm00WLGZi9	initial_r_or_rr	P2	kõkoˈʁeʁ	2040
2041.00.01	tio	Rw38T6bn0lTNOb1aUevR	spanish_collision	P3	tʃˈiu	2041
2042.00.01	vigor	qPfM2laM0pRL4rrZtBGl	none	—	viɡˈoʁ	2042
2042.00.02	vigor	Rw38T6bn0lTNOb1aUevR	none	—	viɡˈoʁ	2042
2042.01.01	em vigor	ny3E2DZImeZm00WLGZi9	none	—	ẽ viɡˈoʁ	2042
2043.00.01	arco	AaeZyyi87RCxtFnHPS3e	none	—	ˈaʁku	2043
2043.00.02	arco	m151rjrbWXbBqyq56tly	none	—	ˈaʁku	2043
2043.00.03	arco	m151rjrbWXbBqyq56tly	none	—	ˈaɾku	2043
2044.00.01	ficção	Rw38T6bn0lTNOb1aUevR	none	—	fikˈsɐ̃w̃	2044
2045.00.01	sugestão	qPfM2laM0pRL4rrZtBGl	coda_s_ep_risk	P3	suʒestˈɐ̃w	2045
2046.00.01	escravo	wxoDdfPKBuna5KnUEotz	coda_s_ep_risk	P3	iskɾˈavu	2046
2047.00.01	agarrar	Rw38T6bn0lTNOb1aUevR	initial_r_or_rr	P2	aɡaˈʁaʁ	2047
2048.00.01	proporcionar	AaeZyyi87RCxtFnHPS3e	none	—	pɾopoɾsjˈonaɾ	2048
2049.00.01	desempenho	m151rjrbWXbBqyq56tly	none	—	dˌezẽpˈeɲu	2049
2050.00.01	intervalo	AaeZyyi87RCxtFnHPS3e	none	—	ĩteɾvˈalu	2050
2050.00.02	intervalo	qPfM2laM0pRL4rrZtBGl	none	—	ĩteɾvˈalu	2050
2051.00.01	fundar	m151rjrbWXbBqyq56tly	none	—	fũdˈaʁ	2051
2052.00.01	etapa	m151rjrbWXbBqyq56tly	none	—	etˈapɐ	2052
2053.00.01	parada	wxoDdfPKBuna5KnUEotz	none	—	paˈɾadɐ	2053
2053.00.02	parada	4r3G9XKliGgVZLKMgjik	none	—	paɾˈadɐ	2053
2054.00.01	registrar	xNGAXaCH8MaasNuo7Hr7	coda_s_ep_risk,initial_r_or_rr	P2	ʁeʒisˈtɾaʁ	2054
2055.00.01	acusação	AaeZyyi87RCxtFnHPS3e	none	—	ˌakuzasˈɐ̃w̃	2055
2056.00.01	estratégico	Rw38T6bn0lTNOb1aUevR	coda_s_ep_risk	P3	ˌestɾatˈɛʒiku	2056
2057.00.01	inteligente	wxoDdfPKBuna5KnUEotz	de_te_palatalization,final_unstressed_e	P2	ĩtʃeliˈʒẽtʃi	2057
2058.00.01	pescoço	Rw38T6bn0lTNOb1aUevR	coda_s_ep_risk	P3	peskˈosu	2058
2059.00.01	moça	Rw38T6bn0lTNOb1aUevR	none	—	mˈosɐ	2059
2060.00.01	legislação	m151rjrbWXbBqyq56tly	coda_s_ep_risk	P3	lˌeʒislasˈɐ̃w	2060
2061.00.01	tecido	m151rjrbWXbBqyq56tly	none	—	tesˈidu	2061
2061.00.02	tecido	Rw38T6bn0lTNOb1aUevR	none	—	teˈsidu	2061
2062.00.01	boi	wxoDdfPKBuna5KnUEotz	none	—	bˈoj	2062
2063.00.01	desviar	Rw38T6bn0lTNOb1aUevR	coda_s_ep_risk	P3	dʒezviˈaʁ	2063
2063.00.02	desviar	Rw38T6bn0lTNOb1aUevR	coda_s_ep_risk	P3	dʒizvjˈaʁ	2063
2063.00.03	desviar	AaeZyyi87RCxtFnHPS3e	coda_s_ep_risk	P3	dʒizvjˈaʁ	2063
2064.00.01	submeter	4r3G9XKliGgVZLKMgjik	none	—	submeˈteʁ	2064
2064.00.02	submeter	m151rjrbWXbBqyq56tly	none	—	submetˈeʁ	2064
2065.00.01	dramático	wxoDdfPKBuna5KnUEotz	none	—	dɾɐmˈatʃiku	2065
2066.00.01	desemprego	m151rjrbWXbBqyq56tly	none	—	dˌezẽˈpɾeɡu	2066
2067.00.01	contribuição	4r3G9XKliGgVZLKMgjik	none	—	kõtɾibuiˈsɐ̃w	2067
2068.00.01	dobrar	ny3E2DZImeZm00WLGZi9	none	—	dobɾˈaɾ	2068
2068.00.02	dobrar	Rw38T6bn0lTNOb1aUevR	none	—	dobɾˈaʁ	2068
2069.00.01	competição	4r3G9XKliGgVZLKMgjik	none	—	kõpetʃisˈɐ̃w	2069
2070.00.01	pronunciar	Rw38T6bn0lTNOb1aUevR	none	—	pɾonũsiˈaɾ	2070
2071.00.01	comparação	xNGAXaCH8MaasNuo7Hr7	none	—	kõpaɾɐsˈɐ̃w	2071
2072.00.01	animar	m151rjrbWXbBqyq56tly	none	—	aniˈmaʁ	2072
2073.00.01	capitão	m151rjrbWXbBqyq56tly	none	—	kˌapitʃˈɐ̃w	2073
2074.00.01	conferir	wxoDdfPKBuna5KnUEotz	none	—	kõfeɾˈiʁ	2074
2075.00.01	ruim	ny3E2DZImeZm00WLGZi9	initial_r_or_rr,user_reported	P0	ʁuˈĩ	2075
2076.00.01	aprovação	Rw38T6bn0lTNOb1aUevR	none	—	apɾovasˈɐ̃w	2076
2077.00.01	pasta	ny3E2DZImeZm00WLGZi9	coda_s_ep_risk	P3	pˈastɐ	2077
2077.00.02	pasta	wxoDdfPKBuna5KnUEotz	coda_s_ep_risk	P3	pˈastɐ	2077
2077.00.03	pasta	wxoDdfPKBuna5KnUEotz	coda_s_ep_risk	P3	pˈastɐ	2077
2078.00.01	liderança	wxoDdfPKBuna5KnUEotz	none	—	lˌideɾˈɐ̃sɐ	2078
2079.00.01	estabilidade	m151rjrbWXbBqyq56tly	coda_s_ep_risk,de_te_palatalization,final_unstressed_e	P2	ˌestabˌilidˈadʒi	2079
2080.00.01	campeonato	xNGAXaCH8MaasNuo7Hr7	none	—	kɐ̃peoˈnatu	2080
2081.00.01	conservador	wxoDdfPKBuna5KnUEotz	none	—	kõseɾvadˈoʁ	2081
2082.00.01	converter	AaeZyyi87RCxtFnHPS3e	none	—	kõveɾtˈeʁ	2082
2083.00.01	definido	Rw38T6bn0lTNOb1aUevR	none	—	dˌefiˈnidu	2083
2084.00.01	absurdo	m151rjrbWXbBqyq56tly	none	—	abˈsuɾdu	2084
2086.00.01	beira	m151rjrbWXbBqyq56tly	none	—	bˈejɾɐ	2086
2087.00.01	tragédia	Rw38T6bn0lTNOb1aUevR	none	—	tɾaʒˈɛdʒiɐ	2087
2088.00.01	manutenção	ny3E2DZImeZm00WLGZi9	none	—	mɐnutẽsˈɐ̃w	2088
2089.00.01	fortaleza	wxoDdfPKBuna5KnUEotz	none	—	foɾtalˈezɐ	2089
2090.00.01	secreto	qPfM2laM0pRL4rrZtBGl	none	—	sekɾˈɛtu	2090
2091.00.01	aparentemente	ny3E2DZImeZm00WLGZi9	de_te_palatalization,final_unstressed_e	P2	ɐpɐɾẽtʃimˈẽtʃi	2091
2092.00.01	notável	m151rjrbWXbBqyq56tly	final_l_vocalization	P1	notˈavew	2092
2093.00.01	corredor	m151rjrbWXbBqyq56tly	initial_r_or_rr	P2	koʁedˈoʁ	2093
2093.00.02	corredor	Rw38T6bn0lTNOb1aUevR	initial_r_or_rr	P2	koʁedˈoʁ	2093
2094.00.01	barreira	Rw38T6bn0lTNOb1aUevR	initial_r_or_rr	P2	baˈʁejɾɐ	2094
2095.00.01	grão	xNGAXaCH8MaasNuo7Hr7	none	—	ɡɾˈɐ̃w	2095
2096.00.01	avanço	Rw38T6bn0lTNOb1aUevR	none	—	avˈɐ̃su	2096
2097.00.01	onze	AaeZyyi87RCxtFnHPS3e	final_unstressed_e	P2	ˈõzi	2097
2098.00.01	espelho	4r3G9XKliGgVZLKMgjik	coda_s_ep_risk	P3	esˈpeʎu	2098
2099.00.01	juntamente	m151rjrbWXbBqyq56tly	de_te_palatalization,final_unstressed_e	P2	ʒũtɐmˈẽtʃi	2099
2100.00.01	brincar	m151rjrbWXbBqyq56tly	none	—	bɾĩˈkaʁ	2100
2100.00.02	brincar	AaeZyyi87RCxtFnHPS3e	none	—	bɾĩkˈaʁ	2100
2101.00.01	ouvido	ny3E2DZImeZm00WLGZi9	none	—	owˈvidu	2101
2101.00.02	ouvido	m151rjrbWXbBqyq56tly	none	—	owˈvidu	2101
2102.00.01	greve	Rw38T6bn0lTNOb1aUevR	final_unstressed_e	P2	ɡɾˈɛvi	2102
2103.00.01	tecer	m151rjrbWXbBqyq56tly	none	—	tesˈeʁ	2103
2104.00.01	conselheiro	xNGAXaCH8MaasNuo7Hr7	none	—	kõseʎˈejɾu	2104
2105.00.01	pobreza	xNGAXaCH8MaasNuo7Hr7	none	—	pobɾˈezɐ	2105
2106.00.01	colaboração	m151rjrbWXbBqyq56tly	none	—	kˌolɐboɾɐsˈɐ̃w	2106
2107.00.01	consumidor	Rw38T6bn0lTNOb1aUevR	none	—	kõsumidˈoʁ	2107
2108.00.01	perseguir	Rw38T6bn0lTNOb1aUevR	none	—	pˌeɾseɡˈiʁ	2108
2108.00.02	perseguir	m151rjrbWXbBqyq56tly	none	—	peɾseɡˈiʁ	2108
2109.00.01	nu	Rw38T6bn0lTNOb1aUevR	none	—	nˈu	2109
2110.00.01	selvagem	Rw38T6bn0lTNOb1aUevR	none	—	sewˈvaʒẽ	2110
2111.00.01	pesca	xNGAXaCH8MaasNuo7Hr7	coda_s_ep_risk	P3	pˈɛskɐ	2111
2112.00.01	peito	Rw38T6bn0lTNOb1aUevR	none	—	pˈejtu	2112
2113.00.01	consulta	AaeZyyi87RCxtFnHPS3e	none	—	kõˈsultɐ	2113
2114.00.01	impacto	ny3E2DZImeZm00WLGZi9	none	—	ĩpˈaktu	2114
2115.00.01	emprestar	m151rjrbWXbBqyq56tly	coda_s_ep_risk	P3	ẽpɾesˈtaʁ	2115
2116.00.01	antecipar	wxoDdfPKBuna5KnUEotz	none	—	ˌɐ̃ntesipˈaʁ	2116
2117.00.01	desempenhar	AaeZyyi87RCxtFnHPS3e	none	—	dˌezẽpẽˈɲaʁ	2117
2118.00.01	empréstimo	AaeZyyi87RCxtFnHPS3e	coda_s_ep_risk	P3	ẽpɾˈɛstʃimu	2118
2119.00.01	segurar	ny3E2DZImeZm00WLGZi9	none	—	seɡuɾˈaʁ	2119
2119.00.02	segurar	Rw38T6bn0lTNOb1aUevR	none	—	seɡuɾˈaʁ	2119
2119.00.03	segurar	ny3E2DZImeZm00WLGZi9	none	—	seɡuɾˈaʁ	2119
2120.00.01	pista	wxoDdfPKBuna5KnUEotz	coda_s_ep_risk	P3	pˈistɐ	2120
2120.00.02	pista	m151rjrbWXbBqyq56tly	coda_s_ep_risk	P3	pˈistɐ	2120
2120.00.03	pista	xNGAXaCH8MaasNuo7Hr7	coda_s_ep_risk	P3	pˈistɐ	2120
2120.00.04	pista	m151rjrbWXbBqyq56tly	coda_s_ep_risk	P3	pˈistɐ	2120
2121.00.01	vestir	wxoDdfPKBuna5KnUEotz	coda_s_ep_risk	P3	vestʃˈiʁ	2121
2122.00.01	escrito	4r3G9XKliGgVZLKMgjik	coda_s_ep_risk	P3	iskrˈitu	2122
2122.00.02	escrito	m151rjrbWXbBqyq56tly	coda_s_ep_risk	P3	eskɾˈitu	2122
2123.00.01	pássaro	Rw38T6bn0lTNOb1aUevR	coda_s_ep_risk	P3	pˈasɐɾu	2123
2124.00.01	rapariga	wxoDdfPKBuna5KnUEotz	initial_r_or_rr,user_reported	P0	ʁɐpɐɾˈiɡɐ	2124
2124.00.02	rapariga	m151rjrbWXbBqyq56tly	initial_r_or_rr,user_reported	P0	ʁapɐˈɾiɡɐ	2124
2125.00.01	indispensável	m151rjrbWXbBqyq56tly	coda_s_ep_risk,final_l_vocalization	P1	ĩdʒispẽsˈavew	2125
2126.00.01	convocar	m151rjrbWXbBqyq56tly	none	—	kõvokˈaʁ	2126
2127.00.01	noturno	Rw38T6bn0lTNOb1aUevR	none	—	nˈotuɾnu	2127
2128.00.01	estética	m151rjrbWXbBqyq56tly	coda_s_ep_risk	P3	estˈɛtʃikɐ	2128
2128.00.02	estética	AaeZyyi87RCxtFnHPS3e	coda_s_ep_risk	P3	estˈɛtʃikɐ	2128
2129.00.01	recomendar	qPfM2laM0pRL4rrZtBGl	initial_r_or_rr	P2	ʁekomeɪ̯̃dˈaʁ	2129
2130.00.01	norte-americano	xNGAXaCH8MaasNuo7Hr7	none	—	nˈɔɾtʃiameɾikˈɐ̃nu	2130
2131.00.01	jantar	AaeZyyi87RCxtFnHPS3e	none	—	ʒɐ̃ˈtaʁ	2131
2132.00.01	redação	m151rjrbWXbBqyq56tly	initial_r_or_rr	P2	ʁedaˈsɐ̃w̃	2132
2132.00.02	redação	m151rjrbWXbBqyq56tly	initial_r_or_rr	P2	ʁedaˈsɐ̃w̃	2132
2133.00.01	pano	AaeZyyi87RCxtFnHPS3e	none	—	pˈɐ̃nu	2133
2134.00.01	reflexo	Rw38T6bn0lTNOb1aUevR	initial_r_or_rr	P2	ʁeflˈɛksu	2134
2134.00.02	reflexo	ny3E2DZImeZm00WLGZi9	initial_r_or_rr	P2	ʁeflˈɛksu	2134
2135.00.01	romântico	AaeZyyi87RCxtFnHPS3e	initial_r_or_rr	P2	ʁomˈɐ̃ntʃiku	2135
2136.00.01	demanda	4r3G9XKliGgVZLKMgjik	none	—	demˈɐ̃dɐ	2136
2137.00.01	acerca	4r3G9XKliGgVZLKMgjik	none	—	asˈɛɾkɐ	2137
2137.00.02	acerca	qPfM2laM0pRL4rrZtBGl	none	—	ɐsˈɛɾkɐ	2137
2138.00.01	impulso	m151rjrbWXbBqyq56tly	none	—	ĩpˈuwsu	2138
2139.00.01	cerimônia	m151rjrbWXbBqyq56tly	none	—	seɾimˈõniɐ	2139
2140.00.01	entendimento	qPfM2laM0pRL4rrZtBGl	none	—	ẽtẽdʒimˈẽtu	2140
2141.00.01	saltar	Rw38T6bn0lTNOb1aUevR	none	—	sawˈtaʁ	2141
2141.00.02	saltar	Rw38T6bn0lTNOb1aUevR	none	—	sawˈtaʁ	2141
2142.00.01	temperatura	Rw38T6bn0lTNOb1aUevR	none	—	tẽpeɾaˈtuɾɐ	2142
2143.00.01	demitir	wxoDdfPKBuna5KnUEotz	none	—	demiˈtʃiɾ	2143
2144.00.01	excessivo	m151rjrbWXbBqyq56tly	coda_s_ep_risk	P3	ˌesesˈivu	2144
2145.00.01	componente	xNGAXaCH8MaasNuo7Hr7	de_te_palatalization,final_unstressed_e	P2	kõpõnˈẽtʃi	2145
2146.00.01	felicidade	Rw38T6bn0lTNOb1aUevR	de_te_palatalization,final_unstressed_e	P2	fˌelisidˈadʒi	2146
2147.00.01	remédio	m151rjrbWXbBqyq56tly	initial_r_or_rr	P2	ʁemˈɛdʒiu	2147
2148.00.01	mancha	xNGAXaCH8MaasNuo7Hr7	none	—	mˈɐ̃ʃɐ	2148
2149.00.01	nova	AaeZyyi87RCxtFnHPS3e	none	—	nˈɔvɐ	2149
2150.00.01	bicho	m151rjrbWXbBqyq56tly	none	—	bˈiʃu	2150
2151.00.01	preparação	4r3G9XKliGgVZLKMgjik	none	—	pɾepɐɾɐsˈɐ̃w	2151
2152.00.01	delegado	4r3G9XKliGgVZLKMgjik	none	—	dˌeleɡˈadu	2152
2153.00.01	imaginação	Rw38T6bn0lTNOb1aUevR	none	—	ˌimɐʒinɐsˈɐ̃w	2153
2154.00.01	ferido	xNGAXaCH8MaasNuo7Hr7	none	—	feɾˈidu	2154
2155.00.01	atriz	wxoDdfPKBuna5KnUEotz	none	—	atɾˈis	2155
2156.00.01	tensão	ny3E2DZImeZm00WLGZi9	none	—	tẽsˈɐ̃w	2156
2157.00.01	surpreender	wxoDdfPKBuna5KnUEotz	none	—	suʁpɾiẽˈdeʁ	2157
2158.00.01	auxiliar	m151rjrbWXbBqyq56tly	none	—	awsiʎiˈaʁ	2158
2159.00.01	conceber	wxoDdfPKBuna5KnUEotz	none	—	kõsebˈeʁ	2159
2160.00.01	parceria	wxoDdfPKBuna5KnUEotz	none	—	paɾseˈɾiɐ	2160
2161.00.01	acelerar	wxoDdfPKBuna5KnUEotz	none	—	ˌaseleɾˈaɾ	2161
2162.00.01	concessão	Rw38T6bn0lTNOb1aUevR	coda_s_ep_risk	P3	kõsesˈɐ̃w̃	2162
2162.00.02	concessão	qPfM2laM0pRL4rrZtBGl	coda_s_ep_risk	P3	kõsesˈɐ̃w̃	2162
2162.00.03	concessão	Rw38T6bn0lTNOb1aUevR	coda_s_ep_risk	P3	kõsesˈɐ̃w	2162
2163.00.01	radical	wxoDdfPKBuna5KnUEotz	final_l_vocalization,initial_r_or_rr	P1	ʁadʒikˈaw	2163
2164.00.01	ampliar	AaeZyyi87RCxtFnHPS3e	none	—	ˌɐ̃pliˈaʁ	2164
2165.00.01	reservar	Rw38T6bn0lTNOb1aUevR	initial_r_or_rr	P2	ʁezɛɾvˈaʁ	2165
2166.00.01	ofício	qPfM2laM0pRL4rrZtBGl	none	—	ofˈisju	2166
2166.00.02	ofício	Rw38T6bn0lTNOb1aUevR	none	—	ofˈisju	2166
2167.00.01	templo	qPfM2laM0pRL4rrZtBGl	none	—	tˈẽplu	2167
2168.00.01	ligeiro	AaeZyyi87RCxtFnHPS3e	none	—	liʒˈejɾu	2168
2168.00.02	ligeiro	Rw38T6bn0lTNOb1aUevR	none	—	liʒˈejɾu	2168
2169.00.01	dezena	m151rjrbWXbBqyq56tly	none	—	dezˈenɐ	2169
2170.00.01	residir	m151rjrbWXbBqyq56tly	initial_r_or_rr	P2	ʁezidʒˈiʁ	2170
2171.00.01	potencial	4r3G9XKliGgVZLKMgjik	final_l_vocalization	P1	potẽsiˈaw	2171
2172.00.01	adiante	xNGAXaCH8MaasNuo7Hr7	de_te_palatalization,final_unstressed_e	P2	adʒiˈɐ̃tʃi	2172
2173.00.01	meta	4r3G9XKliGgVZLKMgjik	user_reported	P0	mˈetɐ	2173
2174.00.01	chama	ny3E2DZImeZm00WLGZi9	none	—	ʃˈɐ̃mɐ	2174
2175.00.01	disputa	qPfM2laM0pRL4rrZtBGl	coda_s_ep_risk	P3	dʒispˈutɐ	2175
2176.00.01	prestígio	Rw38T6bn0lTNOb1aUevR	coda_s_ep_risk	P3	pɾesˈtʃiʒiu	2176
2177.00.01	passeio	Rw38T6bn0lTNOb1aUevR	coda_s_ep_risk	P3	pasˈeju	2177
2178.00.01	eixo	Rw38T6bn0lTNOb1aUevR	none	—	ˈejʃu	2178
2178.00.02	eixo	wxoDdfPKBuna5KnUEotz	none	—	ˈejʃu	2178
2178.00.03	eixo	ny3E2DZImeZm00WLGZi9	none	—	ˈejʃu	2178
2179.00.01	bico	m151rjrbWXbBqyq56tly	none	—	bˈiku	2179
2180.00.01	utilização	4r3G9XKliGgVZLKMgjik	none	—	ˌutʃiliˌzasˈɐ̃w̃	2180
2181.00.01	herança	xNGAXaCH8MaasNuo7Hr7	h_initial_english_risk	P1	eˈɾɐ̃sɐ	2181
2182.00.01	contexto	m151rjrbWXbBqyq56tly	none	—	kõˈtestu	2182
2183.00.01	formal	qPfM2laM0pRL4rrZtBGl	final_l_vocalization,same_spelling_en_pt	P1	foʁmˈaw	2183
2184.00.01	exportação	4r3G9XKliGgVZLKMgjik	none	—	ˌespoɾtasˈɐ̃w	2184
2185.00.01	nuvem	ny3E2DZImeZm00WLGZi9	none	—	nˈuvẽ	2185
2186.00.01	vela	ny3E2DZImeZm00WLGZi9	none	—	vˈɛlɐ	2186
2186.00.02	vela	m151rjrbWXbBqyq56tly	none	—	vˈɛlɐ	2186
2186.00.03	vela	Rw38T6bn0lTNOb1aUevR	none	—	vˈɛlɐ	2186
2187.00.01	sessenta	xNGAXaCH8MaasNuo7Hr7	coda_s_ep_risk	P3	sesˈẽtɐ	2187
2188.00.01	especializado	Rw38T6bn0lTNOb1aUevR	coda_s_ep_risk	P3	ˌespesjalizˈadu	2188
2189.00.01	situar	AaeZyyi87RCxtFnHPS3e	none	—	sitwˈaʁ	2189
2190.00.01	preencher	m151rjrbWXbBqyq56tly	none	—	pɾeẽˈʃeɾ	2190
2191.00.01	galinha	ny3E2DZImeZm00WLGZi9	none	—	ɡɐlˈĩɲɐ	2191
2192.00.01	pólo	m151rjrbWXbBqyq56tly	none	—	pˈɔlu	2192
2193.00.01	argentino	xNGAXaCH8MaasNuo7Hr7	none	—	ˌaɾʒẽtʃˈinu	2193
2194.00.01	rejeitar	wxoDdfPKBuna5KnUEotz	initial_r_or_rr	P2	ʁeʒejtˈaʁ	2194
2195.00.01	provisório	m151rjrbWXbBqyq56tly	none	—	pɾovizˈɔɾju	2195
2196.00.01	devolver	m151rjrbWXbBqyq56tly	none	—	devoʊvˈeʁ	2196
2197.00.01	orquestra	Rw38T6bn0lTNOb1aUevR	coda_s_ep_risk	P3	oɾkˈɛstɾɐ	2197
2198.00.01	corrupção	4r3G9XKliGgVZLKMgjik	initial_r_or_rr	P2	koʁupsˈɐ̃w	2198
2199.00.01	gordo	4r3G9XKliGgVZLKMgjik	none	—	ɡˈoɾdu	2199
2199.00.02	gordo	m151rjrbWXbBqyq56tly	none	—	ɡˈoɾdu	2199
2200.00.01	acentuar	m151rjrbWXbBqyq56tly	none	—	ˌasẽtʃuˈaʁ	2200
2201.00.01	explosão	AaeZyyi87RCxtFnHPS3e	none	—	ˌesplozˈɐ̃w	2201
2202.00.01	terço	ny3E2DZImeZm00WLGZi9	none	—	tˈɛɾsu	2202
2203.00.01	efetivamente	Rw38T6bn0lTNOb1aUevR	de_te_palatalization,final_unstressed_e	P2	ˌefetʃˌivɐmˈẽtʃi	2203
2203.00.02	efetivamente	m151rjrbWXbBqyq56tly	de_te_palatalization,final_unstressed_e	P2	ˌefetʃivɐmˈẽtʃi	2203
2204.00.01	incêndio	Rw38T6bn0lTNOb1aUevR	none	—	ĩsˈẽdʒiu	2204
2205.00.01	classificar	wxoDdfPKBuna5KnUEotz	coda_s_ep_risk	P3	klɐsifiˈkaʁ	2205
2206.00.01	mercadoria	4r3G9XKliGgVZLKMgjik	none	—	mˌeɾkadoɾˈiɐ	2206
2207.00.01	procedimento	ny3E2DZImeZm00WLGZi9	none	—	pɾosedʒimˈẽtu	2207
2208.00.01	relacionado	Rw38T6bn0lTNOb1aUevR	initial_r_or_rr	P2	ʁelɐsiˈonadu	2208
2209.00.01	concorrência	ny3E2DZImeZm00WLGZi9	initial_r_or_rr	P2	kõkoʁˈẽsjɐ	2209
2210.00.01	ocidental	wxoDdfPKBuna5KnUEotz	final_l_vocalization	P1	ˌosidẽˈtaw	2210
2211.00.01	apertar	AaeZyyi87RCxtFnHPS3e	none	—	apeɾtˈaʁ	2211
2211.00.02	apertar	ny3E2DZImeZm00WLGZi9	none	—	apeɾtˈaʁ	2211
2211.00.03	apertar	m151rjrbWXbBqyq56tly	none	—	apeɾtˈaʁ	2211
2211.00.04	apertar	Rw38T6bn0lTNOb1aUevR	none	—	apeɾtˈaʁ	2211
2212.00.01	queixa	Rw38T6bn0lTNOb1aUevR	none	—	kˈejʃɐ	2212
2213.00.01	tranquilo	Rw38T6bn0lTNOb1aUevR	none	—	tɾɐ̃ŋkˈwilu	2213
2214.00.01	convição	Rw38T6bn0lTNOb1aUevR	none	—	kõvikˈsɐ̃w	2214
2215.00.01	habitual	Rw38T6bn0lTNOb1aUevR	final_l_vocalization,h_initial_english_risk	P1	abituˈaw	2215
2216.00.01	previsto	m151rjrbWXbBqyq56tly	coda_s_ep_risk	P3	pɾevˈistu	2216
2217.00.01	levantamento	ny3E2DZImeZm00WLGZi9	none	—	lˌevɐ̃tɐmˈẽtu	2217
2218.00.01	trânsito	m151rjrbWXbBqyq56tly	none	—	tɾˈɐ̃zitu	2218
2219.00.01	vencedor	Rw38T6bn0lTNOb1aUevR	none	—	vẽseˈdoʁ	2219
2220.00.01	comerciante	AaeZyyi87RCxtFnHPS3e	de_te_palatalization,final_unstressed_e	P2	komeɾsiˈɐ̃tʃi	2220
2221.00.01	rigor	AaeZyyi87RCxtFnHPS3e	initial_r_or_rr	P2	ʁiɡˈoʁ	2221
2221.00.02	rigor	ny3E2DZImeZm00WLGZi9	initial_r_or_rr	P2	ʁiɡˈoʁ	2221
2222.00.01	correção	Rw38T6bn0lTNOb1aUevR	initial_r_or_rr	P2	koɾesˈɐ̃w̃	2222
2223.00.01	sonhar	wxoDdfPKBuna5KnUEotz	none	—	soɲˈaʁ	2223
2224.00.01	redor	wxoDdfPKBuna5KnUEotz	initial_r_or_rr	P2	ʁedˈoʁ	2224
2224.01.01	em redor	ny3E2DZImeZm00WLGZi9	none	—	ẽ ʁedˈoʁ	2224
2224.02.01	ao redor	AaeZyyi87RCxtFnHPS3e	none	—	aw ʁedˈoʁ	2224
2225.00.01	prioridade	Rw38T6bn0lTNOb1aUevR	de_te_palatalization,final_unstressed_e	P2	pɾiɔɾidˈadʒi	2225
2226.00.01	atento	m151rjrbWXbBqyq56tly	none	—	ɐtˈẽtu	2226
2227.00.01	chorar	4r3G9XKliGgVZLKMgjik	none	—	ʃoɾˈaʁ	2227
2228.00.01	humor	AaeZyyi87RCxtFnHPS3e	h_initial_english_risk	P1	uˈmoʁ	2228
2228.00.02	humor	m151rjrbWXbBqyq56tly	h_initial_english_risk	P1	umˈoʁ	2228
2229.00.01	localizar	Rw38T6bn0lTNOb1aUevR	none	—	lokalizˈaʁ	2229
2230.00.01	divulgação	xNGAXaCH8MaasNuo7Hr7	none	—	dʒivuwɡasˈɐ̃w	2230
2231.00.01	botar	Rw38T6bn0lTNOb1aUevR	none	—	botˈaʁ	2231
2232.00.01	farinha	m151rjrbWXbBqyq56tly	none	—	fɐˈɾĩɲɐ	2232
2233.00.01	sapato	m151rjrbWXbBqyq56tly	none	—	sapˈatu	2233
2234.00.01	pastor	qPfM2laM0pRL4rrZtBGl	coda_s_ep_risk	P3	pastˈoʁ	2234
2235.00.01	oriental	AaeZyyi87RCxtFnHPS3e	final_l_vocalization	P1	oɾiẽˈtaw	2235
2236.00.01	pensão	wxoDdfPKBuna5KnUEotz	none	—	pẽsˈɐ̃w	2236
2237.00.01	mágico	4r3G9XKliGgVZLKMgjik	none	—	mˈaʒiku	2237
2237.00.02	mágico	m151rjrbWXbBqyq56tly	none	—	mˈaʒiku	2237
2238.00.01	meado	wxoDdfPKBuna5KnUEotz	none	—	mˈeadu	2238
2239.00.01	coroa	xNGAXaCH8MaasNuo7Hr7	none	—	koɾˈoɐ	2239
2240.00.01	infelizmente	m151rjrbWXbBqyq56tly	de_te_palatalization,final_unstressed_e	P2	ĩfelizmẽtʃi	2240
2241.00.01	erguer	Rw38T6bn0lTNOb1aUevR	none	—	eɾɡˈeʁ	2241
2241.00.02	erguer	xNGAXaCH8MaasNuo7Hr7	none	—	eʁɡˈeʁ	2241
2241.00.03	erguer	wxoDdfPKBuna5KnUEotz	none	—	eʁɡˈeʁ	2241
2242.00.01	bocado	4r3G9XKliGgVZLKMgjik	none	—	bˌokˈadu	2242
2243.00.01	falhar	m151rjrbWXbBqyq56tly	none	—	faʎˈaʁ	2243
2244.00.01	consistir	Rw38T6bn0lTNOb1aUevR	coda_s_ep_risk	P3	kõsistʃˈiʁ	2244
2245.00.01	avisar	Rw38T6bn0lTNOb1aUevR	none	—	aviˈzaʁ	2245
2245.00.02	avisar	m151rjrbWXbBqyq56tly	none	—	avizˈaʁ	2245
2246.00.01	zero	AaeZyyi87RCxtFnHPS3e	none	—	zˈɛɾu	2246
2247.00.01	adorar	m151rjrbWXbBqyq56tly	none	—	adoɾˈaɾ	2247
2248.00.01	transferência	AaeZyyi87RCxtFnHPS3e	coda_s_ep_risk	P3	tɾɐ̃ŋsfeɾˈẽsiɐ	2248
2249.00.01	curiosidade	qPfM2laM0pRL4rrZtBGl	de_te_palatalization,final_unstressed_e	P2	kuɾioziˈdadʒi	2249
2250.00.01	contrariar	xNGAXaCH8MaasNuo7Hr7	none	—	kõtɾaɾiˈaʁ	2250
2251.00.01	propaganda	Rw38T6bn0lTNOb1aUevR	none	—	pɾopɐɡˈɐ̃dɐ	2251
2251.00.02	propaganda	wxoDdfPKBuna5KnUEotz	none	—	pɾopɐɡˈɐ̃dɐ	2251
2252.00.01	abranger	ny3E2DZImeZm00WLGZi9	none	—	ɐbɾɐ̃ˈʒeʁ	2252
2253.00.01	investigar	qPfM2laM0pRL4rrZtBGl	coda_s_ep_risk	P3	ĩvɛstʃiɡˈaʁ	2253
2254.00.01	cruzado	Rw38T6bn0lTNOb1aUevR	none	—	kɾuˈzadu	2254
2254.00.02	cruzado	ny3E2DZImeZm00WLGZi9	none	—	kɾuzˈadu	2254
2255.00.01	anjo	ny3E2DZImeZm00WLGZi9	none	—	ˈɐ̃ʒu	2255
2256.00.01	cobertura	qPfM2laM0pRL4rrZtBGl	none	—	kobɛɾtˈuɾɐ	2256
2257.00.01	oceano	Rw38T6bn0lTNOb1aUevR	none	—	ˌoseˈɐ̃nu	2257
2258.00.01	atração	Rw38T6bn0lTNOb1aUevR	none	—	atɾasˈɐ̃w	2258
2259.00.01	habitação	Rw38T6bn0lTNOb1aUevR	h_initial_english_risk	P1	ˌabitasˈɐ̃w	2259
2260.00.01	psicológico	4r3G9XKliGgVZLKMgjik	none	—	psikol´ɔʒiku	2260
2261.00.01	passe	m151rjrbWXbBqyq56tly	coda_s_ep_risk,final_unstressed_e	P2	pˈasi	2261
2262.00.01	consciente	m151rjrbWXbBqyq56tly	coda_s_ep_risk,de_te_palatalization,final_unstressed_e	P2	kõsiˈẽtʃi	2262
2263.00.01	postura	Rw38T6bn0lTNOb1aUevR	coda_s_ep_risk	P3	postˈuɾɐ	2263
2263.00.02	postura	AaeZyyi87RCxtFnHPS3e	coda_s_ep_risk	P3	posˈtuɾɐ	2263
2264.00.01	pó	m151rjrbWXbBqyq56tly	none	—	pˈɔ	2264
2264.00.02	pó	Rw38T6bn0lTNOb1aUevR	none	—	pˈɔ	2264
2265.00.01	relacionamento	AaeZyyi87RCxtFnHPS3e	initial_r_or_rr	P2	ʁelɐsiˈonɐmẽtu	2265
2266.00.01	substância	wxoDdfPKBuna5KnUEotz	coda_s_ep_risk	P3	subˈstɐ̃sjɐ	2266
2267.00.01	cientista	qPfM2laM0pRL4rrZtBGl	coda_s_ep_risk	P3	siẽtʃˈistɐ	2267
2268.00.01	jornalismo	m151rjrbWXbBqyq56tly	coda_s_ep_risk	P3	ʒoɾnalˈizmu	2268
2269.00.01	devido	4r3G9XKliGgVZLKMgjik	none	—	dɛvˈidu	2269
2270.00.01	resumir	xNGAXaCH8MaasNuo7Hr7	initial_r_or_rr	P2	ʁezumˈiʁ	2270
2271.00.01	nomeado	m151rjrbWXbBqyq56tly	none	—	nomjˈadu	2271
2272.00.01	previsão	Rw38T6bn0lTNOb1aUevR	none	—	pɾeviˈzɐ̃w	2272
2273.00.01	espiritual	m151rjrbWXbBqyq56tly	coda_s_ep_risk,final_l_vocalization	P1	ˌespiɾitʃuˈaw	2273
2274.00.01	sonoro	Rw38T6bn0lTNOb1aUevR	none	—	sõˈnoɾu	2274
2275.00.01	recuar	qPfM2laM0pRL4rrZtBGl	initial_r_or_rr	P2	ʁekuˈaʁ	2275
2276.00.01	assinado	wxoDdfPKBuna5KnUEotz	coda_s_ep_risk	P3	ˌasinˈadu	2276
2277.00.01	requerer	Rw38T6bn0lTNOb1aUevR	initial_r_or_rr	P2	ʁekiˈɾeʁ	2277
2278.00.01	pregar	qPfM2laM0pRL4rrZtBGl	none	—	pɾeɡˈaʁ	2278
2278.00.02	pregar	ny3E2DZImeZm00WLGZi9	none	—	pɾeɡˈaʁ	2278
2279.00.01	defeito	wxoDdfPKBuna5KnUEotz	none	—	defˈejtu	2279
2280.00.01	sofrimento	AaeZyyi87RCxtFnHPS3e	none	—	sofɾimˈẽtu	2280
2281.00.01	determinação	Rw38T6bn0lTNOb1aUevR	none	—	dˌeteɾmˌinasˈɐ̃w̃	2281
2282.00.01	efetivo	qPfM2laM0pRL4rrZtBGl	none	—	ˌefetʃˈivu	2282
2282.00.02	efetivo	Rw38T6bn0lTNOb1aUevR	none	—	ˌefetʃˈivu	2282
2282.00.03	efetivo	Rw38T6bn0lTNOb1aUevR	none	—	ˌefetʃˈivu	2282
2283.00.01	global	Rw38T6bn0lTNOb1aUevR	final_l_vocalization	P1	ɡlobˈaw	2283
2284.00.01	marco	xNGAXaCH8MaasNuo7Hr7	none	—	mˈaɾku	2284
2284.00.02	marco	wxoDdfPKBuna5KnUEotz	none	—	mˈaʁku	2284
2285.00.01	financiamento	wxoDdfPKBuna5KnUEotz	none	—	finɐ̃siɐmˈẽtu	2285
2286.00.01	registro	ny3E2DZImeZm00WLGZi9	coda_s_ep_risk,initial_r_or_rr	P2	ʁeʒˈistɾu	2286
2287.00.01	típico	ny3E2DZImeZm00WLGZi9	none	—	tʃˈipiku	2287
2288.00.01	solicitar	Rw38T6bn0lTNOb1aUevR	none	—	soliˈsitaʁ	2288
2289.00.01	acadêmico	m151rjrbWXbBqyq56tly	none	—	ˌakadˈemiku	2289
2290.00.01	compositor	ny3E2DZImeZm00WLGZi9	none	—	kõpoziˈtoʁ	2290
2291.00.01	frequente	AaeZyyi87RCxtFnHPS3e	de_te_palatalization,final_unstressed_e	P2	fɾekwˈẽtʃi	2291
2292.00.01	residência	qPfM2laM0pRL4rrZtBGl	initial_r_or_rr	P2	ʁezidˈẽsiɐ	2292
2293.00.01	matriz	Rw38T6bn0lTNOb1aUevR	none	—	matɾˈis	2293
2293.00.02	matriz	4r3G9XKliGgVZLKMgjik	none	—	mɐtɾˈis	2293
2294.00.01	oriente	m151rjrbWXbBqyq56tly	de_te_palatalization,final_unstressed_e	P2	ˌoɾiˈẽtʃi	2294
2295.00.01	colorido	m151rjrbWXbBqyq56tly	none	—	kˌoloɾˈidu	2295
2296.00.01	arquivo	m151rjrbWXbBqyq56tly	none	—	aɾkˈivu	2296
2297.00.01	rocha	m151rjrbWXbBqyq56tly	initial_r_or_rr	P2	ʁˈɔʃɐ	2297
2298.00.01	indicação	wxoDdfPKBuna5KnUEotz	none	—	ĩdʒikasˈɐ̃w̃	2298
2299.00.01	escutar	m151rjrbWXbBqyq56tly	coda_s_ep_risk	P3	eskutˈaʁ	2299
2300.00.01	agradar	m151rjrbWXbBqyq56tly	none	—	aɡɾadˈaʁ	2300
2301.00.01	associar	4r3G9XKliGgVZLKMgjik	coda_s_ep_risk	P3	ˌasosi̯ˈaʁ	2301
2302.00.01	continuidade	xNGAXaCH8MaasNuo7Hr7	de_te_palatalization,final_unstressed_e	P2	kõtʃinuidˈadʒi	2302
2303.00.01	liderar	wxoDdfPKBuna5KnUEotz	none	—	lideɾˈaɾ	2303
2304.00.01	obstáculo	xNGAXaCH8MaasNuo7Hr7	coda_s_ep_risk	P3	obisˈtakulu	2304
2305.00.01	autorizar	Rw38T6bn0lTNOb1aUevR	none	—	ˌawtoɾizˈaʁ	2305
2306.00.01	destruição	AaeZyyi87RCxtFnHPS3e	coda_s_ep_risk	P3	dˌestɾuisˈɐ̃w̃	2306
2307.00.01	britânico	Rw38T6bn0lTNOb1aUevR	none	—	bɾitˈɐ̃niku	2307
2308.00.01	correspondente	Rw38T6bn0lTNOb1aUevR	coda_s_ep_risk,de_te_palatalization,final_unstressed_e,initial_r_or_rr	P2	koʁespoŋdˈẽtʃi	2308
2308.00.02	correspondente	m151rjrbWXbBqyq56tly	coda_s_ep_risk,de_te_palatalization,final_unstressed_e,initial_r_or_rr	P2	koʁespõdˈẽtʃi	2308
2309.00.01	matemática	AaeZyyi87RCxtFnHPS3e	none	—	matʃimˈatʃikɐ	2309
2310.00.01	encarregar	Rw38T6bn0lTNOb1aUevR	initial_r_or_rr	P2	ẽkaʁeɡˈaʁ	2310
2311.00.01	enganar	Rw38T6bn0lTNOb1aUevR	none	—	ẽɡɐnˈaʁ	2311
2312.00.01	desfazer	m151rjrbWXbBqyq56tly	coda_s_ep_risk	P3	dˌesfazˈeʁ	2312
2313.00.01	suspender	ny3E2DZImeZm00WLGZi9	coda_s_ep_risk	P3	sũspẽˈdeʁ	2313
2314.00.01	aguardar	xNGAXaCH8MaasNuo7Hr7	none	—	ˌaɡwaɾdˈaʁ	2314
2315.00.01	dirigente	qPfM2laM0pRL4rrZtBGl	de_te_palatalization,final_unstressed_e	P2	dʒiɾiʒˈẽtʃi	2315
2316.00.01	rodear	ny3E2DZImeZm00WLGZi9	initial_r_or_rr	P2	ʁodʒiˈaʁ	2316
2317.00.01	palmeira	qPfM2laM0pRL4rrZtBGl	none	—	pawmˈejɾɐ	2317
2318.00.01	macho	m151rjrbWXbBqyq56tly	none	—	mˈaʃu	2318
2319.00.01	beneficiar	m151rjrbWXbBqyq56tly	none	—	bˌenefisiˈaʁ	2319
2320.00.01	privilégio	ny3E2DZImeZm00WLGZi9	none	—	pɾivilˈɛʒju	2320
2321.00.01	inteiramente	wxoDdfPKBuna5KnUEotz	de_te_palatalization,final_unstressed_e	P2	ĩtejɾɐmˈẽtʃi	2321
2322.00.01	destinar	Rw38T6bn0lTNOb1aUevR	coda_s_ep_risk	P3	dˌestʃinˈaʁ	2322
2323.00.01	lidar	qPfM2laM0pRL4rrZtBGl	none	—	lidˈaʁ	2323
2324.00.01	desconhecer	ny3E2DZImeZm00WLGZi9	coda_s_ep_risk	P3	dˌeskoɲeˈseʁ	2324
2325.00.01	basear	m151rjrbWXbBqyq56tly	none	—	bazeˈaʁ	2325
2326.00.01	evoluir	m151rjrbWXbBqyq56tly	none	—	evoluˈiʁ	2326
2327.00.01	íntimo	qPfM2laM0pRL4rrZtBGl	none	—	ˈĩtʃimu	2327
2329.00.01	repente	Rw38T6bn0lTNOb1aUevR	de_te_palatalization,final_unstressed_e,initial_r_or_rr	P2	ʁepˈẽtʃi	2329
2329.01.01	de repente	m151rjrbWXbBqyq56tly	final_unstressed_e	P2	dʒi ʁepˈẽtʃi	2329
2330.00.01	marcado	ny3E2DZImeZm00WLGZi9	none	—	maɾkˈadu	2330
2330.00.02	marcado	m151rjrbWXbBqyq56tly	none	—	maɾkˈadu	2330
2331.00.01	rock	m151rjrbWXbBqyq56tly	english_loanword,initial_r_or_rr,same_spelling_en_pt	P1	ʁˈɔki	2331
2332.00.01	criminoso	ny3E2DZImeZm00WLGZi9	none	—	kɾiminˈozu	2332
2333.00.01	candidatura	Rw38T6bn0lTNOb1aUevR	none	—	kˌɐ̃dʒidatˈuɾɐ	2333
2334.00.01	lixo	m151rjrbWXbBqyq56tly	none	—	lˈiʃu	2334
2335.00.01	cozinha	m151rjrbWXbBqyq56tly	none	—	kuzˈĩɲɐ	2335
2336.00.01	agrário	m151rjrbWXbBqyq56tly	none	—	aɡɾˈaɾju	2336
2337.00.01	consultar	Rw38T6bn0lTNOb1aUevR	none	—	kõsuwtˈaʁ	2337
2338.00.01	bebida	qPfM2laM0pRL4rrZtBGl	none	—	bˌebˈidɐ	2338
2339.00.01	carvão	Rw38T6bn0lTNOb1aUevR	none	—	kaʁvˈɐ̃w	2339
2340.00.01	partidário	4r3G9XKliGgVZLKMgjik	none	—	paɾtʃidˈaɾju	2340
2340.00.02	partidário	xNGAXaCH8MaasNuo7Hr7	none	—	pˌaɾtʃidˈaɾju	2340
2341.00.01	festival	AaeZyyi87RCxtFnHPS3e	coda_s_ep_risk,english_loanword,final_l_vocalization,same_spelling_en_pt	P1	fˌestʃivˈaw	2341
2342.00.01	celebrar	m151rjrbWXbBqyq56tly	none	—	selebrˈaʁ	2342
2343.00.01	judiciário	Rw38T6bn0lTNOb1aUevR	none	—	ʒudʒisiˈaɾiu	2343
2344.00.01	arquiteto	Rw38T6bn0lTNOb1aUevR	none	—	ˌaɾkitʃˈɛtu	2344
2345.00.01	exclusivo	AaeZyyi87RCxtFnHPS3e	none	—	ˌeskluzˈivu	2345
2346.00.01	numeroso	AaeZyyi87RCxtFnHPS3e	none	—	nˌumeɾˈozu	2346
2347.00.01	cruzar	qPfM2laM0pRL4rrZtBGl	none	—	kɾuzˈaʁ	2347
2348.00.01	designar	ny3E2DZImeZm00WLGZi9	none	—	deziɡnˈaʁ	2348
2349.00.01	espectador	wxoDdfPKBuna5KnUEotz	coda_s_ep_risk	P3	ˌespektadˈoʁ	2349
2350.00.01	neve	qPfM2laM0pRL4rrZtBGl	final_unstressed_e	P2	nˈɛvi	2350
2351.00.01	recuperação	m151rjrbWXbBqyq56tly	initial_r_or_rr	P2	ʁekupeɾasˈɐ̃w	2351
2352.00.01	ilusão	AaeZyyi87RCxtFnHPS3e	none	—	ˌiluzˈɐ̃w	2352
2353.00.01	denúncia	Rw38T6bn0lTNOb1aUevR	none	—	denˈũsjɐ	2353
2354.00.01	destaque	4r3G9XKliGgVZLKMgjik	coda_s_ep_risk	P3	dˌestˈaki	2354
2355.00.01	planejamento	ny3E2DZImeZm00WLGZi9	none	—	plɐneʒɐmˈẽtu	2355
2356.00.01	campeão	Rw38T6bn0lTNOb1aUevR	none	—	kɐ̃mpʃiˈɐ̃w	2356
2357.00.01	confessar	m151rjrbWXbBqyq56tly	coda_s_ep_risk	P3	kõfesˈaʁ	2357
2358.00.01	projeção	Rw38T6bn0lTNOb1aUevR	none	—	pɾoʒeˈsɐ̃w	2358
2359.00.01	integração	m151rjrbWXbBqyq56tly	none	—	ĩteɡɾɐsˈɐ̃w	2359
2360.00.01	amiga	m151rjrbWXbBqyq56tly	none	—	ɐmˈiɡɐ	2360
2361.00.01	madrugada	4r3G9XKliGgVZLKMgjik	none	—	mˌadɾuɡˈadɐ	2361
2362.00.01	avô	wxoDdfPKBuna5KnUEotz	none	—	avˈo	2362
2363.00.01	restaurante	AaeZyyi87RCxtFnHPS3e	coda_s_ep_risk,de_te_palatalization,final_unstressed_e,french_loanword,initial_r_or_rr	P2	ʁestawɾˈɐ̃tʃi	2363
2364.00.01	descartar	Rw38T6bn0lTNOb1aUevR	coda_s_ep_risk	P3	dʃiskaʁtˈaʁ	2364
2364.00.02	descartar	Rw38T6bn0lTNOb1aUevR	coda_s_ep_risk	P3	dʒiskaʁˈtaʁ	2364
2364.00.03	descartar	ny3E2DZImeZm00WLGZi9	coda_s_ep_risk	P3	dˌeskaɾtˈaʁ	2364
2365.00.01	captar	m151rjrbWXbBqyq56tly	none	—	kaptˈaʁ	2365
2366.00.01	sacrifício	Rw38T6bn0lTNOb1aUevR	none	—	sakɾifˈisju	2366
2367.00.01	ditadura	Rw38T6bn0lTNOb1aUevR	none	—	dʒitadˈuɾɐ	2367
2368.00.01	fila	Rw38T6bn0lTNOb1aUevR	none	—	fˈilɐ	2368
2369.00.01	largar	Rw38T6bn0lTNOb1aUevR	none	—	laɾɡˈaʁ	2369
2369.00.02	largar	Rw38T6bn0lTNOb1aUevR	none	—	laʁɡˈaʁ	2369
2370.00.01	situado	m151rjrbWXbBqyq56tly	none	—	sˌituˈadu	2370
2371.00.01	imperador	m151rjrbWXbBqyq56tly	none	—	ĩpeɾadˈoʁ	2371
2372.00.01	reproduzir	ny3E2DZImeZm00WLGZi9	initial_r_or_rr	P2	ʁepɾoduzˈiɾ	2372
2373.00.01	presidir	m151rjrbWXbBqyq56tly	none	—	pɾezidʒˈiɾ	2373
2374.00.01	receio	Rw38T6bn0lTNOb1aUevR	initial_r_or_rr	P2	ʁesˈeju	2374
2375.00.01	poético	m151rjrbWXbBqyq56tly	none	—	poˈɛtʃiku	2375
2376.00.01	servidor	Rw38T6bn0lTNOb1aUevR	none	—	sˌeɾvidˈoʁ	2376
2376.00.02	servidor	m151rjrbWXbBqyq56tly	none	—	seɾvidˈoʁ	2376
2377.00.01	primeiro-ministro	Rw38T6bn0lTNOb1aUevR	coda_s_ep_risk	P3	pɾĩˈmejɾumiˈnistɾu	2377
2378.00.01	almoço	ny3E2DZImeZm00WLGZi9	none	—	aʊˈmosu	2378
2379.00.01	piloto	4r3G9XKliGgVZLKMgjik	none	—	pilˈɔtu	2379
2380.00.01	tesouro	xNGAXaCH8MaasNuo7Hr7	none	—	tezˈoɾu	2380
2380.00.02	tesouro	m151rjrbWXbBqyq56tly	none	—	tezˈoɾu	2380
2381.00.01	fresco	Rw38T6bn0lTNOb1aUevR	coda_s_ep_risk	P3	fɾˈesku	2381
2382.00.01	contraste	xNGAXaCH8MaasNuo7Hr7	coda_s_ep_risk,de_te_palatalization,final_unstressed_e	P2	kõtɾˈastʃi	2382
2383.00.01	assinatura	Rw38T6bn0lTNOb1aUevR	coda_s_ep_risk	P3	ˌasinatˈuɾɐ	2383
2383.00.02	assinatura	m151rjrbWXbBqyq56tly	coda_s_ep_risk	P3	ˌasinatˈuɾɐ	2383
2384.00.01	álbum	AaeZyyi87RCxtFnHPS3e	none	—	ˈawbũ	2384
2385.00.01	válido	m151rjrbWXbBqyq56tly	none	—	vˈalidu	2385
2386.00.01	apagar	wxoDdfPKBuna5KnUEotz	none	—	apaɡˈaʁ	2386
2386.00.02	apagar	qPfM2laM0pRL4rrZtBGl	none	—	apaɡˈaʁ	2386
2387.00.01	chá	Rw38T6bn0lTNOb1aUevR	none	—	ʃˈa	2387
2388.00.01	relatar	m151rjrbWXbBqyq56tly	initial_r_or_rr	P2	ʁelaˈtaʁ	2388
2389.00.01	agravar	m151rjrbWXbBqyq56tly	none	—	aɡɾavˈaʁ	2389
2390.00.01	prefeito	m151rjrbWXbBqyq56tly	none	—	pɾefˈejtu	2390
2391.00.01	pormenor	qPfM2laM0pRL4rrZtBGl	none	—	poɾmenˈoʁ	2391
2392.00.01	esgotar	m151rjrbWXbBqyq56tly	coda_s_ep_risk	P3	ezɡotˈaʁ	2392
2393.00.01	derivar	wxoDdfPKBuna5KnUEotz	none	—	deɾivˈaʁ	2393
2394.00.01	correspondência	m151rjrbWXbBqyq56tly	coda_s_ep_risk,initial_r_or_rr	P2	kˌoʁespoŋdˈẽsjɐ	2394
2395.00.01	autonomia	xNGAXaCH8MaasNuo7Hr7	none	—	ˌaʊtonomiˈa	2395
2396.00.01	incapaz	wxoDdfPKBuna5KnUEotz	none	—	ĩkɐpˈas	2396
2397.00.01	célebre	Rw38T6bn0lTNOb1aUevR	final_unstressed_e	P2	sˈɛlebɾi	2397
2398.00.01	circuito	ny3E2DZImeZm00WLGZi9	none	—	siɾkˈujtu	2398
2399.00.01	teatral	xNGAXaCH8MaasNuo7Hr7	final_l_vocalization	P1	tʃiatɾˈaw	2399
2400.00.01	dispensar	ny3E2DZImeZm00WLGZi9	coda_s_ep_risk	P3	dʒĩspẽˈsaʁ	2400
2400.00.02	dispensar	m151rjrbWXbBqyq56tly	coda_s_ep_risk	P3	dʒispẽsˈaʁ	2400
2400.00.03	dispensar	xNGAXaCH8MaasNuo7Hr7	coda_s_ep_risk	P3	dʒispẽsˈaʁ	2400
2401.00.01	eventual	m151rjrbWXbBqyq56tly	final_l_vocalization	P1	evẽtuˈaw	2401
2402.00.01	tinta	xNGAXaCH8MaasNuo7Hr7	none	—	tʃˈĩtɐ	2402
2402.00.02	tinta	xNGAXaCH8MaasNuo7Hr7	none	—	tʃˈĩtɐ	2402
2403.00.01	aquecer	m151rjrbWXbBqyq56tly	none	—	akesˈeʁ	2403
2404.00.01	cristal	m151rjrbWXbBqyq56tly	coda_s_ep_risk,final_l_vocalization	P1	kɾistˈaw	2404
2405.00.01	bolso	ny3E2DZImeZm00WLGZi9	none	—	bˈowsu	2405
2406.00.01	examinar	m151rjrbWXbBqyq56tly	none	—	ˌezɐminˈaʁ	2406
2407.00.01	virgem	qPfM2laM0pRL4rrZtBGl	none	—	vˈiɾʒẽ	2407
2408.00.01	fama	m151rjrbWXbBqyq56tly	none	—	fˈɐ̃mɐ	2408
2409.00.01	semelhança	m151rjrbWXbBqyq56tly	none	—	sˌemeljˈɐ̃sɐ	2409
2410.00.01	alimentação	qPfM2laM0pRL4rrZtBGl	none	—	ˌalimẽtɐsˈɐ̃w	2410
2411.00.01	confronto	Rw38T6bn0lTNOb1aUevR	none	—	kõfɾˈõtu	2411
2412.00.01	transição	AaeZyyi87RCxtFnHPS3e	none	—	tɾɐ̃ziˈsɐ̃w	2412
2413.00.01	patrão	Rw38T6bn0lTNOb1aUevR	none	—	paˈtɾɐ̃w	2413
2415.00.01	depositar	ny3E2DZImeZm00WLGZi9	none	—	dˌepozitˈaʁ	2415
2416.00.01	mérito	qPfM2laM0pRL4rrZtBGl	none	—	mˈɛɾitu	2416
2417.00.01	testemunha	4r3G9XKliGgVZLKMgjik	coda_s_ep_risk	P3	tˌestemˈũɲɐ	2417
2418.00.01	disparar	qPfM2laM0pRL4rrZtBGl	coda_s_ep_risk	P3	dʒispɐˈɾaʁ	2418
2419.00.01	autorização	wxoDdfPKBuna5KnUEotz	none	—	ˌawtoɾizɐsˈɐ̃w	2419
2420.00.01	treinar	Rw38T6bn0lTNOb1aUevR	none	—	tɾeĩˈnaʁ	2420
2421.00.01	oeste	xNGAXaCH8MaasNuo7Hr7	coda_s_ep_risk,de_te_palatalization,final_unstressed_e	P2	oˈɛstʃi	2421
2422.00.01	lateral	ny3E2DZImeZm00WLGZi9	final_l_vocalization	P1	lateɾˈaw	2422
2422.00.02	lateral	qPfM2laM0pRL4rrZtBGl	final_l_vocalization	P1	lateɾˈaw	2422
2422.00.03	lateral	m151rjrbWXbBqyq56tly	final_l_vocalization	P1	lateɾˈaw	2422
2423.00.01	porte	xNGAXaCH8MaasNuo7Hr7	de_te_palatalization,final_unstressed_e	P2	pˈɔɾtʃi	2423
2423.00.02	porte	wxoDdfPKBuna5KnUEotz	de_te_palatalization,final_unstressed_e	P2	pˈɔɾtʃi	2423
2423.00.03	porte	m151rjrbWXbBqyq56tly	de_te_palatalization,final_unstressed_e	P2	pˈɔɾtʃi	2423
2424.00.01	obrigatório	Rw38T6bn0lTNOb1aUevR	none	—	ˌobɾiɡɐˈtɔɾju	2424
2425.00.01	vinda	m151rjrbWXbBqyq56tly	none	—	vˈĩdɐ	2425
2426.00.01	profundamente	xNGAXaCH8MaasNuo7Hr7	de_te_palatalization,final_unstressed_e	P2	pɾoˌfũdɐmˈẽtʃi	2426
2427.00.01	classificação	ny3E2DZImeZm00WLGZi9	coda_s_ep_risk	P3	klˌasifikaˈsɐ̃w	2427
2428.00.01	chapéu	ny3E2DZImeZm00WLGZi9	none	—	ʃapˈɛw	2428
2429.00.01	manifesto	ny3E2DZImeZm00WLGZi9	coda_s_ep_risk	P3	mˌanifˈɛstu	2429
2429.00.02	manifesto	Rw38T6bn0lTNOb1aUevR	coda_s_ep_risk	P3	mˌanifˈɛstu	2429
2430.00.01	são	m151rjrbWXbBqyq56tly	none	—	sˈɐ̃w̃	2430
2430.00.02	são	Rw38T6bn0lTNOb1aUevR	none	—	sˈɐ̃w̃	2430
2431.00.01	firme	Rw38T6bn0lTNOb1aUevR	final_unstressed_e	P2	fˈiʁmi	2431
2432.00.01	cruzeiro	qPfM2laM0pRL4rrZtBGl	none	—	kɾuzˈejɾu	2432
2432.00.02	cruzeiro	Rw38T6bn0lTNOb1aUevR	none	—	kɾuzˈejɾu	2432
2433.00.01	embaixador	AaeZyyi87RCxtFnHPS3e	none	—	ẽbaʃadˈoʁ	2433
2434.00.01	algodão	qPfM2laM0pRL4rrZtBGl	none	—	ˌawɡodˈɐ̃w	2434
2435.00.01	censura	m151rjrbWXbBqyq56tly	none	—	sẽˈsuɾɐ	2435
2435.00.02	censura	4r3G9XKliGgVZLKMgjik	none	—	sẽˈsuɾɐ	2435
2436.00.01	guia	m151rjrbWXbBqyq56tly	none	—	ɡˈiɐ	2436
2437.00.01	oficina	AaeZyyi87RCxtFnHPS3e	none	—	ˌofisˈinɐ	2437
2438.00.01	sucessivo	4r3G9XKliGgVZLKMgjik	coda_s_ep_risk	P3	sˌusesˈivu	2438
2439.00.01	cheiro	Rw38T6bn0lTNOb1aUevR	none	—	ʃˈejɾu	2439
2440.00.01	plantar	4r3G9XKliGgVZLKMgjik	none	—	plɐ̃ˈtaʁ	2440
2441.00.01	seminário	4r3G9XKliGgVZLKMgjik	none	—	sˌeminˈaɾiu	2441
2441.00.02	seminário	wxoDdfPKBuna5KnUEotz	none	—	sˌeminˈaɾju	2441
2442.00.01	finanças	xNGAXaCH8MaasNuo7Hr7	none	—	finˈɐ̃sɐs	2442
2443.00.01	convenção	xNGAXaCH8MaasNuo7Hr7	none	—	kõvẽsˈɐ̃w	2443
2444.00.01	harmonia	Rw38T6bn0lTNOb1aUevR	h_initial_english_risk	P1	aʁmˈoniɐ	2444
2445.00.01	anual	Rw38T6bn0lTNOb1aUevR	final_l_vocalization	P1	ˌanuˈaw	2445
2446.00.01	sobrevivência	m151rjrbWXbBqyq56tly	none	—	sobɾevivˈẽsiɐ	2446
2447.00.01	girar	qPfM2laM0pRL4rrZtBGl	none	—	ʒiɾˈaʁ	2447
2448.00.01	violar	AaeZyyi87RCxtFnHPS3e	none	—	viˈolaʁ	2448
2448.00.02	violar	qPfM2laM0pRL4rrZtBGl	none	—	viˈolaʁ	2448
2449.00.01	tradução	wxoDdfPKBuna5KnUEotz	none	—	tɾadusˈɐ̃w	2449
2450.00.01	carteira	m151rjrbWXbBqyq56tly	none	—	kaɾtˈejɾɐ	2450
2451.00.01	habitar	wxoDdfPKBuna5KnUEotz	h_initial_english_risk	P1	abiˈtaʁ	2451
2452.00.01	adaptação	qPfM2laM0pRL4rrZtBGl	none	—	ˌadaptasˈɐ̃w	2452
2453.00.01	exprimir	xNGAXaCH8MaasNuo7Hr7	none	—	ˌespɾimˈiʁ	2453
2454.00.01	miúdo	AaeZyyi87RCxtFnHPS3e	none	—	miˈudu	2454
2454.00.02	miúdo	4r3G9XKliGgVZLKMgjik	none	—	miˈudu	2454
2454.00.03	miúdo	m151rjrbWXbBqyq56tly	none	—	miˈudu	2454
2455.00.01	gasolina	ny3E2DZImeZm00WLGZi9	none	—	ɡazolˈinɐ	2455
2456.00.01	aço	ny3E2DZImeZm00WLGZi9	none	—	ˈasu	2456
2457.00.01	litoral	Rw38T6bn0lTNOb1aUevR	final_l_vocalization	P1	lˌitoɾˈaw	2457
2458.00.01	acertar	Rw38T6bn0lTNOb1aUevR	none	—	aseɾtˈaʁ	2458
2459.00.01	bancário	wxoDdfPKBuna5KnUEotz	none	—	bɐ̃ŋkˈaɾju	2459
2460.00.01	rodar	m151rjrbWXbBqyq56tly	initial_r_or_rr	P2	ʁodˈaʁ	2460
2461.00.01	carnaval	qPfM2laM0pRL4rrZtBGl	final_l_vocalization	P1	kaɾnaˈvaw	2461
2462.00.01	vergonha	ny3E2DZImeZm00WLGZi9	none	—	veɾɡˈoɲɐ	2462
2463.00.01	triunfo	Rw38T6bn0lTNOb1aUevR	none	—	tɾiˈũfu	2463
2464.00.01	aderir	m151rjrbWXbBqyq56tly	none	—	adeɾˈiʁ	2464
2464.00.02	aderir	wxoDdfPKBuna5KnUEotz	none	—	adeɾˈiɾ	2464
2465.00.01	estímulo	qPfM2laM0pRL4rrZtBGl	coda_s_ep_risk	P3	estʃˈimulu	2465
2466.00.01	preservar	ny3E2DZImeZm00WLGZi9	none	—	pɾezɛɾvˈaʁ	2466
2467.00.01	turismo	4r3G9XKliGgVZLKMgjik	coda_s_ep_risk	P3	tuɾˈizmu	2467
2468.00.01	tribo	Rw38T6bn0lTNOb1aUevR	none	—	tɾˈibu	2468
2469.00.01	admirar	Rw38T6bn0lTNOb1aUevR	none	—	admˈiɾaʁ	2469
2470.00.01	inicialmente	wxoDdfPKBuna5KnUEotz	de_te_palatalization,final_unstressed_e	P2	ĩnisiˈawmẽtʃi	2470
2471.00.01	publicidade	m151rjrbWXbBqyq56tly	de_te_palatalization,final_unstressed_e	P2	pˌublisidˈadʒi	2471
2472.00.01	frequentemente	m151rjrbWXbBqyq56tly	de_te_palatalization,final_unstressed_e	P2	fɾekwˈẽtʃimˈẽtʃi	2472
2473.00.01	indicador	xNGAXaCH8MaasNuo7Hr7	none	—	ˌĩdʒikadˈoʁ	2473
2474.00.01	preocupado	4r3G9XKliGgVZLKMgjik	none	—	pɾeokupˈadu	2474
2475.00.01	prata	xNGAXaCH8MaasNuo7Hr7	none	—	pɾˈatɐ	2475
2476.00.01	eterno	m151rjrbWXbBqyq56tly	none	—	etˈɛɾnu	2476
2477.00.01	variação	wxoDdfPKBuna5KnUEotz	none	—	vɐɾiɐsˈɐ̃w	2477
2478.00.01	profundidade	AaeZyyi87RCxtFnHPS3e	de_te_palatalization,final_unstressed_e	P2	pɾˌofũdʒidˈadʒi	2478
2479.00.01	ovelha	Rw38T6bn0lTNOb1aUevR	none	—	ovˈeʎɐ	2479
2480.00.01	delicado	wxoDdfPKBuna5KnUEotz	none	—	dˌelikˈadu	2480
2481.00.01	enfermeiro	m151rjrbWXbBqyq56tly	none	—	ẽfeɾmˈejɾu	2481
2482.00.01	definitivamente	m151rjrbWXbBqyq56tly	de_te_palatalization,final_unstressed_e	P2	dˌefiˌnĩtʃˈivɐmẽtʃi	2482
2483.00.01	calar	AaeZyyi87RCxtFnHPS3e	none	—	kalˈaʁ	2483
2484.00.01	circulação	m151rjrbWXbBqyq56tly	none	—	siɾkulɐsˈɐ̃w	2484
2485.00.01	célula	Rw38T6bn0lTNOb1aUevR	none	—	sˈɛlulɐ	2485
2486.00.01	providência	4r3G9XKliGgVZLKMgjik	none	—	pɾovidˈẽsiɐ	2486
2486.00.02	providência	Rw38T6bn0lTNOb1aUevR	none	—	pɾovidˈẽsjɐ	2486
2487.00.01	sexto	Rw38T6bn0lTNOb1aUevR	none	—	sˈestu	2487
2488.00.01	transmissão	m151rjrbWXbBqyq56tly	coda_s_ep_risk	P3	tɾɐ̃zmisˈɐ̃w	2488
2489.00.01	maravilhoso	m151rjrbWXbBqyq56tly	none	—	mˌaɾaviʎˈozu	2489
2490.00.01	presidencial	xNGAXaCH8MaasNuo7Hr7	final_l_vocalization	P1	pɾeziˌdẽsiˈaw	2490
2491.00.01	legítimo	qPfM2laM0pRL4rrZtBGl	none	—	leʒˈitʃimu	2491
2492.00.01	escolar	Rw38T6bn0lTNOb1aUevR	coda_s_ep_risk	P3	ˌeskoˈlaʁ	2492
2493.00.01	colônia	m151rjrbWXbBqyq56tly	none	—	kolˈoniɐ	2493
2494.00.01	melhoria	m151rjrbWXbBqyq56tly	none	—	meʎoɾˈiɐ	2494
2494.00.02	melhoria	Rw38T6bn0lTNOb1aUevR	none	—	meʎoɾˈiɐ	2494
2495.00.01	eficaz	m151rjrbWXbBqyq56tly	none	—	efikˈas	2495
2496.00.01	bilhão	Rw38T6bn0lTNOb1aUevR	none	—	biʎˈɐ̃w	2496
2497.00.01	sabor	qPfM2laM0pRL4rrZtBGl	none	—	sabˈoʁ	2497
2498.00.01	movimentar	ny3E2DZImeZm00WLGZi9	none	—	movimẽtˈaʁ	2498
2499.00.01	cego	Rw38T6bn0lTNOb1aUevR	none	—	sˈɛɡu	2499
2500.00.01	reportagem	m151rjrbWXbBqyq56tly	initial_r_or_rr	P2	ʁepɔɾtˈaʒẽ	2500
2501.00.01	batata	Rw38T6bn0lTNOb1aUevR	none	—	batˈatɐ	2501
2502.00.01	primavera	4r3G9XKliGgVZLKMgjik	none	—	pɾĩmɐvˈɛɾɐ	2502
2503.00.01	índice	AaeZyyi87RCxtFnHPS3e	final_unstressed_e	P2	ˈĩdʒisi	2503
2503.00.02	índice	qPfM2laM0pRL4rrZtBGl	final_unstressed_e	P2	ˈĩdʒisi	2503
2504.00.01	revelação	Rw38T6bn0lTNOb1aUevR	initial_r_or_rr	P2	ʁevelɐsˈɐ̃w̃	2504
2504.00.02	revelação	wxoDdfPKBuna5KnUEotz	initial_r_or_rr	P2	ʁevelɐsˈɐ̃w	2504
2505.00.01	amante	Rw38T6bn0lTNOb1aUevR	de_te_palatalization,final_unstressed_e	P2	amˈɐ̃tʃi	2505
2506.00.01	pátria	xNGAXaCH8MaasNuo7Hr7	none	—	pˈatɾiɐ	2506
2507.00.01	tabela	m151rjrbWXbBqyq56tly	none	—	tɐbˈɛlɐ	2507
2508.00.01	demissão	xNGAXaCH8MaasNuo7Hr7	coda_s_ep_risk	P3	demiˈsɐ̃w	2508
2508.00.02	demissão	m151rjrbWXbBqyq56tly	coda_s_ep_risk	P3	demiˈsɐ̃w	2508
2509.00.01	rebelde	Rw38T6bn0lTNOb1aUevR	de_te_palatalization,final_unstressed_e,initial_r_or_rr	P2	ʁebˈɛwdʒi	2509
2510.00.01	gráfico	Rw38T6bn0lTNOb1aUevR	none	—	ɡɾˈafiku	2510
2511.00.01	aeroporto	m151rjrbWXbBqyq56tly	none	—	ˌaeɾopˈoɾtu	2511
2512.00.01	franco	xNGAXaCH8MaasNuo7Hr7	none	—	fɾˈɐ̃ku	2512
2513.00.01	improvisar	wxoDdfPKBuna5KnUEotz	none	—	ĩpɾoviˈzaʁ	2513
2514.00.01	excluir	m151rjrbWXbBqyq56tly	none	—	ˌeskluˈiʁ	2514
2515.00.01	manual	m151rjrbWXbBqyq56tly	final_l_vocalization,same_spelling_en_pt	P1	manuˈaw	2515
2516.00.01	prestação	m151rjrbWXbBqyq56tly	coda_s_ep_risk	P3	pɾestɐsˈɐ̃w	2516
2517.00.01	aproximação	4r3G9XKliGgVZLKMgjik	none	—	ˌapɾosimasˈɐ̃w̃	2517
2517.00.02	aproximação	ny3E2DZImeZm00WLGZi9	none	—	ˌapɾosimasˈɐ̃w	2517
2518.00.01	ombro	4r3G9XKliGgVZLKMgjik	none	—	ˈõbɾu	2518
2519.00.01	aguentar	qPfM2laM0pRL4rrZtBGl	none	—	aɡwẽˈtaʁ	2519
2520.00.01	provável	xNGAXaCH8MaasNuo7Hr7	final_l_vocalization	P1	pɾovˈavew	2520
2521.00.01	químico	Rw38T6bn0lTNOb1aUevR	none	—	kˈimiku	2521
2521.00.02	químico	4r3G9XKliGgVZLKMgjik	none	—	kˈimiku	2521
2522.00.01	terror	m151rjrbWXbBqyq56tly	english_loanword,initial_r_or_rr,same_spelling_en_pt	P1	teˈʁoʁ	2522
2523.00.01	fumo	Rw38T6bn0lTNOb1aUevR	none	—	fˈumu	2523
2524.00.01	efetuar	ny3E2DZImeZm00WLGZi9	none	—	efetuˈaʁ	2524
2525.00.01	cansado	qPfM2laM0pRL4rrZtBGl	none	—	kɐ̃ˈsadu	2525
2526.00.01	traçar	m151rjrbWXbBqyq56tly	none	—	tɾasˈaɾ	2526
2526.00.02	traçar	qPfM2laM0pRL4rrZtBGl	none	—	tɾasˈaʁ	2526
2526.00.03	traçar	m151rjrbWXbBqyq56tly	none	—	tɾasˈaɾ	2526
2527.00.01	assalto	wxoDdfPKBuna5KnUEotz	coda_s_ep_risk	P3	asˈawtu	2527
2528.00.01	feijão	xNGAXaCH8MaasNuo7Hr7	none	—	fejʒˈɐ̃w	2528
2529.00.01	abalar	wxoDdfPKBuna5KnUEotz	none	—	abaˈlaʁ	2529
2530.00.01	monetário	ny3E2DZImeZm00WLGZi9	none	—	monˈetaɾju	2530
2531.00.01	prático	wxoDdfPKBuna5KnUEotz	none	—	pɾˈatʃiku	2531
2532.00.01	agradável	m151rjrbWXbBqyq56tly	final_l_vocalization	P1	aɡɾadˈavew	2532
2533.00.01	estágio	Rw38T6bn0lTNOb1aUevR	coda_s_ep_risk	P3	esˈtaʒiu	2533
2533.00.02	estágio	qPfM2laM0pRL4rrZtBGl	coda_s_ep_risk	P3	estˈaʒju	2533
2534.00.01	celular	Rw38T6bn0lTNOb1aUevR	none	—	seluˈlaʁ	2534
2535.00.01	retorno	Rw38T6bn0lTNOb1aUevR	initial_r_or_rr	P2	ʁetˈoɾnu	2535
2536.00.01	favorecer	m151rjrbWXbBqyq56tly	none	—	favuɾesˈeʁ	2536
2537.00.01	divino	4r3G9XKliGgVZLKMgjik	none	—	dʒivˈinu	2537
2538.00.01	falecer	m151rjrbWXbBqyq56tly	none	—	falɛsˈeʁ	2538
2539.00.01	guiar	xNGAXaCH8MaasNuo7Hr7	none	—	ɡiˈaʁ	2539
2540.00.01	sobrar	4r3G9XKliGgVZLKMgjik	none	—	sobɾˈaɾ	2540
2541.00.01	major	AaeZyyi87RCxtFnHPS3e	none	—	maʒˈɔʁ	2541
2542.00.01	oração	Rw38T6bn0lTNOb1aUevR	none	—	oɾɐsˈɐ̃w	2542
2542.00.02	oração	AaeZyyi87RCxtFnHPS3e	none	—	oɾɐsˈɐ̃w	2542
2543.00.01	alegar	Rw38T6bn0lTNOb1aUevR	none	—	aleɡˈaʁ	2543
2544.00.01	taça	Rw38T6bn0lTNOb1aUevR	none	—	tˈasɐ	2544
2545.00.01	motorista	4r3G9XKliGgVZLKMgjik	coda_s_ep_risk	P3	mˌotoɾˈistɐ	2545
2546.00.01	restrição	Rw38T6bn0lTNOb1aUevR	coda_s_ep_risk,initial_r_or_rr	P2	ʁestɾiˈsɐ̃w̃	2546
2547.00.01	árabe	Rw38T6bn0lTNOb1aUevR	final_unstressed_e	P2	ˈaɾabi	2547
2548.00.01	modificação	m151rjrbWXbBqyq56tly	none	—	mˌodʒifˌikasˈɐ̃w̃	2548
2549.00.01	porquê	AaeZyyi87RCxtFnHPS3e	none	—	poɾkˈe	2549
2550.00.01	inevitável	xNGAXaCH8MaasNuo7Hr7	final_l_vocalization	P1	ĩnevitˈavew	2550
2551.00.01	orgulho	xNGAXaCH8MaasNuo7Hr7	none	—	oɾɡˈuʎu	2551
2552.00.01	financiar	AaeZyyi87RCxtFnHPS3e	none	—	finɐ̃siˈaʁ	2552
2553.00.01	adesão	wxoDdfPKBuna5KnUEotz	none	—	adezˈɐ̃w	2553
2554.00.01	esquerdo	m151rjrbWXbBqyq56tly	coda_s_ep_risk	P3	eskˈeɾdu	2554
2555.00.01	arriscar	Rw38T6bn0lTNOb1aUevR	coda_s_ep_risk,initial_r_or_rr	P2	aʁiskˈaʁ	2555
2556.00.01	reduzido	wxoDdfPKBuna5KnUEotz	initial_r_or_rr	P2	ʁeduzˈidu	2556
2557.00.01	evidentemente	qPfM2laM0pRL4rrZtBGl	de_te_palatalization,final_unstressed_e	P2	ˌevidẽtʃimˈẽtʃi	2557
2558.00.01	audiência	Rw38T6bn0lTNOb1aUevR	none	—	awdʒiˈẽsiɐ	2558
2558.00.02	audiência	4r3G9XKliGgVZLKMgjik	none	—	ˌawdʒiˈẽsiɐ	2558
2559.00.01	editora	xNGAXaCH8MaasNuo7Hr7	none	—	ˌedʒitˈoɾɐ	2559
2560.00.01	cooperação	m151rjrbWXbBqyq56tly	none	—	koopˌeɾɐsˈɐ̃w	2560
2561.00.01	lar	4r3G9XKliGgVZLKMgjik	none	—	lˈaʁ	2561
2562.00.01	partilhar	ny3E2DZImeZm00WLGZi9	none	—	paɾtʃiʎˈaʁ	2562
2563.00.01	enterrar	4r3G9XKliGgVZLKMgjik	initial_r_or_rr	P2	ẽteˈʁaʁ	2563
2564.00.01	guerreiro	xNGAXaCH8MaasNuo7Hr7	initial_r_or_rr	P2	ɡeˈʁejɾu	2564
2565.00.01	inspiração	AaeZyyi87RCxtFnHPS3e	coda_s_ep_risk	P3	ˌĩspiɾasˈɐ̃w	2565
2566.00.01	filósofo	m151rjrbWXbBqyq56tly	none	—	filˈɔzofu	2566
2567.00.01	forçado	m151rjrbWXbBqyq56tly	none	—	foʁsˈadu	2567
2568.00.01	resíduo	m151rjrbWXbBqyq56tly	initial_r_or_rr	P2	ʁezˈidwu	2568
2569.00.01	temporada	4r3G9XKliGgVZLKMgjik	none	—	tẽpoɾˈadɐ	2569
2570.00.01	expulsar	m151rjrbWXbBqyq56tly	none	—	ˌespuwˈsaʁ	2570
2571.00.01	empurrar	ny3E2DZImeZm00WLGZi9	initial_r_or_rr	P2	ẽpuˈʁaʁ	2571
2572.00.01	mergulhar	m151rjrbWXbBqyq56tly	none	—	meʁɡuʎˈaʁ	2572
2573.00.01	sono	qPfM2laM0pRL4rrZtBGl	none	—	sˈonu	2573
2574.00.01	ópera	AaeZyyi87RCxtFnHPS3e	none	—	ˈɔpeɾɐ	2574
2575.00.01	entrega	wxoDdfPKBuna5KnUEotz	none	—	ẽˈtɾɛɡɐ	2575
2576.00.01	apelo	m151rjrbWXbBqyq56tly	none	—	apˈɛlu	2576
2577.00.01	magistrado	wxoDdfPKBuna5KnUEotz	coda_s_ep_risk	P3	maʒistɾˈadu	2577
2578.00.01	bota	4r3G9XKliGgVZLKMgjik	none	—	bˈɔtɐ	2578
2579.00.01	aparência	xNGAXaCH8MaasNuo7Hr7	none	—	ˌapaɾˈẽsjɐ	2579
2580.00.01	suporte	AaeZyyi87RCxtFnHPS3e	de_te_palatalization,final_unstressed_e	P2	supˈɔɾtʃi	2580
2581.00.01	transferir	qPfM2laM0pRL4rrZtBGl	coda_s_ep_risk	P3	tɾɐ̃ŋsfeɾˈiʁ	2581
2582.00.01	republicano	wxoDdfPKBuna5KnUEotz	initial_r_or_rr	P2	ʁepubliˈkɐ̃nu	2582
2583.00.01	cavaleiro	xNGAXaCH8MaasNuo7Hr7	none	—	kˌavaˈlejɾu	2583
2583.00.02	cavaleiro	m151rjrbWXbBqyq56tly	none	—	kavaˈlejɾu	2583
2584.00.01	quebra	m151rjrbWXbBqyq56tly	none	—	kˈɛbɾɐ	2584
2584.00.02	quebra	m151rjrbWXbBqyq56tly	none	—	kˈɛbɾɐ	2584
2584.00.03	quebra	wxoDdfPKBuna5KnUEotz	none	—	kˈɛbɾɐ	2584
2585.00.01	atendimento	ny3E2DZImeZm00WLGZi9	none	—	atẽdʒimˈẽtu	2585
2586.00.01	parcela	Rw38T6bn0lTNOb1aUevR	none	—	paɾsˈɛlɐ	2586
2587.00.01	constatar	qPfM2laM0pRL4rrZtBGl	coda_s_ep_risk	P3	kõstɐtˈaʁ	2587
2588.00.01	gelo	Rw38T6bn0lTNOb1aUevR	none	—	ʒˈelu	2588
2589.00.01	orelha	Rw38T6bn0lTNOb1aUevR	none	—	oɾˈeʎɐ	2589
2590.00.01	rígido	m151rjrbWXbBqyq56tly	initial_r_or_rr	P2	ˈʁiʒidu	2590
2591.00.01	dupla	Rw38T6bn0lTNOb1aUevR	none	—	dˈuplɐ	2591
2592.00.01	marítimo	AaeZyyi87RCxtFnHPS3e	none	—	mɐˈɾitʃimu	2592
2593.00.01	digital	m151rjrbWXbBqyq56tly	final_l_vocalization,same_spelling_en_pt	P1	dʒiʒitˈaw	2593
2594.00.01	inflação	m151rjrbWXbBqyq56tly	none	—	ĩflasˈɐ̃w̃	2594
2595.00.01	aconselhar	4r3G9XKliGgVZLKMgjik	none	—	akõseʎˈaʁ	2595
2596.00.01	limpeza	AaeZyyi87RCxtFnHPS3e	none	—	lĩpˈezɐ	2596
2596.00.02	limpeza	qPfM2laM0pRL4rrZtBGl	none	—	lĩpˈezɐ	2596
2597.00.01	dependência	Rw38T6bn0lTNOb1aUevR	none	—	depẽdˈẽsjɐ	2597
2598.00.01	ética	m151rjrbWXbBqyq56tly	none	—	ˈɛtʃikɐ	2598
2599.00.01	grandeza	wxoDdfPKBuna5KnUEotz	none	—	ɡɾɐ̃dˈezɐ	2599
2599.00.02	grandeza	Rw38T6bn0lTNOb1aUevR	none	—	ɡɾɐ̃ŋdˈezɐ	2599
2600.00.01	intensidade	wxoDdfPKBuna5KnUEotz	de_te_palatalization,final_unstressed_e	P2	ĩtẽsidˈadʒi	2600
2601.00.01	descansar	Rw38T6bn0lTNOb1aUevR	coda_s_ep_risk	P3	deskɐ̃ŋsˈaʁ	2601
2602.00.01	incidente	m151rjrbWXbBqyq56tly	de_te_palatalization,final_unstressed_e	P2	ĩsidˈẽtʃi	2602
2603.00.01	solar	Rw38T6bn0lTNOb1aUevR	none	—	solˈaʁ	2603
2603.00.02	solar	Rw38T6bn0lTNOb1aUevR	none	—	solˈaʁ	2603
2603.00.03	solar	Rw38T6bn0lTNOb1aUevR	none	—	solˈaʁ	2603
2604.00.01	trem	m151rjrbWXbBqyq56tly	none	—	tɾẽ	2604
2605.00.01	renovar	m151rjrbWXbBqyq56tly	initial_r_or_rr	P2	ʁenovˈaʁ	2605
2606.00.01	assassinato	4r3G9XKliGgVZLKMgjik	coda_s_ep_risk	P3	ˌasasiˈnatu	2606
2607.00.01	colonial	xNGAXaCH8MaasNuo7Hr7	final_l_vocalization	P1	kˌoloniˈaw	2607
2608.00.01	estrutural	ny3E2DZImeZm00WLGZi9	coda_s_ep_risk,final_l_vocalization	P1	ˌestɾutʊɾˈaw	2608
2609.00.01	separação	wxoDdfPKBuna5KnUEotz	none	—	sepɐɾɐsˈɐ̃w	2609
2610.00.01	incomodar	wxoDdfPKBuna5KnUEotz	none	—	ĩkʊmʊdˈaʁ	2610
2611.00.01	decreto	Rw38T6bn0lTNOb1aUevR	none	—	dekɾˈɛtu	2611
2613.00.01	tonelada	Rw38T6bn0lTNOb1aUevR	none	—	tˌonelˈadɐ	2613
2614.00.01	essência	m151rjrbWXbBqyq56tly	coda_s_ep_risk	P3	esˈẽsjɐ	2614
2615.00.01	holandês	Rw38T6bn0lTNOb1aUevR	h_initial_english_risk	P1	olɐ̃ŋdˈes	2615
2616.00.01	lição	Rw38T6bn0lTNOb1aUevR	none	—	liˈsɐ̃w̃	2616
2617.00.01	relacionar	m151rjrbWXbBqyq56tly	initial_r_or_rr	P2	ʁelɐsiɔnˈaʁ	2617
2618.00.01	infinito	Rw38T6bn0lTNOb1aUevR	none	—	ĩfĩnˈitu	2618
2619.00.01	mosteiro	m151rjrbWXbBqyq56tly	coda_s_ep_risk	P3	mostˈejɾu	2619
2620.00.01	voluntário	m151rjrbWXbBqyq56tly	none	—	volũtˈaɾiu	2620
2620.00.02	voluntário	Rw38T6bn0lTNOb1aUevR	none	—	vˌolũtˈaɾiu	2620
2621.00.01	ângulo	Rw38T6bn0lTNOb1aUevR	none	—	ˈɐ̃ŋɡulu	2621
2622.00.01	intensivo	Rw38T6bn0lTNOb1aUevR	none	—	ĩtẽsˈivu	2622
2623.00.01	gritar	4r3G9XKliGgVZLKMgjik	none	—	ɡɾitˈaʁ	2623
2624.00.01	auxílio	AaeZyyi87RCxtFnHPS3e	none	—	awˈsiljʊ	2624
2625.00.01	debater	m151rjrbWXbBqyq56tly	none	—	debatˈeʁ	2625
2626.00.01	ribeira	wxoDdfPKBuna5KnUEotz	initial_r_or_rr,user_reported	P0	ʁibˈejɾɐ	2626
2626.00.02	ribeira	wxoDdfPKBuna5KnUEotz	initial_r_or_rr,user_reported	P0	ʁibˈejɾɐ	2626
2627.00.01	sobrinho	wxoDdfPKBuna5KnUEotz	none	—	sobɾˈĩɲu	2627
2628.00.01	gigante	Rw38T6bn0lTNOb1aUevR	de_te_palatalization,final_unstressed_e	P2	ʒiɡˈɐ̃tʃi	2628
2629.00.01	esporte	4r3G9XKliGgVZLKMgjik	coda_s_ep_risk,de_te_palatalization,final_unstressed_e	P2	esˈpɔɾtʃi	2629
2630.00.01	gravidade	AaeZyyi87RCxtFnHPS3e	de_te_palatalization,final_unstressed_e	P2	ɡɾavidˈadʒi	2630
2631.00.01	laranja	Rw38T6bn0lTNOb1aUevR	none	—	laɾˈɐ̃ʒɐ	2631
2632.00.01	saudade	qPfM2laM0pRL4rrZtBGl	de_te_palatalization,final_unstressed_e	P2	sawˈdadʒi	2632
2633.00.01	monumento	wxoDdfPKBuna5KnUEotz	none	—	monumẽtu	2633
2634.00.01	senso	m151rjrbWXbBqyq56tly	none	—	sˈẽsu	2634
2635.00.01	lindo	m151rjrbWXbBqyq56tly	none	—	lˈĩdu	2635
2636.00.01	apartamento	m151rjrbWXbBqyq56tly	none	—	ˌapaɾtɐmˈẽtu	2636
2637.00.01	incorporar	wxoDdfPKBuna5KnUEotz	none	—	ĩkoɾpoɾˈaɾ	2637
2638.00.01	diabo	xNGAXaCH8MaasNuo7Hr7	none	—	dʒiˈabu	2638
2639.00.01	luxo	m151rjrbWXbBqyq56tly	none	—	lˈuʃu	2639
2640.00.01	indígena	AaeZyyi87RCxtFnHPS3e	none	—	ĩdʒˈiʒenɐ	2640
2641.00.01	distinção	Rw38T6bn0lTNOb1aUevR	coda_s_ep_risk	P3	dʒistʃĩsˈɐ̃w̃	2641
2642.00.01	somar	m151rjrbWXbBqyq56tly	none	—	somˈaʁ	2642
2643.00.01	visual	Rw38T6bn0lTNOb1aUevR	final_l_vocalization,same_spelling_en_pt	P1	vizuˈaw	2643
2644.00.01	produtivo	Rw38T6bn0lTNOb1aUevR	none	—	pɾodutʃˈivu	2644
2645.00.01	duzentos	ny3E2DZImeZm00WLGZi9	none	—	duzˈẽtus	2645
2646.00.01	comédia	Rw38T6bn0lTNOb1aUevR	none	—	kˌomˈɛdʒiɐ	2646
2647.00.01	inédito	Rw38T6bn0lTNOb1aUevR	none	—	ˌinˈɛdʒitu	2647
2648.00.01	sertão	AaeZyyi87RCxtFnHPS3e	none	—	seɾtˈɐ̃w	2648
2649.00.01	fluxo	xNGAXaCH8MaasNuo7Hr7	none	—	flˈuksu	2649
2650.00.01	traseiro	Rw38T6bn0lTNOb1aUevR	none	—	tɾazˈejɾu	2650
2651.00.01	véspera	m151rjrbWXbBqyq56tly	coda_s_ep_risk	P3	vˈɛspeɾɐ	2651
2652.00.01	prefeitura	wxoDdfPKBuna5KnUEotz	none	—	pɾefejˈtuɾɐ	2652
2653.00.01	planalto	4r3G9XKliGgVZLKMgjik	none	—	plɐnˈawtu	2653
2654.00.01	anel	m151rjrbWXbBqyq56tly	final_l_vocalization	P1	ɐ̃nˈɛw	2654
2655.00.01	inferno	Rw38T6bn0lTNOb1aUevR	none	—	ĩfˈɛɾnu	2655
2656.00.01	herdeiro	m151rjrbWXbBqyq56tly	h_initial_english_risk	P1	eɾədˈejɾu	2656
2657.00.01	ferramenta	m151rjrbWXbBqyq56tly	initial_r_or_rr	P2	feʁɐmˈẽtɐ	2657
2658.00.01	aquisição	qPfM2laM0pRL4rrZtBGl	none	—	ˌakiziˈsɐ̃w̃	2658
2659.00.01	anúncio	m151rjrbWXbBqyq56tly	none	—	ɐnˈũsju	2659
2660.00.01	fantasia	wxoDdfPKBuna5KnUEotz	none	—	fɐ̃tazˈiɐ	2660
2661.00.01	localizado	qPfM2laM0pRL4rrZtBGl	none	—	lokalizˈadu	2661
2662.00.01	namorado	wxoDdfPKBuna5KnUEotz	none	—	nˌɐmoɾˈadu	2662
2663.00.01	grito	4r3G9XKliGgVZLKMgjik	none	—	ɡɾˈitu	2663
2664.00.01	queixar	Rw38T6bn0lTNOb1aUevR	none	—	kejʃˈaʁ	2664
2665.00.01	fundador	Rw38T6bn0lTNOb1aUevR	none	—	fũdadˈoʁ	2665
2666.00.01	firmar	Rw38T6bn0lTNOb1aUevR	none	—	fiɾmˈaʁ	2666
2666.00.02	firmar	m151rjrbWXbBqyq56tly	none	—	fiɾˈmaʁ	2666
2666.00.03	firmar	qPfM2laM0pRL4rrZtBGl	none	—	fiɾmˈaɾ	2666
2667.00.01	precioso	AaeZyyi87RCxtFnHPS3e	none	—	pɾesiˈozu	2667
2668.00.01	briga	m151rjrbWXbBqyq56tly	none	—	bɾˈiɡɐ	2668
2669.00.01	inquérito	AaeZyyi87RCxtFnHPS3e	none	—	ĩkˈɛɾitu	2669
2669.00.02	inquérito	AaeZyyi87RCxtFnHPS3e	none	—	ĩkˈɛɾitu	2669
2670.00.01	horta	Rw38T6bn0lTNOb1aUevR	h_initial_english_risk	P1	ˈɔɾtɐ	2670
2671.00.01	multiplicar	wxoDdfPKBuna5KnUEotz	none	—	muwtʃipliˈkaʁ	2671
2672.00.01	inseto	Rw38T6bn0lTNOb1aUevR	none	—	ĩsˈɛtu	2672
2673.00.01	inaugurar	m151rjrbWXbBqyq56tly	none	—	ĩnawɡuɾˈaʁ	2673
2674.00.01	ambiental	Rw38T6bn0lTNOb1aUevR	final_l_vocalization	P1	ˌɐ̃biẽtˈaw	2674
2675.00.01	patente	ny3E2DZImeZm00WLGZi9	de_te_palatalization,final_unstressed_e	P2	pɐtˈẽtʃi	2675
2675.00.02	patente	4r3G9XKliGgVZLKMgjik	de_te_palatalization,final_unstressed_e	P2	pɐtˈẽtʃi	2675
2675.00.03	patente	wxoDdfPKBuna5KnUEotz	de_te_palatalization,final_unstressed_e	P2	pɐtˈẽtʃi	2675
2676.00.01	viúva	m151rjrbWXbBqyq56tly	none	—	viˈuvɐ	2676
2677.00.01	editor	Rw38T6bn0lTNOb1aUevR	none	—	edʒitˈoʁ	2677
2678.00.01	dignidade	Rw38T6bn0lTNOb1aUevR	de_te_palatalization,final_unstressed_e	P2	dʒiɡnidˈadʒi	2678
2679.00.01	elaborar	m151rjrbWXbBqyq56tly	none	—	ˌelaboɾˈaɾ	2679
2680.00.01	lance	Rw38T6bn0lTNOb1aUevR	final_unstressed_e	P2	lˈɐ̃si	2680
2680.00.02	lance	wxoDdfPKBuna5KnUEotz	final_unstressed_e	P2	lˈɐ̃si	2680
2680.00.03	lance	m151rjrbWXbBqyq56tly	final_unstressed_e	P2	lˈɐ̃si	2680
2681.00.01	manobra	m151rjrbWXbBqyq56tly	none	—	mɐnˈɔbɾɐ	2681
2682.00.01	tronco	m151rjrbWXbBqyq56tly	none	—	tɾˈõku	2682
2683.00.01	apostar	Rw38T6bn0lTNOb1aUevR	coda_s_ep_risk	P3	apɔstˈaʁ	2683
2684.00.01	praga	4r3G9XKliGgVZLKMgjik	none	—	pɾˈaɡɐ	2684
2685.00.01	escada	xNGAXaCH8MaasNuo7Hr7	coda_s_ep_risk	P3	iskˈadɐ	2685
2686.00.01	sucessão	m151rjrbWXbBqyq56tly	coda_s_ep_risk	P3	susesˈɐ̃w	2686
2687.00.01	fortuna	m151rjrbWXbBqyq56tly	none	—	foʁtʃˈunɐ	2687
2688.00.01	fotógrafo	AaeZyyi87RCxtFnHPS3e	none	—	fotˈɔɡɾafu	2688
2689.00.01	segmento	m151rjrbWXbBqyq56tly	none	—	seɡmˈẽtu	2689
2690.00.01	singular	Rw38T6bn0lTNOb1aUevR	none	—	sĩɡulˈaʁ	2690
2691.00.01	balança	m151rjrbWXbBqyq56tly	none	—	bɐlˈɐ̃sɐ	2691
2692.00.01	modalidade	ny3E2DZImeZm00WLGZi9	de_te_palatalization,final_unstressed_e	P2	modalidˈadʒi	2692
2693.00.01	cigarro	Rw38T6bn0lTNOb1aUevR	initial_r_or_rr	P2	siɡˈaʁu	2693
2694.00.01	garoto	m151rjrbWXbBqyq56tly	none	—	ɡaɾˈotu	2694
2695.00.01	arranjo	m151rjrbWXbBqyq56tly	initial_r_or_rr	P2	aˈʁɐ̃ʒu	2695
2696.00.01	promoção	AaeZyyi87RCxtFnHPS3e	none	—	pɾomoˈsɐ̃w	2696
2696.00.02	promoção	Rw38T6bn0lTNOb1aUevR	none	—	pɾomosˈɐ̃w	2696
2697.00.01	garrafa	4r3G9XKliGgVZLKMgjik	initial_r_or_rr	P2	ɡaʁˈafɐ	2697
2698.00.01	identificação	m151rjrbWXbBqyq56tly	none	—	idẽtʃifikaˈsɐ̃w̃	2698
2699.00.01	bordo	m151rjrbWXbBqyq56tly	none	—	bˈɔɾdu	2699
2700.00.01	calças	Rw38T6bn0lTNOb1aUevR	none	—	kˈawsɐs	2700
2701.00.01	simultaneamente	4r3G9XKliGgVZLKMgjik	de_te_palatalization,final_unstressed_e	P2	sˌimuwˌtɐneɐmˈẽtʃi	2701
2702.00.01	circular	m151rjrbWXbBqyq56tly	none	—	siɾkuˈlaʁ	2702
2702.00.02	circular	m151rjrbWXbBqyq56tly	none	—	siɾkuˈlaʁ	2702
2703.00.01	estátua	m151rjrbWXbBqyq56tly	coda_s_ep_risk	P3	esˈtatuɐ	2703
2704.00.01	proximidade	m151rjrbWXbBqyq56tly	de_te_palatalization,final_unstressed_e	P2	pɾˌosimidˈadʒi	2704
2705.00.01	chover	m151rjrbWXbBqyq56tly	none	—	ʃovˈeʁ	2705
2706.00.01	elaborado	wxoDdfPKBuna5KnUEotz	none	—	ˌelaboɾˈadu	2706
2707.00.01	desvio	m151rjrbWXbBqyq56tly	coda_s_ep_risk	P3	dʒizvˈiu	2707
2708.00.01	salientar	4r3G9XKliGgVZLKMgjik	none	—	sˌaliẽˈtaʁ	2708
2709.00.01	formular	m151rjrbWXbBqyq56tly	none	—	foʁmulˈaʁ	2709
2710.00.01	herdar	m151rjrbWXbBqyq56tly	h_initial_english_risk,user_reported	P0	eʁdˈaʁ	2710
2711.00.01	dominante	Rw38T6bn0lTNOb1aUevR	de_te_palatalization,final_unstressed_e	P2	dˌominˈɐ̃tʃi	2711
2712.00.01	carioca	4r3G9XKliGgVZLKMgjik	user_reported	P0	kˌaɾiˈɔkɐ	2712
2713.00.01	passear	Rw38T6bn0lTNOb1aUevR	coda_s_ep_risk	P3	pɐseˈaʁ	2713
2714.00.01	tanque	m151rjrbWXbBqyq56tly	none	—	tˈɐ̃ki	2714
2715.00.01	autônomo	Rw38T6bn0lTNOb1aUevR	none	—	awtˈonomu	2715
2715.00.02	autônomo	qPfM2laM0pRL4rrZtBGl	none	—	awˈtonomu	2715
2716.00.01	comunitário	m151rjrbWXbBqyq56tly	none	—	kˌomuniˈtaɾiu	2716
2717.00.01	competente	m151rjrbWXbBqyq56tly	de_te_palatalization,final_unstressed_e	P2	kõpetˈẽtʃi	2717
2718.00.01	horror	AaeZyyi87RCxtFnHPS3e	english_loanword,h_initial_english_risk,initial_r_or_rr,same_spelling_en_pt	P1	oˈʁoʁ	2718
2719.00.01	alheio	Rw38T6bn0lTNOb1aUevR	none	—	aˈʎeju	2719
2719.00.02	alheio	4r3G9XKliGgVZLKMgjik	none	—	aˈʎeju	2719
2720.00.01	acolher	wxoDdfPKBuna5KnUEotz	none	—	akuʎˈeʁ	2720
2720.00.02	acolher	Rw38T6bn0lTNOb1aUevR	none	—	akɔˈʎeʁ	2720
2721.00.01	duque	m151rjrbWXbBqyq56tly	none	—	dˈuki	2721
2722.00.01	entusiasmo	wxoDdfPKBuna5KnUEotz	coda_s_ep_risk	P3	ẽtuziˈazmu	2722
2723.00.01	foco	Rw38T6bn0lTNOb1aUevR	none	—	fˈɔku	2723
2723.00.02	foco	xNGAXaCH8MaasNuo7Hr7	none	—	fˈɔku	2723
2724.00.01	cercar	m151rjrbWXbBqyq56tly	none	—	seɾkˈaɾ	2724
2725.00.01	evidência	m151rjrbWXbBqyq56tly	none	—	ˌevidˈẽsjɐ	2725
2726.00.01	variedade	Rw38T6bn0lTNOb1aUevR	de_te_palatalization,final_unstressed_e	P2	vɐɾiedˈadʒi	2726
2727.00.01	rotina	Rw38T6bn0lTNOb1aUevR	initial_r_or_rr	P2	ʁotʃˈinɐ	2727
2728.00.01	cobra	wxoDdfPKBuna5KnUEotz	none	—	kˈɔbɾɐ	2728
2729.00.01	militante	4r3G9XKliGgVZLKMgjik	de_te_palatalization,final_unstressed_e	P2	mˌilitˈɐ̃tʃi	2729
2730.00.01	subsídio	Rw38T6bn0lTNOb1aUevR	none	—	subˈsidʒiu	2730
2731.00.01	ambição	Rw38T6bn0lTNOb1aUevR	none	—	ɐ̃biˈsɐ̃w	2731
2732.00.01	processar	wxoDdfPKBuna5KnUEotz	coda_s_ep_risk	P3	pɾosesˈaɾ	2732
2732.00.02	processar	wxoDdfPKBuna5KnUEotz	coda_s_ep_risk	P3	pɾosesˈaʁ	2732
2733.00.01	pacote	Rw38T6bn0lTNOb1aUevR	de_te_palatalization,final_unstressed_e	P2	pakˈɔtʃi	2733
2734.00.01	músculo	qPfM2laM0pRL4rrZtBGl	coda_s_ep_risk	P3	mˈuskulu	2734
2735.00.01	assistente	Rw38T6bn0lTNOb1aUevR	coda_s_ep_risk,de_te_palatalization,final_unstressed_e	P2	ˌasistʃˈẽtʃi	2735
2736.00.01	lama	xNGAXaCH8MaasNuo7Hr7	none	—	lˈamɐ	2736
2737.00.01	primitivo	xNGAXaCH8MaasNuo7Hr7	none	—	pɾĩmitʃˈivu	2737
2738.00.01	fêmea	m151rjrbWXbBqyq56tly	none	—	fˈemeɐ	2738
2739.00.01	razoável	Rw38T6bn0lTNOb1aUevR	final_l_vocalization,initial_r_or_rr	P1	ʁɐzuˈavɛw	2739
2740.00.01	pata	m151rjrbWXbBqyq56tly	none	—	pˈatɐ	2740
2740.00.02	pata	Rw38T6bn0lTNOb1aUevR	none	—	pˈatɐ	2740
2740.00.03	pata	xNGAXaCH8MaasNuo7Hr7	none	—	pˈatɐ	2740
2741.00.01	raramente	qPfM2laM0pRL4rrZtBGl	de_te_palatalization,final_unstressed_e,initial_r_or_rr	P2	ʁaɾɐmˈẽtʃi	2741
2742.00.01	vocação	Rw38T6bn0lTNOb1aUevR	none	—	vokasˈɐ̃w̃	2742
2743.00.01	coberto	m151rjrbWXbBqyq56tly	none	—	kobˈɛɾtu	2743
2744.00.01	veia	m151rjrbWXbBqyq56tly	none	—	vˈejɐ	2744
2745.00.01	ladrão	4r3G9XKliGgVZLKMgjik	none	—	ladɾˈɐ̃w	2745
2746.00.01	pavilhão	Rw38T6bn0lTNOb1aUevR	none	—	paviʎˈɐ̃w	2746
2747.00.01	chance	wxoDdfPKBuna5KnUEotz	final_unstressed_e,same_spelling_en_pt,user_reported	P0	ʃˈɐ̃si	2747
2748.00.01	usuário	ny3E2DZImeZm00WLGZi9	none	—	ˌuzuˈaɾju	2748
2749.00.01	camponês	Rw38T6bn0lTNOb1aUevR	none	—	kɐ̃mpõˈnes	2749
2750.00.01	fundamento	wxoDdfPKBuna5KnUEotz	none	—	fũdɐmẽtu	2750
2751.00.01	gozar	xNGAXaCH8MaasNuo7Hr7	none	—	ɡozˈaʁ	2751
2752.00.01	protestar	Rw38T6bn0lTNOb1aUevR	coda_s_ep_risk	P3	pɾotestˈaʁ	2752
2753.00.01	topo	Rw38T6bn0lTNOb1aUevR	none	—	tˈɔpu	2753
2754.00.01	essencialmente	4r3G9XKliGgVZLKMgjik	coda_s_ep_risk,de_te_palatalization,final_unstressed_e	P2	ˌesẽsiˈawmẽtʃi	2754
2755.00.01	argumentar	4r3G9XKliGgVZLKMgjik	none	—	aɾɡumẽˈtaʁ	2755
2756.00.01	estádio	m151rjrbWXbBqyq56tly	coda_s_ep_risk	P3	esˈtadʒiu	2756
2756.00.02	estádio	AaeZyyi87RCxtFnHPS3e	coda_s_ep_risk	P3	estˈadʒiu	2756
2757.00.01	aniversário	m151rjrbWXbBqyq56tly	none	—	ˌaniveɾsˈaɾju	2757
2758.00.01	cerveja	m151rjrbWXbBqyq56tly	none	—	seɾvˈeʒɐ	2758
2759.00.01	cana	Rw38T6bn0lTNOb1aUevR	none	—	kˈɐ̃nɐ	2759
2760.00.01	soviético	wxoDdfPKBuna5KnUEotz	none	—	soviˈɛtʃiku	2760
2761.00.01	rigoroso	4r3G9XKliGgVZLKMgjik	initial_r_or_rr	P2	ʁiɡoɾˈozu	2761
2762.00.01	cinza	m151rjrbWXbBqyq56tly	none	—	sˈĩzɐ	2762
2763.00.01	copo	Rw38T6bn0lTNOb1aUevR	none	—	kˈɔpu	2763
2764.00.01	pretensão	Rw38T6bn0lTNOb1aUevR	none	—	pɾetẽsˈɐ̃w	2764
2764.00.02	pretensão	4r3G9XKliGgVZLKMgjik	none	—	pɾetẽsˈɐ̃w	2764
2765.00.01	rota	AaeZyyi87RCxtFnHPS3e	initial_r_or_rr	P2	ʁˈɔtɐ	2765
2766.00.01	dependente	xNGAXaCH8MaasNuo7Hr7	de_te_palatalization,final_unstressed_e	P2	depẽdˈẽtʃi	2766
2767.00.01	agricultor	Rw38T6bn0lTNOb1aUevR	none	—	ˌaɡɾikuwtˈoʁ	2767
2768.00.01	morador	AaeZyyi87RCxtFnHPS3e	none	—	moɾadˈoʁ	2768
2769.00.01	mentira	xNGAXaCH8MaasNuo7Hr7	none	—	mẽˈtʃiɾɐ	2769
2770.00.01	ocidente	xNGAXaCH8MaasNuo7Hr7	de_te_palatalization,final_unstressed_e	P2	ˌosidˈẽtʃi	2770
2771.00.01	anteriormente	Rw38T6bn0lTNOb1aUevR	de_te_palatalization,final_unstressed_e	P2	ɐ̃tˌeɾjoɾmˈẽtʃi	2771
2772.00.01	vulgar	qPfM2laM0pRL4rrZtBGl	none	—	vuwɡˈaʁ	2772
2772.00.02	vulgar	wxoDdfPKBuna5KnUEotz	none	—	vuwɡˈaʁ	2772
2773.00.01	articulação	m151rjrbWXbBqyq56tly	none	—	ˌaɾtʃikuˈlasɐ̃w	2773
2774.00.01	jornada	ny3E2DZImeZm00WLGZi9	none	—	ʒoɾnˈadɐ	2774
2774.00.02	jornada	qPfM2laM0pRL4rrZtBGl	none	—	ʒoɾnˈadɐ	2774
2774.00.03	jornada	xNGAXaCH8MaasNuo7Hr7	none	—	ʒoɾnˈadɐ	2774
2775.00.01	relato	4r3G9XKliGgVZLKMgjik	initial_r_or_rr	P2	ʁelˈatu	2775
2776.00.01	penetrar	Rw38T6bn0lTNOb1aUevR	none	—	pˌenetɾˈaʁ	2776
2777.00.01	calma	ny3E2DZImeZm00WLGZi9	none	—	kˈawmɐ	2777
2778.00.01	frango	xNGAXaCH8MaasNuo7Hr7	none	—	fɾˈɐ̃ɡu	2778
2779.00.01	concretizar	m151rjrbWXbBqyq56tly	none	—	kõkɾetʃizˈaɾ	2779
2780.00.01	riso	wxoDdfPKBuna5KnUEotz	initial_r_or_rr	P2	ʁˈizu	2780
2781.00.01	administrar	m151rjrbWXbBqyq56tly	coda_s_ep_risk	P3	ˌadʒiminiʃtɾˈaʁ	2781
2782.00.01	camisa	AaeZyyi87RCxtFnHPS3e	none	—	kɐmˈizɐ	2782
2783.00.01	multidão	wxoDdfPKBuna5KnUEotz	none	—	muwtʃidˈɐ̃w	2783
2784.00.01	judicial	AaeZyyi87RCxtFnHPS3e	final_l_vocalization	P1	ʒudʒisiˈaw	2784
2785.00.01	rosa	Rw38T6bn0lTNOb1aUevR	initial_r_or_rr	P2	ʁˈɔzɐ	2785
2785.00.02	rosa	m151rjrbWXbBqyq56tly	initial_r_or_rr	P2	ʁˈɔzɐ	2785
2786.00.01	compensação	m151rjrbWXbBqyq56tly	none	—	kõpẽsɐsˈɐ̃w	2786
2787.00.01	filosófico	4r3G9XKliGgVZLKMgjik	none	—	fˌilozˈɔfiku	2787
2788.00.01	nariz	xNGAXaCH8MaasNuo7Hr7	spanish_collision	P3	naɾˈiz	2788
2789.00.01	dinâmica	Rw38T6bn0lTNOb1aUevR	none	—	dʒinˈɐ̃mikɐ	2789
2789.00.02	dinâmica	m151rjrbWXbBqyq56tly	none	—	dʒinˈɐ̃mikɐ	2789
2790.00.01	palestra	wxoDdfPKBuna5KnUEotz	coda_s_ep_risk	P3	palˈɛstɾɐ	2790
2791.00.01	milagre	4r3G9XKliGgVZLKMgjik	final_unstressed_e	P2	milˈaɡɾi	2791
2792.00.01	joelho	Rw38T6bn0lTNOb1aUevR	none	—	ʒoˈeʎu	2792
2793.00.01	informática	Rw38T6bn0lTNOb1aUevR	none	—	ĩfoʁmˈatʃikɐ	2793
2794.00.01	crença	m151rjrbWXbBqyq56tly	none	—	kɾˈẽsɐ	2794
2795.00.01	conviver	m151rjrbWXbBqyq56tly	none	—	kõvivˈeʁ	2795
2796.00.01	amostra	qPfM2laM0pRL4rrZtBGl	coda_s_ep_risk	P3	ɐmˈɔstɾɐ	2796
2797.00.01	borracha	m151rjrbWXbBqyq56tly	initial_r_or_rr	P2	boˈʁaʃɐ	2797
2798.00.01	variado	m151rjrbWXbBqyq56tly	none	—	vˌaɾiˈadu	2798
2799.00.01	finalizar	xNGAXaCH8MaasNuo7Hr7	none	—	finalizˈaʁ	2799
2800.00.01	reter	Rw38T6bn0lTNOb1aUevR	initial_r_or_rr	P2	ʁetˈeʁ	2800
2801.00.01	ó	AaeZyyi87RCxtFnHPS3e	none	—	ˈɔ	2801
2802.00.01	roteiro	m151rjrbWXbBqyq56tly	initial_r_or_rr	P2	ʁotˈejɾu	2802
2802.00.02	roteiro	Rw38T6bn0lTNOb1aUevR	initial_r_or_rr	P2	ʁotˈejɾu	2802
2802.00.03	roteiro	AaeZyyi87RCxtFnHPS3e	initial_r_or_rr	P2	ʁotˈejɾu	2802
2803.00.01	valorizar	m151rjrbWXbBqyq56tly	none	—	valoɾizˈaʁ	2803
2804.00.01	intermédio	ny3E2DZImeZm00WLGZi9	none	—	ĩteɾmˈɛdʒiu	2804
2805.00.01	ritual	4r3G9XKliGgVZLKMgjik	final_l_vocalization,initial_r_or_rr	P1	ʁitʃuˈaw	2805
2806.00.01	planejar	qPfM2laM0pRL4rrZtBGl	none	—	plɐneʒˈaʁ	2806
2807.00.01	pecado	Rw38T6bn0lTNOb1aUevR	none	—	pekˈadu	2807
2808.00.01	satisfeito	xNGAXaCH8MaasNuo7Hr7	coda_s_ep_risk	P3	satʃisfˈejtu	2808
2809.00.01	divertir	m151rjrbWXbBqyq56tly	none	—	dʒiveɾtʃˈiʁ	2809
2809.00.02	divertir	Rw38T6bn0lTNOb1aUevR	none	—	dʒiveɾtʃˈiʁ	2809
2810.00.01	setenta	m151rjrbWXbBqyq56tly	none	—	seˈtẽtɐ	2810
2811.00.01	geográfico	m151rjrbWXbBqyq56tly	none	—	ʒˌeoɡɾˈafiku	2811
2812.00.01	brilho	ny3E2DZImeZm00WLGZi9	none	—	bɾˈiʎu	2812
2813.00.01	oh	xNGAXaCH8MaasNuo7Hr7	none	—	ˈo	2813
2814.00.01	suspeita	Rw38T6bn0lTNOb1aUevR	coda_s_ep_risk	P3	susiˈpejtɐ	2814
2815.00.01	dourado	Rw38T6bn0lTNOb1aUevR	none	—	dowɾˈadu	2815
2816.00.01	remoto	m151rjrbWXbBqyq56tly	initial_r_or_rr	P2	ʁemˈotu	2816
2817.00.01	tecnológico	ny3E2DZImeZm00WLGZi9	none	—	tɛknolˈɔʒiku	2817
2818.00.01	inserir	4r3G9XKliGgVZLKMgjik	none	—	ĩseɾˈiʁ	2818
2819.00.01	governamental	qPfM2laM0pRL4rrZtBGl	final_l_vocalization	P1	ɡovɛʁnɐmẽtˈaw	2819
2820.00.01	introdução	qPfM2laM0pRL4rrZtBGl	none	—	ˌĩtɾodusˈɐ̃w̃	2820
2821.00.01	poço	m151rjrbWXbBqyq56tly	user_reported	P0	pˈosu	2821
2822.00.01	equivalente	4r3G9XKliGgVZLKMgjik	de_te_palatalization,final_unstressed_e	P2	ekivɐlˈẽtʃi	2822
2823.00.01	empreendimento	xNGAXaCH8MaasNuo7Hr7	none	—	ˌẽpɾeẽdʒimˈẽtu	2823
2824.00.01	transação	qPfM2laM0pRL4rrZtBGl	none	—	tɾɐ̃zˈasɐ̃w	2824
2825.00.01	combinação	AaeZyyi87RCxtFnHPS3e	none	—	kõbinɐsˈɐ̃w	2825
2826.00.01	avançado	Rw38T6bn0lTNOb1aUevR	none	—	ˌavɐ̃ŋsˈadu	2826
2827.00.01	prisioneiro	m151rjrbWXbBqyq56tly	none	—	pɾiziõˈejɾu	2827
2829.00.01	clínica	Rw38T6bn0lTNOb1aUevR	none	—	klˈinikɐ	2829
2830.00.01	protocolo	Rw38T6bn0lTNOb1aUevR	none	—	pɾˌotokˈɔlu	2830
2831.00.01	reforço	Rw38T6bn0lTNOb1aUevR	initial_r_or_rr	P2	ʁefˈoʁsu	2831
2832.00.01	artificial	qPfM2laM0pRL4rrZtBGl	final_l_vocalization	P1	ˌaʁtʃifisjˈaw	2832
2833.00.01	conduta	qPfM2laM0pRL4rrZtBGl	none	—	kõdˈutɐ	2833
2834.00.01	rebanho	qPfM2laM0pRL4rrZtBGl	initial_r_or_rr	P2	ʁeˈbɐ̃ɲu	2834
2835.00.01	condutor	Rw38T6bn0lTNOb1aUevR	none	—	kõdutˈoʁ	2835
2835.00.02	condutor	ny3E2DZImeZm00WLGZi9	none	—	kõdutˈoʁ	2835
2836.00.01	atleta	m151rjrbWXbBqyq56tly	none	—	atˈlɛtɐ	2836
2837.00.01	emissão	Rw38T6bn0lTNOb1aUevR	coda_s_ep_risk	P3	ˌemisˈɐ̃w̃	2837
2838.00.01	simpatia	wxoDdfPKBuna5KnUEotz	none	—	sĩpɐtʃˈiɐ	2838
2838.00.02	simpatia	4r3G9XKliGgVZLKMgjik	none	—	sĩpɐtʃˈiɐ	2838
2839.00.01	mito	Rw38T6bn0lTNOb1aUevR	none	—	mˈitu	2839
2840.00.01	igualdade	Rw38T6bn0lTNOb1aUevR	de_te_palatalization,final_unstressed_e	P2	ˌiɡwawdˈadʒi	2840
2841.00.01	gravação	Rw38T6bn0lTNOb1aUevR	none	—	ɡɾavɐsˈɐ̃w	2841
2842.00.01	mero	ny3E2DZImeZm00WLGZi9	none	—	mˈɛɾu	2842
2843.00.01	fortemente	wxoDdfPKBuna5KnUEotz	de_te_palatalization,final_unstressed_e	P2	fɔɾtʃimˈẽtʃi	2843
2844.00.01	emenda	Rw38T6bn0lTNOb1aUevR	none	—	emˈẽdɐ	2844
2845.00.01	convencional	m151rjrbWXbBqyq56tly	final_l_vocalization	P1	kõvẽsjõnˈaw	2845
2846.00.01	esfera	Rw38T6bn0lTNOb1aUevR	coda_s_ep_risk	P3	esˈfɛɾɐ	2846
2846.00.02	esfera	wxoDdfPKBuna5KnUEotz	coda_s_ep_risk	P3	esfˈɛɾɐ	2846
2847.00.01	reto	AaeZyyi87RCxtFnHPS3e	initial_r_or_rr,user_reported	P0	ˈʁetu	2847
2848.00.01	brincadeira	m151rjrbWXbBqyq56tly	none	—	bɾĩkɐdˈejɾɐ	2848
2848.00.02	brincadeira	m151rjrbWXbBqyq56tly	none	—	bɾĩkɐdˈejɾɐ	2848
2849.00.01	programação	m151rjrbWXbBqyq56tly	none	—	pɾoɡɾamɐsˈɐ̃w̃	2849
2850.00.01	extrair	wxoDdfPKBuna5KnUEotz	none	—	estɾaˈiʁ	2850
2851.00.01	paço	AaeZyyi87RCxtFnHPS3e	user_reported	P0	pˈasu	2851
2852.00.01	convir	AaeZyyi87RCxtFnHPS3e	none	—	kõvˈiʁ	2852
2853.00.01	câmbio	Rw38T6bn0lTNOb1aUevR	none	—	kˈɐ̃mbju	2853
2854.00.01	doutrina	qPfM2laM0pRL4rrZtBGl	none	—	dowtrˈinɐ	2854
2855.00.01	motivar	Rw38T6bn0lTNOb1aUevR	none	—	motʃivˈaʁ	2855
2856.00.01	júnior	4r3G9XKliGgVZLKMgjik	none	—	ˈʒũnjoʁ	2856
2857.00.01	prévio	4r3G9XKliGgVZLKMgjik	none	—	pɾˈɛvju	2857
2857.00.02	prévio	wxoDdfPKBuna5KnUEotz	none	—	pɾˈɛvju	2857
2858.00.01	incentivo	4r3G9XKliGgVZLKMgjik	none	—	ĩsẽˈtʃivu	2858
2859.00.01	importação	m151rjrbWXbBqyq56tly	none	—	ĩpoɾtasˈɐ̃w	2859
2860.00.01	dano	m151rjrbWXbBqyq56tly	none	—	dˈɐ̃nu	2860
2861.00.01	habilidade	m151rjrbWXbBqyq56tly	de_te_palatalization,final_unstressed_e,h_initial_english_risk	P1	ˌabilidˈadʒi	2861
2862.00.01	comprovar	Rw38T6bn0lTNOb1aUevR	none	—	kõpɾovˈaʁ	2862
2863.00.01	bairro	m151rjrbWXbBqyq56tly	initial_r_or_rr	P2	bˈajʁu	2863
2864.00.01	sumo	m151rjrbWXbBqyq56tly	none	—	sˈumu	2864
2864.00.02	sumo	xNGAXaCH8MaasNuo7Hr7	none	—	sˈumu	2864
2865.00.01	extinto	Rw38T6bn0lTNOb1aUevR	none	—	esˈtʃĩtu	2865
2866.00.01	óbvio	qPfM2laM0pRL4rrZtBGl	none	—	ˈɔbvju	2866
2867.00.01	modesto	m151rjrbWXbBqyq56tly	coda_s_ep_risk	P3	mˈodɛstu	2867
2868.00.01	isolar	AaeZyyi87RCxtFnHPS3e	none	—	izolˈaʁ	2868
2869.00.01	originar	Rw38T6bn0lTNOb1aUevR	none	—	oɾiʒinˈaʁ	2869
2870.00.01	vício	ny3E2DZImeZm00WLGZi9	none	—	vˈisju	2870
2871.00.01	laço	ny3E2DZImeZm00WLGZi9	none	—	lˈasu	2871
2871.00.02	laço	4r3G9XKliGgVZLKMgjik	none	—	lˈasu	2871
2872.00.01	lamentar	m151rjrbWXbBqyq56tly	none	—	lamẽˈtaʁ	2872
2872.00.02	lamentar	AaeZyyi87RCxtFnHPS3e	none	—	lɐmẽˈtaʁ	2872
2873.00.01	ruído	4r3G9XKliGgVZLKMgjik	initial_r_or_rr	P2	ʁuˈidu	2873
2874.00.01	combustível	Rw38T6bn0lTNOb1aUevR	coda_s_ep_risk,final_l_vocalization	P1	kõbuˈstʃivew	2874
2875.00.01	necessariamente	ny3E2DZImeZm00WLGZi9	coda_s_ep_risk,de_te_palatalization,final_unstressed_e	P2	nˌesesˌaɾiɐmˈẽtʃi	2875
2876.00.01	trato	Rw38T6bn0lTNOb1aUevR	none	—	tɾˈatu	2876
2876.00.02	trato	wxoDdfPKBuna5KnUEotz	none	—	tɾˈatu	2876
2877.00.01	automático	qPfM2laM0pRL4rrZtBGl	none	—	ˌawtomˈatʃiku	2877
2878.00.01	precisão	Rw38T6bn0lTNOb1aUevR	none	—	pɾesizˈɐ̃w	2878
2879.00.01	porção	ny3E2DZImeZm00WLGZi9	none	—	poɾsˈɐ̃w	2879
2880.00.01	titular	ny3E2DZImeZm00WLGZi9	none	—	tʃitulˈaʁ	2880
2880.00.02	titular	Rw38T6bn0lTNOb1aUevR	none	—	tʃitulˈaʁ	2880
2881.00.01	vídeo	xNGAXaCH8MaasNuo7Hr7	none	—	vˈidʒiu	2881
2882.00.01	ausente	m151rjrbWXbBqyq56tly	de_te_palatalization,final_unstressed_e	P2	awzˈẽtʃi	2882
2883.00.01	mato	m151rjrbWXbBqyq56tly	none	—	mˈatu	2883
2884.00.01	articular	ny3E2DZImeZm00WLGZi9	none	—	aʁtʃikuˈlaʁ	2884
2885.00.01	morro	m151rjrbWXbBqyq56tly	initial_r_or_rr	P2	mˈoʁu	2885
2886.00.01	altamente	Rw38T6bn0lTNOb1aUevR	de_te_palatalization,final_unstressed_e	P2	ˌawtɐmˈẽtʃi	2886
2887.00.01	depoimento	m151rjrbWXbBqyq56tly	none	—	depojmˈẽtu	2887
2888.00.01	estrear	Rw38T6bn0lTNOb1aUevR	coda_s_ep_risk	P3	estɾeˈaɾ	2888
2889.00.01	casca	4r3G9XKliGgVZLKMgjik	coda_s_ep_risk	P3	kˈaskɐ	2889
2889.00.02	casca	qPfM2laM0pRL4rrZtBGl	coda_s_ep_risk	P3	kˈaskɐ	2889
2889.00.03	casca	m151rjrbWXbBqyq56tly	coda_s_ep_risk	P3	kˈaskɐ	2889
2890.00.01	frei	AaeZyyi87RCxtFnHPS3e	none	—	fɾˈej	2890
2891.00.01	salgado	m151rjrbWXbBqyq56tly	none	—	sawˈɡadu	2891
2892.00.01	nervo	qPfM2laM0pRL4rrZtBGl	none	—	nˈɛɾvu	2892
2893.00.01	toque	4r3G9XKliGgVZLKMgjik	none	—	tˈɔki	2893
2894.00.01	vertente	ny3E2DZImeZm00WLGZi9	de_te_palatalization,final_unstressed_e	P2	veɾtˈẽtʃi	2894
2895.00.01	fumar	wxoDdfPKBuna5KnUEotz	none	—	fumˈaʁ	2895
2896.00.01	duplo	m151rjrbWXbBqyq56tly	none	—	dˈuplu	2896
2897.00.01	convento	Rw38T6bn0lTNOb1aUevR	none	—	kõvˈẽtu	2897
2898.00.01	teórico	xNGAXaCH8MaasNuo7Hr7	none	—	teˈɔɾiku	2898
2898.00.02	teórico	AaeZyyi87RCxtFnHPS3e	none	—	teˈɔɾiku	2898
2899.00.01	delgado	qPfM2laM0pRL4rrZtBGl	none	—	dɛwˈɡadu	2899
2900.00.01	invenção	wxoDdfPKBuna5KnUEotz	none	—	ĩvẽsˈɐ̃w	2900
2901.00.01	historiador	wxoDdfPKBuna5KnUEotz	coda_s_ep_risk,h_initial_english_risk	P1	istoɾiɐdˈoʁ	2901
2902.00.01	nomear	Rw38T6bn0lTNOb1aUevR	none	—	nomjˈaʁ	2902
2903.00.01	loucura	Rw38T6bn0lTNOb1aUevR	none	—	lowkˈuɾɐ	2903
2904.00.01	expressar	m151rjrbWXbBqyq56tly	coda_s_ep_risk	P3	ˌespɾesˈaɾ	2904
2905.00.01	turma	xNGAXaCH8MaasNuo7Hr7	none	—	tˈuɾmɐ	2905
2906.00.01	assustar	AaeZyyi87RCxtFnHPS3e	coda_s_ep_risk	P3	asustˈaʁ	2906
2907.00.01	urgência	AaeZyyi87RCxtFnHPS3e	none	—	uɾʒˈẽsiɐ	2907
2908.00.01	cheque	Rw38T6bn0lTNOb1aUevR	none	—	ʃˈɛki	2908
2909.00.01	impresso	m151rjrbWXbBqyq56tly	coda_s_ep_risk	P3	ĩpɾˈɛsu	2909
2910.00.01	duração	m151rjrbWXbBqyq56tly	none	—	duɾɐsˈɐ̃w	2910
2911.00.01	fantasma	Rw38T6bn0lTNOb1aUevR	coda_s_ep_risk	P3	fɐ̃ŋtˈazmɐ	2911
2912.00.01	pequenino	xNGAXaCH8MaasNuo7Hr7	none	—	pekẽˈnĩnu	2912
2913.00.01	pessoalmente	4r3G9XKliGgVZLKMgjik	coda_s_ep_risk,de_te_palatalization,final_unstressed_e	P2	pˌesoawmˈẽtʃi	2913
2914.00.01	colheita	Rw38T6bn0lTNOb1aUevR	none	—	koʎˈejtɐ	2914
2915.00.01	guitarra	AaeZyyi87RCxtFnHPS3e	initial_r_or_rr	P2	ɡitˈaʁɐ	2915
2916.00.01	aperceber	xNGAXaCH8MaasNuo7Hr7	none	—	ˌapeɾseˈbeɾ	2916
2917.00.01	ruína	Rw38T6bn0lTNOb1aUevR	initial_r_or_rr	P2	ʁuˈinɐ	2917
2918.00.01	tortura	4r3G9XKliGgVZLKMgjik	none	—	toʁtˈuɾɐ	2918
2919.00.01	medalha	m151rjrbWXbBqyq56tly	none	—	medˈaʎɐ	2919
2920.00.01	abandono	Rw38T6bn0lTNOb1aUevR	none	—	ɐbɐ̃dˈonu	2920
2921.00.01	suspensão	m151rjrbWXbBqyq56tly	coda_s_ep_risk	P3	suspẽsˈɐ̃w	2921
2922.00.01	vírus	Rw38T6bn0lTNOb1aUevR	none	—	vˈiɾus	2922
2923.00.01	ideológico	4r3G9XKliGgVZLKMgjik	none	—	ˌideoˈlɔʒiku	2923
2924.00.01	utilidade	m151rjrbWXbBqyq56tly	de_te_palatalization,final_unstressed_e	P2	ˌutʃilidˈadʒi	2924
2925.00.01	eficiente	AaeZyyi87RCxtFnHPS3e	de_te_palatalization,final_unstressed_e	P2	ˌefisjˈẽtʃi	2925
2926.00.01	ressaltar	ny3E2DZImeZm00WLGZi9	coda_s_ep_risk,initial_r_or_rr	P2	ʁesawˈtaʁ	2926
2927.00.01	bacia	Rw38T6bn0lTNOb1aUevR	none	—	bɐˈsiɐ	2927
2928.00.01	finalidade	AaeZyyi87RCxtFnHPS3e	de_te_palatalization,final_unstressed_e	P2	finɐlidˈadʒi	2928
2929.00.01	abrigar	m151rjrbWXbBqyq56tly	none	—	abɾiɡˈaʁ	2929
2930.00.01	simbólico	AaeZyyi87RCxtFnHPS3e	none	—	sĩbˈɔliku	2930
2932.00.01	contratado	qPfM2laM0pRL4rrZtBGl	none	—	kõtɾatˈadu	2932
2933.00.01	paraíso	m151rjrbWXbBqyq56tly	none	—	pɐɾɐˈizu	2933
2934.00.01	burro	4r3G9XKliGgVZLKMgjik	initial_r_or_rr	P2	bˈuʁu	2934
2934.00.02	burro	4r3G9XKliGgVZLKMgjik	initial_r_or_rr	P2	bˈuʁu	2934
2935.00.01	punir	wxoDdfPKBuna5KnUEotz	none	—	punˈiʁ	2935
2936.00.01	usado	4r3G9XKliGgVZLKMgjik	none	—	uˈzadu	2936
2937.00.01	pá	4r3G9XKliGgVZLKMgjik	none	—	pˈa	2937
2938.00.01	abater	qPfM2laM0pRL4rrZtBGl	none	—	abatˈeʁ	2938
2938.00.02	abater	m151rjrbWXbBqyq56tly	none	—	abatˈeʁ	2938
2939.00.01	subida	AaeZyyi87RCxtFnHPS3e	none	—	suˈbidɐ	2939
2940.00.01	bala	wxoDdfPKBuna5KnUEotz	none	—	bˈalɐ	2940
2940.00.02	bala	Rw38T6bn0lTNOb1aUevR	none	—	bˈalɐ	2940
2941.00.01	questionar	Rw38T6bn0lTNOb1aUevR	coda_s_ep_risk	P3	kestʃionˈaʁ	2941
2942.00.01	desastre	AaeZyyi87RCxtFnHPS3e	coda_s_ep_risk,final_unstressed_e	P2	dˌezˈastɾi	2942
2943.00.01	verdadeiramente	4r3G9XKliGgVZLKMgjik	de_te_palatalization,final_unstressed_e	P2	veɾdadejɾɐmˈẽtʃi	2943
2944.00.01	separado	ny3E2DZImeZm00WLGZi9	none	—	sepɐɾˈadu	2944
2945.00.01	agudo	m151rjrbWXbBqyq56tly	none	—	aˈɡudu	2945
2946.00.01	cemitério	wxoDdfPKBuna5KnUEotz	none	—	semiˈtɛɾju	2946
2948.00.01	baile	Rw38T6bn0lTNOb1aUevR	final_unstressed_e	P2	bˈajli	2948
2950.00.01	eletricidade	xNGAXaCH8MaasNuo7Hr7	de_te_palatalization,final_unstressed_e	P2	ˌeletɾisiˈdadʒi	2950
2951.00.01	castigo	m151rjrbWXbBqyq56tly	coda_s_ep_risk	P3	kɐsˈtʃiɡu	2951
2951.00.02	castigo	m151rjrbWXbBqyq56tly	coda_s_ep_risk	P3	kɐstʃˈiɡu	2951
2952.00.01	descrição	4r3G9XKliGgVZLKMgjik	coda_s_ep_risk	P3	deskɾisˈɐ̃w̃	2952
2953.00.01	isolamento	wxoDdfPKBuna5KnUEotz	none	—	ˌizolɐmˈẽtu	2953
2954.00.01	demonstração	ny3E2DZImeZm00WLGZi9	coda_s_ep_risk	P3	dˌemõstɾɐsˈɐ̃w	2954
2955.00.01	integrante	AaeZyyi87RCxtFnHPS3e	de_te_palatalization,final_unstressed_e	P2	ĩtʃeɡɾˈɐ̃tʃi	2955
2955.00.02	integrante	m151rjrbWXbBqyq56tly	de_te_palatalization,final_unstressed_e	P2	ĩtʃeɡɾˈɐ̃tʃi	2955
2956.00.01	caderno	m151rjrbWXbBqyq56tly	none	—	kadˈɛɾnu	2956
2957.00.01	luminoso	Rw38T6bn0lTNOb1aUevR	none	—	luminˈozu	2957
2958.00.01	nomeação	qPfM2laM0pRL4rrZtBGl	none	—	nomeˈasɐ̃w̃	2958
2959.00.01	coligação	4r3G9XKliGgVZLKMgjik	none	—	kˌoliɡasˈɐ̃w	2959
2960.00.01	comportar	Rw38T6bn0lTNOb1aUevR	none	—	kõpoɾtˈaʁ	2960
2961.00.01	exceto	wxoDdfPKBuna5KnUEotz	none	—	esˈɛtu	2961
2962.00.01	armazém	4r3G9XKliGgVZLKMgjik	none	—	ˌaɾmazˈẽ	2962
2963.00.01	caçador	Rw38T6bn0lTNOb1aUevR	none	—	kasadˈoʁ	2963
2964.00.01	poupar	wxoDdfPKBuna5KnUEotz	none	—	powpˈaʁ	2964
2965.00.01	iluminação	4r3G9XKliGgVZLKMgjik	none	—	ˌilumĩnasˈɐ̃w	2965
2966.00.01	fracasso	Rw38T6bn0lTNOb1aUevR	coda_s_ep_risk	P3	fɾɐkˈasu	2966
2967.00.01	pressa	4r3G9XKliGgVZLKMgjik	coda_s_ep_risk	P3	pɾˈɛsɐ	2967
2968.00.01	vice-presidente	Rw38T6bn0lTNOb1aUevR	final_unstressed_e	P2	ˌvisiprˌezidˈẽtʃi	2968
2969.00.01	tempestade	Rw38T6bn0lTNOb1aUevR	coda_s_ep_risk,de_te_palatalization,final_unstressed_e	P2	tẽpestˈadʒi	2969
2970.00.01	compensar	AaeZyyi87RCxtFnHPS3e	none	—	kõpẽsˈaʁ	2970
2971.00.01	sintoma	m151rjrbWXbBqyq56tly	none	—	sĩˈtomɐ	2971
2972.00.01	discreto	qPfM2laM0pRL4rrZtBGl	coda_s_ep_risk	P3	dʒiskɾˈɛtu	2972
2973.00.01	touro	m151rjrbWXbBqyq56tly	user_reported	P0	tˈowɾu	2973
2974.00.01	agradecer	Rw38T6bn0lTNOb1aUevR	none	—	aɡɾadεˈseʁ	2974
2975.00.01	recomendação	m151rjrbWXbBqyq56tly	initial_r_or_rr	P2	ʁekõmẽdɐsˈɐ̃w	2975
2976.00.01	emergência	4r3G9XKliGgVZLKMgjik	none	—	ˌemeɾʒˈẽsiɐ	2976
2977.00.01	tranquilidade	AaeZyyi87RCxtFnHPS3e	de_te_palatalization,final_unstressed_e	P2	tɾɐ̃ŋkwilidˈadʒi	2977
2978.00.01	caçar	Rw38T6bn0lTNOb1aUevR	none	—	kaˈsaʁ	2978
2979.00.01	substituição	Rw38T6bn0lTNOb1aUevR	coda_s_ep_risk	P3	sˌubstʃitujsˈɐ̃w̃	2979
2980.00.01	vital	qPfM2laM0pRL4rrZtBGl	final_l_vocalization,same_spelling_en_pt	P1	vitˈaw	2980
2981.00.01	repórter	AaeZyyi87RCxtFnHPS3e	initial_r_or_rr	P2	ʁepˈɔɾteʁ	2981
2982.00.01	fornecedor	Rw38T6bn0lTNOb1aUevR	none	—	foɾnesedˈoʁ	2982
2983.00.01	cauda	AaeZyyi87RCxtFnHPS3e	none	—	kˈawdɐ	2983
2984.00.01	posto	Rw38T6bn0lTNOb1aUevR	coda_s_ep_risk	P3	pˈostu	2984
2985.00.01	ruptura	Rw38T6bn0lTNOb1aUevR	initial_r_or_rr	P2	ʁuptˈuɾɐ	2985
2986.00.01	paciência	m151rjrbWXbBqyq56tly	none	—	pˌasjˈẽsjɐ	2986
2987.00.01	firma	wxoDdfPKBuna5KnUEotz	none	—	fˈiɾmɐ	2987
2988.00.01	abraçar	ny3E2DZImeZm00WLGZi9	none	—	ˌabɾasˈaɾ	2988
2989.00.01	planície	m151rjrbWXbBqyq56tly	none	—	plɐnˈisi	2989
2990.00.01	comprador	Rw38T6bn0lTNOb1aUevR	none	—	kõpɾadˈoʁ	2990
2991.00.01	polêmico	xNGAXaCH8MaasNuo7Hr7	none	—	polˈemiku	2991
2992.00.01	empresarial	m151rjrbWXbBqyq56tly	final_l_vocalization	P1	ẽpɾezɐɾiˈaw	2992
2993.00.01	manga	4r3G9XKliGgVZLKMgjik	none	—	mˈɐ̃ɡɐ	2993
2993.00.02	manga	Rw38T6bn0lTNOb1aUevR	none	—	mˈɐ̃ɡɐ	2993
2994.00.01	seda	Rw38T6bn0lTNOb1aUevR	user_reported	P0	sˈedɐ	2994
2995.00.01	constantemente	m151rjrbWXbBqyq56tly	coda_s_ep_risk,de_te_palatalization,final_unstressed_e	P2	kõstɐ̃tʃˈemẽtʃi	2995
2996.00.01	ajuste	m151rjrbWXbBqyq56tly	coda_s_ep_risk,de_te_palatalization,final_unstressed_e	P2	aʒˈustʃi	2996
2996.00.02	ajuste	m151rjrbWXbBqyq56tly	coda_s_ep_risk,de_te_palatalization,final_unstressed_e	P2	aʒˈustʃi	2996
2997.00.01	posteriormente	m151rjrbWXbBqyq56tly	coda_s_ep_risk,de_te_palatalization,final_unstressed_e	P2	pˌosteɾioɾmˈẽtʃi	2997
2998.00.01	realista	xNGAXaCH8MaasNuo7Hr7	coda_s_ep_risk,initial_r_or_rr	P2	ʁealiˈstɐ	2998
2999.00.01	perseguição	Rw38T6bn0lTNOb1aUevR	none	—	peɾseɡisˈɐ̃w̃	2999
3000.00.01	fusão	m151rjrbWXbBqyq56tly	none	—	fuzˈɐ̃w̃	3000
3001.00.01	digno	AaeZyyi87RCxtFnHPS3e	none	—	dʒˈiɡnu	3001
3002.00.01	defrontar	m151rjrbWXbBqyq56tly	none	—	defɾõˈtaʁ	3002
3003.00.01	abrigo	xNGAXaCH8MaasNuo7Hr7	none	—	abɾˈiɡu	3003
3004.00.01	residente	wxoDdfPKBuna5KnUEotz	de_te_palatalization,final_unstressed_e,initial_r_or_rr	P2	ʁezidˈẽtʃi	3004
3005.00.01	sujo	Rw38T6bn0lTNOb1aUevR	none	—	sˈuʒu	3005
3006.00.01	inútil	Rw38T6bn0lTNOb1aUevR	final_l_vocalization	P1	inˈutʃiw	3006
3007.00.01	cabra	qPfM2laM0pRL4rrZtBGl	none	—	kˈabɾɐ	3007
3007.00.02	cabra	Rw38T6bn0lTNOb1aUevR	none	—	kˈabɾɐ	3007
3008.00.01	complementar	4r3G9XKliGgVZLKMgjik	none	—	kõplemeɪ̃ŋtˈaʁ	3008
3009.00.01	proveniente	qPfM2laM0pRL4rrZtBGl	de_te_palatalization,final_unstressed_e,user_reported	P0	pɾoveniˈẽtʃi	3009
3010.00.01	solitário	qPfM2laM0pRL4rrZtBGl	none	—	sˌolitˈaɾju	3010
3011.00.01	muralha	Rw38T6bn0lTNOb1aUevR	none	—	muɾˈaʎɐ	3011
3012.00.01	lenda	AaeZyyi87RCxtFnHPS3e	none	—	lˈẽdɐ	3012
3013.00.01	jazz	m151rjrbWXbBqyq56tly	english_loanword	P1	dʒɛs	3013
3014.00.01	medicamento	Rw38T6bn0lTNOb1aUevR	none	—	medʒikɐmˈẽtu	3014
3015.00.01	auto	Rw38T6bn0lTNOb1aUevR	none	—	ˈawtu	3015
3015.00.02	auto	m151rjrbWXbBqyq56tly	none	—	ˈawtu	3015
3016.00.01	pulmão	Rw38T6bn0lTNOb1aUevR	none	—	puwmˈɐ̃w	3016
3017.00.01	estreia	xNGAXaCH8MaasNuo7Hr7	coda_s_ep_risk	P3	estɾˈejɐ	3017
3018.00.01	catedral	Rw38T6bn0lTNOb1aUevR	final_l_vocalization	P1	katedɾˈaw	3018
3019.00.01	estável	m151rjrbWXbBqyq56tly	coda_s_ep_risk,final_l_vocalization	P1	estˈavew	3019
3020.00.01	bebê	ny3E2DZImeZm00WLGZi9	none	—	beˈbe	3020
3021.00.01	misto	ny3E2DZImeZm00WLGZi9	coda_s_ep_risk	P3	mˈistu	3021
3022.00.01	desencadear	xNGAXaCH8MaasNuo7Hr7	none	—	dˌezẽkɐdʒiˈaʁ	3022
3023.00.01	estatal	qPfM2laM0pRL4rrZtBGl	coda_s_ep_risk,final_l_vocalization	P1	ˌestɐtˈaw	3023
3024.00.01	baiano	AaeZyyi87RCxtFnHPS3e	none	—	baˈjɐ̃nu	3024
3025.00.01	assinalar	m151rjrbWXbBqyq56tly	coda_s_ep_risk	P3	ˌasinɐlˈaʁ	3025
3026.00.01	excelência	Rw38T6bn0lTNOb1aUevR	none	—	ˌeselˈẽsiɐ	3026
3027.00.01	abuso	ny3E2DZImeZm00WLGZi9	none	—	ɐbˈuzu	3027
3028.00.01	física	qPfM2laM0pRL4rrZtBGl	none	—	fˈizikɐ	3028
3029.00.01	lembrança	Rw38T6bn0lTNOb1aUevR	none	—	lẽbɾˈɐ̃sɐ	3029
3029.00.02	lembrança	xNGAXaCH8MaasNuo7Hr7	none	—	lẽbɾˈɐ̃sɐ	3029
3030.00.01	visitante	Rw38T6bn0lTNOb1aUevR	de_te_palatalization,final_unstressed_e	P2	vˌizitˈɐ̃ntʃi	3030
3031.00.01	maré	m151rjrbWXbBqyq56tly	user_reported	P0	maˈɾɛ	3031
3032.00.01	abastecimento	qPfM2laM0pRL4rrZtBGl	coda_s_ep_risk	P3	ˌabastˌesimˈẽtu	3032
3033.00.01	localização	xNGAXaCH8MaasNuo7Hr7	none	—	lokalizɐsˈɐ̃w	3033
3034.00.01	iluminar	m151rjrbWXbBqyq56tly	none	—	ilumĩnˈaʁ	3034
3035.00.01	leito	m151rjrbWXbBqyq56tly	none	—	lˈejtu	3035
3036.00.01	plataforma	Rw38T6bn0lTNOb1aUevR	none	—	platɐfˈɔɾmɐ	3036
3037.00.01	arrumar	xNGAXaCH8MaasNuo7Hr7	initial_r_or_rr	P2	aʁumˈaʁ	3037
3038.00.01	independentemente	Rw38T6bn0lTNOb1aUevR	de_te_palatalization,final_unstressed_e	P2	ĩdepẽdẽtʃimˈẽtʃi	3038
3039.00.01	pico	AaeZyyi87RCxtFnHPS3e	spanish_collision	P3	pˈiku	3039
3039.00.02	pico	wxoDdfPKBuna5KnUEotz	spanish_collision	P3	pˈiku	3039
3040.00.01	castanho	Rw38T6bn0lTNOb1aUevR	coda_s_ep_risk	P3	kˌasˈtɐ̃ɲu	3040
3041.00.01	colocação	4r3G9XKliGgVZLKMgjik	none	—	kˌolokasˈɐ̃w	3041
3042.00.01	asiático	xNGAXaCH8MaasNuo7Hr7	none	—	ˌaziˈatʃiku	3042
3043.00.01	vaga	ny3E2DZImeZm00WLGZi9	none	—	vˈaɡɐ	3043
3044.00.01	mortal	m151rjrbWXbBqyq56tly	final_l_vocalization,same_spelling_en_pt	P1	moʁtˈaw	3044
3045.00.01	elaboração	4r3G9XKliGgVZLKMgjik	none	—	ˌelabˌoɾasˈɐ̃w	3045
3046.00.01	depor	m151rjrbWXbBqyq56tly	none	—	depˈoʁ	3046
3047.00.01	preconceito	m151rjrbWXbBqyq56tly	none	—	pɾekõsˈejtu	3047
3048.00.01	proibido	Rw38T6bn0lTNOb1aUevR	none	—	pɾoiˈbidu	3048
3049.00.01	prevenção	qPfM2laM0pRL4rrZtBGl	none	—	pɾevẽsˈɐ̃w	3049
3050.00.01	vapor	m151rjrbWXbBqyq56tly	none	—	vapˈoʁ	3050
3051.00.01	solidão	4r3G9XKliGgVZLKMgjik	none	—	sˌolidˈɐ̃w	3051
3052.00.01	possibilitar	m151rjrbWXbBqyq56tly	coda_s_ep_risk	P3	pˌosibiˌlitˈaʁ	3052
3053.00.01	relevo	4r3G9XKliGgVZLKMgjik	initial_r_or_rr	P2	ʁelˈevu	3053
3053.00.02	relevo	m151rjrbWXbBqyq56tly	initial_r_or_rr	P2	ʁelˈevu	3053
3054.00.01	criatura	Rw38T6bn0lTNOb1aUevR	none	—	kɾiɐtˈuɾɐ	3054
3055.00.01	coordenação	m151rjrbWXbBqyq56tly	none	—	koˌoɾdenaˈsɐ̃w̃	3055
3056.00.01	suicídio	4r3G9XKliGgVZLKMgjik	none	—	sujsˈidʒiu	3056
3057.00.01	dispositivo	m151rjrbWXbBqyq56tly	coda_s_ep_risk	P3	dʒispozitʃˈivu	3057
3058.00.01	aliviar	4r3G9XKliGgVZLKMgjik	none	—	ɐliviˈaʁ	3058
3059.00.01	cachorro	m151rjrbWXbBqyq56tly	initial_r_or_rr	P2	kaʃˈoʁu	3059
3060.00.01	bando	AaeZyyi87RCxtFnHPS3e	none	—	bˈɐ̃du	3060
3060.00.02	bando	Rw38T6bn0lTNOb1aUevR	none	—	bˈɐ̃du	3060
3061.00.01	moinho	m151rjrbWXbBqyq56tly	none	—	moˈĩɲu	3061
3062.00.01	assassino	qPfM2laM0pRL4rrZtBGl	coda_s_ep_risk	P3	ˌasasˈinu	3062
3063.00.01	gravura	m151rjrbWXbBqyq56tly	none	—	ɡɾavˈuɾɐ	3063
3064.00.01	trabalhista	Rw38T6bn0lTNOb1aUevR	coda_s_ep_risk	P3	tɾabaʎˈistɐ	3064
3064.00.02	trabalhista	xNGAXaCH8MaasNuo7Hr7	coda_s_ep_risk	P3	tɾabaljˈistɐ	3064
3065.00.01	uniforme	ny3E2DZImeZm00WLGZi9	final_unstressed_e	P2	ˌunifˈɔʁmi	3065
3066.00.01	inesperado	AaeZyyi87RCxtFnHPS3e	coda_s_ep_risk	P3	ˌinispeɾˈadu	3066
3067.00.01	foz	m151rjrbWXbBqyq56tly	none	—	fˈɔs	3067
3068.00.01	autoria	AaeZyyi87RCxtFnHPS3e	none	—	ˌawtoɾˈiɐ	3068
3069.00.01	fiscalização	Rw38T6bn0lTNOb1aUevR	coda_s_ep_risk	P3	fˌiskalizˈasɐ̃w	3069
3070.00.01	raciocínio	Rw38T6bn0lTNOb1aUevR	initial_r_or_rr	P2	ʁasjosˈiɲu	3070
3071.00.01	diplomático	Rw38T6bn0lTNOb1aUevR	none	—	dʒiplomˈatʃiku	3071
3072.00.01	vaso	m151rjrbWXbBqyq56tly	none	—	vˈazu	3072
3072.00.02	vaso	xNGAXaCH8MaasNuo7Hr7	none	—	vˈazu	3072
3073.00.01	piscina	wxoDdfPKBuna5KnUEotz	coda_s_ep_risk	P3	pisˈinɐ	3073
3074.00.01	inscrição	ny3E2DZImeZm00WLGZi9	coda_s_ep_risk	P3	ĩskɾisˈɐ̃w̃	3074
3075.00.01	calendário	m151rjrbWXbBqyq56tly	none	—	kalẽˈdaɾju	3075
3076.00.01	cinzento	AaeZyyi87RCxtFnHPS3e	none	—	sĩˈzẽtu	3076
3077.00.01	time	Rw38T6bn0lTNOb1aUevR	english_loanword,final_unstressed_e	P1	tʃˈimi	3077
3078.00.01	angústia	m151rjrbWXbBqyq56tly	coda_s_ep_risk	P3	ɐ̃ŋˈɡustʃɐ	3078
3079.00.01	baixa	qPfM2laM0pRL4rrZtBGl	none	—	bˈajʃɐ	3079
3080.00.01	governante	m151rjrbWXbBqyq56tly	de_te_palatalization,final_unstressed_e	P2	ɡˌoveɾnˈɐ̃ntʃi	3080
3080.00.02	governante	Rw38T6bn0lTNOb1aUevR	de_te_palatalization,final_unstressed_e	P2	ɡovɛɾnˈɐ̃tʃi	3080
3080.00.03	governante	m151rjrbWXbBqyq56tly	de_te_palatalization,final_unstressed_e	P2	ɡovɛɾnˈɐ̃tʃi	3080
3081.00.01	expressivo	4r3G9XKliGgVZLKMgjik	coda_s_ep_risk	P3	ˌespɾesˈivu	3081
3082.00.01	limitação	m151rjrbWXbBqyq56tly	none	—	lˌimitɐsˈɐ̃w	3082
3083.00.01	barulho	m151rjrbWXbBqyq56tly	none	—	bɐɾˈuʎu	3083
3084.00.01	impressionar	m151rjrbWXbBqyq56tly	coda_s_ep_risk	P3	ĩpɾesiˈonaʁ	3084
3085.00.01	selecionar	m151rjrbWXbBqyq56tly	none	—	selesiɔnˈaʁ	3085
3086.00.01	conversação	Rw38T6bn0lTNOb1aUevR	none	—	kõveʁsasˈɐ̃w	3086
3087.00.01	sé	AaeZyyi87RCxtFnHPS3e	none	—	sˈɛ	3087
3087.00.02	sé	xNGAXaCH8MaasNuo7Hr7	none	—	sˈɛ	3087
3088.00.01	fibra	wxoDdfPKBuna5KnUEotz	none	—	fˈibɾɐ	3088
3089.00.01	interrogar	Rw38T6bn0lTNOb1aUevR	initial_r_or_rr	P2	ĩteʁoɡˈaʁ	3089
3090.00.01	renunciar	Rw38T6bn0lTNOb1aUevR	initial_r_or_rr	P2	ʁenũsiˈaʁ	3090
3091.00.01	outrora	m151rjrbWXbBqyq56tly	none	—	ˌowtɾˈɔɾɐ	3091
3092.00.01	desculpa	m151rjrbWXbBqyq56tly	coda_s_ep_risk	P3	dʒiskˈuwpɐ	3092
3093.00.01	vegetal	qPfM2laM0pRL4rrZtBGl	final_l_vocalization	P1	veʒeˈtaw	3093
3093.00.02	vegetal	m151rjrbWXbBqyq56tly	final_l_vocalization	P1	veʒeˈtaw	3093
3094.00.01	incrível	m151rjrbWXbBqyq56tly	final_l_vocalization	P1	ĩkɾˈivew	3094
3095.00.01	alternar	Rw38T6bn0lTNOb1aUevR	none	—	ˌawtɛɾnˈaɾ	3095
3096.00.01	enriquecer	Rw38T6bn0lTNOb1aUevR	none	—	ẽɾikesˈeʁ	3096
3097.00.01	diminuição	Rw38T6bn0lTNOb1aUevR	none	—	dʒimĩnuisˈɐ̃w	3097
3098.00.01	dose	qPfM2laM0pRL4rrZtBGl	final_unstressed_e,user_reported	P0	dˈɔzi	3098
3099.00.01	narrativa	AaeZyyi87RCxtFnHPS3e	initial_r_or_rr	P2	naʁatʃˈivɐ	3099
3100.00.01	psicologia	m151rjrbWXbBqyq56tly	none	—	psikoluʒˈiɐ	3100
3101.00.01	acompanhamento	m151rjrbWXbBqyq56tly	none	—	ɐkõpɐɲɐmˈẽtu	3101
3101.00.02	acompanhamento	Rw38T6bn0lTNOb1aUevR	none	—	ɐkõpɐɲɐmẽtu	3101
3102.00.01	eficiência	qPfM2laM0pRL4rrZtBGl	none	—	ˌefisiˈẽsiɐ	3102
3103.00.01	atrasado	wxoDdfPKBuna5KnUEotz	none	—	ˌatɾazˈadu	3103
3104.00.01	diagnóstico	Rw38T6bn0lTNOb1aUevR	coda_s_ep_risk	P3	dʒiˌaɡnˈɔstʃiku	3104
3105.00.01	suficientemente	Rw38T6bn0lTNOb1aUevR	de_te_palatalization,final_unstressed_e	P2	sˌufisiˈẽtʃimˈẽtʃi	3105
3106.00.01	ódio	Rw38T6bn0lTNOb1aUevR	none	—	ˈɔdʒiu	3106
3108.00.01	resultante	xNGAXaCH8MaasNuo7Hr7	de_te_palatalization,final_unstressed_e,initial_r_or_rr	P2	ʁezuwtˈɐ̃tʃi	3108
3109.00.01	arder	ny3E2DZImeZm00WLGZi9	none	—	aʁdˈeʁ	3109
3110.00.01	palha	qPfM2laM0pRL4rrZtBGl	none	—	pˈaʎɐ	3110
3111.00.01	muçulmano	m151rjrbWXbBqyq56tly	none	—	musuwmˈɐ̃nu	3111
3112.00.01	piso	xNGAXaCH8MaasNuo7Hr7	spanish_collision	P3	pˈizu	3112
3113.00.01	andamento	ny3E2DZImeZm00WLGZi9	none	—	ˌɐ̃dɐmˈẽtu	3113
3114.00.01	escasso	xNGAXaCH8MaasNuo7Hr7	coda_s_ep_risk	P3	esˈkasu	3114
3115.00.01	lata	wxoDdfPKBuna5KnUEotz	none	—	lˈatɐ	3115
3116.00.01	expandir	qPfM2laM0pRL4rrZtBGl	none	—	ˌespɐ̃dʒˈiʁ	3116
3117.00.01	terminal	m151rjrbWXbBqyq56tly	final_l_vocalization	P1	tɛʁminˈaw	3117
3118.00.01	respirar	Rw38T6bn0lTNOb1aUevR	coda_s_ep_risk,initial_r_or_rr	P2	ʁespiˈɾaʁ	3118
3119.00.01	montante	ny3E2DZImeZm00WLGZi9	de_te_palatalization,final_unstressed_e	P2	mõˈtɐ̃tʃi	3119
3120.00.01	persistir	4r3G9XKliGgVZLKMgjik	coda_s_ep_risk	P3	peɾsisˈtʃiɾ	3120
3121.00.01	convencido	Rw38T6bn0lTNOb1aUevR	none	—	kõvẽˈsidu	3121
3122.00.01	coincidir	Rw38T6bn0lTNOb1aUevR	none	—	koĩsiˈdʒiʁ	3122
3123.00.01	votação	4r3G9XKliGgVZLKMgjik	none	—	votɐsˈɐ̃w	3123
3124.00.01	estômago	m151rjrbWXbBqyq56tly	coda_s_ep_risk	P3	esˈtõmɐɡu	3124
3125.00.01	lã	AaeZyyi87RCxtFnHPS3e	none	—	lˈɐ̃	3125
3126.00.01	empenhar	qPfM2laM0pRL4rrZtBGl	none	—	ẽpeˈɲaʁ	3126
3126.00.02	empenhar	m151rjrbWXbBqyq56tly	none	—	ẽpẽˈɲaʁ	3126
3127.00.01	descendente	Rw38T6bn0lTNOb1aUevR	coda_s_ep_risk,de_te_palatalization,final_unstressed_e	P2	desẽˈdẽtʃi	3127
3128.00.01	múltiplo	AaeZyyi87RCxtFnHPS3e	none	—	mˈuwtʃiplu	3128
3129.00.01	renovação	qPfM2laM0pRL4rrZtBGl	initial_r_or_rr	P2	ʁenovasˈɐ̃w	3129
3130.00.01	oficialmente	wxoDdfPKBuna5KnUEotz	de_te_palatalization,final_unstressed_e	P2	ˌofisiˈawmẽtʃi	3130
3131.00.01	transparente	wxoDdfPKBuna5KnUEotz	coda_s_ep_risk,de_te_palatalization,final_unstressed_e	P2	tɾɐ̃ŋspaɾˈẽtʃi	3131
3132.00.01	soma	m151rjrbWXbBqyq56tly	none	—	sˈomɐ	3132
3133.00.01	irregular	Rw38T6bn0lTNOb1aUevR	initial_r_or_rr	P2	iʁeɡulˈaʁ	3133
3134.00.01	cinematográfico	m151rjrbWXbBqyq56tly	none	—	sˌinemˌatoɡɾˈafiku	3134
3135.00.01	vendedor	wxoDdfPKBuna5KnUEotz	none	—	vẽdeˈdoʁ	3135
3136.00.01	gaúcho	Rw38T6bn0lTNOb1aUevR	none	—	ɡaˈuʃu	3136
3137.00.01	ilustrar	4r3G9XKliGgVZLKMgjik	coda_s_ep_risk	P3	ˌilustɾˈaʁ	3137
3138.00.01	aparente	Rw38T6bn0lTNOb1aUevR	de_te_palatalization,final_unstressed_e	P2	apɐˈɾẽtʃi	3138
3139.00.01	encomenda	xNGAXaCH8MaasNuo7Hr7	none	—	ẽkõmˈẽdɐ	3139
3139.00.02	encomenda	Rw38T6bn0lTNOb1aUevR	none	—	ẽkõˈmẽdɐ	3139
3140.00.01	feio	4r3G9XKliGgVZLKMgjik	none	—	fˈeju	3140
3141.00.01	barroco	m151rjrbWXbBqyq56tly	initial_r_or_rr	P2	baˈxɔku	3141
3142.00.01	imaginário	ny3E2DZImeZm00WLGZi9	none	—	ĩmaʒĩnˈaɾju	3142
3143.00.01	agitar	Rw38T6bn0lTNOb1aUevR	none	—	aʒitˈaʁ	3143
3144.00.01	dificilmente	AaeZyyi87RCxtFnHPS3e	de_te_palatalization,final_unstressed_e	P2	dʒifˌisiʊmˈẽtʃi	3144
3145.00.01	baleia	AaeZyyi87RCxtFnHPS3e	none	—	baˈlejɐ	3145
3146.00.01	restrito	wxoDdfPKBuna5KnUEotz	coda_s_ep_risk,initial_r_or_rr	P2	ʁestrˈitu	3146
3147.00.01	queijo	4r3G9XKliGgVZLKMgjik	none	—	kˈejʒu	3147
3148.00.01	ala	ny3E2DZImeZm00WLGZi9	none	—	ˈalɐ	3148
3148.00.02	ala	ny3E2DZImeZm00WLGZi9	none	—	ˈalɐ	3148
3149.00.01	produtividade	wxoDdfPKBuna5KnUEotz	de_te_palatalization,final_unstressed_e	P2	pɾodujtʃivˈidadʒi	3149
3150.00.01	portador	m151rjrbWXbBqyq56tly	none	—	poʁtadˈoʁ	3150
3151.00.01	mosca	m151rjrbWXbBqyq56tly	coda_s_ep_risk	P3	mˈɔskɐ	3151
3152.00.01	desafiar	ny3E2DZImeZm00WLGZi9	none	—	dˌezafiˈaʁ	3152
3153.00.01	adiar	wxoDdfPKBuna5KnUEotz	none	—	adʒiˈaʁ	3153
3154.00.01	permanência	m151rjrbWXbBqyq56tly	none	—	pˌeɾmɐnˈẽsjɐ	3154
3155.00.01	estúdio	ny3E2DZImeZm00WLGZi9	coda_s_ep_risk	P3	esˈtudʒiu	3155
3156.00.01	aviso	m151rjrbWXbBqyq56tly	none	—	avˈizu	3156
3157.00.01	turco	qPfM2laM0pRL4rrZtBGl	none	—	tˈuɾku	3157
3158.00.01	apaixonado	qPfM2laM0pRL4rrZtBGl	none	—	ˌapajʃonˈadu	3158
3159.00.01	nativo	Rw38T6bn0lTNOb1aUevR	none	—	natʃˈivu	3159
3160.00.01	cura	m151rjrbWXbBqyq56tly	none	—	kˈuɾɐ	3160
3160.00.02	cura	xNGAXaCH8MaasNuo7Hr7	none	—	kˈuɾɐ	3160
3161.00.01	cessar	Rw38T6bn0lTNOb1aUevR	coda_s_ep_risk	P3	seˈsaʁ	3161
3162.00.01	rolar	Rw38T6bn0lTNOb1aUevR	initial_r_or_rr	P2	ʁolˈaʁ	3162
3163.00.01	leilão	qPfM2laM0pRL4rrZtBGl	none	—	lej̃ˈlãw̃	3163
3164.00.01	marinho	Rw38T6bn0lTNOb1aUevR	none	—	maɾˈĩɲu	3164
3165.00.01	azeite	AaeZyyi87RCxtFnHPS3e	de_te_palatalization,final_unstressed_e	P2	azˈejtʃi	3165
3166.00.01	inovação	qPfM2laM0pRL4rrZtBGl	none	—	ˌinovasˈɐ̃w	3166
3167.00.01	cobre	Rw38T6bn0lTNOb1aUevR	final_unstressed_e	P2	kˈɔbɾi	3167
3168.00.01	cartaz	4r3G9XKliGgVZLKMgjik	none	—	kaʁtˈas	3168
3169.00.01	apelar	qPfM2laM0pRL4rrZtBGl	none	—	apeˈlaʁ	3169
3170.00.01	diretoria	qPfM2laM0pRL4rrZtBGl	none	—	dʒiɾetoɾˈiɐ	3170
3171.00.01	posterior	m151rjrbWXbBqyq56tly	coda_s_ep_risk	P3	pˌosteɾiˈoʁ	3171
3172.00.01	botão	ny3E2DZImeZm00WLGZi9	none	—	botˈɐ̃w	3172
3173.00.01	atentado	4r3G9XKliGgVZLKMgjik	none	—	atẽtˈadu	3173
3174.00.01	circo	Rw38T6bn0lTNOb1aUevR	none	—	sˈiɾku	3174
3175.00.01	cimento	m151rjrbWXbBqyq56tly	none	—	siˈmẽtu	3175
3176.00.01	interferir	m151rjrbWXbBqyq56tly	none	—	ˌĩteɾfeɾˈiʁ	3176
3177.00.01	milímetro	4r3G9XKliGgVZLKMgjik	none	—	mˌilˈimetɾu	3177
3178.00.01	nuclear	Rw38T6bn0lTNOb1aUevR	none	—	nukleˈaʁ	3178
3179.00.01	expedição	m151rjrbWXbBqyq56tly	none	—	ˌespeditʃiˈsɐ̃w̃	3179
3180.00.01	intermediário	Rw38T6bn0lTNOb1aUevR	none	—	ĩteɾmediˈaɾiu	3180
3181.00.01	deficit	Rw38T6bn0lTNOb1aUevR	english_loanword,same_spelling_en_pt	P1	dˌɛfisˈitʃ	3181
3182.00.01	lentamente	m151rjrbWXbBqyq56tly	de_te_palatalization,final_unstressed_e	P2	lẽtɐmˈẽtʃi	3182
3183.00.01	dúzia	ny3E2DZImeZm00WLGZi9	none	—	dˈuziɐ	3183
3184.00.01	duvidar	m151rjrbWXbBqyq56tly	none	—	duviˈdaʁ	3184
3185.00.01	enrolar	ny3E2DZImeZm00WLGZi9	none	—	ẽʁoˈlaʁ	3185
3185.00.02	enrolar	m151rjrbWXbBqyq56tly	none	—	ẽʁolˈaʁ	3185
3186.00.01	figurar	Rw38T6bn0lTNOb1aUevR	none	—	fiɡuɾˈaʁ	3186
3186.00.02	figurar	xNGAXaCH8MaasNuo7Hr7	none	—	fiɡuɾˈaʁ	3186
3187.00.01	esquina	4r3G9XKliGgVZLKMgjik	coda_s_ep_risk	P3	eskˈinɐ	3187
3188.00.01	bolo	AaeZyyi87RCxtFnHPS3e	none	—	bˈolu	3188
3189.00.01	exílio	AaeZyyi87RCxtFnHPS3e	none	—	ezˈilju	3189
3190.00.01	caminhão	Rw38T6bn0lTNOb1aUevR	none	—	kˌɐmĩˈɲɐ̃w	3190
3191.00.01	observador	wxoDdfPKBuna5KnUEotz	none	—	ˌobseɾvadˈoʁ	3191
3191.00.02	observador	ny3E2DZImeZm00WLGZi9	none	—	ˌobseɾvadˈoʁ	3191
3192.00.01	contrair	qPfM2laM0pRL4rrZtBGl	none	—	kõtɾaˈiʁ	3192
3193.00.01	consolidar	xNGAXaCH8MaasNuo7Hr7	none	—	kõsoliˈdaʁ	3193
3194.00.01	reitor	m151rjrbWXbBqyq56tly	initial_r_or_rr	P2	ʁejtˈoʁ	3194
3195.00.01	molde	xNGAXaCH8MaasNuo7Hr7	de_te_palatalization,final_unstressed_e	P2	mˈɔwdʒi	3195
3196.00.01	oitenta	wxoDdfPKBuna5KnUEotz	none	—	ojtˈẽtɐ	3196
3197.00.01	ideologia	4r3G9XKliGgVZLKMgjik	none	—	ˌideoloʒˈiɐ	3197
3198.00.01	respiração	Rw38T6bn0lTNOb1aUevR	coda_s_ep_risk,initial_r_or_rr	P2	ʁespiɾasˈɐ̃w	3198
3199.00.01	desenvolvido	wxoDdfPKBuna5KnUEotz	none	—	dˌezẽvowˈvidu	3199
3200.00.01	abstrato	Rw38T6bn0lTNOb1aUevR	coda_s_ep_risk	P3	ˌabsˈtɾatu	3200
3201.00.01	amador	Rw38T6bn0lTNOb1aUevR	none	—	amadˈoʁ	3201
3202.00.01	semear	Rw38T6bn0lTNOb1aUevR	none	—	semeˈaʁ	3202
3203.00.01	referente	4r3G9XKliGgVZLKMgjik	de_te_palatalization,final_unstressed_e,initial_r_or_rr,user_reported	P0	ʁefeɾˈẽtʃi	3203
3204.00.01	felizmente	m151rjrbWXbBqyq56tly	de_te_palatalization,final_unstressed_e	P2	feliziˈmẽtʃi	3204
3205.00.01	referendo	Rw38T6bn0lTNOb1aUevR	initial_r_or_rr	P2	ʁefeɾˈẽdu	3205
3206.00.01	gordura	ny3E2DZImeZm00WLGZi9	none	—	ɡoɾdˈuɾɐ	3206
3207.00.01	contradição	xNGAXaCH8MaasNuo7Hr7	none	—	kõtɾadʒisˈɐ̃w̃	3207
3208.00.01	lavoura	qPfM2laM0pRL4rrZtBGl	none	—	lavˈowɾɐ	3208
3209.00.01	severo	m151rjrbWXbBqyq56tly	none	—	sevˈɛɾu	3209
3210.00.01	perdoar	xNGAXaCH8MaasNuo7Hr7	none	—	peɾdoˈaʁ	3210
3211.00.01	fraqueza	wxoDdfPKBuna5KnUEotz	none	—	fɾɐkˈezɐ	3211
3212.00.01	cirurgia	qPfM2laM0pRL4rrZtBGl	none	—	siɾuʁʒˈiɐ	3212
3213.00.01	guerrilheiro	wxoDdfPKBuna5KnUEotz	initial_r_or_rr	P2	ɡeʁiˈʎejɾu	3213
3214.00.01	esfregar	m151rjrbWXbBqyq56tly	coda_s_ep_risk	P3	ˌesfɾeɡˈaʁ	3214
3215.00.01	eleitor	xNGAXaCH8MaasNuo7Hr7	none	—	eleiˈtoʁ	3215
3216.00.01	atribuição	ny3E2DZImeZm00WLGZi9	none	—	ˌatɾibuˈisɐ̃w̃	3216
3217.00.01	escultura	ny3E2DZImeZm00WLGZi9	coda_s_ep_risk	P3	ˌeskuwtˈuɾɐ	3217
3218.00.01	orgânico	Rw38T6bn0lTNOb1aUevR	none	—	ˌoɾɡˈɐ̃niku	3218
3219.00.01	recepção	AaeZyyi87RCxtFnHPS3e	initial_r_or_rr	P2	ʁesepˈsɐ̃w̃	3219
3220.00.01	basicamente	ny3E2DZImeZm00WLGZi9	de_te_palatalization,final_unstressed_e	P2	bˌazikɐmˈẽtʃi	3220
3221.00.01	privilegiado	Rw38T6bn0lTNOb1aUevR	none	—	pɾivilˈeʒiadu	3221
3222.00.01	potência	Rw38T6bn0lTNOb1aUevR	none	—	potˈẽsjɐ	3222
3223.00.01	mediante	wxoDdfPKBuna5KnUEotz	de_te_palatalization,final_unstressed_e	P2	mediˈɐ̃tʃi	3223
3224.00.01	trágico	m151rjrbWXbBqyq56tly	none	—	tɾˈaʒiku	3224
3225.00.01	anônimo	Rw38T6bn0lTNOb1aUevR	none	—	ɐnˈonimu	3225
3226.00.01	dicionário	Rw38T6bn0lTNOb1aUevR	none	—	dʒisjonˈaɾju	3226
3227.00.01	desgraça	xNGAXaCH8MaasNuo7Hr7	coda_s_ep_risk	P3	dˌezɡɾˈasɐ	3227
3228.00.01	participante	Rw38T6bn0lTNOb1aUevR	de_te_palatalization,final_unstressed_e	P2	pˌaɾtʃisipˈɐ̃ntʃi	3228
3229.00.01	treinamento	wxoDdfPKBuna5KnUEotz	none	—	tɾejnɐmˈẽtu	3229
3230.00.01	ingressar	AaeZyyi87RCxtFnHPS3e	coda_s_ep_risk	P3	ĩɡɾesˈaʁ	3230
3231.00.01	bravo	ny3E2DZImeZm00WLGZi9	none	—	bɾˈavu	3231
3232.00.01	vista	Rw38T6bn0lTNOb1aUevR	coda_s_ep_risk	P3	vˈistɐ	3232
3233.00.01	dificultar	Rw38T6bn0lTNOb1aUevR	none	—	dʒifikuwtˈaʁ	3233
3234.00.01	bilhete	m151rjrbWXbBqyq56tly	de_te_palatalization,final_unstressed_e	P2	biʎˈetʃi	3234
3234.00.02	bilhete	4r3G9XKliGgVZLKMgjik	de_te_palatalization,final_unstressed_e	P2	biʎˈetʃi	3234
3234.00.03	bilhete	qPfM2laM0pRL4rrZtBGl	de_te_palatalization,final_unstressed_e	P2	biʎˈetʃi	3234
3235.00.01	colaborador	xNGAXaCH8MaasNuo7Hr7	none	—	kˌolabˌoɾadˈoʁ	3235
3236.00.01	linho	4r3G9XKliGgVZLKMgjik	none	—	lˈĩɲu	3236
3236.00.02	linho	m151rjrbWXbBqyq56tly	none	—	lˈĩɲu	3236
3237.00.01	trajetória	wxoDdfPKBuna5KnUEotz	none	—	tɾaʒeˈtɔɾjɐ	3237
3238.00.01	barba	Rw38T6bn0lTNOb1aUevR	none	—	bˈaʁbɐ	3238
3239.00.01	prestes	m151rjrbWXbBqyq56tly	coda_s_ep_risk	P3	pɾˈɛstʃis	3239
3240.00.01	selo	Rw38T6bn0lTNOb1aUevR	none	—	sˈelu	3240
3241.00.01	espada	Rw38T6bn0lTNOb1aUevR	coda_s_ep_risk	P3	esˈpadɐ	3241
3242.00.01	burguês	Rw38T6bn0lTNOb1aUevR	none	—	buɾɡˈes	3242
3243.00.01	hierarquia	m151rjrbWXbBqyq56tly	h_initial_english_risk	P1	ˌieɾaɾkˈiɐ	3243
3244.00.01	representativo	Rw38T6bn0lTNOb1aUevR	initial_r_or_rr	P2	ʁepɾezẽtɐtʃˈivu	3244
3245.00.01	lágrima	m151rjrbWXbBqyq56tly	none	—	ˈlaɡɾimɐ	3245
3246.00.01	nave	AaeZyyi87RCxtFnHPS3e	final_unstressed_e	P2	nˈavi	3246
3247.00.01	cadáver	4r3G9XKliGgVZLKMgjik	none	—	kadˈaveɾ	3247
3248.00.01	operador	m151rjrbWXbBqyq56tly	none	—	ˌopeɾadˈoʁ	3248
3249.00.01	passivo	qPfM2laM0pRL4rrZtBGl	coda_s_ep_risk	P3	pɐsˈivu	3249
3249.00.02	passivo	Rw38T6bn0lTNOb1aUevR	coda_s_ep_risk	P3	pɐˈsivu	3249
3250.00.01	implantar	4r3G9XKliGgVZLKMgjik	none	—	ĩplɐ̃ˈtaʁ	3250
3250.00.02	implantar	m151rjrbWXbBqyq56tly	none	—	ĩplɐ̃ˈtaʁ	3250
3251.00.01	raiva	Rw38T6bn0lTNOb1aUevR	initial_r_or_rr	P2	ʁˈajvɐ	3251
3251.00.02	raiva	m151rjrbWXbBqyq56tly	initial_r_or_rr	P2	ʁˈajvɐ	3251
3252.00.01	culpado	wxoDdfPKBuna5KnUEotz	none	—	kuwpˈadu	3252
3253.00.01	item	4r3G9XKliGgVZLKMgjik	none	—	ˈitẽ	3253
3254.00.01	prevenir	AaeZyyi87RCxtFnHPS3e	none	—	pɾevẽˈiʁ	3254
3255.00.01	formato	wxoDdfPKBuna5KnUEotz	none	—	foɾmˈatu	3255
3256.00.01	metálico	m151rjrbWXbBqyq56tly	none	—	metˈaliku	3256
3257.00.01	envolvimento	AaeZyyi87RCxtFnHPS3e	none	—	ĩvowviˈmẽtu	3257
3258.00.01	agressivo	m151rjrbWXbBqyq56tly	coda_s_ep_risk	P3	aɡɾesˈivu	3258
3259.00.01	extinção	qPfM2laM0pRL4rrZtBGl	none	—	estʃĩsˈɐ̃w	3259
3260.00.01	dezoito	ny3E2DZImeZm00WLGZi9	none	—	dezˈojtu	3260
3261.00.01	engenho	Rw38T6bn0lTNOb1aUevR	none	—	ẽˈʒeɲu	3261
3261.00.02	engenho	m151rjrbWXbBqyq56tly	none	—	ẽʒˈeɲu	3261
3262.00.01	despedir	xNGAXaCH8MaasNuo7Hr7	coda_s_ep_risk	P3	dˌespedʒˈiʁ	3262
3262.00.02	despedir	Rw38T6bn0lTNOb1aUevR	coda_s_ep_risk	P3	dʒispedʒˈiʁ	3262
3263.00.01	ocultar	m151rjrbWXbBqyq56tly	none	—	okultˈaʁ	3263
3264.00.01	cerco	qPfM2laM0pRL4rrZtBGl	none	—	sˈɛɾku	3264
3264.00.02	cerco	xNGAXaCH8MaasNuo7Hr7	none	—	sˈɛɾku	3264
3265.00.01	montagem	m151rjrbWXbBqyq56tly	none	—	mõtˈaʒẽ	3265
3265.00.02	montagem	4r3G9XKliGgVZLKMgjik	none	—	mõtˈaʒẽ	3265
3266.00.01	tropical	m151rjrbWXbBqyq56tly	final_l_vocalization	P1	tɾopiˈkaw	3266
3267.00.01	extenso	Rw38T6bn0lTNOb1aUevR	none	—	esˈtẽsu	3267
3268.00.01	misericórdia	AaeZyyi87RCxtFnHPS3e	none	—	mˌizeɾikˈɔɾdʒiɐ	3268
3269.00.01	terrestre	qPfM2laM0pRL4rrZtBGl	coda_s_ep_risk,final_unstressed_e,initial_r_or_rr	P2	teˈxɛstɾi	3269
3270.00.01	portão	Rw38T6bn0lTNOb1aUevR	none	—	poʁtˈɐ̃w	3270
3271.00.01	poeira	4r3G9XKliGgVZLKMgjik	none	—	poˈejɾɐ	3271
3272.00.01	capitalismo	m151rjrbWXbBqyq56tly	coda_s_ep_risk	P3	kˌapitɐlˈizmu	3272
3273.00.01	multa	Rw38T6bn0lTNOb1aUevR	none	—	mˈuwtɐ	3273
3274.00.01	explodir	xNGAXaCH8MaasNuo7Hr7	none	—	esplodʒˈiʁ	3274
3275.00.01	urgente	Rw38T6bn0lTNOb1aUevR	de_te_palatalization,final_unstressed_e	P2	uɾˈʒẽtʃi	3275
3277.00.01	aborto	Rw38T6bn0lTNOb1aUevR	none	—	ɐbˈoɾtu	3277
3278.00.01	faca	m151rjrbWXbBqyq56tly	none	—	fˈakɐ	3278
3279.00.01	concha	ny3E2DZImeZm00WLGZi9	none	—	kˈõʃɐ	3279
3280.00.01	marginal	m151rjrbWXbBqyq56tly	final_l_vocalization	P1	maʁʒinˈaw	3280
3281.00.01	relevante	qPfM2laM0pRL4rrZtBGl	de_te_palatalization,final_unstressed_e,initial_r_or_rr	P2	ʁelevˈɐ̃tʃi	3281
3282.00.01	couro	Rw38T6bn0lTNOb1aUevR	none	—	kˈowɾu	3282
3283.00.01	aposta	wxoDdfPKBuna5KnUEotz	coda_s_ep_risk	P3	apˈɔstɐ	3283
3284.00.01	espontâneo	qPfM2laM0pRL4rrZtBGl	coda_s_ep_risk	P3	ˌespontˈɐ̃niu	3284
3285.00.01	gratuito	m151rjrbWXbBqyq56tly	none	—	ɡɾatʃˈuitu	3285
3286.00.01	conservação	Rw38T6bn0lTNOb1aUevR	none	—	kõseɾvɐsˈɐ̃w	3286
3287.00.01	exposto	4r3G9XKliGgVZLKMgjik	coda_s_ep_risk	P3	esˈpostu	3287
3287.00.02	exposto	Rw38T6bn0lTNOb1aUevR	coda_s_ep_risk	P3	esˈpostu	3287
3288.00.01	guerrilha	m151rjrbWXbBqyq56tly	initial_r_or_rr	P2	ɡeˈʁiʎɐ	3288
3289.00.01	imitar	wxoDdfPKBuna5KnUEotz	none	—	imiˈtaʁ	3289
3290.00.01	diamante	ny3E2DZImeZm00WLGZi9	de_te_palatalization,final_unstressed_e	P2	dʒiɐmˈɐ̃tʃi	3290
3291.00.01	ocorrência	m151rjrbWXbBqyq56tly	initial_r_or_rr	P2	ˌokoʁˈẽsiɐ	3291
3292.00.01	telhado	ny3E2DZImeZm00WLGZi9	none	—	teˈʎadu	3292
3293.00.01	pescador	Rw38T6bn0lTNOb1aUevR	coda_s_ep_risk	P3	peskadˈoʁ	3293
3293.00.02	pescador	m151rjrbWXbBqyq56tly	coda_s_ep_risk	P3	peskadˈoʁ	3293
3294.00.01	aparecimento	qPfM2laM0pRL4rrZtBGl	none	—	apɐɾesimˈẽtu	3294
3295.00.01	desempregado	AaeZyyi87RCxtFnHPS3e	none	—	dˌezẽpɾeɡˈadu	3295
3296.00.01	ordinário	m151rjrbWXbBqyq56tly	none	—	ˌoɾdʒinˈaɾiu	3296
3296.00.02	ordinário	m151rjrbWXbBqyq56tly	none	—	ˌoɾdʒinˈaɾju	3296
3297.00.01	anular	Rw38T6bn0lTNOb1aUevR	none	—	ˌanuˈlaʁ	3297
3298.00.01	quotidiano	m151rjrbWXbBqyq56tly	none	—	kotʃidʒiˈɐ̃nu	3298
3299.00.01	apropriado	Rw38T6bn0lTNOb1aUevR	none	—	apɾopɾiˈadu	3299
3300.00.01	poluição	m151rjrbWXbBqyq56tly	none	—	poluiˈsɐ̃w̃	3300
3301.00.01	dotar	AaeZyyi87RCxtFnHPS3e	none	—	dotˈaʁ	3301
3302.00.01	liceu	xNGAXaCH8MaasNuo7Hr7	none	—	lisˈew	3302
3303.00.01	lagoa	Rw38T6bn0lTNOb1aUevR	none	—	laˈɡoɐ	3303
3304.00.01	credor	4r3G9XKliGgVZLKMgjik	none	—	kɾedˈoʁ	3304
3305.00.01	abordagem	xNGAXaCH8MaasNuo7Hr7	none	—	ˌaboɾdˈaʒẽ	3305
3306.00.01	antena	m151rjrbWXbBqyq56tly	none	—	ɐ̃ˈtenɐ	3306
3307.00.01	capturar	xNGAXaCH8MaasNuo7Hr7	none	—	kaptʃuˈɾaʁ	3307
3308.00.01	vingança	ny3E2DZImeZm00WLGZi9	none	—	vĩɡˈɐ̃sɐ	3308
3309.00.01	tapar	AaeZyyi87RCxtFnHPS3e	none	—	tapˈaʁ	3309
3310.00.01	tábua	Rw38T6bn0lTNOb1aUevR	none	—	tˈabuɐ	3310
3311.00.01	mel	m151rjrbWXbBqyq56tly	final_l_vocalization	P1	mˈɛw	3311
3312.00.01	encargo	xNGAXaCH8MaasNuo7Hr7	none	—	ẽkˈaɾɡu	3312
3313.00.01	condução	m151rjrbWXbBqyq56tly	none	—	kõdusˈɐ̃w̃	3313
3314.00.01	tático	Rw38T6bn0lTNOb1aUevR	none	—	tˈatʃiku	3314
3314.00.02	tático	Rw38T6bn0lTNOb1aUevR	none	—	tˈatʃiku	3314
3315.00.01	barriga	m151rjrbWXbBqyq56tly	initial_r_or_rr	P2	bɐˈʁiɡɐ	3315
3316.00.01	prosa	m151rjrbWXbBqyq56tly	none	—	pɾˈɔzɐ	3316
3317.00.01	percepção	AaeZyyi87RCxtFnHPS3e	none	—	peɾsepˈsɐ̃w	3317
3318.00.01	diariamente	m151rjrbWXbBqyq56tly	de_te_palatalization,final_unstressed_e	P2	dʒiˌaɾiɐmˈẽtʃi	3318
3319.00.01	nacionalista	xNGAXaCH8MaasNuo7Hr7	coda_s_ep_risk	P3	nˌasiˌonalˈistɐ	3319
3320.00.01	investigador	Rw38T6bn0lTNOb1aUevR	coda_s_ep_risk	P3	ĩvɛstʃiɡadˈoʁ	3320
3321.00.01	salvação	xNGAXaCH8MaasNuo7Hr7	none	—	sawvɐsˈɐ̃w̃	3321
3322.00.01	tubo	ny3E2DZImeZm00WLGZi9	user_reported	P0	tˈubu	3322
3323.00.01	instância	Rw38T6bn0lTNOb1aUevR	coda_s_ep_risk	P3	ĩstˈɐ̃sjɐ	3323
3324.00.01	endereço	Rw38T6bn0lTNOb1aUevR	none	—	ẽdeɾˈesu	3324
3325.00.01	frágil	Rw38T6bn0lTNOb1aUevR	final_l_vocalization	P1	fɾˈaʒiw	3325
3326.00.01	eficácia	m151rjrbWXbBqyq56tly	none	—	ˌefikˈasjɐ	3326
3327.00.01	revestir	4r3G9XKliGgVZLKMgjik	coda_s_ep_risk,initial_r_or_rr	P2	ʁevesˈtʃiʁ	3327
3328.00.01	amoroso	Rw38T6bn0lTNOb1aUevR	none	—	ˌamoɾˈozu	3328
3329.00.01	implantação	m151rjrbWXbBqyq56tly	none	—	ˌĩplɐ̃tɐsˈɐ̃w	3329
3329.00.02	implantação	ny3E2DZImeZm00WLGZi9	none	—	ĩplɐ̃tɐsˈɐ̃w	3329
3330.00.01	privatização	Rw38T6bn0lTNOb1aUevR	none	—	pɾivatʃizɐsˈɐ̃w	3330
3331.00.01	parcial	4r3G9XKliGgVZLKMgjik	final_l_vocalization	P1	paɾsiˈaw	3331
3332.00.01	monge	ny3E2DZImeZm00WLGZi9	final_unstressed_e	P2	mˈõʒi	3332
3333.00.01	grama	qPfM2laM0pRL4rrZtBGl	none	—	ɡɾˈɐ̃mɐ	3333
3333.00.02	grama	wxoDdfPKBuna5KnUEotz	none	—	ɡɾˈɐ̃mɐ	3333
3334.00.01	temporal	AaeZyyi87RCxtFnHPS3e	final_l_vocalization	P1	tẽpoˈɾaw	3334
3334.00.02	temporal	m151rjrbWXbBqyq56tly	final_l_vocalization	P1	tẽpoɾˈaw	3334
3335.00.01	aproximadamente	wxoDdfPKBuna5KnUEotz	de_te_palatalization,final_unstressed_e	P2	ɐpɾɔsimɐdɐmˈẽtʃi	3335
3336.00.01	convidado	AaeZyyi87RCxtFnHPS3e	none	—	kõviˈdadu	3336
3337.00.01	regulamento	xNGAXaCH8MaasNuo7Hr7	initial_r_or_rr	P2	ʁeɡulɐmˈẽtu	3337
3338.00.01	simpático	AaeZyyi87RCxtFnHPS3e	none	—	sĩpˈatʃiku	3338
3339.00.01	idoso	wxoDdfPKBuna5KnUEotz	none	—	idˈozu	3339
3340.00.01	mensal	qPfM2laM0pRL4rrZtBGl	final_l_vocalization	P1	mẽˈsaw	3340
3341.00.01	ansiedade	ny3E2DZImeZm00WLGZi9	de_te_palatalization,final_unstressed_e	P2	ˌɐ̃sjed͡ʒˈadʒi	3341
3342.00.01	disponibilidade	AaeZyyi87RCxtFnHPS3e	coda_s_ep_risk,de_te_palatalization,final_unstressed_e	P2	dʒˌisponˌibilidˈadʒi	3342
3343.00.01	povoação	m151rjrbWXbBqyq56tly	none	—	pˌovoasˈɐ̃w̃	3343
3344.00.01	afastamento	AaeZyyi87RCxtFnHPS3e	coda_s_ep_risk	P3	ˌafastɐmˈẽtu	3344
3344.00.02	afastamento	Rw38T6bn0lTNOb1aUevR	coda_s_ep_risk	P3	ɐfɐstɐmˈẽtu	3344
3344.00.03	afastamento	xNGAXaCH8MaasNuo7Hr7	coda_s_ep_risk	P3	ɐfɐstɐmˈẽtu	3344
3345.00.01	minério	qPfM2laM0pRL4rrZtBGl	none	—	minˈɛɾju	3345
3346.00.01	biológico	xNGAXaCH8MaasNuo7Hr7	none	—	bjolˈɔʒiku	3346
3347.00.01	intimidade	Rw38T6bn0lTNOb1aUevR	de_te_palatalization,final_unstressed_e	P2	ĩtʃimidˈadʒi	3347
3348.00.01	cardeal	m151rjrbWXbBqyq56tly	final_l_vocalization	P1	kaɾdeˈaw	3348
3348.00.02	cardeal	Rw38T6bn0lTNOb1aUevR	final_l_vocalization	P1	kaɾdeˈaw	3348
3349.00.01	rival	m151rjrbWXbBqyq56tly	final_l_vocalization,initial_r_or_rr	P1	ʁivˈaw	3349
3350.00.01	instalado	Rw38T6bn0lTNOb1aUevR	coda_s_ep_risk	P3	ĩstɐlˈadu	3350
3351.00.01	comemorar	Rw38T6bn0lTNOb1aUevR	none	—	kˌomemoɾˈaʁ	3351
3352.00.01	comprimento	ny3E2DZImeZm00WLGZi9	none	—	kõpɾimˈẽtu	3352
3353.00.01	roubo	4r3G9XKliGgVZLKMgjik	initial_r_or_rr	P2	ʁˈowbu	3353
3354.00.01	respectivamente	wxoDdfPKBuna5KnUEotz	coda_s_ep_risk,de_te_palatalization,final_unstressed_e,initial_r_or_rr	P2	ʁespektʃˈivɐmẽtʃi	3354
3355.00.01	banca	Rw38T6bn0lTNOb1aUevR	none	—	bˈɐ̃kɐ	3355
3355.00.02	banca	qPfM2laM0pRL4rrZtBGl	none	—	bˈɐ̃kɐ	3355
3355.00.03	banca	m151rjrbWXbBqyq56tly	none	—	bˈɐ̃kɐ	3355
3356.00.01	aceitação	Rw38T6bn0lTNOb1aUevR	none	—	ˌasejtasˈɐ̃w̃	3356
3357.00.01	ida	Rw38T6bn0lTNOb1aUevR	none	—	ˈidɐ	3357
3358.00.01	deparar	xNGAXaCH8MaasNuo7Hr7	none	—	depɐɾˈaʁ	3358
3359.00.01	génio	Rw38T6bn0lTNOb1aUevR	none	—	ʒˈɛnju	3359
3360.00.01	denominar	qPfM2laM0pRL4rrZtBGl	none	—	dˌenomĩnˈaʁ	3360
3361.00.01	editar	qPfM2laM0pRL4rrZtBGl	none	—	edʒitˈaʁ	3361
3361.00.02	editar	m151rjrbWXbBqyq56tly	none	—	edʒitˈaʁ	3361
3362.00.01	cobrança	m151rjrbWXbBqyq56tly	none	—	kobɾˈɐ̃sɐ	3362
3363.00.01	esmagar	wxoDdfPKBuna5KnUEotz	coda_s_ep_risk	P3	ˌezmaɡˈaʁ	3363
3364.00.01	colono	4r3G9XKliGgVZLKMgjik	none	—	kˌolˈonu	3364
3365.00.01	fachada	m151rjrbWXbBqyq56tly	none	—	faʃˈadɐ	3365
3365.00.02	fachada	xNGAXaCH8MaasNuo7Hr7	none	—	faʃˈadɐ	3365
3366.00.01	túnel	xNGAXaCH8MaasNuo7Hr7	none	—	tˈunɛl	3366
3367.00.01	ousar	m151rjrbWXbBqyq56tly	none	—	owzˈaʁ	3367
3368.00.01	chumbo	Rw38T6bn0lTNOb1aUevR	none	—	ʃˈũbu	3368
3369.00.01	magro	qPfM2laM0pRL4rrZtBGl	none	—	mˈaɡɾu	3369
3370.00.01	treino	4r3G9XKliGgVZLKMgjik	none	—	tɾˈejnu	3370
3371.00.01	jóia	m151rjrbWXbBqyq56tly	none	—	ʒˈɔjɐ	3371
3372.00.01	vós	m151rjrbWXbBqyq56tly	none	—	vˈɔs	3372
3373.00.01	popularidade	wxoDdfPKBuna5KnUEotz	de_te_palatalization,final_unstressed_e	P2	pˌopulɐɾidˈadʒi	3373
3374.00.01	satélite	xNGAXaCH8MaasNuo7Hr7	de_te_palatalization,final_unstressed_e	P2	sˈatɛlitʃi	3374
3375.00.01	coordenador	ny3E2DZImeZm00WLGZi9	none	—	koˌoɾdenɐdˈoʁ	3375
3376.00.01	quartel	4r3G9XKliGgVZLKMgjik	final_l_vocalization	P1	kwaʁtˈɛw	3376
3377.00.01	desconfiar	Rw38T6bn0lTNOb1aUevR	coda_s_ep_risk	P3	dʒeskoɲfiˈaʁ	3377
3377.00.02	desconfiar	Rw38T6bn0lTNOb1aUevR	coda_s_ep_risk	P3	dˌeskoŋfiˈaʁ	3377
3378.00.01	invés	m151rjrbWXbBqyq56tly	none	—	ĩvˈɛs	3378
3378.01.01	ao invés	qPfM2laM0pRL4rrZtBGl	none	—	aw ĩvˈɛs	3378
3379.00.01	derrotar	4r3G9XKliGgVZLKMgjik	initial_r_or_rr	P2	dɛʁotˈaʁ	3379
3381.00.01	fado	Rw38T6bn0lTNOb1aUevR	none	—	fˈadu	3381
3381.00.02	fado	ny3E2DZImeZm00WLGZi9	none	—	fˈadu	3381
3382.00.01	sorriso	4r3G9XKliGgVZLKMgjik	initial_r_or_rr	P2	soˈʁizu	3382
3383.00.01	ilegal	ny3E2DZImeZm00WLGZi9	final_l_vocalization	P1	ileˈɡaw	3383
3384.00.01	vereador	Rw38T6bn0lTNOb1aUevR	none	—	veɾeadˈoʁ	3384
3385.00.01	pertencente	Rw38T6bn0lTNOb1aUevR	de_te_palatalization,final_unstressed_e	P2	peɾtẽsˈẽtʃi	3385
3386.00.01	extinguir	xNGAXaCH8MaasNuo7Hr7	none	—	ˌestʃĩɡwˈiʁ	3386
3387.00.01	calhar	xNGAXaCH8MaasNuo7Hr7	none	—	kaʎˈaʁ	3387
3388.00.01	acender	m151rjrbWXbBqyq56tly	none	—	asẽˈdeʁ	3388
3389.00.01	desprezar	wxoDdfPKBuna5KnUEotz	coda_s_ep_risk	P3	dˌespɾezˈaʁ	3389
3389.00.02	desprezar	m151rjrbWXbBqyq56tly	coda_s_ep_risk	P3	dʒispɾezˈaʁ	3389
3390.00.01	encomendar	AaeZyyi87RCxtFnHPS3e	none	—	ẽkomẽdˈaʁ	3390
3391.00.01	complicar	m151rjrbWXbBqyq56tly	none	—	kõplikˈaʁ	3391
3392.00.01	unha	Rw38T6bn0lTNOb1aUevR	none	—	ˈũɲɐ	3392
3393.00.01	indiano	Rw38T6bn0lTNOb1aUevR	none	—	ĩdʒiˈɐ̃nu	3393
3394.00.01	bronze	AaeZyyi87RCxtFnHPS3e	final_unstressed_e	P2	bɾˈõzi	3394
3395.00.01	navegação	Rw38T6bn0lTNOb1aUevR	none	—	nˌaveɡasˈɐ̃w	3395
3396.00.01	macaco	Rw38T6bn0lTNOb1aUevR	none	—	makˈaku	3396
3397.00.01	adepto	xNGAXaCH8MaasNuo7Hr7	none	—	adˈɛptu	3397
3397.00.02	adepto	xNGAXaCH8MaasNuo7Hr7	none	—	ɐdˈɛptu	3397
3398.00.01	ocupado	qPfM2laM0pRL4rrZtBGl	none	—	ˌokupˈadu	3398
3399.00.01	apreensão	AaeZyyi87RCxtFnHPS3e	none	—	apɾeẽsˈɐ̃w̃	3399
3400.00.01	frota	Rw38T6bn0lTNOb1aUevR	none	—	fɾˈɔtɐ	3400
3401.00.01	fotográfico	AaeZyyi87RCxtFnHPS3e	none	—	fˌotoɡɾˈafiku	3401
3402.00.01	livrar	Rw38T6bn0lTNOb1aUevR	none	—	livɾˈaʁ	3402
3403.00.01	protagonista	xNGAXaCH8MaasNuo7Hr7	coda_s_ep_risk	P3	pɾotaɡonˈistɐ	3403
3404.00.01	contestar	m151rjrbWXbBqyq56tly	coda_s_ep_risk	P3	kõtestˈaʁ	3404
3405.00.01	demora	ny3E2DZImeZm00WLGZi9	none	—	dˌemˈɔɾɐ	3405
3406.00.01	embarcar	m151rjrbWXbBqyq56tly	none	—	ẽbaɾkˈaɾ	3406
3407.00.01	ignorância	Rw38T6bn0lTNOb1aUevR	none	—	ˌiɡnoɾˈɐ̃sjɐ	3407
3408.00.01	cooperativa	m151rjrbWXbBqyq56tly	none	—	koopˌeɾatʃˈivɐ	3408
3409.00.01	jurar	4r3G9XKliGgVZLKMgjik	none	—	ʒuɾˈaʁ	3409
3410.00.01	metropolitano	Rw38T6bn0lTNOb1aUevR	none	—	metɾopolitˈɐ̃nu	3410
3410.00.02	metropolitano	Rw38T6bn0lTNOb1aUevR	none	—	mˌetɾopˌolitˈɐ̃nu	3410
3411.00.01	conforto	qPfM2laM0pRL4rrZtBGl	none	—	kõfˈoɾtu	3411
3412.00.01	devidamente	qPfM2laM0pRL4rrZtBGl	de_te_palatalization,final_unstressed_e	P2	dˌevidɐmˈẽtʃi	3412
3413.00.01	revisor	m151rjrbWXbBqyq56tly	initial_r_or_rr	P2	ʁeviˈzoʁ	3413
3413.00.02	revisor	wxoDdfPKBuna5KnUEotz	initial_r_or_rr	P2	ʁevizˈoʁ	3413
3414.00.01	inocente	qPfM2laM0pRL4rrZtBGl	de_te_palatalization,final_unstressed_e	P2	ˌinusˈẽtʃi	3414
3415.00.01	deficiência	Rw38T6bn0lTNOb1aUevR	none	—	dˌefisiˈẽsiɐ	3415
3416.00.01	reprodução	4r3G9XKliGgVZLKMgjik	initial_r_or_rr	P2	ʁepɾoduˈsɐ̃w̃	3416
3417.00.01	telefonar	ny3E2DZImeZm00WLGZi9	none	—	tˌelefonˈaʁ	3417
3418.00.01	colo	4r3G9XKliGgVZLKMgjik	none	—	kˈɔlu	3418
3419.00.01	quadra	Rw38T6bn0lTNOb1aUevR	none	—	kwˈadɾɐ	3419
3419.00.02	quadra	m151rjrbWXbBqyq56tly	none	—	kwˈadɾɐ	3419
3420.00.01	torcer	m151rjrbWXbBqyq56tly	none	—	toɾsˈeʁ	3420
3420.00.02	torcer	ny3E2DZImeZm00WLGZi9	none	—	toɾsˈeʁ	3420
3421.00.01	mútuo	qPfM2laM0pRL4rrZtBGl	none	—	mˈutʃu	3421
3422.00.01	verba	Rw38T6bn0lTNOb1aUevR	none	—	vˈɛɾbɐ	3422
3423.00.01	monstro	wxoDdfPKBuna5KnUEotz	coda_s_ep_risk	P3	mˈõstɾu	3423
3424.00.01	súbito	m151rjrbWXbBqyq56tly	none	—	ˈsubitu	3424
3425.00.01	minoria	wxoDdfPKBuna5KnUEotz	none	—	minuɾˈiɐ	3425
3426.00.01	elogio	4r3G9XKliGgVZLKMgjik	user_reported	P0	eloˈʒiu	3426
3427.00.01	bárbaro	AaeZyyi87RCxtFnHPS3e	none	—	bˈaɾbaɾu	3427
3428.00.01	brinquedo	qPfM2laM0pRL4rrZtBGl	none	—	bɾĩˈkedu	3428
3429.00.01	aprofundar	Rw38T6bn0lTNOb1aUevR	none	—	ˌapɾofũŋdˈaʁ	3429
3430.00.01	suave	m151rjrbWXbBqyq56tly	final_unstressed_e	P2	suˈavi	3430
3431.00.01	leal	Rw38T6bn0lTNOb1aUevR	final_l_vocalization	P1	leˈaw	3431
3432.00.01	perturbar	AaeZyyi87RCxtFnHPS3e	none	—	peɾtuɾbˈaʁ	3432
3433.00.01	inconsciente	m151rjrbWXbBqyq56tly	coda_s_ep_risk,de_te_palatalization,final_unstressed_e	P2	ĩkõsiˈẽtʃi	3433
3434.00.01	desespero	Rw38T6bn0lTNOb1aUevR	coda_s_ep_risk	P3	dˌezespˈeɾu	3434
3435.00.01	piorar	AaeZyyi87RCxtFnHPS3e	none	—	pjoɾˈaʁ	3435
3436.00.01	chapa	AaeZyyi87RCxtFnHPS3e	none	—	ʃˈapɐ	3436
3437.00.01	precipitar	wxoDdfPKBuna5KnUEotz	none	—	pɾesipitˈaʁ	3437
3437.00.02	precipitar	Rw38T6bn0lTNOb1aUevR	none	—	pɾesipitˈaʁ	3437
3437.00.03	precipitar	xNGAXaCH8MaasNuo7Hr7	none	—	pɾesipitˈaʁ	3437
3438.00.01	coro	Rw38T6bn0lTNOb1aUevR	none	—	kˈoɾu	3438
3439.00.01	safra	wxoDdfPKBuna5KnUEotz	none	—	sˈafɾɐ	3439
3440.00.01	repressão	m151rjrbWXbBqyq56tly	coda_s_ep_risk,initial_r_or_rr	P2	ʁepɾesˈɐ̃w	3440
3441.00.01	mole	Rw38T6bn0lTNOb1aUevR	final_unstressed_e	P2	mˈɔli	3441
3441.00.02	mole	4r3G9XKliGgVZLKMgjik	final_unstressed_e	P2	mˈɔli	3441
3442.00.01	adolescência	AaeZyyi87RCxtFnHPS3e	coda_s_ep_risk	P3	ˌadolesˈẽsjɐ	3442
3443.00.01	convivência	Rw38T6bn0lTNOb1aUevR	none	—	kõvivˈẽsiɐ	3443
3443.00.02	convivência	Rw38T6bn0lTNOb1aUevR	none	—	kõvivˈẽsjɐ	3443
3444.00.01	camarada	Rw38T6bn0lTNOb1aUevR	none	—	kˌamɐɾˈadɐ	3444
3445.00.01	testar	m151rjrbWXbBqyq56tly	coda_s_ep_risk	P3	testˈaʁ	3445
3446.00.01	maduro	m151rjrbWXbBqyq56tly	none	—	madˈuɾu	3446
3447.00.01	fragmento	4r3G9XKliGgVZLKMgjik	none	—	fɾaɡmˈẽtu	3447
3448.00.01	obviamente	4r3G9XKliGgVZLKMgjik	de_te_palatalization,final_unstressed_e	P2	ˌɔbviɐmˈẽtʃi	3448
3449.00.01	insuportável	m151rjrbWXbBqyq56tly	final_l_vocalization	P1	ĩsupoɾtˈavew	3449
3450.00.01	maravilha	Rw38T6bn0lTNOb1aUevR	none	—	maɾavˈiʎɐ	3450
3451.00.01	refugiar	AaeZyyi87RCxtFnHPS3e	initial_r_or_rr	P2	ʁefuʒiˈaʁ	3451
3452.00.01	borda	Rw38T6bn0lTNOb1aUevR	none	—	bˈɔɾdɐ	3452
3452.00.02	borda	ny3E2DZImeZm00WLGZi9	none	—	bˈɔɾdɐ	3452
3453.00.01	concorrente	ny3E2DZImeZm00WLGZi9	de_te_palatalization,final_unstressed_e,initial_r_or_rr	P2	kõkoˈʁẽtʃi	3453
3454.00.01	indício	xNGAXaCH8MaasNuo7Hr7	none	—	ĩdʒˈisju	3454
3455.00.01	ridículo	xNGAXaCH8MaasNuo7Hr7	initial_r_or_rr	P2	ʁiˈdʒikulu	3455
3456.00.01	sanitário	AaeZyyi87RCxtFnHPS3e	none	—	sˌɐnitˈaɾju	3456
3457.00.01	remeter	Rw38T6bn0lTNOb1aUevR	initial_r_or_rr,user_reported	P0	ʁemeˈteʁ	3457
3458.00.01	desligar	m151rjrbWXbBqyq56tly	coda_s_ep_risk	P3	dˌezliɡˈaʁ	3458
3459.00.01	pêlo	Rw38T6bn0lTNOb1aUevR	none	—	pˈelu	3459
3460.00.01	consenso	wxoDdfPKBuna5KnUEotz	none	—	kõsˈẽsu	3460
3461.00.01	experimental	Rw38T6bn0lTNOb1aUevR	final_l_vocalization	P1	ˌespeɾimẽˈtaw	3461
3462.00.01	cúpula	Rw38T6bn0lTNOb1aUevR	none	—	kˈupulɐ	3462
3463.00.01	diploma	AaeZyyi87RCxtFnHPS3e	none	—	dʒipˈlomɐ	3463
3464.00.01	recado	xNGAXaCH8MaasNuo7Hr7	initial_r_or_rr	P2	ʁekˈadu	3464
3465.00.01	gerir	m151rjrbWXbBqyq56tly	none	—	ʒeɾˈiʁ	3465
3466.00.01	pretexto	m151rjrbWXbBqyq56tly	none	—	pɾetˈestu	3466
3467.00.01	software	Rw38T6bn0lTNOb1aUevR	english_loanword,final_unstressed_e	P1	ˈsɔftweɾ	3467
3468.00.01	refeição	Rw38T6bn0lTNOb1aUevR	initial_r_or_rr	P2	ʁefejsˈɐ̃w	3468
3469.00.01	proclamar	ny3E2DZImeZm00WLGZi9	none	—	pɾoklɐmˈaʁ	3469
3470.00.01	telecomunicações	m151rjrbWXbBqyq56tly	none	—	tˌelekomunikasˈõjs	3470
3471.00.01	esquisito	wxoDdfPKBuna5KnUEotz	coda_s_ep_risk	P3	ˌeskiˈzitu	3471
3472.00.01	gota	wxoDdfPKBuna5KnUEotz	none	—	ɡˈɔtɐ	3472
3473.00.01	sexta-feira	m151rjrbWXbBqyq56tly	none	—	sˈestɐfˈejɾɐ	3473
3474.00.01	diversidade	Rw38T6bn0lTNOb1aUevR	de_te_palatalization,final_unstressed_e	P2	dʒiveɾsidˈadʒi	3474
3475.00.01	samba	Rw38T6bn0lTNOb1aUevR	none	—	sˈɐ̃mbɐ	3475
3476.00.01	tabaco	ny3E2DZImeZm00WLGZi9	none	—	tabˈaku	3476
3477.00.01	noventa	m151rjrbWXbBqyq56tly	none	—	novˈẽtɐ	3477
3478.00.01	ótimo	wxoDdfPKBuna5KnUEotz	none	—	ˈɔtʃimu	3478
3479.00.01	adoção	wxoDdfPKBuna5KnUEotz	none	—	adosˈɐ̃w̃	3479
3480.00.01	ascensão	wxoDdfPKBuna5KnUEotz	coda_s_ep_risk	P3	ˌasẽsˈɐ̃w	3480
3481.00.01	parto	m151rjrbWXbBqyq56tly	none	—	pˈaɾtu	3481
3482.00.01	medieval	qPfM2laM0pRL4rrZtBGl	final_l_vocalization	P1	medʒievˈaw	3482
3483.00.01	contente	m151rjrbWXbBqyq56tly	de_te_palatalization,final_unstressed_e	P2	kõˈtẽtʃi	3483
3484.00.01	resumo	xNGAXaCH8MaasNuo7Hr7	initial_r_or_rr	P2	ʁezˈumu	3484
3485.00.01	variável	m151rjrbWXbBqyq56tly	final_l_vocalization	P1	vˌaɾiˈavew	3485
3486.00.01	confederação	4r3G9XKliGgVZLKMgjik	none	—	kõfedˌeɾasˈɐ̃w	3486
3487.00.01	ironia	Rw38T6bn0lTNOb1aUevR	none	—	iɾonˈiɐ	3487
3488.00.01	liso	wxoDdfPKBuna5KnUEotz	none	—	lˈizu	3488
3488.00.02	liso	AaeZyyi87RCxtFnHPS3e	none	—	lˈizu	3488
3489.00.01	eventualmente	Rw38T6bn0lTNOb1aUevR	de_te_palatalization,final_unstressed_e	P2	ˌevẽtuˈawmẽtʃi	3489
3490.00.01	lente	m151rjrbWXbBqyq56tly	de_te_palatalization,final_unstressed_e	P2	lˈẽtʃi	3490
3491.00.01	habitualmente	AaeZyyi87RCxtFnHPS3e	de_te_palatalization,final_unstressed_e,h_initial_english_risk	P1	ˌabiˌtuawˈmẽtʃi	3491
3492.00.01	feição	Rw38T6bn0lTNOb1aUevR	none	—	fejsˈɐ̃w̃	3492
3492.00.02	feição	Rw38T6bn0lTNOb1aUevR	none	—	fejsˈɐ̃w	3492
3493.00.01	calçada	m151rjrbWXbBqyq56tly	none	—	kawˈsadɐ	3493
3494.00.01	ótico	qPfM2laM0pRL4rrZtBGl	none	—	ˈɔtʃiku	3494
3495.00.01	previdência	ny3E2DZImeZm00WLGZi9	none	—	pɾevidˈẽsiɐ	3495
3495.00.02	previdência	xNGAXaCH8MaasNuo7Hr7	none	—	pɾevidˈẽsjɐ	3495
3496.00.01	defensor	ny3E2DZImeZm00WLGZi9	none	—	defẽˈsoʁ	3496
3497.00.01	determinante	m151rjrbWXbBqyq56tly	de_te_palatalization,final_unstressed_e	P2	deteɾminˈɐ̃tʃi	3497
3498.00.01	secar	m151rjrbWXbBqyq56tly	none	—	sekˈaʁ	3498
3499.00.01	espacial	wxoDdfPKBuna5KnUEotz	coda_s_ep_risk,final_l_vocalization	P1	ˌespasiˈaw	3499
3500.00.01	saia	ny3E2DZImeZm00WLGZi9	none	—	sˈajɐ	3500
3501.00.01	barragem	Rw38T6bn0lTNOb1aUevR	initial_r_or_rr	P2	baˈʁaʒẽ	3501
3502.00.01	genético	qPfM2laM0pRL4rrZtBGl	none	—	ʒenˈɛtʃiku	3502
3503.00.01	economista	4r3G9XKliGgVZLKMgjik	coda_s_ep_risk	P3	ˌekonomˈistɐ	3503
3504.00.01	designação	Rw38T6bn0lTNOb1aUevR	none	—	dˌeziɡnasˈɐ̃w̃	3504
3505.00.01	candidatar	Rw38T6bn0lTNOb1aUevR	none	—	kɐ̃dʒidatˈaʁ	3505
3506.00.01	vanguarda	Rw38T6bn0lTNOb1aUevR	none	—	vɐ̃ɡwˈaɾdɐ	3506
3506.00.02	vanguarda	ny3E2DZImeZm00WLGZi9	none	—	vɐ̃ɡwˈaɾdɐ	3506
3507.00.01	chocar	qPfM2laM0pRL4rrZtBGl	none	—	ʃokˈaʁ	3507
3508.00.01	provir	Rw38T6bn0lTNOb1aUevR	none	—	pɾovˈiʁ	3508
3509.00.01	verbo	ny3E2DZImeZm00WLGZi9	none	—	vˈɛɾbu	3509
3510.00.01	balcão	m151rjrbWXbBqyq56tly	none	—	bawkˈɐ̃w	3510
3510.00.02	balcão	Rw38T6bn0lTNOb1aUevR	none	—	bawkˈɐ̃w	3510
3511.00.01	painel	Rw38T6bn0lTNOb1aUevR	final_l_vocalization	P1	pajˈnɛw	3511
3512.00.01	perdido	xNGAXaCH8MaasNuo7Hr7	none	—	peɾdʒˈidu	3512
3513.00.01	brigar	xNGAXaCH8MaasNuo7Hr7	none	—	bɾiɡˈaʁ	3513
3514.00.01	engraçado	m151rjrbWXbBqyq56tly	none	—	ẽɡɾɐsˈadu	3514
3515.00.01	oriundo	m151rjrbWXbBqyq56tly	none	—	ˌoɾiˈũdu	3515
3516.00.01	cercado	wxoDdfPKBuna5KnUEotz	none	—	seɾkˈadu	3516
3516.00.02	cercado	Rw38T6bn0lTNOb1aUevR	none	—	seɾkˈadu	3516
3517.00.01	pulso	AaeZyyi87RCxtFnHPS3e	none	—	pˈuwsu	3517
3517.00.02	pulso	m151rjrbWXbBqyq56tly	none	—	pˈuwsu	3517
3518.00.01	contorno	Rw38T6bn0lTNOb1aUevR	none	—	kõˈtoʁnu	3518
3519.00.01	divergência	ny3E2DZImeZm00WLGZi9	none	—	dʒivɛɾʒˈẽsjɐ	3519
3520.00.01	bombeiro	xNGAXaCH8MaasNuo7Hr7	none	—	bõbˈejɾu	3520
3521.00.01	possivelmente	Rw38T6bn0lTNOb1aUevR	coda_s_ep_risk,de_te_palatalization,final_unstressed_e	P2	pˌosivɛwmˈẽtʃi	3521
3522.00.01	comparecer	m151rjrbWXbBqyq56tly	none	—	kõpaɾesˈeʁ	3522
3523.00.01	reinar	4r3G9XKliGgVZLKMgjik	initial_r_or_rr	P2	ʁejnˈaʁ	3523
3524.00.01	máscara	Rw38T6bn0lTNOb1aUevR	coda_s_ep_risk	P3	mˈaskaɾɐ	3524
3525.00.01	dissolver	qPfM2laM0pRL4rrZtBGl	coda_s_ep_risk	P3	dʒisowˈveʁ	3525
3526.00.01	pânico	m151rjrbWXbBqyq56tly	none	—	pˈɐ̃niku	3526
3527.00.01	bíblia	wxoDdfPKBuna5KnUEotz	none	—	bˈibliɐ	3527
3528.00.01	pinheiro	Rw38T6bn0lTNOb1aUevR	none	—	pĩɲˈejɾu	3528
3529.00.01	embarcação	Rw38T6bn0lTNOb1aUevR	none	—	ẽbaɾkɐsˈɐ̃w̃	3529
3530.00.01	educativo	m151rjrbWXbBqyq56tly	none	—	ˌedukɐtʃˈivu	3530
3531.00.01	simplicidade	m151rjrbWXbBqyq56tly	de_te_palatalization,final_unstressed_e	P2	sĩpliˈsidadʒi	3531
3532.00.01	paralelamente	wxoDdfPKBuna5KnUEotz	de_te_palatalization,final_unstressed_e	P2	pˌaɾalˌelɐmˈẽtʃi	3532
3533.00.01	rapidez	Rw38T6bn0lTNOb1aUevR	initial_r_or_rr	P2	ʁɐpidˈes	3533
3534.00.01	hesitar	AaeZyyi87RCxtFnHPS3e	h_initial_english_risk	P1	eziˈtaʁ	3534
3535.00.01	sintético	m151rjrbWXbBqyq56tly	none	—	sĩtˈɛtʃiku	3535
3536.00.01	elite	Rw38T6bn0lTNOb1aUevR	de_te_palatalization,final_unstressed_e,french_loanword	P2	ˌelˈitʃi	3536
3537.00.01	vulnerável	m151rjrbWXbBqyq56tly	final_l_vocalization	P1	vuwneɾˈavew	3537
3538.00.01	pátio	Rw38T6bn0lTNOb1aUevR	none	—	pˈatʃiu	3538
3539.00.01	irritar	m151rjrbWXbBqyq56tly	initial_r_or_rr	P2	ˌiʁitˈaʁ	3539
3540.00.01	apressar	ny3E2DZImeZm00WLGZi9	coda_s_ep_risk	P3	ˌapɾesˈaʁ	3540
3541.00.01	lesão	Rw38T6bn0lTNOb1aUevR	none	—	lezˈɐ̃w̃	3541
3542.00.01	avó	AaeZyyi87RCxtFnHPS3e	none	—	avˈɔ	3542
3543.00.01	copiar	m151rjrbWXbBqyq56tly	none	—	kɔpiˈaʁ	3543
3544.00.01	capitalista	xNGAXaCH8MaasNuo7Hr7	coda_s_ep_risk	P3	kˌapitɐlˈistɐ	3544
3545.00.01	túmulo	4r3G9XKliGgVZLKMgjik	none	—	tˈũmulu	3545
3546.00.01	movimentação	ny3E2DZImeZm00WLGZi9	none	—	mˌovimẽtɐsˈɐ̃w̃	3546
3547.00.01	cintura	ny3E2DZImeZm00WLGZi9	none	—	sĩˈtuɾɐ	3547
3548.00.01	ligeiramente	m151rjrbWXbBqyq56tly	de_te_palatalization,final_unstressed_e	P2	liʒˈejɾɐmẽtʃi	3548
3549.00.01	olímpico	Rw38T6bn0lTNOb1aUevR	none	—	olˈĩpiku	3549
3550.00.01	politicamente	Rw38T6bn0lTNOb1aUevR	de_te_palatalization,final_unstressed_e	P2	pˌolitʃikɐmˈẽtʃi	3550
3551.00.01	juvenil	AaeZyyi87RCxtFnHPS3e	final_l_vocalization	P1	ʒuvẽˈniw	3551
3552.00.01	proibição	m151rjrbWXbBqyq56tly	none	—	pɾoibiˈsɐ̃w̃	3552
3553.00.01	galo	qPfM2laM0pRL4rrZtBGl	none	—	ɡˈalu	3553
3554.00.01	induzir	Rw38T6bn0lTNOb1aUevR	none	—	ĩduˈziʁ	3554
3555.00.01	órbita	4r3G9XKliGgVZLKMgjik	none	—	ˈɔɾbitɐ	3555
3556.00.01	sublinhar	Rw38T6bn0lTNOb1aUevR	none	—	subliɲˈaʁ	3556
3556.00.02	sublinhar	Rw38T6bn0lTNOb1aUevR	none	—	suɡliɲˈaʁ	3556
3557.00.01	totalidade	ny3E2DZImeZm00WLGZi9	de_te_palatalization,final_unstressed_e	P2	totɐlidˈadʒi	3557
3558.00.01	vigilância	wxoDdfPKBuna5KnUEotz	none	—	viʒilˈɐ̃siɐ	3558
3559.00.01	geografia	Rw38T6bn0lTNOb1aUevR	none	—	ʒeoɡɾafˈiɐ	3559
3560.00.01	gravidez	wxoDdfPKBuna5KnUEotz	none	—	ɡɾɐvidˈɛs	3560
3561.00.01	bancada	4r3G9XKliGgVZLKMgjik	none	—	bɐ̃ŋkˈadɐ	3561
3561.00.02	bancada	AaeZyyi87RCxtFnHPS3e	none	—	bɐ̃ŋkˈadɐ	3561
3562.00.01	poupança	Rw38T6bn0lTNOb1aUevR	none	—	powpˈɐ̃sɐ	3562
3563.00.01	indiferente	m151rjrbWXbBqyq56tly	de_te_palatalization,final_unstressed_e	P2	ĩdʒifeɾˈẽtʃi	3563
3564.00.01	óculos	m151rjrbWXbBqyq56tly	none	—	ˈɔkuluz	3564
3565.00.01	descanso	Rw38T6bn0lTNOb1aUevR	coda_s_ep_risk	P3	deskˈɐ̃su	3565
3566.00.01	confissão	ny3E2DZImeZm00WLGZi9	coda_s_ep_risk	P3	kõfisˈɐ̃w̃	3566
3567.00.01	fundir	AaeZyyi87RCxtFnHPS3e	none	—	fũdʒˈiʁ	3567
3568.00.01	admiração	m151rjrbWXbBqyq56tly	none	—	ˌadmiɾasˈɐ̃w	3568
3569.00.01	rebentar	m151rjrbWXbBqyq56tly	initial_r_or_rr	P2	ʁebẽˈtaʁ	3569
3570.00.01	substituto	Rw38T6bn0lTNOb1aUevR	coda_s_ep_risk	P3	subistʃitˈutu	3570
3571.00.01	pesquisador	wxoDdfPKBuna5KnUEotz	coda_s_ep_risk	P3	peskizadˈoʁ	3571
3572.00.01	temático	Rw38T6bn0lTNOb1aUevR	none	—	tẽˈmatʃiku	3572
3573.00.01	sacerdote	qPfM2laM0pRL4rrZtBGl	de_te_palatalization,final_unstressed_e	P2	sˌaseɾdˈɔtʃi	3573
3574.00.01	animação	m151rjrbWXbBqyq56tly	none	—	ˌanimɐsˈɐ̃w	3574
3575.00.01	excepcional	AaeZyyi87RCxtFnHPS3e	final_l_vocalization	P1	ˌesepsjõnˈaw	3575
3576.00.01	engolir	xNGAXaCH8MaasNuo7Hr7	none	—	ẽɡolˈiʁ	3576
3577.00.01	garganta	4r3G9XKliGgVZLKMgjik	none	—	ɡaɾɡˈɐ̃tɐ	3577
3578.00.01	biografia	Rw38T6bn0lTNOb1aUevR	none	—	biogɾafˈiɐ	3578
3579.00.01	intuito	wxoDdfPKBuna5KnUEotz	none	—	ĩtˈuitu	3579
3580.00.01	emergir	m151rjrbWXbBqyq56tly	none	—	emeɾʒˈiʁ	3580
3581.00.01	eco	m151rjrbWXbBqyq56tly	none	—	ˈɛku	3581
3582.00.01	sábio	m151rjrbWXbBqyq56tly	none	—	sˈabju	3582
3583.00.01	retórica	xNGAXaCH8MaasNuo7Hr7	initial_r_or_rr	P2	ʁetˈɔɾikɐ	3583
3584.00.01	testemunho	ny3E2DZImeZm00WLGZi9	coda_s_ep_risk	P3	tˌestɛmˈũɲu	3584
3585.00.01	sumir	wxoDdfPKBuna5KnUEotz	none	—	sumˈiʁ	3585
3586.00.01	doloroso	m151rjrbWXbBqyq56tly	none	—	dˌoloɾˈozu	3586
3587.00.01	fabricante	ny3E2DZImeZm00WLGZi9	de_te_palatalization,final_unstressed_e	P2	fˌabɾikˈɐ̃ntʃi	3587
3588.00.01	errado	ny3E2DZImeZm00WLGZi9	initial_r_or_rr	P2	eˈʁadu	3588
3589.00.01	mencionar	wxoDdfPKBuna5KnUEotz	none	—	mẽsjonˈaɾ	3589
3590.00.01	exemplar	m151rjrbWXbBqyq56tly	none	—	ezẽˈplaɾ	3590
3590.00.02	exemplar	Rw38T6bn0lTNOb1aUevR	none	—	ezẽˈplaɾ	3590
3591.00.01	injustiça	qPfM2laM0pRL4rrZtBGl	coda_s_ep_risk	P3	ĩʒustʃˈisɐ	3591
3592.00.01	institucional	Rw38T6bn0lTNOb1aUevR	coda_s_ep_risk,final_l_vocalization	P1	ĩstʃitusjonˈaw	3592
3593.00.01	localidade	xNGAXaCH8MaasNuo7Hr7	de_te_palatalization,final_unstressed_e	P2	lˌokalidˈadʒi	3593
3594.00.01	molho	4r3G9XKliGgVZLKMgjik	none	—	mˈoʎu	3594
3595.00.01	engano	m151rjrbWXbBqyq56tly	none	—	ẽˈɡɐ̃nu	3595
3595.00.02	engano	Rw38T6bn0lTNOb1aUevR	none	—	ẽˈɡɐ̃nu	3595
3596.00.01	agulha	Rw38T6bn0lTNOb1aUevR	none	—	aɡˈuʎɐ	3596
3597.00.01	turno	Rw38T6bn0lTNOb1aUevR	user_reported	P0	tˈuɾnu	3597
3597.00.02	turno	m151rjrbWXbBqyq56tly	user_reported	P0	tˈuɾnu	3597
3598.00.01	surdo	m151rjrbWXbBqyq56tly	none	—	sˈuɾdu	3598
3599.00.01	descida	Rw38T6bn0lTNOb1aUevR	coda_s_ep_risk,user_reported	P0	desˈidɐ	3599
3600.00.01	recorde	Rw38T6bn0lTNOb1aUevR	de_te_palatalization,final_unstressed_e,initial_r_or_rr	P2	ʁekˈɔɾdʒi	3600
3601.00.01	calda	qPfM2laM0pRL4rrZtBGl	none	—	kˈawdɐ	3601
3602.00.01	dotado	m151rjrbWXbBqyq56tly	none	—	dotˈadu	3602
3603.00.01	naval	Rw38T6bn0lTNOb1aUevR	final_l_vocalization	P1	navˈaw	3603
3604.00.01	proferir	AaeZyyi87RCxtFnHPS3e	none	—	pɾofeɾˈiɾ	3604
3605.00.01	mármore	4r3G9XKliGgVZLKMgjik	final_unstressed_e	P2	mˈaɾmoɾu	3605
3606.00.01	especialidade	Rw38T6bn0lTNOb1aUevR	coda_s_ep_risk,de_te_palatalization,final_unstressed_e	P2	ˌespesjɐlidˈadʒi	3606
3607.00.01	gerente	Rw38T6bn0lTNOb1aUevR	de_te_palatalization,final_unstressed_e	P2	ʒeɾˈẽtʃi	3607
3608.00.01	detectar	m151rjrbWXbBqyq56tly	none	—	detektˈaʁ	3608
3609.00.01	picar	m151rjrbWXbBqyq56tly	none	—	pikˈaʁ	3609
3610.00.01	infraestrutura	4r3G9XKliGgVZLKMgjik	coda_s_ep_risk	P3	ˌĩfɾaˌestɾutˈuɾɐ	3610
3611.00.01	sindical	wxoDdfPKBuna5KnUEotz	final_l_vocalization,user_reported	P0	sĩdʒikˈaw	3611
3612.00.01	trono	AaeZyyi87RCxtFnHPS3e	none	—	tɾˈonu	3612
3613.00.01	acionista	m151rjrbWXbBqyq56tly	coda_s_ep_risk	P3	ˌasjonˈistɐ	3613
3614.00.01	reeleição	m151rjrbWXbBqyq56tly	initial_r_or_rr	P2	ʁeeleˈjsɐ̃w̃	3614
3615.00.01	socorro	m151rjrbWXbBqyq56tly	initial_r_or_rr	P2	sokˈoʁu	3615
3616.00.01	turístico	xNGAXaCH8MaasNuo7Hr7	coda_s_ep_risk	P3	tuɾˈistʃiku	3616
3617.00.01	agitação	wxoDdfPKBuna5KnUEotz	none	—	ˌaʒitɐsˈɐ̃w	3617
3618.00.01	elegante	AaeZyyi87RCxtFnHPS3e	de_te_palatalization,final_unstressed_e	P2	ˌeleɡˈɐ̃tʃi	3618
3619.00.01	sucedido	xNGAXaCH8MaasNuo7Hr7	none	—	susedʒˈidu	3619
3620.00.01	magnífico	xNGAXaCH8MaasNuo7Hr7	none	—	mˌaɡnˈifiku	3620
3621.00.01	irregularidade	m151rjrbWXbBqyq56tly	de_te_palatalization,final_unstressed_e,initial_r_or_rr	P2	ˌiʁeɡulɐɾidˈadʒi	3621
3622.00.01	tráfico	qPfM2laM0pRL4rrZtBGl	none	—	tɾˈafiku	3622
3623.00.01	equilibrado	m151rjrbWXbBqyq56tly	none	—	ˌekilibrˈadu	3623
3624.00.01	lógico	4r3G9XKliGgVZLKMgjik	none	—	lˈɔʒiku	3624
3625.00.01	decorrente	m151rjrbWXbBqyq56tly	de_te_palatalization,final_unstressed_e,initial_r_or_rr	P2	dekɔˈʁẽtʃi	3625
3626.00.01	integral	Rw38T6bn0lTNOb1aUevR	final_l_vocalization	P1	ĩteɡɾˈaw	3626
3627.00.01	consequentemente	AaeZyyi87RCxtFnHPS3e	de_te_palatalization,final_unstressed_e	P2	kõsekwˈẽtʃimˈẽtʃi	3627
3628.00.01	intérprete	m151rjrbWXbBqyq56tly	de_te_palatalization,final_unstressed_e	P2	ĩtˈɛɾpɾetʃi	3628
3628.00.02	intérprete	ny3E2DZImeZm00WLGZi9	de_te_palatalization,final_unstressed_e	P2	ĩtˈɛɾpɾetʃi	3628
3629.00.01	educado	m151rjrbWXbBqyq56tly	none	—	ˌedukˈadu	3629
3629.00.02	educado	Rw38T6bn0lTNOb1aUevR	none	—	ˌedukˈadu	3629
3630.00.01	recordação	wxoDdfPKBuna5KnUEotz	initial_r_or_rr	P2	ʁekoɾdɐsˈɐ̃w	3630
3630.00.02	recordação	Rw38T6bn0lTNOb1aUevR	initial_r_or_rr	P2	ʁekɔɾdɐsˈɐ̃w	3630
3631.00.01	inspetor	m151rjrbWXbBqyq56tly	coda_s_ep_risk	P3	ĩspetˈoʁ	3631
3632.00.01	instituir	m151rjrbWXbBqyq56tly	coda_s_ep_risk	P3	ĩstʃituˈiʁ	3632
3633.00.01	leque	m151rjrbWXbBqyq56tly	none	—	lˈɛki	3633
3633.00.02	leque	xNGAXaCH8MaasNuo7Hr7	none	—	lˈɛki	3633
3634.00.01	filmar	wxoDdfPKBuna5KnUEotz	none	—	fiwˈmaʁ	3634
3635.00.01	estatístico	m151rjrbWXbBqyq56tly	coda_s_ep_risk	P3	ˌestatʃˈistʃiku	3635
3635.00.02	estatístico	m151rjrbWXbBqyq56tly	coda_s_ep_risk	P3	ˌestatʃˈistʃiku	3635
3636.00.01	estabelecido	qPfM2laM0pRL4rrZtBGl	coda_s_ep_risk	P3	ˌestabˌelesˈidu	3636
3637.00.01	denso	m151rjrbWXbBqyq56tly	none	—	dˈẽsu	3637
3638.00.01	convívio	ny3E2DZImeZm00WLGZi9	none	—	kõvˈivju	3638
3639.00.01	fígado	AaeZyyi87RCxtFnHPS3e	none	—	fˈiɡɐdu	3639
3640.00.01	habituado	Rw38T6bn0lTNOb1aUevR	h_initial_english_risk	P1	ˌabitʃuˈadu	3640
3641.00.01	mala	4r3G9XKliGgVZLKMgjik	none	—	mˈalɐ	3641
3642.00.01	repouso	qPfM2laM0pRL4rrZtBGl	initial_r_or_rr	P2	ʁepˈowzu	3642
3643.00.01	batalhão	ny3E2DZImeZm00WLGZi9	none	—	bˌatɐʎˈɐ̃w	3643
3644.00.01	dispersar	wxoDdfPKBuna5KnUEotz	coda_s_ep_risk	P3	dʒispeɾsˈaʁ	3644
3645.00.01	apaixonar	Rw38T6bn0lTNOb1aUevR	none	—	ɐpajʃonˈaʁ	3645
3646.00.01	vegetação	AaeZyyi87RCxtFnHPS3e	none	—	veʒetɐsˈɐ̃w	3646
3647.00.01	procurador	Rw38T6bn0lTNOb1aUevR	none	—	pɾokuɾadˈoʁ	3647
3648.00.01	tristeza	Rw38T6bn0lTNOb1aUevR	coda_s_ep_risk	P3	tɾistˈezɐ	3648
3649.00.01	enfiar	m151rjrbWXbBqyq56tly	none	—	ẽfiˈaʁ	3649
3650.00.01	afundar	Rw38T6bn0lTNOb1aUevR	none	—	afũdˈaʁ	3650
3651.00.01	exibição	Rw38T6bn0lTNOb1aUevR	none	—	ˌezibiˈsɐ̃w̃	3651
3652.00.01	espantar	m151rjrbWXbBqyq56tly	coda_s_ep_risk	P3	espɐ̃ˈtaʁ	3652
3653.00.01	gigantesco	4r3G9XKliGgVZLKMgjik	coda_s_ep_risk	P3	ʒiɡɐ̃tˈesku	3653
3654.00.01	cordão	ny3E2DZImeZm00WLGZi9	none	—	koɾdˈɐ̃w	3654
3654.00.02	cordão	qPfM2laM0pRL4rrZtBGl	none	—	koʁdˈɐ̃w	3654
3654.00.03	cordão	m151rjrbWXbBqyq56tly	none	—	koɾədˈɐ̃w	3654
3655.00.01	rezar	m151rjrbWXbBqyq56tly	initial_r_or_rr	P2	ʁezˈaɾ	3655
3656.00.01	exportar	wxoDdfPKBuna5KnUEotz	none	—	ˌespoɾtˈaʁ	3656
3657.00.01	precário	m151rjrbWXbBqyq56tly	none	—	pɾekˈaɾiu	3657
3658.00.01	tentação	Rw38T6bn0lTNOb1aUevR	none	—	tẽtɐsˈɐ̃w	3658
3659.00.01	sino	AaeZyyi87RCxtFnHPS3e	user_reported	P0	sˈinu	3659
3660.00.01	decorar	Rw38T6bn0lTNOb1aUevR	none	—	dˌekoɾˈaɾ	3660
3660.00.02	decorar	Rw38T6bn0lTNOb1aUevR	none	—	dˌekoɾˈaʁ	3660
3661.00.01	suspeito	Rw38T6bn0lTNOb1aUevR	coda_s_ep_risk	P3	susiˈpejtu	3661
3662.00.01	saldo	wxoDdfPKBuna5KnUEotz	none	—	sˈawdu	3662
3662.00.02	saldo	m151rjrbWXbBqyq56tly	none	—	sˈawdu	3662
3663.00.01	síntese	Rw38T6bn0lTNOb1aUevR	final_unstressed_e	P2	sˈĩtezi	3663
3664.00.01	malha	qPfM2laM0pRL4rrZtBGl	user_reported	P0	mˈaʎɐ	3664
3664.00.02	malha	ny3E2DZImeZm00WLGZi9	user_reported	P0	mˈaʎɐ	3664
3664.00.03	malha	m151rjrbWXbBqyq56tly	user_reported	P0	mˈaʎɐ	3664
3665.00.01	coelho	4r3G9XKliGgVZLKMgjik	none	—	koˈeʎu	3665
3666.00.01	soar	Rw38T6bn0lTNOb1aUevR	none	—	soˈaʁ	3666
3667.00.01	atrapalhar	xNGAXaCH8MaasNuo7Hr7	none	—	ˌatɾapɐʎˈaʁ	3667
3668.00.01	falência	qPfM2laM0pRL4rrZtBGl	none	—	falˈẽsjɐ	3668
3668.00.02	falência	4r3G9XKliGgVZLKMgjik	none	—	falˈẽsjɐ	3668
3669.00.01	imposição	m151rjrbWXbBqyq56tly	none	—	ĩpozisˈɐ̃w	3669
3670.00.01	recusa	xNGAXaCH8MaasNuo7Hr7	initial_r_or_rr	P2	ʁekˈuzɐ	3670
3671.00.01	navegar	m151rjrbWXbBqyq56tly	none	—	navɛɡˈaɾ	3671
3672.00.01	inspeção	xNGAXaCH8MaasNuo7Hr7	coda_s_ep_risk	P3	ĩspesˈɐ̃w̃	3672
3673.00.01	embaixada	Rw38T6bn0lTNOb1aUevR	none	—	ẽbaʃˈadɐ	3673
3674.00.01	moço	AaeZyyi87RCxtFnHPS3e	none	—	mˈosu	3674
3675.00.01	conversão	wxoDdfPKBuna5KnUEotz	none	—	kõveɾsˈɐ̃w	3675
3676.00.01	ânimo	Rw38T6bn0lTNOb1aUevR	none	—	ˈɐ̃nimu	3676
3676.00.02	ânimo	qPfM2laM0pRL4rrZtBGl	none	—	ˈɐ̃nimu	3676
3676.00.03	ânimo	AaeZyyi87RCxtFnHPS3e	none	—	ˈɐ̃nimu	3676
3677.00.01	acampamento	ny3E2DZImeZm00WLGZi9	none	—	ˌakɐ̃pɐmˈẽtu	3677
3678.00.01	altar	m151rjrbWXbBqyq56tly	none	—	awtˈaʁ	3678
3679.00.01	assento	wxoDdfPKBuna5KnUEotz	coda_s_ep_risk	P3	asˈẽtu	3679
3680.00.01	doar	4r3G9XKliGgVZLKMgjik	none	—	doˈaʁ	3680
3681.00.01	coordenar	ny3E2DZImeZm00WLGZi9	none	—	koˌoɾdʒenˈaɾ	3681
3682.00.01	vestuário	wxoDdfPKBuna5KnUEotz	coda_s_ep_risk	P3	vˌestwˈaɾju	3682
3683.00.01	desagradável	4r3G9XKliGgVZLKMgjik	final_l_vocalization	P1	dˌezaɡɾadˈavew	3683
3684.00.01	treze	AaeZyyi87RCxtFnHPS3e	final_unstressed_e	P2	tɾˈezi	3684
3685.00.01	ácido	wxoDdfPKBuna5KnUEotz	none	—	ˈasidu	3685
3686.00.01	saudável	Rw38T6bn0lTNOb1aUevR	final_l_vocalization	P1	sˌawdˈavew	3686
3687.00.01	lençol	wxoDdfPKBuna5KnUEotz	final_l_vocalization	P1	lẽˈsɔw	3687
3688.00.01	decadência	m151rjrbWXbBqyq56tly	none	—	dˌekadˈẽsiɐ	3688
3689.00.01	uva	xNGAXaCH8MaasNuo7Hr7	none	—	ˈuvɐ	3689
3690.00.01	retirada	m151rjrbWXbBqyq56tly	initial_r_or_rr	P2	ʁetʃiɾˈadɐ	3690
3691.00.01	tapete	m151rjrbWXbBqyq56tly	de_te_palatalization,final_unstressed_e	P2	tapˈetʃi	3691
3692.00.01	fiar	AaeZyyi87RCxtFnHPS3e	none	—	fiˈaʁ	3692
3692.00.02	fiar	4r3G9XKliGgVZLKMgjik	none	—	fiˈaʁ	3692
3693.00.01	generoso	m151rjrbWXbBqyq56tly	none	—	ʒeneˈɾozu	3693
3694.00.01	penal	ny3E2DZImeZm00WLGZi9	final_l_vocalization	P1	penˈaw	3694
3695.00.01	incentivar	Rw38T6bn0lTNOb1aUevR	none	—	ĩsẽtʃivˈaʁ	3695
3696.00.01	foguete	ny3E2DZImeZm00WLGZi9	de_te_palatalization,final_unstressed_e	P2	foɡˈetʃi	3696
3696.00.02	foguete	xNGAXaCH8MaasNuo7Hr7	de_te_palatalization,final_unstressed_e	P2	foɡˈetʃi	3696
3696.00.03	foguete	m151rjrbWXbBqyq56tly	de_te_palatalization,final_unstressed_e	P2	foɡˈetʃi	3696
3697.00.01	barraca	Rw38T6bn0lTNOb1aUevR	initial_r_or_rr	P2	baˈʁakɐ	3697
3698.00.01	soberania	m151rjrbWXbBqyq56tly	none	—	sobeɾanˈiɐ	3698
3699.00.01	curar	4r3G9XKliGgVZLKMgjik	none	—	kuɾˈaʁ	3699
3700.00.01	cerrado	Rw38T6bn0lTNOb1aUevR	initial_r_or_rr	P2	seˈxadu	3700
3701.00.01	repertório	wxoDdfPKBuna5KnUEotz	initial_r_or_rr	P2	ʁepeɾtˈɔɾju	3701
3702.00.01	árbitro	m151rjrbWXbBqyq56tly	none	—	ˈaɾbitɾu	3702
3703.00.01	maciço	wxoDdfPKBuna5KnUEotz	none	—	mɐsˈisu	3703
3703.00.02	maciço	wxoDdfPKBuna5KnUEotz	none	—	masˈisu	3703
3704.00.01	fatal	4r3G9XKliGgVZLKMgjik	final_l_vocalization,same_spelling_en_pt,user_reported	P0	fatˈaw	3704
3705.00.01	desesperado	ny3E2DZImeZm00WLGZi9	coda_s_ep_risk	P3	dˌezespeɾˈadu	3705
3706.00.01	terreiro	xNGAXaCH8MaasNuo7Hr7	initial_r_or_rr	P2	teʁˈejɾu	3706
3707.00.01	imperial	m151rjrbWXbBqyq56tly	final_l_vocalization	P1	ĩpeɾiˈaw	3707
3708.00.01	cineasta	qPfM2laM0pRL4rrZtBGl	coda_s_ep_risk	P3	sˌineˈastɐ	3708
3709.00.01	percentagem	Rw38T6bn0lTNOb1aUevR	none	—	pˌeɾsẽˈtaʒẽ	3709
3710.00.01	escalar	m151rjrbWXbBqyq56tly	coda_s_ep_risk	P3	eskalˈaʁ	3710
3711.00.01	ficha	Rw38T6bn0lTNOb1aUevR	none	—	fˈiʃɐ	3711
3711.00.02	ficha	Rw38T6bn0lTNOb1aUevR	none	—	fˈiʃɐ	3711
3711.00.03	ficha	Rw38T6bn0lTNOb1aUevR	none	—	fˈiʃɐ	3711
3712.00.01	fingir	qPfM2laM0pRL4rrZtBGl	none	—	fĩʒˈiʁ	3712
3713.00.01	ofensiva	xNGAXaCH8MaasNuo7Hr7	none	—	ofẽˈsivɐ	3713
3714.00.01	oscilar	m151rjrbWXbBqyq56tly	coda_s_ep_risk	P3	ˌosiˈlaʁ	3714
3715.00.01	enxergar	Rw38T6bn0lTNOb1aUevR	none	—	ẽʃeɾɡˈaʁ	3715
3716.00.01	desequilíbrio	Rw38T6bn0lTNOb1aUevR	none	—	dˌezekiˈlibɾiu	3716
3717.00.01	pop	wxoDdfPKBuna5KnUEotz	english_loanword,same_spelling_en_pt	P1	pˈɔp	3717
3718.00.01	detrás	Rw38T6bn0lTNOb1aUevR	none	—	detɾˈas	3718
3719.00.01	vestígio	xNGAXaCH8MaasNuo7Hr7	coda_s_ep_risk	P3	vɛsˈtʃiʒiu	3719
3720.00.01	vaidade	ny3E2DZImeZm00WLGZi9	de_te_palatalization,final_unstressed_e	P2	vajdˈadʒi	3720
3721.00.01	pressionar	Rw38T6bn0lTNOb1aUevR	coda_s_ep_risk	P3	pɾesiõˈaʁ	3721
3722.00.01	bailarina	4r3G9XKliGgVZLKMgjik	none	—	bajlaɾˈinɐ	3722
3723.00.01	fórum	AaeZyyi87RCxtFnHPS3e	none	—	fˈɔɾũ	3723
3723.00.02	fórum	m151rjrbWXbBqyq56tly	none	—	fˈɔɾũ	3723
3724.00.01	bicicleta	m151rjrbWXbBqyq56tly	none	—	bˌisiklˈɛtɐ	3724
3725.00.01	consagrar	m151rjrbWXbBqyq56tly	none	—	kõsaɡɾˈaʁ	3725
3725.00.02	consagrar	m151rjrbWXbBqyq56tly	none	—	kõsaɡɾˈaʁ	3725
3726.00.01	torneio	xNGAXaCH8MaasNuo7Hr7	none	—	toɾnˈeju	3726
3727.00.01	realismo	Rw38T6bn0lTNOb1aUevR	coda_s_ep_risk,initial_r_or_rr	P2	ʁeaˈlizmu	3727
3728.00.01	aranha	Rw38T6bn0lTNOb1aUevR	user_reported	P0	aˈɾɐ̃ɲɐ	3728
3729.00.01	quinhentos	wxoDdfPKBuna5KnUEotz	none	—	kĩɲˈẽtus	3729
3730.00.01	brilhar	Rw38T6bn0lTNOb1aUevR	none	—	bɾiʎˈaʁ	3730
3731.00.01	delegação	m151rjrbWXbBqyq56tly	none	—	dˌeleɡasˈɐ̃w̃	3731
3732.00.01	aquando	xNGAXaCH8MaasNuo7Hr7	user_reported	P0	akwˈɐ̃du	3732
3733.00.01	fotografar	Rw38T6bn0lTNOb1aUevR	none	—	fˌotoɡɾafˈaʁ	3733
3734.00.01	morder	Rw38T6bn0lTNOb1aUevR	none	—	moɾdˈeʁ	3734
3735.00.01	bateria	ny3E2DZImeZm00WLGZi9	none	—	batɛˈɾiɐ	3735
3735.00.02	bateria	m151rjrbWXbBqyq56tly	none	—	bateɾˈiɐ	3735
3736.00.01	restringir	4r3G9XKliGgVZLKMgjik	coda_s_ep_risk,initial_r_or_rr	P2	ʁestɾĩʒˈiʁ	3736
3737.00.01	cofre	AaeZyyi87RCxtFnHPS3e	final_unstressed_e	P2	kˈɔfɾi	3737
3738.00.01	sudeste	wxoDdfPKBuna5KnUEotz	coda_s_ep_risk,de_te_palatalization,final_unstressed_e	P2	sudˈɛstʃi	3738
3739.00.01	lírico	xNGAXaCH8MaasNuo7Hr7	none	—	lˈiɾiku	3739
3740.00.01	invisível	wxoDdfPKBuna5KnUEotz	final_l_vocalization	P1	ĩvizˈivew	3740
3741.00.01	místico	Rw38T6bn0lTNOb1aUevR	coda_s_ep_risk	P3	mˈistʃiku	3741
3742.00.01	reger	ny3E2DZImeZm00WLGZi9	initial_r_or_rr,user_reported	P0	ʁeʒˈeʁ	3742
3742.00.02	reger	Rw38T6bn0lTNOb1aUevR	initial_r_or_rr,user_reported	P0	ʁeʒˈeʁ	3742
3742.00.03	reger	m151rjrbWXbBqyq56tly	initial_r_or_rr,user_reported	P0	ʁeʒˈeʁ	3742
3743.00.01	culpar	qPfM2laM0pRL4rrZtBGl	none	—	kuwˈpaʁ	3743
3744.00.01	automaticamente	m151rjrbWXbBqyq56tly	de_te_palatalization,final_unstressed_e	P2	ˌawtomaˈtʃikɐmẽtʃi	3744
3745.00.01	clareza	qPfM2laM0pRL4rrZtBGl	none	—	klɐɾˈezɐ	3745
3746.00.01	elevação	Rw38T6bn0lTNOb1aUevR	none	—	ˌelevɐsˈɐ̃w̃	3746
3747.00.01	transparência	AaeZyyi87RCxtFnHPS3e	coda_s_ep_risk	P3	tɾɐ̃ŋspaɾˈẽsjɐ	3747
3748.00.01	cansar	AaeZyyi87RCxtFnHPS3e	none	—	kɐ̃ˈsaʁ	3748
3749.00.01	cunhado	ny3E2DZImeZm00WLGZi9	none	—	kuɲˈadu	3749
3750.00.01	vencimento	xNGAXaCH8MaasNuo7Hr7	none	—	vẽsimˈẽtu	3750
3750.00.02	vencimento	Rw38T6bn0lTNOb1aUevR	none	—	vẽsimˈẽtu	3750
3751.00.01	liberado	qPfM2laM0pRL4rrZtBGl	none	—	lˌibeɾˈadu	3751
3752.00.01	doação	m151rjrbWXbBqyq56tly	none	—	doasˈɐ̃w̃	3752
3753.00.01	nascente	m151rjrbWXbBqyq56tly	coda_s_ep_risk,de_te_palatalization,final_unstressed_e	P2	nɐsˈẽtʃi	3753
3753.00.02	nascente	m151rjrbWXbBqyq56tly	coda_s_ep_risk,de_te_palatalization,final_unstressed_e	P2	nɐsˈẽtʃi	3753
3753.00.03	nascente	m151rjrbWXbBqyq56tly	coda_s_ep_risk,de_te_palatalization,final_unstressed_e	P2	nɐsˈẽtʃi	3753
3754.00.01	consagrado	m151rjrbWXbBqyq56tly	none	—	kõsaɡɾˈadu	3754
3755.00.01	ingénuo	AaeZyyi87RCxtFnHPS3e	none	—	ĩʒˈɛnuu	3755
3756.00.01	sopa	Rw38T6bn0lTNOb1aUevR	none	—	sˈɔpɐ	3756
3757.00.01	livraria	Rw38T6bn0lTNOb1aUevR	none	—	livɾaɾˈiɐ	3757
3758.00.01	panorama	Rw38T6bn0lTNOb1aUevR	none	—	pˌanoɾˈɐ̃mɐ	3758
3759.00.01	treinador	Rw38T6bn0lTNOb1aUevR	none	—	tɾejnadˈoʁ	3759
3760.00.01	segunda-feira	ny3E2DZImeZm00WLGZi9	none	—	sˌeɡˈũdɐfˈejɾɐ	3760
3761.00.01	lâmpada	Rw38T6bn0lTNOb1aUevR	none	—	lˈɐ̃mpɐdɐ	3761
3762.00.01	sentado	m151rjrbWXbBqyq56tly	none	—	sẽˈtadu	3762
3763.00.01	turista	wxoDdfPKBuna5KnUEotz	coda_s_ep_risk	P3	tuɾˈistɐ	3763
3764.00.01	alugar	4r3G9XKliGgVZLKMgjik	none	—	aluɡˈaʁ	3764
3765.00.01	ante	m151rjrbWXbBqyq56tly	de_te_palatalization,final_unstressed_e	P2	ˈɐ̃tʃi	3765
3766.00.01	cheirar	wxoDdfPKBuna5KnUEotz	none	—	ʃejɾˈaʁ	3766
3767.00.01	altitude	wxoDdfPKBuna5KnUEotz	de_te_palatalization,final_unstressed_e	P2	awtʃitˈudʒi	3767
3768.00.01	limpo	4r3G9XKliGgVZLKMgjik	none	—	lˈĩpu	3768
3769.00.01	generalizado	Rw38T6bn0lTNOb1aUevR	none	—	ʒˌeneɾˌalizˈadu	3769
3770.00.01	seca	Rw38T6bn0lTNOb1aUevR	none	—	sˈɛkɐ	3770
3771.00.01	escultor	ny3E2DZImeZm00WLGZi9	coda_s_ep_risk	P3	ˌeskuwtˈoʁ	3771
3772.00.01	parágrafo	Rw38T6bn0lTNOb1aUevR	none	—	paˈɾaɡɾafu	3772
3773.00.01	humilde	xNGAXaCH8MaasNuo7Hr7	de_te_palatalization,final_unstressed_e,h_initial_english_risk	P1	uˈmiwdʒi	3773
3774.00.01	desconfiança	m151rjrbWXbBqyq56tly	coda_s_ep_risk	P3	dˌeskõfiˈɐ̃sɐ	3774
3775.00.01	considerável	AaeZyyi87RCxtFnHPS3e	final_l_vocalization	P1	kõsidɛɾˈavɛw	3775
3776.00.01	marcação	m151rjrbWXbBqyq56tly	none	—	maɾkasˈɐ̃w	3776
3777.00.01	galego	wxoDdfPKBuna5KnUEotz	none	—	ɡalˈeɡu	3777
3778.00.01	favela	m151rjrbWXbBqyq56tly	none	—	favˈɛlɐ	3778
3779.00.01	vingar	Rw38T6bn0lTNOb1aUevR	none	—	vĩɡˈaʁ	3779
3780.00.01	farmácia	ny3E2DZImeZm00WLGZi9	none	—	faɾmˈasjɐ	3780
3781.00.01	quintal	ny3E2DZImeZm00WLGZi9	final_l_vocalization	P1	kĩtˈaw	3781
3782.00.01	agressão	m151rjrbWXbBqyq56tly	coda_s_ep_risk	P3	aɡɾesˈɐ̃w	3782
3783.00.01	ônibus	4r3G9XKliGgVZLKMgjik	none	—	ˈonibus	3783
3784.00.01	angolano	AaeZyyi87RCxtFnHPS3e	none	—	ɐ̃ŋɡolˈɐ̃nu	3784
3785.00.01	superficial	AaeZyyi87RCxtFnHPS3e	final_l_vocalization	P1	ˌsupeɾfiʃiˈaw	3785
3786.00.01	nacionalidade	ny3E2DZImeZm00WLGZi9	de_te_palatalization,final_unstressed_e	P2	nˌasiˌonaliˈdadʒi	3786
3787.00.01	instinto	m151rjrbWXbBqyq56tly	coda_s_ep_risk	P3	ĩstʃˈĩtu	3787
3788.00.01	nítido	wxoDdfPKBuna5KnUEotz	none	—	nˈitʃidu	3788
3789.00.01	tia	Rw38T6bn0lTNOb1aUevR	spanish_collision	P3	tʃˈiɐ	3789
3790.00.01	autoritário	Rw38T6bn0lTNOb1aUevR	none	—	ˌawtoɾitˈaɾju	3790
3791.00.01	contrapartida	xNGAXaCH8MaasNuo7Hr7	none	—	kõtɾapɐɾtʃˈidɐ	3791
3791.01.01	em contrapartida	Rw38T6bn0lTNOb1aUevR	none	—	ẽ kõtɾapɐɾˈtʃidɐ	3791
3792.00.01	continuação	ny3E2DZImeZm00WLGZi9	none	—	kõtʃinwasˈɐ̃w̃	3792
3793.00.01	bandido	xNGAXaCH8MaasNuo7Hr7	none	—	bɐ̃dʒˈidu	3793
3794.00.01	tráfego	qPfM2laM0pRL4rrZtBGl	none	—	tɾˈafeɡu	3794
3795.00.01	recomeçar	m151rjrbWXbBqyq56tly	initial_r_or_rr	P2	ʁekomeˈsaɾ	3795
3796.00.01	reivindicação	Rw38T6bn0lTNOb1aUevR	initial_r_or_rr	P2	ʁejvĩdʒikɐsˈɐ̃w	3796
3796.00.02	reivindicação	xNGAXaCH8MaasNuo7Hr7	initial_r_or_rr	P2	ʁejvĩdʒikɐsˈɐ̃w	3796
3797.00.01	quantia	ny3E2DZImeZm00WLGZi9	none	—	kwɐ̃ˈtʃiɐ	3797
3798.00.01	misterioso	Rw38T6bn0lTNOb1aUevR	coda_s_ep_risk	P3	mˌisteɾiˈozu	3798
3799.00.01	têxtil	AaeZyyi87RCxtFnHPS3e	final_l_vocalization	P1	tˈɛstʃiw	3799
3800.00.01	subterrâneo	m151rjrbWXbBqyq56tly	initial_r_or_rr	P2	sˌubtɛʁˈɐ̃niu	3800
3801.00.01	disfarçar	m151rjrbWXbBqyq56tly	coda_s_ep_risk	P3	dʒisfaɾsˈaɾ	3801
3802.00.01	sucessor	wxoDdfPKBuna5KnUEotz	coda_s_ep_risk	P3	suseˈsoʁ	3802
3803.00.01	apetecer	AaeZyyi87RCxtFnHPS3e	none	—	ˌapetesˈeʁ	3803
3804.00.01	étnico	xNGAXaCH8MaasNuo7Hr7	none	—	ˈɛtniku	3804
3805.00.01	noiva	Rw38T6bn0lTNOb1aUevR	none	—	nˈojvɐ	3805
3805.00.02	noiva	m151rjrbWXbBqyq56tly	none	—	nˈojvɐ	3805
3806.00.01	fundado	wxoDdfPKBuna5KnUEotz	none	—	fũˈdadu	3806
3806.00.02	fundado	qPfM2laM0pRL4rrZtBGl	none	—	fũndˈadu	3806
3808.00.01	honesto	4r3G9XKliGgVZLKMgjik	coda_s_ep_risk,h_initial_english_risk	P1	oˈnɛstu	3808
3809.00.01	desculpar	xNGAXaCH8MaasNuo7Hr7	coda_s_ep_risk	P3	deskuwˈpaʁ	3809
3810.00.01	ultimamente	ny3E2DZImeZm00WLGZi9	de_te_palatalization,final_unstressed_e	P2	ˌuwtʃimɐmˈẽtʃi	3810
3811.00.01	degradação	wxoDdfPKBuna5KnUEotz	none	—	dˌeɡɾadɐsˈɐ̃w	3811
3812.00.01	cruzamento	Rw38T6bn0lTNOb1aUevR	none	—	kɾuzɐmˈẽtu	3812
3812.00.02	cruzamento	m151rjrbWXbBqyq56tly	none	—	kɾuzɐmˈẽtu	3812
3813.00.01	acarretar	xNGAXaCH8MaasNuo7Hr7	initial_r_or_rr	P2	akɐʁetˈaʁ	3813
3814.00.01	verbal	m151rjrbWXbBqyq56tly	final_l_vocalization	P1	veɾbˈaw	3814
3815.00.01	nobreza	AaeZyyi87RCxtFnHPS3e	none	—	nobɾˈezɐ	3815
3816.00.01	pernambucano	4r3G9XKliGgVZLKMgjik	none	—	pˌeɾnɐ̃mbukˈɐ̃nu	3816
3817.00.01	estatística	Rw38T6bn0lTNOb1aUevR	coda_s_ep_risk	P3	ˌestatʃˈistʃikɐ	3817
3818.00.01	táxi	ny3E2DZImeZm00WLGZi9	none	—	tˈaksi	3818
3819.00.01	preservação	AaeZyyi87RCxtFnHPS3e	none	—	pɾezɛɾvɐsˈɐ̃w	3819
3820.00.01	operacional	Rw38T6bn0lTNOb1aUevR	final_l_vocalization	P1	ˌopeɾasiˈonaw	3820
3821.00.01	manteiga	xNGAXaCH8MaasNuo7Hr7	user_reported	P0	mɐ̃ˈteɡɐ	3821
3822.00.01	emocional	xNGAXaCH8MaasNuo7Hr7	final_l_vocalization	P1	ˌemosioˈnaw	3822
3823.00.01	perdão	Rw38T6bn0lTNOb1aUevR	none	—	peʁdˈɐ̃w	3823
3824.00.01	rasgar	AaeZyyi87RCxtFnHPS3e	coda_s_ep_risk,initial_r_or_rr	P2	ʁazɡˈaʁ	3824
3825.00.01	gene	qPfM2laM0pRL4rrZtBGl	final_unstressed_e	P2	ʒˈeni	3825
3826.00.01	vertical	Rw38T6bn0lTNOb1aUevR	final_l_vocalization	P1	veɾtʃikˈaw	3826
3827.00.01	lenha	Rw38T6bn0lTNOb1aUevR	none	—	lˈeɲɐ	3827
3828.00.01	mentalidade	Rw38T6bn0lTNOb1aUevR	de_te_palatalization,final_unstressed_e	P2	mẽtɐlidˈadʒi	3828
3829.00.01	terrorista	Rw38T6bn0lTNOb1aUevR	coda_s_ep_risk,initial_r_or_rr	P2	tˌeʁoɾˈistɐ	3829
3830.00.01	perturbação	Rw38T6bn0lTNOb1aUevR	none	—	pˌeʁtuʁbɐsˈɐ̃w	3830
3831.00.01	lote	Rw38T6bn0lTNOb1aUevR	de_te_palatalization,final_unstressed_e	P2	lˈɔtʃi	3831
3832.00.01	bem-estar	xNGAXaCH8MaasNuo7Hr7	coda_s_ep_risk	P3	bẽjˈestaʁ	3832
3833.00.01	cruel	4r3G9XKliGgVZLKMgjik	final_l_vocalization	P1	kɾuˈɛw	3833
3834.00.01	rondar	AaeZyyi87RCxtFnHPS3e	initial_r_or_rr	P2	ʁõdˈaʁ	3834
3834.00.02	rondar	xNGAXaCH8MaasNuo7Hr7	initial_r_or_rr	P2	ʁõdˈaʁ	3834
3835.00.01	reclamação	ny3E2DZImeZm00WLGZi9	initial_r_or_rr	P2	ʁeklɐmɐsˈɐ̃w	3835
3836.00.01	infeliz	m151rjrbWXbBqyq56tly	none	—	ĩfelˈis	3836
3838.00.01	manso	4r3G9XKliGgVZLKMgjik	none	—	mˈɐ̃su	3838
3839.00.01	confuso	4r3G9XKliGgVZLKMgjik	none	—	kõfˈuzu	3839
3839.00.02	confuso	xNGAXaCH8MaasNuo7Hr7	none	—	kõfˈuzu	3839
3840.00.01	oposto	m151rjrbWXbBqyq56tly	coda_s_ep_risk	P3	oˈpostu	3840
3841.00.01	degrau	Rw38T6bn0lTNOb1aUevR	none	—	deɡɾˈaw	3841
3842.00.01	camisola	m151rjrbWXbBqyq56tly	ep_leftover_named	P0	kɐmizˈɔlɐ	3842
3842.00.02	camisola	m151rjrbWXbBqyq56tly	ep_leftover_named	P0	kɐmizˈɔlɐ	3842
3843.00.01	magnético	AaeZyyi87RCxtFnHPS3e	none	—	maɡnˈɛtʃiku	3843
3844.00.01	hectare	Rw38T6bn0lTNOb1aUevR	final_unstressed_e,h_initial_english_risk	P1	ɛkˈtaɾi	3844
3845.00.01	beijo	m151rjrbWXbBqyq56tly	none	—	bˈejʒu	3845
3846.00.01	reformar	ny3E2DZImeZm00WLGZi9	initial_r_or_rr	P2	ʁefoɾmˈaʁ	3846
3847.00.01	revoltar	4r3G9XKliGgVZLKMgjik	initial_r_or_rr	P2	ʁevowˈtaʁ	3847
3847.00.02	revoltar	4r3G9XKliGgVZLKMgjik	initial_r_or_rr	P2	ʁevowˈtaʁ	3847
3848.00.01	ascender	ny3E2DZImeZm00WLGZi9	coda_s_ep_risk	P3	asẽˈdeʁ	3848
3849.00.01	interlocutor	wxoDdfPKBuna5KnUEotz	none	—	ĩteɾlokutˈoʁ	3849
3850.00.01	centrar	AaeZyyi87RCxtFnHPS3e	none	—	sẽˈtɾaʁ	3850
3851.00.01	mobilizar	ny3E2DZImeZm00WLGZi9	none	—	mˌobilizˈaʁ	3851
3852.00.01	incerteza	Rw38T6bn0lTNOb1aUevR	none	—	ĩseɾtˈezɐ	3852
3853.00.01	testamento	m151rjrbWXbBqyq56tly	coda_s_ep_risk	P3	tˌestɐmˈẽtu	3853
3854.00.01	feroz	Rw38T6bn0lTNOb1aUevR	none	—	feɾˈɔs	3854
3855.00.01	comercialização	qPfM2laM0pRL4rrZtBGl	none	—	kˌomeɾsiˌalizˈasɐ̃w̃	3855
3856.00.01	despejar	m151rjrbWXbBqyq56tly	coda_s_ep_risk	P3	dˌespeʒˈaʁ	3856
3856.00.02	despejar	4r3G9XKliGgVZLKMgjik	coda_s_ep_risk	P3	dʒispeʒˈaʁ	3856
3857.00.01	encosta	xNGAXaCH8MaasNuo7Hr7	coda_s_ep_risk	P3	ẽˈkɔstɐ	3857
3858.00.01	aprendizagem	Rw38T6bn0lTNOb1aUevR	none	—	ˌapɾẽdʒizˈaʒẽ	3858
3859.00.01	aproveitamento	Rw38T6bn0lTNOb1aUevR	none	—	ˌapɾovejˈtɐ̃mẽtu	3859
3860.00.01	escritura	ny3E2DZImeZm00WLGZi9	coda_s_ep_risk	P3	ˌeskɾitʃˈuɾɐ	3860
3860.00.02	escritura	m151rjrbWXbBqyq56tly	coda_s_ep_risk	P3	ˌeskɾitʃˈuɾɐ	3860
3861.00.01	pancada	4r3G9XKliGgVZLKMgjik	none	—	pɐ̃ŋkˈadɐ	3861
3862.00.01	cansaço	ny3E2DZImeZm00WLGZi9	none	—	kɐ̃ˈsasu	3862
3863.00.01	racional	m151rjrbWXbBqyq56tly	final_l_vocalization,initial_r_or_rr	P1	ʁasjunˈaw	3863
3864.00.01	virtual	wxoDdfPKBuna5KnUEotz	final_l_vocalization	P1	viɾtuˈaw	3864
3865.00.01	disciplinar	m151rjrbWXbBqyq56tly	coda_s_ep_risk	P3	dʒisiplinˈaʁ	3865
3866.00.01	fornecimento	AaeZyyi87RCxtFnHPS3e	none	—	foɾnesimˈẽtu	3866
3867.00.01	monarquia	m151rjrbWXbBqyq56tly	none	—	monɐɾkˈiɐ	3867
3868.00.01	esforçar	Rw38T6bn0lTNOb1aUevR	coda_s_ep_risk	P3	ˌesfoɾsˈaɾ	3868
3869.00.01	repartição	Rw38T6bn0lTNOb1aUevR	initial_r_or_rr	P2	ʁepɐɾtʃisˈɐ̃w	3869
3869.00.02	repartição	wxoDdfPKBuna5KnUEotz	initial_r_or_rr	P2	ʁepaʁtʃisˈɐ̃w	3869
3870.00.01	indireto	wxoDdfPKBuna5KnUEotz	none	—	ĩdʒiɾˈɛtu	3870
3871.00.01	característico	wxoDdfPKBuna5KnUEotz	coda_s_ep_risk	P3	kˌaɾakteɾˈistʃiku	3871
3872.00.01	quinta-feira	wxoDdfPKBuna5KnUEotz	none	—	kˈĩtɐfˈejɾɐ	3872
3873.00.01	fraude	Rw38T6bn0lTNOb1aUevR	de_te_palatalization,final_unstressed_e	P2	fɾˈawdʒi	3873
3874.00.01	especificamente	ny3E2DZImeZm00WLGZi9	coda_s_ep_risk,de_te_palatalization,final_unstressed_e	P2	ispesifikaˈmẽtʃi	3874
3875.00.01	júri	ny3E2DZImeZm00WLGZi9	none	—	ʒˈuɾi	3875
3876.00.01	sétimo	wxoDdfPKBuna5KnUEotz	none	—	sˈɛtʃimu	3876
3877.00.01	cela	m151rjrbWXbBqyq56tly	user_reported	P0	sˈɛlɐ	3877
3878.00.01	pousar	Rw38T6bn0lTNOb1aUevR	none	—	powzˈaʁ	3878
3878.00.02	pousar	qPfM2laM0pRL4rrZtBGl	none	—	powzˈaʁ	3878
3879.00.01	sanção	m151rjrbWXbBqyq56tly	user_reported	P0	sɐ̃ˈsɐ̃w	3879
3880.00.01	empenho	Rw38T6bn0lTNOb1aUevR	none	—	ẽpˈeɲu	3880
3881.00.01	afastado	m151rjrbWXbBqyq56tly	coda_s_ep_risk	P3	ˌafasˈtadu	3881
3882.00.01	decoração	AaeZyyi87RCxtFnHPS3e	none	—	dˌekoɾasˈɐ̃w	3882
3883.00.01	ponderar	m151rjrbWXbBqyq56tly	none	—	põdeɾˈaʁ	3883
3884.00.01	fogueira	Rw38T6bn0lTNOb1aUevR	none	—	foɡˈejɾɐ	3884
3885.00.01	exceder	Rw38T6bn0lTNOb1aUevR	none	—	ˌesedˈeʁ	3885
3886.00.01	mentir	4r3G9XKliGgVZLKMgjik	none	—	mẽtʃˈiʁ	3886
3887.00.01	polémica	ny3E2DZImeZm00WLGZi9	none	—	poˈlɛmikɐ	3887
3888.00.01	acessível	Rw38T6bn0lTNOb1aUevR	coda_s_ep_risk,final_l_vocalization	P1	ˌasesˈivew	3888
3889.00.01	confrontar	Rw38T6bn0lTNOb1aUevR	none	—	kõfɾõtˈaʁ	3889
3890.00.01	secretário-geral	m151rjrbWXbBqyq56tly	none	—	sˌekɾetˈaɾjuʒeɾˈaw	3890
3891.00.01	requisito	ny3E2DZImeZm00WLGZi9	initial_r_or_rr	P2	ʁekiˈzitu	3891
3892.00.01	valorização	wxoDdfPKBuna5KnUEotz	none	—	vˌaloɾizɐsˈɐ̃w	3892
3893.00.01	litro	m151rjrbWXbBqyq56tly	none	—	lˈitɾu	3893
3894.00.01	criativo	m151rjrbWXbBqyq56tly	none	—	kɾiˈatʃivu	3894
3895.00.01	constituinte	m151rjrbWXbBqyq56tly	coda_s_ep_risk,de_te_palatalization,final_unstressed_e	P2	kõstʃitwˈĩtʃi	3895
3896.00.01	silencioso	Rw38T6bn0lTNOb1aUevR	none	—	silẽsiˈozu	3896
3897.00.01	salarial	4r3G9XKliGgVZLKMgjik	final_l_vocalization,user_reported	P0	salɐɾiˈaw	3897
3898.00.01	adjunto	Rw38T6bn0lTNOb1aUevR	none	—	adʒˈũtu	3898
3898.00.02	adjunto	qPfM2laM0pRL4rrZtBGl	none	—	adʒˈũtu	3898
3899.00.01	caridade	4r3G9XKliGgVZLKMgjik	de_te_palatalization,final_unstressed_e	P2	kaɾidˈadʒi	3899
3900.00.01	carência	Rw38T6bn0lTNOb1aUevR	none	—	kaɾˈẽsiɐ	3900
3901.00.01	grávida	qPfM2laM0pRL4rrZtBGl	none	—	ɡɾˈavidɐ	3901
3902.00.01	sofisticado	ny3E2DZImeZm00WLGZi9	coda_s_ep_risk	P3	sofistʃikˈadu	3902
3903.00.01	mobiliário	4r3G9XKliGgVZLKMgjik	none	—	mˌobiliˈaɾju	3903
3904.00.01	repetição	Rw38T6bn0lTNOb1aUevR	initial_r_or_rr	P2	ʁepetʃisˈɐ̃w	3904
3905.00.01	discípulo	Rw38T6bn0lTNOb1aUevR	coda_s_ep_risk	P3	dʒisˈipulu	3905
3906.00.01	trezentos	AaeZyyi87RCxtFnHPS3e	none	—	tɾezˈẽtus	3906
3907.00.01	pianista	Rw38T6bn0lTNOb1aUevR	coda_s_ep_risk	P3	pjɐnˈistɐ	3907
3908.00.01	alastrar	m151rjrbWXbBqyq56tly	coda_s_ep_risk	P3	alasˈtɾaʁ	3908
3909.00.01	restaurar	m151rjrbWXbBqyq56tly	coda_s_ep_risk,initial_r_or_rr	P2	ʁestawɾˈaʁ	3909
3910.00.01	teia	Rw38T6bn0lTNOb1aUevR	none	—	tˈejɐ	3910
3911.00.01	cova	m151rjrbWXbBqyq56tly	user_reported	P0	kˈɔvɐ	3911
3911.00.02	cova	Rw38T6bn0lTNOb1aUevR	user_reported	P0	kˈɔvɐ	3911
3911.00.03	cova	m151rjrbWXbBqyq56tly	user_reported	P0	kˈɔvɐ	3911
3912.00.01	tarifa	ny3E2DZImeZm00WLGZi9	none	—	taɾˈifɐ	3912
3913.00.01	carregado	Rw38T6bn0lTNOb1aUevR	initial_r_or_rr	P2	kˌaʁeɡˈadu	3913
3914.00.01	decretar	m151rjrbWXbBqyq56tly	none	—	dekɾetˈaʁ	3914
3915.00.01	intuição	qPfM2laM0pRL4rrZtBGl	none	—	ĩtujsˈɐ̃w̃	3915
3916.00.01	imigrante	Rw38T6bn0lTNOb1aUevR	de_te_palatalization,final_unstressed_e	P2	ˌimiɡɾˈɐ̃tʃi	3916
3917.00.01	ditar	AaeZyyi87RCxtFnHPS3e	none	—	dʒitˈaʁ	3917
3918.00.01	infeção	Rw38T6bn0lTNOb1aUevR	none	—	ĩfesˈɐ̃w̃	3918
3919.00.01	sabedoria	m151rjrbWXbBqyq56tly	none	—	sˌabedoˈɾiɐ	3919
3920.00.01	pioneiro	Rw38T6bn0lTNOb1aUevR	none	—	pjoˈnejɾu	3920
3921.00.01	banhar	m151rjrbWXbBqyq56tly	none	—	bɐ̃ˈɲaʁ	3921
3922.00.01	tremendo	qPfM2laM0pRL4rrZtBGl	none	—	tɾemˈẽdu	3922
3923.00.01	aparição	m151rjrbWXbBqyq56tly	none	—	ˌapaɾisˈɐ̃w	3923
3923.00.02	aparição	m151rjrbWXbBqyq56tly	none	—	ˌapaɾisˈɐ̃w	3923
3924.00.01	devagar	m151rjrbWXbBqyq56tly	none	—	dˌevaɡˈaʁ	3924
3925.00.01	libra	wxoDdfPKBuna5KnUEotz	none	—	lˈibɾɐ	3925
3926.00.01	acalmar	AaeZyyi87RCxtFnHPS3e	none	—	ˌakawmˈaʁ	3926
3927.00.01	esclarecimento	xNGAXaCH8MaasNuo7Hr7	coda_s_ep_risk	P3	ˌesklaɾesimˈẽtu	3927
3928.00.01	proveito	4r3G9XKliGgVZLKMgjik	none	—	pɾovˈejtu	3928
3928.00.02	proveito	m151rjrbWXbBqyq56tly	none	—	pɾovˈejtu	3928
3929.00.01	comemoração	ny3E2DZImeZm00WLGZi9	none	—	kˌomemoɾasˈɐ̃w	3929
3930.00.01	desembarcar	qPfM2laM0pRL4rrZtBGl	none	—	dˌezẽbaɾkˈaʁ	3930
3931.00.01	adeus	4r3G9XKliGgVZLKMgjik	user_reported	P0	adˈews	3931
3932.00.01	massacre	m151rjrbWXbBqyq56tly	coda_s_ep_risk,final_unstressed_e	P2	mɐsˈakɾi	3932
3933.00.01	retratar	qPfM2laM0pRL4rrZtBGl	initial_r_or_rr	P2	ʁetɾatˈaʁ	3933
3934.00.01	injusto	ny3E2DZImeZm00WLGZi9	coda_s_ep_risk	P3	ĩʒˈustu	3934
3935.00.01	limitado	Rw38T6bn0lTNOb1aUevR	none	—	limitˈadu	3935
3936.00.01	tributário	Rw38T6bn0lTNOb1aUevR	none	—	tɾibutˈaɾiu	3936
3936.00.02	tributário	m151rjrbWXbBqyq56tly	none	—	tɾibutˈaɾiu	3936
3937.00.01	florestal	Rw38T6bn0lTNOb1aUevR	coda_s_ep_risk,final_l_vocalization	P1	floɾestˈaw	3937
3938.00.01	sociologia	m151rjrbWXbBqyq56tly	none	—	sˌosiˌoloʒˈiɐ	3938
3939.00.01	fidelidade	m151rjrbWXbBqyq56tly	de_te_palatalization,final_unstressed_e	P2	fidʒelidˈadʒi	3939
3940.00.01	contraditório	ny3E2DZImeZm00WLGZi9	none	—	kõtɾadʒitˈɔɾju	3940
3941.00.01	mineral	m151rjrbWXbBqyq56tly	final_l_vocalization	P1	mineɾˈaw	3941
3942.00.01	partícula	wxoDdfPKBuna5KnUEotz	none	—	paɾtʃˈikulɐ	3942
3943.00.01	estoque	m151rjrbWXbBqyq56tly	coda_s_ep_risk	P3	estˈɔki	3943
3944.00.01	probabilidade	wxoDdfPKBuna5KnUEotz	de_te_palatalization,final_unstressed_e	P2	pɾˌobabˌilidˈadʒi	3944
3945.00.01	gol	Rw38T6bn0lTNOb1aUevR	final_l_vocalization	P1	ɡˈɔw	3945
3946.00.01	coral	Rw38T6bn0lTNOb1aUevR	final_l_vocalization	P1	koɾˈaw	3946
3946.00.02	coral	Rw38T6bn0lTNOb1aUevR	final_l_vocalization	P1	koɾˈaw	3946
3947.00.01	contratar	m151rjrbWXbBqyq56tly	none	—	kõtɾatˈaʁ	3947
3948.00.01	cambial	m151rjrbWXbBqyq56tly	final_l_vocalization	P1	kɐ̃mbiˈaw	3948
3949.00.01	coxa	ny3E2DZImeZm00WLGZi9	none	—	kˈoʃɐ	3949
3950.00.01	progressivo	m151rjrbWXbBqyq56tly	coda_s_ep_risk	P3	pɾoɡɾesˈivu	3950
3951.00.01	reivindicar	AaeZyyi87RCxtFnHPS3e	initial_r_or_rr	P2	ʁejvĩdʒikˈaʁ	3951
3952.00.01	narrar	AaeZyyi87RCxtFnHPS3e	initial_r_or_rr	P2	naˈʁaʁ	3952
3953.00.01	obtenção	wxoDdfPKBuna5KnUEotz	none	—	ˌobtẽsˈɐ̃w̃	3953
3954.00.01	eh	ny3E2DZImeZm00WLGZi9	user_reported	P0	ˈɛ	3954
3955.00.01	península	Rw38T6bn0lTNOb1aUevR	none	—	penˈĩsulɐ	3955
3956.00.01	atualidade	ny3E2DZImeZm00WLGZi9	de_te_palatalization,final_unstressed_e	P2	ˌatuˌalidˈadʒi	3956
3957.00.01	vibração	wxoDdfPKBuna5KnUEotz	none	—	vibɾasˈɐ̃w̃	3957
3959.00.01	moderado	Rw38T6bn0lTNOb1aUevR	none	—	modeɾˈadu	3959
3960.00.01	esportivo	qPfM2laM0pRL4rrZtBGl	coda_s_ep_risk	P3	ˌespoɾtʃˈivu	3960
3961.00.01	ênfase	m151rjrbWXbBqyq56tly	final_unstressed_e	P2	ˈẽfɐzi	3961
3962.00.01	contabilidade	AaeZyyi87RCxtFnHPS3e	de_te_palatalization,final_unstressed_e	P2	kõtabiliˈdadʒi	3962
3963.00.01	cerebral	m151rjrbWXbBqyq56tly	final_l_vocalization	P1	seɾebɾˈaw	3963
3964.00.01	marinheiro	m151rjrbWXbBqyq56tly	none	—	maɾiɲˈejɾu	3964
3965.00.01	publicamente	wxoDdfPKBuna5KnUEotz	de_te_palatalization,final_unstressed_e	P2	ˌpublikɐmˈẽtʃi	3965
3966.00.01	provedor	xNGAXaCH8MaasNuo7Hr7	none	—	pɾovɛdˈoʁ	3966
3967.00.01	reprimir	xNGAXaCH8MaasNuo7Hr7	initial_r_or_rr	P2	ʁepɾimˈiʁ	3967
3968.00.01	subordinado	AaeZyyi87RCxtFnHPS3e	none	—	suboʁdʒinˈadu	3968
3969.00.01	abundante	4r3G9XKliGgVZLKMgjik	de_te_palatalization,final_unstressed_e	P2	ɐbũdˈɐ̃tʃi	3969
3970.00.01	ilustre	xNGAXaCH8MaasNuo7Hr7	coda_s_ep_risk,final_unstressed_e	P2	ilˈustɾi	3970
3971.00.01	socialismo	Rw38T6bn0lTNOb1aUevR	coda_s_ep_risk	P3	sosiɐlˈizmu	3971
3973.00.01	delegacia	ny3E2DZImeZm00WLGZi9	none	—	dˌeleɡˈasiɐ	3973
3973.00.02	delegacia	Rw38T6bn0lTNOb1aUevR	none	—	dˌeleɡˈasiɐ	3973
3974.00.01	assemelhar	xNGAXaCH8MaasNuo7Hr7	coda_s_ep_risk	P3	ˌasemeljˈaʁ	3974
3975.00.01	desenrolar	m151rjrbWXbBqyq56tly	none	—	dˌezẽɾolˈaʁ	3975
3976.00.01	tijolo	Rw38T6bn0lTNOb1aUevR	user_reported	P0	tʃiʒˈolu	3976
3977.00.01	sacudir	4r3G9XKliGgVZLKMgjik	none	—	sakudʒˈiʁ	3977
3978.00.01	parecido	qPfM2laM0pRL4rrZtBGl	none	—	paɾesˈidu	3978
3979.00.01	propagar	ny3E2DZImeZm00WLGZi9	none	—	pɾopaɡˈaʁ	3979
3980.00.01	funcional	xNGAXaCH8MaasNuo7Hr7	final_l_vocalization	P1	fũsjonˈaw	3980
3981.00.01	perfeição	m151rjrbWXbBqyq56tly	none	—	pˌeɾfejsˈɐ̃w	3981
3982.00.01	coitado	wxoDdfPKBuna5KnUEotz	none	—	kojtʃˈadu	3982
3983.00.01	habituar	wxoDdfPKBuna5KnUEotz	h_initial_english_risk	P1	ˌabituˈaʁ	3983
3984.00.01	rebelião	xNGAXaCH8MaasNuo7Hr7	initial_r_or_rr	P2	ʁebɛliˈɐ̃w	3984
3985.00.01	pisar	m151rjrbWXbBqyq56tly	none	—	pizˈaʁ	3985
3986.00.01	vizinhança	Rw38T6bn0lTNOb1aUevR	none	—	vizĩɲˈɐ̃sɐ	3986
3987.00.01	motivação	4r3G9XKliGgVZLKMgjik	none	—	mˌotʃivaˈsɐ̃w̃	3987
3988.00.01	educar	4r3G9XKliGgVZLKMgjik	none	—	edukˈaʁ	3988
3989.00.01	inveja	Rw38T6bn0lTNOb1aUevR	none	—	ĩvˈɛʒɐ	3989
3990.00.01	equilibrar	qPfM2laM0pRL4rrZtBGl	none	—	ekilibɾˈaʁ	3990
3991.00.01	pesquisar	m151rjrbWXbBqyq56tly	coda_s_ep_risk	P3	peskizˈaʁ	3991
3992.00.01	emissora	Rw38T6bn0lTNOb1aUevR	coda_s_ep_risk	P3	ˌemisˈoɾɐ	3992
3993.00.01	réu	Rw38T6bn0lTNOb1aUevR	initial_r_or_rr	P2	ʁˈɛw	3993
3994.00.01	debruçar	Rw38T6bn0lTNOb1aUevR	none	—	debɾuˈsaʁ	3994
3995.00.01	autarquia	xNGAXaCH8MaasNuo7Hr7	none	—	ˌawtaɾkˈiɐ	3995
3996.00.01	bezerro	AaeZyyi87RCxtFnHPS3e	initial_r_or_rr	P2	bezˈeʁu	3996
3997.00.01	depressão	Rw38T6bn0lTNOb1aUevR	coda_s_ep_risk	P3	depɾesˈɐ̃w	3997
3998.00.01	idioma	AaeZyyi87RCxtFnHPS3e	none	—	idiˈomɐ	3998
3999.00.01	rumor	ny3E2DZImeZm00WLGZi9	initial_r_or_rr	P2	ʁumˈoʁ	3999
4000.00.01	gruta	Rw38T6bn0lTNOb1aUevR	none	—	ɡɾˈutɐ	4000
4001.00.01	marcante	xNGAXaCH8MaasNuo7Hr7	de_te_palatalization,final_unstressed_e	P2	maɾkˈɐ̃tʃi	4001
4002.00.01	espectro	m151rjrbWXbBqyq56tly	coda_s_ep_risk	P3	esˈpɛktɾu	4002
4002.00.02	espectro	m151rjrbWXbBqyq56tly	coda_s_ep_risk	P3	espˈɛktɾu	4002
4003.00.01	plantação	m151rjrbWXbBqyq56tly	none	—	plɐ̃ŋtɐsˈɐ̃w	4003
4004.00.01	soberano	4r3G9XKliGgVZLKMgjik	none	—	sˌobeɾˈɐ̃nu	4004
4005.00.01	cláusula	AaeZyyi87RCxtFnHPS3e	none	—	klˈawzulɐ	4005
4006.00.01	controvérsia	m151rjrbWXbBqyq56tly	none	—	kõtɾovˈɛɾsiɐ	4006
4007.00.01	pedagógico	wxoDdfPKBuna5KnUEotz	none	—	pˌedaɡˈɔʒiku	4007
4008.00.01	descarga	m151rjrbWXbBqyq56tly	coda_s_ep_risk	P3	deskˈaɾɡɐ	4008
4009.00.01	carinho	m151rjrbWXbBqyq56tly	none	—	kaɾˈiɲu	4009
4010.00.01	estimativa	4r3G9XKliGgVZLKMgjik	coda_s_ep_risk	P3	ˌestʃimɐtʃˈivɐ	4010
4011.00.01	advertir	qPfM2laM0pRL4rrZtBGl	none	—	ˌadveɾtʃˈiʁ	4011
4012.00.01	borboleta	Rw38T6bn0lTNOb1aUevR	none	—	boʁboˈletɐ	4012
4013.00.01	volante	m151rjrbWXbBqyq56tly	de_te_palatalization,final_unstressed_e	P2	voˈlɐ̃tʃi	4013
4014.00.01	extremidade	m151rjrbWXbBqyq56tly	de_te_palatalization,final_unstressed_e	P2	ˌestɾemidˈadʒi	4014
4015.00.01	bloqueio	m151rjrbWXbBqyq56tly	none	—	blokˈeju	4015
4016.00.01	promotor	4r3G9XKliGgVZLKMgjik	none	—	pɾomoˈtoʁ	4016
4017.00.01	rabo	qPfM2laM0pRL4rrZtBGl	initial_r_or_rr	P2	ʁˈabu	4017
4017.00.02	rabo	Rw38T6bn0lTNOb1aUevR	initial_r_or_rr	P2	ʁˈabu	4017
4018.00.01	semestre	wxoDdfPKBuna5KnUEotz	coda_s_ep_risk,final_unstressed_e	P2	semˈɛstɾi	4018
4019.00.01	décimo	AaeZyyi87RCxtFnHPS3e	none	—	dˈɛsimu	4019
4019.00.02	décimo	xNGAXaCH8MaasNuo7Hr7	none	—	dˈɛsimu	4019
4020.00.01	democrata	m151rjrbWXbBqyq56tly	none	—	dˌemokɾˈatɐ	4020
4021.00.01	cigano	Rw38T6bn0lTNOb1aUevR	none	—	siɡˈɐ̃nu	4021
4022.00.01	ventre	qPfM2laM0pRL4rrZtBGl	final_unstressed_e	P2	vˈẽtɾi	4022
4023.00.01	embalagem	xNGAXaCH8MaasNuo7Hr7	none	—	ẽbɐlˈaʒẽj	4023
4024.00.01	almoçar	Rw38T6bn0lTNOb1aUevR	none	—	ˌawmosˈaʁ	4024
4025.00.01	pular	m151rjrbWXbBqyq56tly	none	—	puˈlaʁ	4025
4025.00.02	pular	Rw38T6bn0lTNOb1aUevR	none	—	puˈlaʁ	4025
4026.00.01	inclinar	ny3E2DZImeZm00WLGZi9	none	—	ĩklĩnˈaʁ	4026
4027.00.01	lavrador	Rw38T6bn0lTNOb1aUevR	none	—	lavɾadˈoʁ	4027
4028.00.01	biologia	wxoDdfPKBuna5KnUEotz	none	—	bioluʒˈiɐ	4028
4029.00.01	quota	qPfM2laM0pRL4rrZtBGl	none	—	kwˈɔtɐ	4029
4030.00.01	estético	AaeZyyi87RCxtFnHPS3e	coda_s_ep_risk	P3	esˈtɛtʃiku	4030
4031.00.01	repleto	wxoDdfPKBuna5KnUEotz	initial_r_or_rr	P2	ʁeplˈɛtu	4031
4032.00.01	cesta	xNGAXaCH8MaasNuo7Hr7	coda_s_ep_risk,user_reported	P0	sˈɛstɐ	4032
4032.00.02	cesta	Rw38T6bn0lTNOb1aUevR	coda_s_ep_risk,user_reported	P0	sˈɛstɐ	4032
4032.00.03	cesta	m151rjrbWXbBqyq56tly	coda_s_ep_risk,user_reported	P0	sˈɛstɐ	4032
4033.00.01	genro	m151rjrbWXbBqyq56tly	none	—	ʒˈẽʁu	4033
4034.00.01	macio	AaeZyyi87RCxtFnHPS3e	user_reported	P0	masˈiu	4034
4035.00.01	clandestino	wxoDdfPKBuna5KnUEotz	coda_s_ep_risk	P3	klɐ̃dʒestʃˈinu	4035
4036.00.01	aspiração	Rw38T6bn0lTNOb1aUevR	coda_s_ep_risk	P3	ˌaspiɾasˈɐ̃w	4036
4037.00.01	sereno	wxoDdfPKBuna5KnUEotz	none	—	seɾˈenu	4037
4038.00.01	lume	xNGAXaCH8MaasNuo7Hr7	final_unstressed_e	P2	lˈumi	4038
4038.00.02	lume	qPfM2laM0pRL4rrZtBGl	final_unstressed_e	P2	lˈumi	4038
4039.00.01	injeção	Rw38T6bn0lTNOb1aUevR	none	—	ĩʒeˈsɐ̃w̃	4039
4040.00.01	sistemático	Rw38T6bn0lTNOb1aUevR	coda_s_ep_risk	P3	sˌistɛmˈatʃiku	4040
4041.00.01	atrasar	xNGAXaCH8MaasNuo7Hr7	none	—	ˌatɾazˈaʁ	4041
4042.00.01	latim	m151rjrbWXbBqyq56tly	none	—	latʃˈĩ	4042
4043.00.01	tenente	m151rjrbWXbBqyq56tly	de_te_palatalization,final_unstressed_e	P2	tenˈẽtʃi	4043
4044.00.01	santuário	m151rjrbWXbBqyq56tly	none	—	sɐ̃tʃuˈaɾju	4044
4045.00.01	solidário	Rw38T6bn0lTNOb1aUevR	none	—	sˌolidˈaɾiu	4045
4046.00.01	cívico	AaeZyyi87RCxtFnHPS3e	none	—	sˈiviku	4046
4047.00.01	cano	Rw38T6bn0lTNOb1aUevR	none	—	kˈɐ̃nu	4047
4047.00.02	cano	m151rjrbWXbBqyq56tly	none	—	kˈɐ̃nu	4047
4047.00.03	cano	Rw38T6bn0lTNOb1aUevR	none	—	kˈɐ̃nu	4047
4048.00.01	violão	xNGAXaCH8MaasNuo7Hr7	none	—	viˈolɐ̃w̃	4048
4049.00.01	dama	xNGAXaCH8MaasNuo7Hr7	none	—	dˈɐmɐ	4049
4050.00.01	sacrificar	m151rjrbWXbBqyq56tly	none	—	sakɾifiˈkaʁ	4050
4051.00.01	ciúme	m151rjrbWXbBqyq56tly	final_unstressed_e	P2	siˈũmi	4051
4052.00.01	cómodo	m151rjrbWXbBqyq56tly	none	—	kˈɔmodu	4052
4052.00.02	cómodo	Rw38T6bn0lTNOb1aUevR	none	—	kˈɔmodu	4052
4053.00.01	supermercado	xNGAXaCH8MaasNuo7Hr7	none	—	ˌsupeɾmeɾkˈadu	4053
4054.00.01	lábio	xNGAXaCH8MaasNuo7Hr7	none	—	ˈlabju	4054
4055.00.01	aliar	m151rjrbWXbBqyq56tly	none	—	aliˈaʁ	4055
4056.00.01	romancista	ny3E2DZImeZm00WLGZi9	coda_s_ep_risk,initial_r_or_rr	P2	ʁomɐ̃ˈsistɐ	4056
4057.00.01	periferia	Rw38T6bn0lTNOb1aUevR	none	—	peɾifeɾˈiɐ	4057
4058.00.01	fundamentalmente	xNGAXaCH8MaasNuo7Hr7	de_te_palatalization,final_unstressed_e	P2	fũdɐmẽtˈawmẽtʃi	4058
4059.00.01	coincidência	Rw38T6bn0lTNOb1aUevR	none	—	kõĩsidˈẽsiɐ	4059
4060.00.01	obstante	Rw38T6bn0lTNOb1aUevR	coda_s_ep_risk,de_te_palatalization,final_unstressed_e	P2	ˌobstˈɐ̃tʃi	4060
4060.01.01	não obstante	m151rjrbWXbBqyq56tly	coda_s_ep_risk,final_unstressed_e	P2	nˌɐ̃w̃ obstˈɐ̃tʃi	4060
4061.00.01	alinhar	Rw38T6bn0lTNOb1aUevR	none	—	aliɲˈaʁ	4061
4062.00.01	parâmetro	wxoDdfPKBuna5KnUEotz	none	—	pɐɾˈɐ̃metɾu	4062
4063.00.01	corno	Rw38T6bn0lTNOb1aUevR	none	—	kˈoɾnu	4063
4064.00.01	variante	4r3G9XKliGgVZLKMgjik	de_te_palatalization,final_unstressed_e	P2	vaɾiˈɐ̃tʃi	4064
4065.00.01	elenco	Rw38T6bn0lTNOb1aUevR	none	—	elˈẽku	4065
4065.00.02	elenco	m151rjrbWXbBqyq56tly	none	—	elˈẽku	4065
4066.00.01	tardar	ny3E2DZImeZm00WLGZi9	none	—	taʁdˈaʁ	4066
4067.00.01	horrível	xNGAXaCH8MaasNuo7Hr7	final_l_vocalization,h_initial_english_risk,initial_r_or_rr	P1	oˈʁivew	4067
4068.00.01	viajante	m151rjrbWXbBqyq56tly	de_te_palatalization,final_unstressed_e	P2	vˌiaʒˈɐ̃tʃi	4068
4069.00.01	meio-dia	Rw38T6bn0lTNOb1aUevR	none	—	ˈmeju ˈdʒiɐ	4069
4070.00.01	investidor	ny3E2DZImeZm00WLGZi9	coda_s_ep_risk	P3	ĩvɛstʃidˈoʁ	4070
4071.00.01	agenda	qPfM2laM0pRL4rrZtBGl	none	—	aʒˈẽdɐ	4071
4072.00.01	condenação	ny3E2DZImeZm00WLGZi9	none	—	kõdʒenasˈɐ̃w̃	4072
4072.00.02	condenação	m151rjrbWXbBqyq56tly	none	—	kõdẽnɐsˈɐ̃w	4072
4073.00.01	afeto	ny3E2DZImeZm00WLGZi9	none	—	afˈɛtu	4073
4074.00.01	remuneração	qPfM2laM0pRL4rrZtBGl	initial_r_or_rr	P2	ʁemunɛɾɐsˈɐ̃w	4074
4075.00.01	auge	ny3E2DZImeZm00WLGZi9	final_unstressed_e	P2	ˈawʒi	4075
4076.00.01	punição	Rw38T6bn0lTNOb1aUevR	none	—	punisˈɐ̃w̃	4076
4077.00.01	muscular	m151rjrbWXbBqyq56tly	coda_s_ep_risk	P3	muskuˈlaʁ	4077
4078.00.01	selva	Rw38T6bn0lTNOb1aUevR	none	—	sˈɛwvɐ	4078
4079.00.01	similar	Rw38T6bn0lTNOb1aUevR	none	—	similˈaʁ	4079
4080.00.01	noivo	Rw38T6bn0lTNOb1aUevR	none	—	nˈojvu	4080
4080.00.02	noivo	Rw38T6bn0lTNOb1aUevR	none	—	nˈojvu	4080
4081.00.01	gramática	AaeZyyi87RCxtFnHPS3e	none	—	ɡɾɐmˈatʃikɐ	4081
4082.00.01	varrer	Rw38T6bn0lTNOb1aUevR	initial_r_or_rr	P2	vaˈʁeʁ	4082
4083.00.01	veneno	4r3G9XKliGgVZLKMgjik	none	—	venˈenu	4083
4084.00.01	longínquo	Rw38T6bn0lTNOb1aUevR	none	—	lõˈʒĩkwu	4084
4085.00.01	encerramento	Rw38T6bn0lTNOb1aUevR	initial_r_or_rr	P2	ẽseʁɐmˈẽtu	4085
4086.00.01	conformar	Rw38T6bn0lTNOb1aUevR	none	—	kõfoɾmˈaʁ	4086
4087.00.01	higiene	Rw38T6bn0lTNOb1aUevR	final_unstressed_e,h_initial_english_risk	P1	iʒiˈẽni	4087
4088.00.01	comissário	Rw38T6bn0lTNOb1aUevR	coda_s_ep_risk	P3	kˌomisˈaɾju	4088
4089.00.01	hospitalar	m151rjrbWXbBqyq56tly	coda_s_ep_risk,h_initial_english_risk,user_reported	P0	ˌospitaˈlaʁ	4089
4090.00.01	incidir	m151rjrbWXbBqyq56tly	none	—	ĩsidʒˈiʁ	4090
4090.00.02	incidir	Rw38T6bn0lTNOb1aUevR	none	—	ĩsidʒˈiʁ	4090
4090.00.03	incidir	4r3G9XKliGgVZLKMgjik	none	—	ĩsiˈdʒiʁ	4090
4091.00.01	elementar	m151rjrbWXbBqyq56tly	none	—	ˌelemẽˈtaʁ	4091
4092.00.01	evidenciar	ny3E2DZImeZm00WLGZi9	none	—	ˌevidẽsiˈaʁ	4092
4093.00.01	susto	Rw38T6bn0lTNOb1aUevR	coda_s_ep_risk	P3	sˈustu	4093
4094.00.01	temor	m151rjrbWXbBqyq56tly	none	—	temˈoʁ	4094
4095.00.01	materno	m151rjrbWXbBqyq56tly	none	—	matˈɛɾnu	4095
4096.00.01	genérico	AaeZyyi87RCxtFnHPS3e	none	—	ʒenˈɛɾiku	4096
4097.00.01	cidadania	wxoDdfPKBuna5KnUEotz	none	—	sidadɐnˈiɐ	4097
4098.00.01	regionalização	m151rjrbWXbBqyq56tly	initial_r_or_rr	P2	ʁeʒionalizɐsˈɐ̃w	4098
4099.00.01	cautela	Rw38T6bn0lTNOb1aUevR	none	—	kawˈtɛlɐ	4099
4100.00.01	liberar	4r3G9XKliGgVZLKMgjik	none	—	libeɾˈaʁ	4100
4101.00.01	arredor	wxoDdfPKBuna5KnUEotz	initial_r_or_rr	P2	ˌaʁedˈoʁ	4101
4101.00.02	arredor	Rw38T6bn0lTNOb1aUevR	initial_r_or_rr	P2	ˌaʁedˈoʁ	4101
4102.00.01	sueco	m151rjrbWXbBqyq56tly	none	—	suˈɛku	4102
4103.00.01	largura	AaeZyyi87RCxtFnHPS3e	none	—	laɾɡˈuɾɐ	4103
4104.00.01	pendente	ny3E2DZImeZm00WLGZi9	de_te_palatalization,final_unstressed_e	P2	pẽˈdẽtʃi	4104
4104.00.02	pendente	qPfM2laM0pRL4rrZtBGl	de_te_palatalization,final_unstressed_e	P2	pẽˈdẽtʃi	4104
4105.00.01	testa	qPfM2laM0pRL4rrZtBGl	coda_s_ep_risk	P3	tˈɛstɐ	4105
4105.00.02	testa	Rw38T6bn0lTNOb1aUevR	coda_s_ep_risk	P3	tˈɛstɐ	4105
4106.00.01	renúncia	m151rjrbWXbBqyq56tly	initial_r_or_rr	P2	ʁenˈũsjɐ	4106
4107.00.01	renascimento	m151rjrbWXbBqyq56tly	coda_s_ep_risk,initial_r_or_rr	P2	ʁenasimˈẽtu	4107
4108.00.01	visconde	qPfM2laM0pRL4rrZtBGl	coda_s_ep_risk,de_te_palatalization,final_unstressed_e	P2	visˈkõdʒi	4108
4109.00.01	suspeitar	wxoDdfPKBuna5KnUEotz	coda_s_ep_risk	P3	sũspejˈtaʁ	4109
4110.00.01	simultâneo	m151rjrbWXbBqyq56tly	none	—	simuwˈtɐ̃niu	4110
4111.00.01	beijar	xNGAXaCH8MaasNuo7Hr7	none	—	beʒˈaʁ	4111
4112.00.01	favorito	Rw38T6bn0lTNOb1aUevR	none	—	favuɾˈitu	4112
4113.00.01	brigada	AaeZyyi87RCxtFnHPS3e	none	—	bɾiɡˈadɐ	4113
4114.00.01	sorrir	qPfM2laM0pRL4rrZtBGl	initial_r_or_rr	P2	soˈʁiʁ	4114
4115.00.01	culminar	qPfM2laM0pRL4rrZtBGl	none	—	kuɫmɪˈnaɾ	4115
4116.00.01	bacalhau	Rw38T6bn0lTNOb1aUevR	none	—	bˌakaljˈaw	4116
4117.00.01	alga	wxoDdfPKBuna5KnUEotz	none	—	ˈawɡɐ	4117
4118.00.01	especulação	m151rjrbWXbBqyq56tly	coda_s_ep_risk	P3	ˌespekulasˈɐ̃w	4118
4119.00.01	alertar	Rw38T6bn0lTNOb1aUevR	none	—	ɐleʁtˈaʁ	4119
4120.00.01	desprezo	Rw38T6bn0lTNOb1aUevR	coda_s_ep_risk	P3	dˌespɾˈezu	4120
4121.00.01	vitorioso	ny3E2DZImeZm00WLGZi9	none	—	vˌitoɾiˈozu	4121
4122.00.01	ansioso	AaeZyyi87RCxtFnHPS3e	none	—	ɐ̃siˈozu	4122
4123.00.01	expulsão	m151rjrbWXbBqyq56tly	none	—	ˌespu̯lsˈɐ̃w̃	4123
4124.00.01	caos	m151rjrbWXbBqyq56tly	none	—	kˈaws	4124
4125.00.01	batizar	4r3G9XKliGgVZLKMgjik	user_reported	P0	batʃizˈaʁ	4125
4126.00.01	apreciação	AaeZyyi87RCxtFnHPS3e	none	—	ˌapɾesiˈasɐ̃w̃	4126
4127.00.01	avistar	Rw38T6bn0lTNOb1aUevR	coda_s_ep_risk	P3	avistˈaʁ	4127
4128.00.01	artéria	Rw38T6bn0lTNOb1aUevR	none	—	aɾtˈɛɾjɐ	4128
4129.00.01	intitulado	wxoDdfPKBuna5KnUEotz	none	—	ĩtʃituˈladu	4129
4130.00.01	imprimir	m151rjrbWXbBqyq56tly	none	—	ĩpɾimˈiʁ	4130
4130.00.02	imprimir	Rw38T6bn0lTNOb1aUevR	none	—	ĩpɾimˈiɾ	4130
4130.00.03	imprimir	AaeZyyi87RCxtFnHPS3e	none	—	ĩpɾimˈiʁ	4130
4131.00.01	temporário	m151rjrbWXbBqyq56tly	none	—	tẽpoˈɾaɾiu	4131
4132.00.01	restauração	Rw38T6bn0lTNOb1aUevR	coda_s_ep_risk,initial_r_or_rr	P2	ʁestɐwɾɐsˈɐ̃w̃	4132
4133.00.01	desaparecimento	AaeZyyi87RCxtFnHPS3e	none	—	dˌezapˌaɾesimˈẽtu	4133
4134.00.01	emigrante	AaeZyyi87RCxtFnHPS3e	de_te_palatalization,final_unstressed_e	P2	ˌemiɡɾˈɐ̃tʃi	4134
4135.00.01	territorial	m151rjrbWXbBqyq56tly	final_l_vocalization,initial_r_or_rr	P1	tˌeʁitˌoɾiˈaw	4135
4136.00.01	realizador	xNGAXaCH8MaasNuo7Hr7	initial_r_or_rr	P2	ʁealiˈzadoʁ	4136
4137.00.01	arrecadação	Rw38T6bn0lTNOb1aUevR	initial_r_or_rr	P2	ˌaʁekadɐsˈɐ̃w	4137
4137.00.02	arrecadação	xNGAXaCH8MaasNuo7Hr7	initial_r_or_rr	P2	ˌaʁekadɐsˈɐ̃w	4137
4138.00.01	deficiente	Rw38T6bn0lTNOb1aUevR	de_te_palatalization,final_unstressed_e	P2	dˌefisiˈẽtʃi	4138
4139.00.01	padrinho	xNGAXaCH8MaasNuo7Hr7	none	—	padɾˈĩɲu	4139
4140.00.01	elogiar	Rw38T6bn0lTNOb1aUevR	none	—	ˌeloʒiˈaʁ	4140
4141.00.01	casaco	m151rjrbWXbBqyq56tly	none	—	kɐzˈaku	4141
4142.00.01	lâmina	m151rjrbWXbBqyq56tly	none	—	lˈɐ̃minɐ	4142
4143.00.01	alongar	wxoDdfPKBuna5KnUEotz	none	—	alõˈɡaʁ	4143
4144.00.01	doido	AaeZyyi87RCxtFnHPS3e	none	—	dˈojdu	4144
4145.00.01	golfo	Rw38T6bn0lTNOb1aUevR	none	—	ɡˈowfu	4145
4146.00.01	prevalecer	ny3E2DZImeZm00WLGZi9	none	—	pɾevaleˈseʁ	4146
4147.00.01	esgoto	Rw38T6bn0lTNOb1aUevR	coda_s_ep_risk	P3	ezɡˈotu	4147
4148.00.01	povoado	xNGAXaCH8MaasNuo7Hr7	none	—	povˈoadu	4148
4149.00.01	traição	ny3E2DZImeZm00WLGZi9	none	—	tɾajsˈɐ̃w	4149
4149.00.02	traição	m151rjrbWXbBqyq56tly	none	—	tɾajsˈɐ̃w	4149
4150.00.01	plenário	m151rjrbWXbBqyq56tly	none	—	plẽˈaɾju	4150
4151.00.01	encanto	Rw38T6bn0lTNOb1aUevR	none	—	ẽkˈɐ̃tu	4151
4152.00.01	sombrio	m151rjrbWXbBqyq56tly	none	—	sõbɾˈiu	4152
4153.00.01	complexidade	AaeZyyi87RCxtFnHPS3e	de_te_palatalization,final_unstressed_e	P2	kõpleksiˈdadʒi	4153
4154.00.01	acerto	Rw38T6bn0lTNOb1aUevR	none	—	asˈɛɾtu	4154
4154.00.02	acerto	Rw38T6bn0lTNOb1aUevR	none	—	asˈɛɾtu	4154
4155.00.01	licitação	Rw38T6bn0lTNOb1aUevR	none	—	lˌisitɐsˈɐ̃w	4155
4156.00.01	molhado	wxoDdfPKBuna5KnUEotz	none	—	moʎˈadu	4156
4157.00.01	colina	wxoDdfPKBuna5KnUEotz	none	—	koˈlinɐ	4157
4158.00.01	querido	ny3E2DZImeZm00WLGZi9	none	—	keɾˈidu	4158
4159.00.01	adormecer	AaeZyyi87RCxtFnHPS3e	none	—	ˌadoɾmesˈeɾ	4159
4160.00.01	abundância	ny3E2DZImeZm00WLGZi9	none	—	ˌabũdˈɐ̃siɐ	4160
4161.00.01	pescar	m151rjrbWXbBqyq56tly	coda_s_ep_risk	P3	peʃkˈaʁ	4161
4162.00.01	recear	Rw38T6bn0lTNOb1aUevR	initial_r_or_rr	P2	ʁeseiˈaʁ	4162
4163.00.01	insuficiente	m151rjrbWXbBqyq56tly	de_te_palatalization,final_unstressed_e	P2	ĩsufisiˈẽtʃi	4163
4164.00.01	conveniente	qPfM2laM0pRL4rrZtBGl	de_te_palatalization,final_unstressed_e	P2	kõveniˈẽtʃi	4164
4165.00.01	patamar	m151rjrbWXbBqyq56tly	none	—	pataˈmaʁ	4165
4166.00.01	fortalecer	4r3G9XKliGgVZLKMgjik	none	—	foʁtɐlesˈeʁ	4166
4167.00.01	banana	qPfM2laM0pRL4rrZtBGl	none	—	bɐnˈɐ̃nɐ	4167
4167.00.02	banana	Rw38T6bn0lTNOb1aUevR	none	—	bɐnˈɐ̃nɐ	4167
4168.00.01	furar	Rw38T6bn0lTNOb1aUevR	none	—	fuɾˈaʁ	4168
4169.00.01	antiguidade	xNGAXaCH8MaasNuo7Hr7	de_te_palatalization,final_unstressed_e	P2	ɐ̃tʃiɡwidˈadʒi	4169
4170.00.01	consórcio	Rw38T6bn0lTNOb1aUevR	none	—	kõsˈɔɾsju	4170
4171.00.01	ecológico	wxoDdfPKBuna5KnUEotz	none	—	ˌekɔlˈɔʒiku	4171
4172.00.01	signo	AaeZyyi87RCxtFnHPS3e	none	—	sˈiɡnu	4172
4173.00.01	formiga	m151rjrbWXbBqyq56tly	none	—	foɾmˈiɡɐ	4173
4174.00.01	sondagem	m151rjrbWXbBqyq56tly	none	—	sõˈdaʒẽj	4174
4175.00.01	resistente	AaeZyyi87RCxtFnHPS3e	coda_s_ep_risk,de_te_palatalization,final_unstressed_e,initial_r_or_rr	P2	ʁezisˈtẽtʃi	4175
4176.00.01	repassar	Rw38T6bn0lTNOb1aUevR	coda_s_ep_risk,initial_r_or_rr	P2	ʁepasˈaʁ	4176
4176.00.02	repassar	Rw38T6bn0lTNOb1aUevR	coda_s_ep_risk,initial_r_or_rr	P2	ʁepasˈaʁ	4176
4177.00.01	devedor	qPfM2laM0pRL4rrZtBGl	none	—	dˌevedˈoʁ	4177
4178.00.01	assente	4r3G9XKliGgVZLKMgjik	coda_s_ep_risk,de_te_palatalization,final_unstressed_e,user_reported	P0	asˈẽtʃi	4178
4179.00.01	otimista	qPfM2laM0pRL4rrZtBGl	coda_s_ep_risk	P3	ˌotʃimˈistɐ	4179
4180.00.01	trilha	ny3E2DZImeZm00WLGZi9	none	—	tɾˈiʎɐ	4180
4181.00.01	incapacidade	Rw38T6bn0lTNOb1aUevR	de_te_palatalization,final_unstressed_e	P2	ĩkapasidˈadʒi	4181
4182.00.01	inverter	m151rjrbWXbBqyq56tly	none	—	ĩvɛʁtˈeʁ	4182
4183.00.01	mexicano	ny3E2DZImeZm00WLGZi9	none	—	mˌeʃikˈɐ̃nu	4183
4184.00.01	agrupamento	m151rjrbWXbBqyq56tly	none	—	aɡɾupɐmˈẽtu	4184
4185.00.01	diferenciado	qPfM2laM0pRL4rrZtBGl	none	—	dʒifeɾẽsiˈadu	4185
4186.00.01	inscrito	m151rjrbWXbBqyq56tly	coda_s_ep_risk	P3	ĩskɾˈitu	4186
4187.00.01	consoante	ny3E2DZImeZm00WLGZi9	de_te_palatalization,final_unstressed_e	P2	kõsˈoɐ̃tʃi	4187
4188.00.01	cubano	AaeZyyi87RCxtFnHPS3e	none	—	kuˈbɐ̃nu	4188
4189.00.01	monopólio	wxoDdfPKBuna5KnUEotz	none	—	monopˈɔlju	4189
4190.00.01	espanto	AaeZyyi87RCxtFnHPS3e	coda_s_ep_risk	P3	espˈɐ̃tu	4190
4190.00.02	espanto	wxoDdfPKBuna5KnUEotz	coda_s_ep_risk	P3	espˈɐ̃tu	4190
4190.00.03	espanto	m151rjrbWXbBqyq56tly	coda_s_ep_risk	P3	ˌespˈɐ̃tu	4190
4191.00.01	pilha	qPfM2laM0pRL4rrZtBGl	none	—	pˈiʎɐ	4191
4191.00.02	pilha	wxoDdfPKBuna5KnUEotz	none	—	pˈiʎɐ	4191
4192.00.01	mesquita	xNGAXaCH8MaasNuo7Hr7	coda_s_ep_risk	P3	meskˈitɐ	4192
4193.00.01	ampliação	ny3E2DZImeZm00WLGZi9	none	—	ˌɐ̃pliasˈɐ̃w	4193
4194.00.01	farmacêutico	Rw38T6bn0lTNOb1aUevR	none	—	faɾmasˈewtʃiku	4194
4194.00.02	farmacêutico	qPfM2laM0pRL4rrZtBGl	none	—	fˌaɾmasˈewtʃiku	4194
4195.00.01	repercussão	m151rjrbWXbBqyq56tly	coda_s_ep_risk,initial_r_or_rr	P2	ʁepeʁkusˈɐ̃w	4195
4196.00.01	fiscalizar	ny3E2DZImeZm00WLGZi9	coda_s_ep_risk	P3	fiskaliˈzaʁ	4196
4197.00.01	baía	Rw38T6bn0lTNOb1aUevR	user_reported	P0	baˈiɐ	4197
4198.00.01	invocar	m151rjrbWXbBqyq56tly	none	—	ĩvokˈaʁ	4198
4199.00.01	nadar	wxoDdfPKBuna5KnUEotz	none	—	nadˈaʁ	4199
4200.00.01	soprar	AaeZyyi87RCxtFnHPS3e	none	—	sopɾˈaʁ	4200
4201.00.01	pauta	m151rjrbWXbBqyq56tly	none	—	pˈawtɐ	4201
4201.00.02	pauta	wxoDdfPKBuna5KnUEotz	none	—	pˈawtɐ	4201
4202.00.01	erudito	Rw38T6bn0lTNOb1aUevR	none	—	eɾudʒˈitu	4202
4203.00.01	interação	Rw38T6bn0lTNOb1aUevR	none	—	ĩteɾasˈɐ̃w̃	4203
4204.00.01	fumaça	m151rjrbWXbBqyq56tly	none	—	fumˈasɐ	4204
4205.00.01	matéria-prima	Rw38T6bn0lTNOb1aUevR	none	—	mɐtˈɛɾjɐpɾˈimɐ	4205
4206.00.01	docente	Rw38T6bn0lTNOb1aUevR	de_te_palatalization,final_unstressed_e	P2	dosˈẽtʃi	4206
4207.00.01	ordenado	4r3G9XKliGgVZLKMgjik	none	—	ˌoɾdenˈadu	4207
4207.00.02	ordenado	Rw38T6bn0lTNOb1aUevR	none	—	ˌoɾdenˈadu	4207
4207.00.03	ordenado	xNGAXaCH8MaasNuo7Hr7	none	—	ˌoɾdenˈadu	4207
4208.00.01	seara	m151rjrbWXbBqyq56tly	none	—	sˈeaɾɐ	4208
4209.00.01	aposentadoria	4r3G9XKliGgVZLKMgjik	none	—	ˌapozẽtadoɾˈiɐ	4209
4209.00.02	aposentadoria	AaeZyyi87RCxtFnHPS3e	none	—	ˌapozẽtadoɾˈiɐ	4209
4210.00.01	anteceder	ny3E2DZImeZm00WLGZi9	none	—	ˌɐ̃ntesedˈeɾ	4210
4211.00.01	magia	m151rjrbWXbBqyq56tly	none	—	maˈʒiɐ	4211
4212.00.01	tutela	xNGAXaCH8MaasNuo7Hr7	none	—	tutˈɛlɐ	4212
4213.00.01	outono	Rw38T6bn0lTNOb1aUevR	none	—	owtˈonu	4213
4214.00.01	impossibilidade	Rw38T6bn0lTNOb1aUevR	coda_s_ep_risk,de_te_palatalization,final_unstressed_e	P2	ĩpˌosibilidˈadʒi	4214
4215.00.01	namorar	xNGAXaCH8MaasNuo7Hr7	none	—	nɐmoɾˈaʁ	4215
4216.00.01	acostumado	ny3E2DZImeZm00WLGZi9	coda_s_ep_risk	P3	ˌakostumˈadu	4216
4217.00.01	seguido	m151rjrbWXbBqyq56tly	none	—	seɡˈidu	4217
4218.00.01	caseiro	m151rjrbWXbBqyq56tly	none	—	kɐzˈejɾu	4218
4218.00.02	caseiro	Rw38T6bn0lTNOb1aUevR	none	—	kazˈejɾu	4218
4219.00.01	diplomata	ny3E2DZImeZm00WLGZi9	none	—	dʒiplomˈatɐ	4219
4220.00.01	flexível	xNGAXaCH8MaasNuo7Hr7	final_l_vocalization	P1	fleksˈivew	4220
4222.00.01	dedicação	Rw38T6bn0lTNOb1aUevR	none	—	dˌedʒikasˈɐ̃w	4222
4223.00.01	bagagem	Rw38T6bn0lTNOb1aUevR	none	—	baɡˈaʒẽ	4223
4224.00.01	qualificação	Rw38T6bn0lTNOb1aUevR	none	—	kwalifˌikasˈɐ̃w	4224
4225.00.01	surpreendente	m151rjrbWXbBqyq56tly	de_te_palatalization,final_unstressed_e	P2	suʁpɾiẽˈdẽtʃi	4225
4226.00.01	integrado	m151rjrbWXbBqyq56tly	none	—	ĩteɡɾˈadu	4226
4227.00.01	doer	xNGAXaCH8MaasNuo7Hr7	user_reported	P0	doˈeʁ	4227
4228.00.01	periódico	AaeZyyi87RCxtFnHPS3e	none	—	peɾiˈɔdʒiku	4228
4228.00.02	periódico	Rw38T6bn0lTNOb1aUevR	none	—	peɾiˈɔdʒiku	4228
4229.00.01	alargamento	Rw38T6bn0lTNOb1aUevR	none	—	ˌalaɾɡɐmˈẽtu	4229
4230.00.01	madame	Rw38T6bn0lTNOb1aUevR	final_unstressed_e	P2	madˈɐ̃mi	4230
4231.00.01	gelado	4r3G9XKliGgVZLKMgjik	none	—	ʒelˈadu	4231
4231.00.02	gelado	m151rjrbWXbBqyq56tly	none	—	ʒelˈadu	4231
4232.00.01	trair	ny3E2DZImeZm00WLGZi9	none	—	tɾaˈiʁ	4232
4233.00.01	distrair	m151rjrbWXbBqyq56tly	coda_s_ep_risk	P3	dʒistɾaˈiʁ	4233
4234.00.01	grade	ny3E2DZImeZm00WLGZi9	de_te_palatalization,final_unstressed_e,user_reported	P0	ɡɾˈadʒi	4234
4234.00.02	grade	ny3E2DZImeZm00WLGZi9	de_te_palatalization,final_unstressed_e,user_reported	P0	ɡɾˈadʒi	4234
4236.00.01	úmido	ny3E2DZImeZm00WLGZi9	none	—	ˈumidu	4236
4237.00.01	corporação	m151rjrbWXbBqyq56tly	none	—	kˌoɾpoɾasˈɐ̃w	4237
4238.00.01	diferenciar	wxoDdfPKBuna5KnUEotz	none	—	dʒifeɾẽsiˈaʁ	4238
4239.00.01	lazer	Rw38T6bn0lTNOb1aUevR	none	—	lazˈeʁ	4239
4240.00.01	citação	AaeZyyi87RCxtFnHPS3e	none	—	sitɐsˈɐ̃w	4240
4241.00.01	resgatar	xNGAXaCH8MaasNuo7Hr7	coda_s_ep_risk,initial_r_or_rr	P2	ʁezɡatˈaʁ	4241
4242.00.01	vibrar	wxoDdfPKBuna5KnUEotz	none	—	vibɾˈaʁ	4242
4243.00.01	terça-feira	m151rjrbWXbBqyq56tly	none	—	tˈɛɾsɐfˈejɾɐ	4243
4244.00.01	vão	4r3G9XKliGgVZLKMgjik	none	—	vˈɐ̃w̃	4244
4245.00.01	mania	Rw38T6bn0lTNOb1aUevR	none	—	mɐnˈiɐ	4245
4245.00.02	mania	AaeZyyi87RCxtFnHPS3e	none	—	mɐnˈiɐ	4245
4246.00.01	imobiliário	4r3G9XKliGgVZLKMgjik	none	—	ĩmobiliˈaɾju	4246
4247.00.01	seita	AaeZyyi87RCxtFnHPS3e	none	—	sˈejtɐ	4247
4248.00.01	boneca	qPfM2laM0pRL4rrZtBGl	none	—	bonˈɛkɐ	4248
4249.00.01	piedade	4r3G9XKliGgVZLKMgjik	de_te_palatalization,final_unstressed_e	P2	pjedˈadʒi	4249
4249.00.02	piedade	AaeZyyi87RCxtFnHPS3e	de_te_palatalization,final_unstressed_e	P2	pjedˈadʒi	4249
4250.00.01	diligência	Rw38T6bn0lTNOb1aUevR	none	—	dʒiliʒˈẽsiɐ	4250
4251.00.01	alumínio	4r3G9XKliGgVZLKMgjik	none	—	ˌalumˈinju	4251
4252.00.01	solene	qPfM2laM0pRL4rrZtBGl	final_unstressed_e	P2	soˈleni	4252
4253.00.01	elefante	m151rjrbWXbBqyq56tly	de_te_palatalization,final_unstressed_e	P2	ˌelefˈɐ̃tʃi	4253
4254.00.01	ofender	Rw38T6bn0lTNOb1aUevR	none	—	ofẽˈdeʁ	4254
4255.00.01	varanda	Rw38T6bn0lTNOb1aUevR	none	—	vaɾˈɐ̃dɐ	4255
4255.00.02	varanda	qPfM2laM0pRL4rrZtBGl	none	—	vɐɾˈɐ̃dɐ	4255
4256.00.01	responsabilizar	4r3G9XKliGgVZLKMgjik	coda_s_ep_risk,initial_r_or_rr	P2	ʁespõsabiliˈzaʁ	4256
4257.00.01	discordar	4r3G9XKliGgVZLKMgjik	coda_s_ep_risk	P3	dʒiskoɾdˈaʁ	4257
4258.00.01	documentário	AaeZyyi87RCxtFnHPS3e	none	—	dˌokumẽˈtaɾju	4258
4259.00.01	plateia	m151rjrbWXbBqyq56tly	none	—	platˈɛjɐ	4259
4260.00.01	alívio	AaeZyyi87RCxtFnHPS3e	none	—	alˈivju	4260
4261.00.01	fazendeiro	wxoDdfPKBuna5KnUEotz	none	—	fazẽˈdejɾu	4261
4262.00.01	abelha	m151rjrbWXbBqyq56tly	none	—	abˈeʎɐ	4262
4263.00.01	aceso	4r3G9XKliGgVZLKMgjik	none	—	ɐsˈezu	4263
4264.00.01	reconstrução	qPfM2laM0pRL4rrZtBGl	coda_s_ep_risk,initial_r_or_rr	P2	ʁekõstɾusˈɐ̃w̃	4264
4265.00.01	teor	Rw38T6bn0lTNOb1aUevR	none	—	teˈoʁ	4265
4265.00.02	teor	Rw38T6bn0lTNOb1aUevR	none	—	teˈoʁ	4265
4266.00.01	manta	wxoDdfPKBuna5KnUEotz	none	—	mˈɐ̃tɐ	4266
4267.00.01	judaico	m151rjrbWXbBqyq56tly	user_reported	P0	ʒudˈajku	4267
4269.00.01	refém	wxoDdfPKBuna5KnUEotz	initial_r_or_rr	P2	ʁefˈẽ	4269
4270.00.01	sentimental	AaeZyyi87RCxtFnHPS3e	final_l_vocalization	P1	sẽtʃimẽtˈaw	4270
4271.00.01	austríaco	m151rjrbWXbBqyq56tly	coda_s_ep_risk	P3	ˌawsˈtɾiaku	4271
4272.00.01	encostar	ny3E2DZImeZm00WLGZi9	coda_s_ep_risk	P3	ẽkostˈaʁ	4272
4273.00.01	portaria	m151rjrbWXbBqyq56tly	none	—	poʁtaɾˈiɐ	4273
4274.00.01	evocar	qPfM2laM0pRL4rrZtBGl	none	—	evokˈaʁ	4274
4275.00.01	modernização	AaeZyyi87RCxtFnHPS3e	none	—	mˌodeɾnizɐsˈɐ̃w	4275
4276.00.01	interferência	4r3G9XKliGgVZLKMgjik	none	—	ˌĩteɾfeɾˈẽsjɐ	4276
4277.00.01	exagerado	xNGAXaCH8MaasNuo7Hr7	none	—	ˌezaʒeɾˈadu	4277
4278.00.01	gêmeo	ny3E2DZImeZm00WLGZi9	none	—	ʒˈemeu	4278
4279.00.01	garota	m151rjrbWXbBqyq56tly	none	—	ɡaɾˈɔtɐ	4279
4280.00.01	competitivo	Rw38T6bn0lTNOb1aUevR	none	—	kõpetʃitʃˈivu	4280
4281.00.01	cru	m151rjrbWXbBqyq56tly	none	—	kɾˈu	4281
4282.00.01	ferver	m151rjrbWXbBqyq56tly	none	—	feɾvˈeʁ	4282
4283.00.01	cesto	wxoDdfPKBuna5KnUEotz	coda_s_ep_risk	P3	sˈestu	4283
4284.00.01	saneamento	m151rjrbWXbBqyq56tly	none	—	sɐneɐmˈẽtu	4284
4285.00.01	cais	m151rjrbWXbBqyq56tly	none	—	kˈajs	4285
4286.00.01	escondido	4r3G9XKliGgVZLKMgjik	coda_s_ep_risk	P3	ˌeskõdʒˈidu	4286
4287.00.01	anualmente	xNGAXaCH8MaasNuo7Hr7	de_te_palatalization,final_unstressed_e	P2	ˌanuawmˈẽtʃi	4287
4288.00.01	fósforo	m151rjrbWXbBqyq56tly	coda_s_ep_risk	P3	fˈɔsfoɾu	4288
4289.00.01	eliminação	Rw38T6bn0lTNOb1aUevR	none	—	ˌelimĩnɐsˈɐ̃w	4289
4290.00.01	quarta-feira	Rw38T6bn0lTNOb1aUevR	none	—	kwˈaɾtɐfˈejɾɐ	4290
4291.00.01	química	m151rjrbWXbBqyq56tly	none	—	kˈimikɐ	4291
4292.00.01	marchar	m151rjrbWXbBqyq56tly	none	—	maʁʃˈaʁ	4292
4293.00.01	pensador	Rw38T6bn0lTNOb1aUevR	none	—	pẽsɐdˈoʁ	4293
4294.00.01	metrópole	Rw38T6bn0lTNOb1aUevR	final_unstressed_e	P2	metɾˈɔpoli	4294
4295.00.01	arqueológico	Rw38T6bn0lTNOb1aUevR	none	—	ˌaɾkiolˈɔʒiku	4295
4296.00.01	perfume	wxoDdfPKBuna5KnUEotz	final_unstressed_e	P2	peɾfˈumi	4296
4297.00.01	gaveta	Rw38T6bn0lTNOb1aUevR	none	—	ɡavˈɛtɐ	4297
4298.00.01	conveniência	Rw38T6bn0lTNOb1aUevR	none	—	kõveniˈẽsiɐ	4298
4299.00.01	criminal	m151rjrbWXbBqyq56tly	final_l_vocalization	P1	kɾiminˈaw	4299
4300.00.01	poça	Rw38T6bn0lTNOb1aUevR	none	—	pˈosɐ	4300
4301.00.01	delírio	Rw38T6bn0lTNOb1aUevR	none	—	delˈiɾiu	4301
4302.00.01	desigualdade	ny3E2DZImeZm00WLGZi9	de_te_palatalization,final_unstressed_e	P2	dˌeziɡwawdˈadʒi	4302
4303.00.01	largamente	m151rjrbWXbBqyq56tly	de_te_palatalization,final_unstressed_e	P2	laɾɡɐmˈẽtʃi	4303
4304.00.01	tímido	4r3G9XKliGgVZLKMgjik	none	—	tʃˈimidu	4304
4305.00.01	crista	Rw38T6bn0lTNOb1aUevR	coda_s_ep_risk	P3	kɾˈistɐ	4305
4306.00.01	tributo	AaeZyyi87RCxtFnHPS3e	none	—	tɾiˈbutu	4306
4307.00.01	regulamentação	Rw38T6bn0lTNOb1aUevR	initial_r_or_rr	P2	ʁeɡulɐmẽtɐsˈɐ̃w	4307
4308.00.01	câmera	Rw38T6bn0lTNOb1aUevR	none	—	kˈɐ̃meɾɐ	4308
4309.00.01	irônico	m151rjrbWXbBqyq56tly	none	—	iˈɾõniku	4309
4310.00.01	agredir	ny3E2DZImeZm00WLGZi9	none	—	aɡɾedʒˈiʁ	4310
4311.00.01	fluido	AaeZyyi87RCxtFnHPS3e	none	—	flˈuidu	4311
4312.00.01	redigir	Rw38T6bn0lTNOb1aUevR	initial_r_or_rr	P2	ʁedʒiʒˈiʁ	4312
4313.00.01	restabelecer	4r3G9XKliGgVZLKMgjik	coda_s_ep_risk,initial_r_or_rr	P2	ʁestabˌelesˈeʁ	4313
4314.00.01	oral	qPfM2laM0pRL4rrZtBGl	final_l_vocalization,same_spelling_en_pt	P1	oɾˈaw	4314
4315.00.01	calmo	4r3G9XKliGgVZLKMgjik	none	—	kˈawmu	4315
4316.00.01	impressionante	m151rjrbWXbBqyq56tly	coda_s_ep_risk,de_te_palatalization,final_unstressed_e	P2	ĩpɾesiˈõnɐ̃tʃi	4316
4317.00.01	arrecadar	m151rjrbWXbBqyq56tly	initial_r_or_rr	P2	ˌaʁekadˈaʁ	4317
4317.00.02	arrecadar	qPfM2laM0pRL4rrZtBGl	initial_r_or_rr	P2	ˌaʁekadˈaʁ	4317
4318.00.01	interrupção	4r3G9XKliGgVZLKMgjik	initial_r_or_rr	P2	ˌĩteʁupsˈɐ̃w	4318
4319.00.01	fabricação	m151rjrbWXbBqyq56tly	none	—	fabɾikasˈɐ̃w̃	4319
4320.00.01	convergência	Rw38T6bn0lTNOb1aUevR	none	—	kõveɾʒˈẽsiɐ	4320
4321.00.01	contatar	4r3G9XKliGgVZLKMgjik	none	—	kõtɐtˈaʁ	4321
4322.00.01	missionário	m151rjrbWXbBqyq56tly	coda_s_ep_risk	P3	mˌisjonˈaɾju	4322
4323.00.01	auditório	m151rjrbWXbBqyq56tly	none	—	ˌawdʒitˈɔɾju	4323
4323.00.02	auditório	m151rjrbWXbBqyq56tly	none	—	ˌawdʒitˈɔɾju	4323
4324.00.01	ambicioso	ny3E2DZImeZm00WLGZi9	none	—	ˌɐ̃bisiˈozu	4324
4325.00.01	comunismo	qPfM2laM0pRL4rrZtBGl	coda_s_ep_risk	P3	kˌomunˈizmu	4325
4326.00.01	cardíaco	m151rjrbWXbBqyq56tly	none	—	kaɾdʒˈiaku	4326
4327.00.01	hostilidade	Rw38T6bn0lTNOb1aUevR	coda_s_ep_risk,de_te_palatalization,final_unstressed_e,h_initial_english_risk	P1	ˌostʃilidˈadʒi	4327
4328.00.01	diversão	ny3E2DZImeZm00WLGZi9	none	—	dʒivɛɾsˈɐ̃w	4328
4329.00.01	moer	Rw38T6bn0lTNOb1aUevR	none	—	moˈeʁ	4329
4330.00.01	partilha	4r3G9XKliGgVZLKMgjik	none	—	paɾtʃˈiʎɐ	4330
4331.00.01	puramente	ny3E2DZImeZm00WLGZi9	de_te_palatalization,final_unstressed_e	P2	puɾɐmˈẽtʃi	4331
4332.00.01	enterro	m151rjrbWXbBqyq56tly	initial_r_or_rr	P2	ẽtˈɛʁu	4332
4333.00.01	amargo	Rw38T6bn0lTNOb1aUevR	none	—	ɐmˈaɾɡu	4333
4334.00.01	pureza	ny3E2DZImeZm00WLGZi9	none	—	puɾˈezɐ	4334
4335.00.01	mídia	m151rjrbWXbBqyq56tly	none	—	mˈidʒiɐ	4335
4336.00.01	colar	m151rjrbWXbBqyq56tly	none	—	kolˈaʁ	4336
4337.00.01	cacho	AaeZyyi87RCxtFnHPS3e	none	—	kˈaʃu	4337
4338.00.01	adivinhar	m151rjrbWXbBqyq56tly	none	—	ˌadʒiviɲˈaʁ	4338
4339.00.01	canoa	m151rjrbWXbBqyq56tly	none	—	kɐnˈoɐ	4339
4340.00.01	moreno	Rw38T6bn0lTNOb1aUevR	none	—	moɾˈenu	4340
4341.00.01	divórcio	Rw38T6bn0lTNOb1aUevR	none	—	dʒivˈɔɾsju	4341
4342.00.01	foro	qPfM2laM0pRL4rrZtBGl	none	—	fˈɔɾu	4342
4343.00.01	casco	ny3E2DZImeZm00WLGZi9	coda_s_ep_risk	P3	kˈasku	4343
4343.00.02	casco	qPfM2laM0pRL4rrZtBGl	coda_s_ep_risk	P3	kˈasku	4343
4344.00.01	cimeira	Rw38T6bn0lTNOb1aUevR	none	—	siˈmejɾɐ	4344
4345.00.01	formoso	m151rjrbWXbBqyq56tly	none	—	foɾmˈozu	4345
4346.00.01	caminhada	xNGAXaCH8MaasNuo7Hr7	none	—	kɐmĩˈɲadɐ	4346
4347.00.01	banqueiro	m151rjrbWXbBqyq56tly	none	—	bɐ̃ŋkˈejɾu	4347
4348.00.01	coleta	xNGAXaCH8MaasNuo7Hr7	none	—	koˈlɛtɐ	4348
4348.00.02	coleta	m151rjrbWXbBqyq56tly	none	—	koˈlɛtɐ	4348
4348.00.03	coleta	m151rjrbWXbBqyq56tly	none	—	koˈlɛtɐ	4348
4349.00.01	besta	Rw38T6bn0lTNOb1aUevR	coda_s_ep_risk	P3	bˈɛstɐ	4349
4350.00.01	noroeste	Rw38T6bn0lTNOb1aUevR	coda_s_ep_risk,de_te_palatalization,final_unstressed_e	P2	nˌoɾoˈɛstʃi	4350
4351.00.01	vácuo	m151rjrbWXbBqyq56tly	none	—	vˈakuu	4351
4352.00.01	amarrar	4r3G9XKliGgVZLKMgjik	initial_r_or_rr	P2	ˌamaˈʁaʁ	4352
4353.00.01	jornalístico	ny3E2DZImeZm00WLGZi9	coda_s_ep_risk	P3	ʒoʁnalˈistʃiku	4353
4354.00.01	complicação	Rw38T6bn0lTNOb1aUevR	none	—	kõplikanˈsɐ̃w̃	4354
4355.00.01	odiar	xNGAXaCH8MaasNuo7Hr7	none	—	ˌodʒiˈaɾ	4355
4356.00.01	exclusão	4r3G9XKliGgVZLKMgjik	none	—	ˌeskluzˈɐ̃w	4356
4357.00.01	parado	4r3G9XKliGgVZLKMgjik	none	—	paɾˈadu	4357
4358.00.01	dobro	Rw38T6bn0lTNOb1aUevR	none	—	dˈobɾu	4358
4359.00.01	ira	qPfM2laM0pRL4rrZtBGl	none	—	ˈiɾɐ	4359
4360.00.01	fidalgo	4r3G9XKliGgVZLKMgjik	none	—	fidˈawɡu	4360
4361.00.01	anexo	xNGAXaCH8MaasNuo7Hr7	none	—	ɐnˈɛksu	4361
4361.00.02	anexo	wxoDdfPKBuna5KnUEotz	none	—	ɐnˈɛksu	4361
4362.00.01	cólera	AaeZyyi87RCxtFnHPS3e	none	—	kˈɔleɾɐ	4362
4363.00.01	ensinamento	Rw38T6bn0lTNOb1aUevR	none	—	ẽsinɐmˈẽtu	4363
4364.00.01	infante	m151rjrbWXbBqyq56tly	de_te_palatalization,final_unstressed_e	P2	ĩfˈɐ̃tʃi	4364
4364.00.02	infante	Rw38T6bn0lTNOb1aUevR	de_te_palatalization,final_unstressed_e	P2	ĩfˈɐ̃tʃi	4364
4365.00.01	débito	Rw38T6bn0lTNOb1aUevR	none	—	dˈɛbitu	4365
4365.00.02	débito	Rw38T6bn0lTNOb1aUevR	none	—	dˈɛbitu	4365
4366.00.01	ronda	Rw38T6bn0lTNOb1aUevR	initial_r_or_rr	P2	ʁˈõdɐ	4366
4366.00.02	ronda	Rw38T6bn0lTNOb1aUevR	initial_r_or_rr	P2	ʁˈõdɐ	4366
4367.00.01	consecutivo	4r3G9XKliGgVZLKMgjik	none	—	kõsekutʃˈivu	4367
4368.00.01	cozido	AaeZyyi87RCxtFnHPS3e	none	—	kˌozˈidu	4368
4368.00.02	cozido	m151rjrbWXbBqyq56tly	none	—	kˌozˈidu	4368
4369.00.01	virado	AaeZyyi87RCxtFnHPS3e	none	—	viɾˈadu	4369
4370.00.01	fileira	4r3G9XKliGgVZLKMgjik	none	—	fiˈlejɾɐ	4370
4371.00.01	submarino	ny3E2DZImeZm00WLGZi9	none	—	submɐɾˈinu	4371
4372.00.01	arame	AaeZyyi87RCxtFnHPS3e	final_unstressed_e	P2	aɾˈɐ̃mi	4372
4373.00.01	flutuar	xNGAXaCH8MaasNuo7Hr7	none	—	flutuˈaɾ	4373
4373.00.02	flutuar	wxoDdfPKBuna5KnUEotz	none	—	flutuˈaʁ	4373
4374.00.01	atrativo	Rw38T6bn0lTNOb1aUevR	none	—	atɾatʃˈivu	4374
4375.00.01	luva	Rw38T6bn0lTNOb1aUevR	none	—	lˈuvɐ	4375
4376.00.01	vinculado	m151rjrbWXbBqyq56tly	none	—	vĩkulˈadu	4376
4377.00.01	propício	AaeZyyi87RCxtFnHPS3e	none	—	pɾˌopˈisiu	4377
4378.00.01	envelhecer	wxoDdfPKBuna5KnUEotz	none	—	ẽveʎeˈseʁ	4378
4379.00.01	dia a dia	Rw38T6bn0lTNOb1aUevR	none	—	dʒˈiɐ a dʒˈiɐ	4379
4380.00.01	casto	Rw38T6bn0lTNOb1aUevR	coda_s_ep_risk,user_reported	P0	kˈastu	4380
4381.00.01	cera	Rw38T6bn0lTNOb1aUevR	user_reported	P0	sˈɛɾɐ	4381
4382.00.01	reverter	Rw38T6bn0lTNOb1aUevR	initial_r_or_rr	P2	ʁevexˈteʁ	4382
4383.00.01	obscuro	Rw38T6bn0lTNOb1aUevR	coda_s_ep_risk	P3	obskˈuɾu	4383
4384.00.01	continental	4r3G9XKliGgVZLKMgjik	final_l_vocalization	P1	kõtʃinẽnˈtaw	4384
4385.00.01	publicitário	wxoDdfPKBuna5KnUEotz	none	—	pˌublisiˈtaɾju	4385
4386.00.01	choro	xNGAXaCH8MaasNuo7Hr7	none	—	ʃˈoɾu	4386
4387.00.01	explosivo	xNGAXaCH8MaasNuo7Hr7	none	—	ˌesploˈzivu	4387
4388.00.01	protetor	wxoDdfPKBuna5KnUEotz	none	—	pɾotʃetˈoʁ	4388
4388.00.02	protetor	AaeZyyi87RCxtFnHPS3e	none	—	pɾotʃetˈoʁ	4388
4388.00.03	protetor	ny3E2DZImeZm00WLGZi9	none	—	pɾotʃetˈoʁ	4388
4389.00.01	marketing	Rw38T6bn0lTNOb1aUevR	english_loanword	P1	ˈmaɾketʃĩ	4389
4390.00.01	sincero	Rw38T6bn0lTNOb1aUevR	none	—	sĩsˈɛɾu	4390
4391.00.01	sargento	m151rjrbWXbBqyq56tly	none	—	saʁʒˈẽtu	4391
4392.00.01	oitavo	m151rjrbWXbBqyq56tly	none	—	ˌojtˈavu	4392
4393.00.01	troço	m151rjrbWXbBqyq56tly	ep_leftover_named	P0	tɾˈɔsu	4393
4393.00.02	troço	wxoDdfPKBuna5KnUEotz	ep_leftover_named	P0	tɾˈɔsu	4393
4394.00.01	livremente	ny3E2DZImeZm00WLGZi9	de_te_palatalization,final_unstressed_e	P2	lˌivɾemˈẽtʃi	4394
4395.00.01	difusão	Rw38T6bn0lTNOb1aUevR	none	—	dʒifuzˈɐ̃w	4395
4396.00.01	defensivo	ny3E2DZImeZm00WLGZi9	none	—	dˌefẽsˈivu	4396
4397.00.01	atar	m151rjrbWXbBqyq56tly	none	—	atˈaʁ	4397
4398.00.01	indiferença	wxoDdfPKBuna5KnUEotz	none	—	ĩdʒifeɾˈẽsɐ	4398
4399.00.01	acervo	Rw38T6bn0lTNOb1aUevR	none	—	asˈɛɾvu	4399
4400.00.01	concentrado	ny3E2DZImeZm00WLGZi9	none	—	kõsẽˈtɾadu	4400
4401.00.01	distanciar	4r3G9XKliGgVZLKMgjik	coda_s_ep_risk	P3	dʒistɐ̃siˈaʁ	4401
4402.00.01	credibilidade	m151rjrbWXbBqyq56tly	de_te_palatalization,final_unstressed_e	P2	kɾedʒibilidˈadʒi	4402
4403.00.01	acusado	Rw38T6bn0lTNOb1aUevR	none	—	ˌakuzˈadu	4403
4404.00.01	rolo	m151rjrbWXbBqyq56tly	initial_r_or_rr	P2	ʁˈɔlu	4404
4405.00.01	usina	Rw38T6bn0lTNOb1aUevR	none	—	uzˈinɐ	4405
4406.00.01	previamente	AaeZyyi87RCxtFnHPS3e	de_te_palatalization,final_unstressed_e	P2	pɾeviɐmˈẽtʃi	4406
4407.00.01	violação	Rw38T6bn0lTNOb1aUevR	none	—	vjolɐsˈɐ̃w	4407
4408.00.01	arquipélago	wxoDdfPKBuna5KnUEotz	none	—	ˌaɾkiˈpɛlaɡu	4408
4409.00.01	especificar	Rw38T6bn0lTNOb1aUevR	coda_s_ep_risk	P3	ˌespesifikˈaʁ	4409
4410.00.01	pasto	xNGAXaCH8MaasNuo7Hr7	coda_s_ep_risk	P3	pˈastu	4410
4410.00.02	pasto	xNGAXaCH8MaasNuo7Hr7	coda_s_ep_risk	P3	pˈastu	4410
4411.00.01	feixe	ny3E2DZImeZm00WLGZi9	final_unstressed_e	P2	fˈejʃi	4411
4411.00.02	feixe	Rw38T6bn0lTNOb1aUevR	final_unstressed_e	P2	fˈejʃi	4411
4412.00.01	discriminação	AaeZyyi87RCxtFnHPS3e	coda_s_ep_risk	P3	dʒiskɾiminɐsˈɐ̃w	4412
4413.00.01	fértil	ny3E2DZImeZm00WLGZi9	final_l_vocalization	P1	fˈɛɾtʃiw	4413
4414.00.01	marcador	Rw38T6bn0lTNOb1aUevR	none	—	maɾkadˈoʁ	4414
4414.00.02	marcador	Rw38T6bn0lTNOb1aUevR	none	—	maɾkadˈoʁ	4414
4415.00.01	vetor	Rw38T6bn0lTNOb1aUevR	none	—	vetˈoʁ	4415
4416.00.01	parcialmente	Rw38T6bn0lTNOb1aUevR	de_te_palatalization,final_unstressed_e	P2	paɾsiˈawmẽtʃi	4416
4417.00.01	compacto	wxoDdfPKBuna5KnUEotz	none	—	kõpˈaktu	4417
4418.00.01	aluguel	4r3G9XKliGgVZLKMgjik	final_l_vocalization	P1	alugˈɛw	4418
4419.00.01	remover	Rw38T6bn0lTNOb1aUevR	initial_r_or_rr	P2	ʁemovˈeʁ	4419
4420.00.01	instabilidade	Rw38T6bn0lTNOb1aUevR	coda_s_ep_risk,de_te_palatalization,final_unstressed_e	P2	ĩstabiliˈdadʒi	4420
4421.00.01	superioridade	AaeZyyi87RCxtFnHPS3e	de_te_palatalization,final_unstressed_e	P2	supˌeɾioɾidˈadʒi	4421
4422.00.01	suposto	xNGAXaCH8MaasNuo7Hr7	coda_s_ep_risk	P3	supˈostu	4422
4423.00.01	miserável	Rw38T6bn0lTNOb1aUevR	final_l_vocalization	P1	mizeɾˈavɛw	4423
4424.00.01	mouro	Rw38T6bn0lTNOb1aUevR	user_reported	P0	mˈowɾu	4424
4425.00.01	cumprimentar	Rw38T6bn0lTNOb1aUevR	none	—	kũpɾimẽtˈaʁ	4425
4426.00.01	coerente	m151rjrbWXbBqyq56tly	de_te_palatalization,final_unstressed_e	P2	koeˈɾẽtʃi	4426
4427.00.01	aperfeiçoar	wxoDdfPKBuna5KnUEotz	none	—	ˌapeɾfejsoˈaɾ	4427
4428.00.01	unicamente	m151rjrbWXbBqyq56tly	de_te_palatalization,final_unstressed_e	P2	ˌunikɐmˈẽtʃi	4428
4429.00.01	boletim	AaeZyyi87RCxtFnHPS3e	none	—	boletʃˈĩ	4429
4430.00.01	tabuleiro	m151rjrbWXbBqyq56tly	none	—	tabul'ejɾu	4430
4430.00.02	tabuleiro	AaeZyyi87RCxtFnHPS3e	none	—	tˌabulˈejɾu	4430
4431.00.01	didático	qPfM2laM0pRL4rrZtBGl	none	—	dʒidˈatʃiku	4431
4432.00.01	assaltar	Rw38T6bn0lTNOb1aUevR	coda_s_ep_risk	P3	asawˈtaʁ	4432
4433.00.01	toca	ny3E2DZImeZm00WLGZi9	none	—	tˈɔkɐ	4433
4434.00.01	contribuinte	wxoDdfPKBuna5KnUEotz	de_te_palatalization,final_unstressed_e	P2	kõtɾibuˈĩtʃi	4434
4435.00.01	consequente	qPfM2laM0pRL4rrZtBGl	de_te_palatalization,final_unstressed_e	P2	kõsekwˈẽtʃi	4435
4436.00.01	desmentir	m151rjrbWXbBqyq56tly	coda_s_ep_risk	P3	dʒizmẽtʃˈiʁ	4436
4436.00.02	desmentir	m151rjrbWXbBqyq56tly	coda_s_ep_risk	P3	dˌezmẽtʃˈiʁ	4436
4436.00.03	desmentir	Rw38T6bn0lTNOb1aUevR	coda_s_ep_risk	P3	dˌezmẽtʃˈiʁ	4436
4437.00.01	indenização	qPfM2laM0pRL4rrZtBGl	none	—	ĩdẽnizɐsˈɐ̃w	4437
4438.00.01	intensificar	4r3G9XKliGgVZLKMgjik	none	—	ĩtẽsifiˈkaʁ	4438
4439.00.01	ente	AaeZyyi87RCxtFnHPS3e	de_te_palatalization,final_unstressed_e	P2	ˈẽtʃi	4439
4440.00.01	analista	4r3G9XKliGgVZLKMgjik	coda_s_ep_risk	P3	ˌanɐlˈistɐ	4440
4441.00.01	embaixo	qPfM2laM0pRL4rrZtBGl	none	—	ẽbˈajʃu	4441
4442.00.01	explícito	m151rjrbWXbBqyq56tly	none	—	esplˈisitu	4442
4443.00.01	compartilhar	m151rjrbWXbBqyq56tly	none	—	kõpaɾtʃiʎˈaʁ	4443
4444.00.01	ibérico	Rw38T6bn0lTNOb1aUevR	none	—	ibˈɛɾiku	4444
4445.00.01	inocência	AaeZyyi87RCxtFnHPS3e	none	—	ˌinosˈẽsiɐ	4445
4446.00.01	horizontal	Rw38T6bn0lTNOb1aUevR	final_l_vocalization,h_initial_english_risk,same_spelling_en_pt	P1	oɾizõtˈaw	4446
4447.00.01	brando	wxoDdfPKBuna5KnUEotz	none	—	bɾˈɐ̃du	4447
4448.00.01	nó	Rw38T6bn0lTNOb1aUevR	none	—	nˈɔ	4448
4449.00.01	estrago	m151rjrbWXbBqyq56tly	coda_s_ep_risk	P3	estɾˈaɡu	4449
4450.00.01	espantoso	4r3G9XKliGgVZLKMgjik	coda_s_ep_risk	P3	ˌespɐ̃ˈtozu	4450
4451.00.01	inscrever	qPfM2laM0pRL4rrZtBGl	coda_s_ep_risk	P3	ĩskɾevˈeʁ	4451
4452.00.01	frade	qPfM2laM0pRL4rrZtBGl	de_te_palatalization,final_unstressed_e	P2	fɾˈadʒi	4452
4453.00.01	antecedente	4r3G9XKliGgVZLKMgjik	de_te_palatalization,final_unstressed_e	P2	ˌɐ̃ntesedˈẽntʃi	4453
4454.00.01	ginásio	m151rjrbWXbBqyq56tly	none	—	ʒinˈazju	4454
4454.00.02	ginásio	4r3G9XKliGgVZLKMgjik	none	—	ʒinˈaziu	4454
4455.00.01	vigiar	xNGAXaCH8MaasNuo7Hr7	none	—	viʒiˈaʁ	4455
4456.00.01	aviação	xNGAXaCH8MaasNuo7Hr7	none	—	ˌaviasˈɐ̃w̃	4456
4457.00.01	galho	xNGAXaCH8MaasNuo7Hr7	none	—	ɡˈaʎu	4457
4458.00.01	suíço	m151rjrbWXbBqyq56tly	none	—	suˈisu	4458
4459.00.01	inovador	m151rjrbWXbBqyq56tly	none	—	ˌinovadˈoʁ	4459
4459.00.02	inovador	Rw38T6bn0lTNOb1aUevR	none	—	ˌinovadˈoʁ	4459
4460.00.01	brutal	m151rjrbWXbBqyq56tly	final_l_vocalization,same_spelling_en_pt	P1	bɾutˈaw	4460
4461.00.01	ilustração	Rw38T6bn0lTNOb1aUevR	coda_s_ep_risk	P3	ˌilustɾasˈɐ̃w	4461
4462.00.01	homossexual	Rw38T6bn0lTNOb1aUevR	coda_s_ep_risk,final_l_vocalization,h_initial_english_risk	P1	ˌomosˌeksuˈaw	4462
4463.00.01	roxo	Rw38T6bn0lTNOb1aUevR	initial_r_or_rr	P2	ʁˈoʃu	4463
4464.00.01	difundir	AaeZyyi87RCxtFnHPS3e	none	—	dʒifũˈdʒiʁ	4464
4464.00.02	difundir	AaeZyyi87RCxtFnHPS3e	none	—	dʒifũndʒˈiʁ	4464
4465.00.01	recolha	Rw38T6bn0lTNOb1aUevR	initial_r_or_rr	P2	ʁekˈoʎɐ	4465
4466.00.01	despacho	wxoDdfPKBuna5KnUEotz	coda_s_ep_risk	P3	dˌespˈaʃu	4466
4467.00.01	cortina	wxoDdfPKBuna5KnUEotz	none	—	koɾtʃˈinɐ	4467
4468.00.01	solicitação	xNGAXaCH8MaasNuo7Hr7	none	—	solisitɐsˈɐ̃w	4468
4469.00.01	agregado	Rw38T6bn0lTNOb1aUevR	none	—	ˌaɡɾeɡˈadu	4469
4470.00.01	inundação	ny3E2DZImeZm00WLGZi9	none	—	ĩnũdɐsˈɐ̃w	4470
4471.00.01	exigente	AaeZyyi87RCxtFnHPS3e	de_te_palatalization,final_unstressed_e	P2	eziˈʒẽtʃi	4471
4472.00.01	fatia	Rw38T6bn0lTNOb1aUevR	none	—	fˈatʃiɐ	4472
4472.00.02	fatia	Rw38T6bn0lTNOb1aUevR	none	—	fɐtʃˈiɐ	4472
4473.00.01	espreitar	ny3E2DZImeZm00WLGZi9	coda_s_ep_risk	P3	espɾejtˈaʁ	4473
4473.00.02	espreitar	AaeZyyi87RCxtFnHPS3e	coda_s_ep_risk	P3	ˌespɾejtˈaʁ	4473
4474.00.01	cota	AaeZyyi87RCxtFnHPS3e	none	—	kˈɔtɐ	4474
4475.00.01	enquadrar	m151rjrbWXbBqyq56tly	none	—	ẽkwɐdɾˈaʁ	4475
4476.00.01	melodia	Rw38T6bn0lTNOb1aUevR	none	—	melodʒˈiɐ	4476
4477.00.01	porventura	Rw38T6bn0lTNOb1aUevR	none	—	poɾvẽˈtuɾɐ	4477
4478.00.01	sufocar	Rw38T6bn0lTNOb1aUevR	none	—	sufokˈaʁ	4478
4479.00.01	helicóptero	m151rjrbWXbBqyq56tly	h_initial_english_risk	P1	ˌelikˈɔpteɾu	4479
4480.00.01	especialização	Rw38T6bn0lTNOb1aUevR	coda_s_ep_risk	P3	ˌespesjˌalizˌasˈɐ̃w̃	4480
4481.00.01	antepassado	wxoDdfPKBuna5KnUEotz	coda_s_ep_risk	P3	ˌɐ̃tʃipɐˈsadu	4481
4482.00.01	equivaler	ny3E2DZImeZm00WLGZi9	none	—	ekivɐlˈeʁ	4482
4483.00.01	englobar	Rw38T6bn0lTNOb1aUevR	none	—	ẽɡloˈbaʁ	4483
4484.00.01	grilo	m151rjrbWXbBqyq56tly	none	—	ɡɾˈilu	4484
4485.00.01	oportuno	m151rjrbWXbBqyq56tly	none	—	ˌopoɾtˈunu	4485
4486.00.01	arrepender	m151rjrbWXbBqyq56tly	initial_r_or_rr	P2	ˌaʁepeɪ̯̃ˈdeʁ	4486
4487.00.01	energético	m151rjrbWXbBqyq56tly	none	—	ˌeneɾʒˈɛtʃiku	4487
4487.00.02	energético	qPfM2laM0pRL4rrZtBGl	none	—	ˌeneɾʒˈɛtʃiku	4487
4488.00.01	pendurado	4r3G9XKliGgVZLKMgjik	none	—	pẽduɾˈadu	4488
4489.00.01	inclusão	wxoDdfPKBuna5KnUEotz	none	—	ĩkluˈzɐ̃w̃	4489
4490.00.01	berço	Rw38T6bn0lTNOb1aUevR	none	—	bˈeɾsu	4490
4490.00.02	berço	Rw38T6bn0lTNOb1aUevR	none	—	bˈɛɾsu	4490
4490.00.03	berço	Rw38T6bn0lTNOb1aUevR	none	—	bˈɛɾsu	4490
4491.00.01	revólver	qPfM2laM0pRL4rrZtBGl	initial_r_or_rr,user_reported	P0	ʁevˈɔlveʁ	4491
4492.00.01	pálido	Rw38T6bn0lTNOb1aUevR	none	—	pˈalidu	4492
4493.00.01	fecho	4r3G9XKliGgVZLKMgjik	none	—	fˈɛʃu	4493
4494.00.01	cômico	m151rjrbWXbBqyq56tly	none	—	kˈomiku	4494
4495.00.01	vivência	m151rjrbWXbBqyq56tly	none	—	vivˈẽsjɐ	4495
4496.00.01	omissão	xNGAXaCH8MaasNuo7Hr7	coda_s_ep_risk	P3	omisˈɐ̃w̃	4496
4497.00.01	empreender	xNGAXaCH8MaasNuo7Hr7	none	—	ẽpɾeẽdˈeʁ	4497
4498.00.01	adicional	ny3E2DZImeZm00WLGZi9	final_l_vocalization	P1	adʒisiõˈnaw	4498
4499.00.01	oxigênio	Rw38T6bn0lTNOb1aUevR	none	—	ˌoksiʒˈẽnju	4499
4500.00.01	sigilo	m151rjrbWXbBqyq56tly	none	—	siʒˈilu	4500
4501.00.01	suor	4r3G9XKliGgVZLKMgjik	user_reported	P0	suˈoʁ	4501
4502.00.01	espesso	AaeZyyi87RCxtFnHPS3e	coda_s_ep_risk	P3	esˈpesu	4502
4503.00.01	inverso	Rw38T6bn0lTNOb1aUevR	none	—	ĩvˈɛʁsu	4503
4504.00.01	toalha	ny3E2DZImeZm00WLGZi9	none	—	toˈaʎɐ	4504
4505.00.01	incerto	AaeZyyi87RCxtFnHPS3e	none	—	ĩsˈɛɾtu	4505
4506.00.01	densidade	wxoDdfPKBuna5KnUEotz	de_te_palatalization,final_unstressed_e	P2	dẽsiˈdadʒi	4506
4507.00.01	hino	4r3G9XKliGgVZLKMgjik	h_initial_english_risk,user_reported	P0	ˈinu	4507
4508.00.01	preceito	Rw38T6bn0lTNOb1aUevR	none	—	pɾesˈejtu	4508
4509.00.01	bruxa	Rw38T6bn0lTNOb1aUevR	none	—	bɾˈuʃɐ	4509
4510.00.01	sobrepor	ny3E2DZImeZm00WLGZi9	none	—	sobɾepoʁ	4510
4510.00.02	sobrepor	AaeZyyi87RCxtFnHPS3e	none	—	sobɾepˈoʁ	4510
4511.00.01	sobrinha	wxoDdfPKBuna5KnUEotz	none	—	sobɾˈĩɲɐ	4511
4512.00.01	cultivo	m151rjrbWXbBqyq56tly	none	—	kuwtʃˈivu	4512
4513.00.01	desvantagem	ny3E2DZImeZm00WLGZi9	coda_s_ep_risk	P3	dʒizvɐ̃ˈtaʒẽ	4513
4514.00.01	punho	m151rjrbWXbBqyq56tly	none	—	pˈũɲu	4514
4514.00.02	punho	Rw38T6bn0lTNOb1aUevR	none	—	pˈũɲu	4514
4514.00.03	punho	xNGAXaCH8MaasNuo7Hr7	none	—	pˈũɲu	4514
4515.00.01	bosque	m151rjrbWXbBqyq56tly	coda_s_ep_risk	P3	bˈɔski	4515
4516.00.01	cotação	Rw38T6bn0lTNOb1aUevR	none	—	kotɐsˈɐ̃w	4516
4516.00.02	cotação	m151rjrbWXbBqyq56tly	none	—	kotɐsˈɐ̃w	4516
4517.00.01	luto	qPfM2laM0pRL4rrZtBGl	none	—	lˈutu	4517
4518.00.01	precedente	wxoDdfPKBuna5KnUEotz	de_te_palatalization,final_unstressed_e	P2	pɾesedˈẽtʃi	4518
4519.00.01	pontapé	m151rjrbWXbBqyq56tly	none	—	põtɐpˈɛ	4519
4520.00.01	varejo	m151rjrbWXbBqyq56tly	none	—	vaɾˈeʒu	4520
4521.00.01	espetacular	m151rjrbWXbBqyq56tly	coda_s_ep_risk	P3	ˌespetakuˈlaʁ	4521
4522.00.01	esquecimento	m151rjrbWXbBqyq56tly	coda_s_ep_risk	P3	ˌeskesimˈẽtu	4522
4523.00.01	aplicado	xNGAXaCH8MaasNuo7Hr7	none	—	ˌaplikˈadu	4523
4524.00.01	documentação	Rw38T6bn0lTNOb1aUevR	none	—	dˌokumẽtɐsˈɐ̃w	4524
4525.00.01	inauguração	qPfM2laM0pRL4rrZtBGl	none	—	ĩnawɡuɾasˈɐ̃w̃	4525
4526.00.01	satisfatório	wxoDdfPKBuna5KnUEotz	coda_s_ep_risk	P3	sˌatʃisfatˈɔɾju	4526
4527.00.01	gótico	Rw38T6bn0lTNOb1aUevR	none	—	ɡˈɔtʃiku	4527
4528.00.01	sumário	m151rjrbWXbBqyq56tly	none	—	suˈmaɾiu	4528
4528.00.02	sumário	AaeZyyi87RCxtFnHPS3e	none	—	sumˈaɾju	4528
4529.00.01	politécnico	m151rjrbWXbBqyq56tly	none	—	pˌolitˈɛkniku	4529
4530.00.01	nulo	Rw38T6bn0lTNOb1aUevR	none	—	nˈulu	4530
4531.00.01	protestante	4r3G9XKliGgVZLKMgjik	coda_s_ep_risk,de_te_palatalization,final_unstressed_e	P2	pɾotestˈɐ̃tʃi	4531
4532.00.01	autárquico	Rw38T6bn0lTNOb1aUevR	none	—	ˌawtˈaʁkiku	4532
4533.00.01	interrogação	m151rjrbWXbBqyq56tly	initial_r_or_rr	P2	ĩteʁoɡasˈɐ̃w̃	4533
4533.00.02	interrogação	Rw38T6bn0lTNOb1aUevR	initial_r_or_rr	P2	ĩteʁoɡasˈɐ̃w	4533
4534.00.01	terapia	AaeZyyi87RCxtFnHPS3e	none	—	teɾapˈiɐ	4534
4535.00.01	temperamento	wxoDdfPKBuna5KnUEotz	none	—	tẽpeɾɐmˈẽtu	4535
4536.00.01	arbitragem	4r3G9XKliGgVZLKMgjik	none	—	ˌaɾbitɾˈaʒẽ	4536
4537.00.01	falecido	m151rjrbWXbBqyq56tly	none	—	fɐleˈsidu	4537
4538.00.01	furioso	m151rjrbWXbBqyq56tly	none	—	fuɾiˈozu	4538
4538.00.02	furioso	wxoDdfPKBuna5KnUEotz	none	—	fuɾiˈozu	4538
4539.00.01	proteína	qPfM2laM0pRL4rrZtBGl	none	—	pɾoteˈinɐ	4539
4540.00.01	extra	Rw38T6bn0lTNOb1aUevR	none	—	ˈestɾɐ	4540
4541.00.01	bordado	ny3E2DZImeZm00WLGZi9	none	—	boɾdˈadu	4541
4542.00.01	coesão	xNGAXaCH8MaasNuo7Hr7	none	—	koezˈɐ̃w	4542
4543.00.01	colonização	Rw38T6bn0lTNOb1aUevR	none	—	kˌolonizɐsˈɐ̃w	4543
4544.00.01	proporcional	Rw38T6bn0lTNOb1aUevR	final_l_vocalization	P1	pɾopɔɾsiɔnˈaw	4544
4545.00.01	psicólogo	4r3G9XKliGgVZLKMgjik	none	—	psikˈɔloɡu	4545
4546.00.01	acionar	ny3E2DZImeZm00WLGZi9	none	—	ˌasjonˈaʁ	4546
4547.00.01	recair	Rw38T6bn0lTNOb1aUevR	initial_r_or_rr	P2	ʁekaˈiʁ	4547
4548.00.01	equívoco	m151rjrbWXbBqyq56tly	none	—	ekˈivoku	4548
4548.00.02	equívoco	Rw38T6bn0lTNOb1aUevR	none	—	ekˈivoku	4548
4549.00.01	desconto	m151rjrbWXbBqyq56tly	coda_s_ep_risk	P3	deskˈõtu	4549
4550.00.01	espinho	Rw38T6bn0lTNOb1aUevR	coda_s_ep_risk	P3	espˈiɲu	4550
4551.00.01	espinha	Rw38T6bn0lTNOb1aUevR	coda_s_ep_risk	P3	espˈiɲɐ	4551
4551.00.02	espinha	Rw38T6bn0lTNOb1aUevR	coda_s_ep_risk	P3	espˈiɲɐ	4551
4551.00.03	espinha	qPfM2laM0pRL4rrZtBGl	coda_s_ep_risk	P3	ˌespˈiɲɐ	4551
4552.00.01	esqueleto	qPfM2laM0pRL4rrZtBGl	coda_s_ep_risk	P3	ˌeskɛlˈetu	4552
4553.00.01	metodologia	qPfM2laM0pRL4rrZtBGl	none	—	mˌetodoloʒˈiɐ	4553
4554.00.01	teclado	m151rjrbWXbBqyq56tly	none	—	teklˈadu	4554
4555.00.01	condicionado	Rw38T6bn0lTNOb1aUevR	none	—	kõdʒisjonˈadu	4555
4556.00.01	corretor	xNGAXaCH8MaasNuo7Hr7	initial_r_or_rr	P2	koʁetˈoʁ	4556
4557.00.01	artilharia	m151rjrbWXbBqyq56tly	none	—	ˌaʁtʃiʎaɾˈiɐ	4557
4558.00.01	tubarão	ny3E2DZImeZm00WLGZi9	none	—	tubɐˈɾɐ̃w	4558
4559.00.01	comunhão	m151rjrbWXbBqyq56tly	none	—	kõmũɲˈɐ̃w	4559
4560.00.01	abraço	m151rjrbWXbBqyq56tly	none	—	abɾˈasu	4560
4561.00.01	rim	4r3G9XKliGgVZLKMgjik	initial_r_or_rr	P2	ʁĩ	4561
4562.00.01	fração	xNGAXaCH8MaasNuo7Hr7	none	—	fɾasˈɐ̃w	4562
4562.00.02	fração	m151rjrbWXbBqyq56tly	none	—	fɾasˈɐ̃w	4562
4563.00.01	editorial	m151rjrbWXbBqyq56tly	final_l_vocalization	P1	ˌedʒitˌoɾiˈaw	4563
4564.00.01	resgate	m151rjrbWXbBqyq56tly	coda_s_ep_risk,de_te_palatalization,final_unstressed_e,initial_r_or_rr	P2	ʁezɡˈatʃi	4564
4564.00.02	resgate	Rw38T6bn0lTNOb1aUevR	coda_s_ep_risk,de_te_palatalization,final_unstressed_e,initial_r_or_rr	P2	ʁezɡˈatʃi	4564
4565.00.01	mercê	m151rjrbWXbBqyq56tly	none	—	meɾsˈe	4565
4565.01.01	à mercê de	ny3E2DZImeZm00WLGZi9	final_unstressed_e	P2	a mɛɾˈse dʒi	4565
4566.00.01	marechal	Rw38T6bn0lTNOb1aUevR	final_l_vocalization	P1	mˌaɾeʃˈaw	4566
4567.00.01	balão	Rw38T6bn0lTNOb1aUevR	none	—	balˈɐ̃w̃	4567
4568.00.01	tremer	qPfM2laM0pRL4rrZtBGl	none	—	tɾemˈeʁ	4568
4570.00.01	reajuste	Rw38T6bn0lTNOb1aUevR	coda_s_ep_risk,de_te_palatalization,final_unstressed_e,initial_r_or_rr	P2	ʁeaʒˈustʃi	4570
4571.00.01	aquecimento	qPfM2laM0pRL4rrZtBGl	none	—	ˌakesimˈẽtu	4571
4572.00.01	torturar	ny3E2DZImeZm00WLGZi9	none	—	toʁtuɾˈaʁ	4572
4573.00.01	afogar	4r3G9XKliGgVZLKMgjik	none	—	afuɡˈaʁ	4573
4573.00.02	afogar	xNGAXaCH8MaasNuo7Hr7	none	—	afoɡˈaɾ	4573
4574.00.01	estragar	Rw38T6bn0lTNOb1aUevR	coda_s_ep_risk	P3	estɾaɡˈaʁ	4574
4574.00.02	estragar	ny3E2DZImeZm00WLGZi9	coda_s_ep_risk	P3	ˌestɾaɡˈaʁ	4574
4575.00.01	alinhado	4r3G9XKliGgVZLKMgjik	none	—	ˌaliɲˈadu	4575
4576.00.01	charuto	4r3G9XKliGgVZLKMgjik	none	—	ʃɐˈɾutu	4576
4577.00.01	nora	Rw38T6bn0lTNOb1aUevR	none	—	nˈɔɾɐ	4577
4578.00.01	aposentado	Rw38T6bn0lTNOb1aUevR	none	—	ˌapozẽˈtadu	4578
4579.00.01	consentir	m151rjrbWXbBqyq56tly	none	—	kõsẽtʃˈiɾ	4579
4580.00.01	romantismo	m151rjrbWXbBqyq56tly	coda_s_ep_risk,initial_r_or_rr	P2	ʁomɐ̃ˈtʃizmu	4580
4581.00.01	agrupar	Rw38T6bn0lTNOb1aUevR	none	—	aɡɾupˈaʁ	4581
4582.00.01	narrativo	Rw38T6bn0lTNOb1aUevR	initial_r_or_rr	P2	nˌaʁatʃˈivu	4582
4583.00.01	canhão	m151rjrbWXbBqyq56tly	none	—	kɐ̃ɲˈɐ̃w	4583
4584.00.01	sanguíneo	Rw38T6bn0lTNOb1aUevR	none	—	sɐ̃ɡwˈiniu	4584
4585.00.01	bandeirante	wxoDdfPKBuna5KnUEotz	de_te_palatalization,final_unstressed_e	P2	bɐ̃deɪɾˈɐ̃tʃi	4585
4586.00.01	atlântico	AaeZyyi87RCxtFnHPS3e	none	—	atˈlɐ̃ntʃiku	4586
4587.00.01	reputação	wxoDdfPKBuna5KnUEotz	initial_r_or_rr	P2	ʁeputɐsˈɐ̃w	4587
4588.00.01	saudar	Rw38T6bn0lTNOb1aUevR	none	—	sawdˈaʁ	4588
4589.00.01	traçado	wxoDdfPKBuna5KnUEotz	none	—	tɾɐsˈadu	4589
4589.00.02	traçado	AaeZyyi87RCxtFnHPS3e	none	—	tɾɐsˈadu	4589
4589.00.03	traçado	Rw38T6bn0lTNOb1aUevR	none	—	tɾɐsˈadu	4589
4590.00.01	preliminar	m151rjrbWXbBqyq56tly	none	—	pɾˌeliminˈaʁ	4590
4591.00.01	confirmação	xNGAXaCH8MaasNuo7Hr7	none	—	kõfiɾmɐsˈɐ̃w	4591
4592.00.01	abdicar	AaeZyyi87RCxtFnHPS3e	none	—	abdʒikˈaʁ	4592
4593.00.01	diferir	wxoDdfPKBuna5KnUEotz	none	—	dʒifeɾˈiʁ	4593
4594.00.01	escocês	4r3G9XKliGgVZLKMgjik	coda_s_ep_risk	P3	ˌeskosˈes	4594
4595.00.01	curiosamente	m151rjrbWXbBqyq56tly	de_te_palatalization,final_unstressed_e	P2	kuɾiozɐmˈẽtʃi	4595
4596.00.01	ídolo	wxoDdfPKBuna5KnUEotz	none	—	ˈidulu	4596
4597.00.01	grosseiro	qPfM2laM0pRL4rrZtBGl	coda_s_ep_risk	P3	ɡɾosˈejɾu	4597
4597.00.02	grosseiro	Rw38T6bn0lTNOb1aUevR	coda_s_ep_risk	P3	ɡɾosˈejɾu	4597
4598.00.01	serpente	AaeZyyi87RCxtFnHPS3e	de_te_palatalization,final_unstressed_e	P2	seɾpˈẽtʃi	4598
4599.00.01	tomada	m151rjrbWXbBqyq56tly	none	—	tˌomˈadɐ	4599
4599.00.02	tomada	AaeZyyi87RCxtFnHPS3e	none	—	tˌomˈadɐ	4599
4600.00.01	terno	m151rjrbWXbBqyq56tly	none	—	tˈɛɾnu	4600
4600.00.02	terno	wxoDdfPKBuna5KnUEotz	none	—	tˈɛɾnu	4600
4601.00.01	civilizado	ny3E2DZImeZm00WLGZi9	none	—	sˌivilizˈadu	4601
4602.00.01	anotar	AaeZyyi87RCxtFnHPS3e	none	—	ˌɐnotˈaʁ	4602
4603.00.01	desdobrar	m151rjrbWXbBqyq56tly	coda_s_ep_risk	P3	dezdoˈbɾaʁ	4603
4604.00.01	progredir	m151rjrbWXbBqyq56tly	none	—	pɾoɡɾedʒˈiʁ	4604
4605.00.01	montado	qPfM2laM0pRL4rrZtBGl	none	—	mõtˈadu	4605
4605.00.02	montado	xNGAXaCH8MaasNuo7Hr7	none	—	mõˈtadu	4605
4606.00.01	furtar	m151rjrbWXbBqyq56tly	none	—	fuʁtˈaɾ	4606
4608.00.01	precoce	Rw38T6bn0lTNOb1aUevR	final_unstressed_e	P2	pɾekˈɔsi	4608
4609.00.01	pardo	AaeZyyi87RCxtFnHPS3e	none	—	pˈaʁdu	4609
4609.00.02	pardo	qPfM2laM0pRL4rrZtBGl	none	—	pˈaʁdu	4609
4610.00.01	poste	Rw38T6bn0lTNOb1aUevR	coda_s_ep_risk,de_te_palatalization,final_unstressed_e	P2	pˈɔstʃi	4610
4611.00.01	milionário	Rw38T6bn0lTNOb1aUevR	none	—	mˌiljonˈaɾju	4611
4612.00.01	panela	m151rjrbWXbBqyq56tly	none	—	pɐnˈɛlɐ	4612
4613.00.01	hostil	wxoDdfPKBuna5KnUEotz	coda_s_ep_risk,final_l_vocalization,h_initial_english_risk	P1	osˈtʃiw	4613
4614.00.01	sudoeste	AaeZyyi87RCxtFnHPS3e	coda_s_ep_risk,de_te_palatalization,final_unstressed_e	P2	sˌudoˈɛstʃi	4614
4615.00.01	cavalaria	Rw38T6bn0lTNOb1aUevR	none	—	kˌavalaɾˈiɐ	4615
4616.00.01	bonde	4r3G9XKliGgVZLKMgjik	de_te_palatalization,final_unstressed_e	P2	bˈõdʒi	4616
4617.00.01	exagero	ny3E2DZImeZm00WLGZi9	none	—	ˌezaʒˈeɾu	4617
4618.00.01	liquidar	Rw38T6bn0lTNOb1aUevR	none	—	likwidˈaʁ	4618
4619.00.01	rosado	m151rjrbWXbBqyq56tly	initial_r_or_rr	P2	ʁozˈadu	4619
4620.00.01	referido	4r3G9XKliGgVZLKMgjik	initial_r_or_rr	P2	ʁefeɾˈidu	4620
4621.00.01	brisa	AaeZyyi87RCxtFnHPS3e	none	—	bɾˈizɐ	4621
4622.00.01	internado	Rw38T6bn0lTNOb1aUevR	none	—	ˌĩteɾnˈadu	4622
4623.00.01	convocação	4r3G9XKliGgVZLKMgjik	none	—	kõvokasˈɐ̃w	4623
4624.00.01	adjetivo	Rw38T6bn0lTNOb1aUevR	none	—	adʒetʃˈivu	4624
4625.00.01	trajeto	wxoDdfPKBuna5KnUEotz	user_reported	P0	tɾaˈʒɛtu	4625
4625.00.02	trajeto	wxoDdfPKBuna5KnUEotz	user_reported	P0	tɾɐˈʒɛtu	4625
4626.00.01	chefiar	Rw38T6bn0lTNOb1aUevR	none	—	ʃefiˈaʁ	4626
4627.00.01	vocabulário	Rw38T6bn0lTNOb1aUevR	none	—	vokɐbuˈlaɾiu	4627
4628.00.01	coerência	m151rjrbWXbBqyq56tly	none	—	koˈeɾẽsiɐ	4628
4629.00.01	aspirar	m151rjrbWXbBqyq56tly	coda_s_ep_risk	P3	ˌaspiɾˈaʁ	4629
4629.00.02	aspirar	xNGAXaCH8MaasNuo7Hr7	coda_s_ep_risk	P3	ˌaspiɾˈaʁ	4629
4630.00.01	multinacional	qPfM2laM0pRL4rrZtBGl	final_l_vocalization	P1	muwtʃinasjonˈaw	4630
4631.00.01	homenagear	m151rjrbWXbBqyq56tly	h_initial_english_risk	P1	ˌomenɐʒeˈaʁ	4631
4632.00.01	asilo	AaeZyyi87RCxtFnHPS3e	none	—	ɐzˈilu	4632
4633.00.01	ceia	4r3G9XKliGgVZLKMgjik	user_reported	P0	sˈejɐ	4633
4634.00.01	moradia	xNGAXaCH8MaasNuo7Hr7	none	—	moɾadʒˈiɐ	4634
4635.00.01	nordestino	AaeZyyi87RCxtFnHPS3e	coda_s_ep_risk	P3	noɾdestʃˈinu	4635
4635.00.02	nordestino	AaeZyyi87RCxtFnHPS3e	coda_s_ep_risk	P3	nˌoɾdestʃˈinu	4635
4636.00.01	apelido	wxoDdfPKBuna5KnUEotz	none	—	apelˈidu	4636
4636.00.02	apelido	qPfM2laM0pRL4rrZtBGl	none	—	apelˈidu	4636
4637.00.01	celeste	Rw38T6bn0lTNOb1aUevR	coda_s_ep_risk,de_te_palatalization,final_unstressed_e	P2	selˈɛstʃi	4637
4638.00.01	abismo	wxoDdfPKBuna5KnUEotz	coda_s_ep_risk	P3	aˈbizmu	4638
4639.00.01	aprendizado	ny3E2DZImeZm00WLGZi9	none	—	ˌapɾẽdʒizˈadu	4639
4640.00.01	contestação	ny3E2DZImeZm00WLGZi9	coda_s_ep_risk	P3	kõtestasˈɐ̃w	4640
4641.00.01	liberação	AaeZyyi87RCxtFnHPS3e	none	—	lˌibeɾasˈɐ̃w	4641
4641.00.02	liberação	4r3G9XKliGgVZLKMgjik	none	—	lˌibeɾasˈɐ̃w	4641
4642.00.01	homicídio	Rw38T6bn0lTNOb1aUevR	h_initial_english_risk	P1	ˌomisˈidʒiu	4642
4643.00.01	terraço	ny3E2DZImeZm00WLGZi9	initial_r_or_rr	P2	teɾˈasu	4643
4644.00.01	fixação	AaeZyyi87RCxtFnHPS3e	none	—	fiksɐsˈɐ̃w	4644
4644.00.02	fixação	qPfM2laM0pRL4rrZtBGl	none	—	fiksasˈɐ̃w̃	4644
4645.00.01	heróico	AaeZyyi87RCxtFnHPS3e	h_initial_english_risk	P1	eɾˈɔjku	4645
4646.00.01	ensaiar	Rw38T6bn0lTNOb1aUevR	none	—	ẽsɐjˈaʁ	4646
4647.00.01	pontual	Rw38T6bn0lTNOb1aUevR	final_l_vocalization	P1	põtʃuˈaw	4647
4648.00.01	manto	ny3E2DZImeZm00WLGZi9	none	—	mˈɐ̃tu	4648
4649.00.01	globalização	ny3E2DZImeZm00WLGZi9	none	—	ɡlˌobalizˈasɐ̃w	4649
4650.00.01	catálogo	qPfM2laM0pRL4rrZtBGl	none	—	katˈaloɡu	4650
4651.00.01	socorrer	Rw38T6bn0lTNOb1aUevR	initial_r_or_rr	P2	sokoxˈeʁ	4651
4652.00.01	colocado	Rw38T6bn0lTNOb1aUevR	none	—	kˌolokˈadu	4652
4653.00.01	desgaste	Rw38T6bn0lTNOb1aUevR	coda_s_ep_risk,de_te_palatalization,final_unstressed_e	P2	dɛzɡˈastʃi	4653
4654.00.01	cantiga	Rw38T6bn0lTNOb1aUevR	none	—	kɐ̃ˈtʃiɡɐ	4654
4655.00.01	recinto	xNGAXaCH8MaasNuo7Hr7	initial_r_or_rr	P2	ʁeˈsĩtu	4655
4655.00.02	recinto	Rw38T6bn0lTNOb1aUevR	initial_r_or_rr	P2	ʁeˈsĩtu	4655
4656.00.01	qualificado	Rw38T6bn0lTNOb1aUevR	none	—	kwalifiˈkadu	4656
4657.00.01	encaixar	m151rjrbWXbBqyq56tly	none	—	ẽkaʃˈaʁ	4657
4657.00.02	encaixar	Rw38T6bn0lTNOb1aUevR	none	—	ẽkaˈiʃaɾ	4657
4658.00.01	preceder	xNGAXaCH8MaasNuo7Hr7	none	—	pɾesedˈeʁ	4658
4659.00.01	ditador	AaeZyyi87RCxtFnHPS3e	none	—	dʒitɐdˈoʁ	4659
4660.00.01	nominal	ny3E2DZImeZm00WLGZi9	final_l_vocalization	P1	nomiˈnaw	4660
4661.00.01	maturidade	AaeZyyi87RCxtFnHPS3e	de_te_palatalization,final_unstressed_e	P2	mˌatuɾidˈadʒi	4661
4662.00.01	inquietação	ny3E2DZImeZm00WLGZi9	none	—	ĩkiˌetasˈɐ̃w	4662
4663.00.01	cerâmica	qPfM2laM0pRL4rrZtBGl	none	—	seɾˈɐ̃mikɐ	4663
4664.00.01	mecânica	xNGAXaCH8MaasNuo7Hr7	none	—	mekˈɐ̃nikɐ	4664
4665.00.01	sacar	ny3E2DZImeZm00WLGZi9	none	—	sakˈaɾ	4665
4666.00.01	porta-voz	m151rjrbWXbBqyq56tly	none	—	pˈɔɾtɐvˈɔs	4666
4667.00.01	mão de obra	ny3E2DZImeZm00WLGZi9	none	—	mˈɐ̃w dʒi ˈɔbɾɐ	4667
4668.00.01	distrital	Rw38T6bn0lTNOb1aUevR	coda_s_ep_risk,final_l_vocalization	P1	dʒistɾitˈaw	4668
4669.00.01	burocrático	m151rjrbWXbBqyq56tly	none	—	buɾokɾˈatʃiku	4669
4670.00.01	extração	Rw38T6bn0lTNOb1aUevR	none	—	ˌestɾasˈɐ̃w̃	4670
4671.00.01	descobrimento	ny3E2DZImeZm00WLGZi9	coda_s_ep_risk	P3	dʒiskobɾimˈẽtu	4671
4672.00.01	complemento	qPfM2laM0pRL4rrZtBGl	none	—	kõplẽmˈẽtu	4672
4672.00.02	complemento	Rw38T6bn0lTNOb1aUevR	none	—	kõplẽmˈẽtu	4672
4673.00.01	desordem	Rw38T6bn0lTNOb1aUevR	none	—	dezˈɔɾdẽ	4673
4673.00.02	desordem	xNGAXaCH8MaasNuo7Hr7	none	—	dezˈɔɾdẽ	4673
4674.00.01	ex-presidente	Rw38T6bn0lTNOb1aUevR	final_unstressed_e	P2	ˈespɾezidˈẽtʃi	4674
4675.00.01	influente	xNGAXaCH8MaasNuo7Hr7	de_te_palatalization,final_unstressed_e	P2	ĩfluˈẽtʃi	4675
4676.00.01	postal	m151rjrbWXbBqyq56tly	coda_s_ep_risk,final_l_vocalization	P1	postˈaw	4676
4677.00.01	queima	qPfM2laM0pRL4rrZtBGl	none	—	kˈejmɐ	4677
4678.00.01	suprir	ny3E2DZImeZm00WLGZi9	none	—	supɾˈiʁ	4678
4679.00.01	clínico	xNGAXaCH8MaasNuo7Hr7	none	—	klˈiniku	4679
4680.00.01	alinhamento	m151rjrbWXbBqyq56tly	none	—	ˌaliɲɐmˈẽtu	4680
4681.00.01	desembargador	Rw38T6bn0lTNOb1aUevR	none	—	dˌezẽbaʁɡadˈoʁ	4681
4682.00.01	catástrofe	m151rjrbWXbBqyq56tly	coda_s_ep_risk,final_unstressed_e	P2	katˈastɾɔfi	4682
4683.00.01	deslocamento	xNGAXaCH8MaasNuo7Hr7	coda_s_ep_risk	P3	dˌezlokɐmˈẽtu	4683
4684.00.01	indagar	Rw38T6bn0lTNOb1aUevR	none	—	ĩdaɡˈaʁ	4684
4685.00.01	mobilização	xNGAXaCH8MaasNuo7Hr7	none	—	mˌobilizɐsˈɐ̃w	4685
4686.00.01	seduzir	qPfM2laM0pRL4rrZtBGl	none	—	seduzˈiʁ	4686
4687.00.01	equipado	xNGAXaCH8MaasNuo7Hr7	none	—	ekipˈadu	4687
4688.00.01	atrever	Rw38T6bn0lTNOb1aUevR	none	—	atɾevˈeʁ	4688
4689.00.01	regimento	xNGAXaCH8MaasNuo7Hr7	initial_r_or_rr	P2	ʁeʒimˈẽtu	4689
4690.00.01	estranhar	wxoDdfPKBuna5KnUEotz	coda_s_ep_risk	P3	estɾɐ̃ˈɲaʁ	4690
4691.00.01	vulto	Rw38T6bn0lTNOb1aUevR	user_reported	P0	vˈuwtu	4691
4691.00.02	vulto	m151rjrbWXbBqyq56tly	user_reported	P0	vˈuwtu	4691
4692.00.01	legião	m151rjrbWXbBqyq56tly	none	—	leʒiˈɐ̃w	4692
4693.00.01	elevador	m151rjrbWXbBqyq56tly	none	—	ˌelevadˈoʁ	4693
4694.00.01	afinidade	Rw38T6bn0lTNOb1aUevR	de_te_palatalization,final_unstressed_e	P2	ˌafinidˈadʒi	4694
4695.00.01	corporal	m151rjrbWXbBqyq56tly	final_l_vocalization	P1	koɾpoɾˈaw	4695
4696.00.01	inerente	Rw38T6bn0lTNOb1aUevR	de_te_palatalization,final_unstressed_e	P2	ˌineɾˈẽtʃi	4696
4697.00.01	suscitar	m151rjrbWXbBqyq56tly	coda_s_ep_risk	P3	susiˈtaʁ	4697
4698.00.01	conciliar	wxoDdfPKBuna5KnUEotz	none	—	kõsiliˈaʁ	4698
4699.00.01	estabilização	ny3E2DZImeZm00WLGZi9	coda_s_ep_risk	P3	ˌestabˌilizasˈɐ̃w	4699
4700.00.01	intriga	Rw38T6bn0lTNOb1aUevR	none	—	ĩˈtɾiɡɐ	4700
4701.00.01	fação	Rw38T6bn0lTNOb1aUevR	none	—	fakˈsɐ̃w	4701
4702.00.01	indignação	m151rjrbWXbBqyq56tly	none	—	ˌĩdʒiɡnasˈɐ̃w	4702
4703.00.01	lavagem	4r3G9XKliGgVZLKMgjik	none	—	lavˈaʒẽ	4703
4704.00.01	tigre	Rw38T6bn0lTNOb1aUevR	final_unstressed_e	P2	tʃˈiɡɾi	4704
4705.00.01	umidade	qPfM2laM0pRL4rrZtBGl	de_te_palatalization,final_unstressed_e	P2	ˌumidˈadʒi	4705
4706.00.01	cumplicidade	Rw38T6bn0lTNOb1aUevR	de_te_palatalization,final_unstressed_e	P2	kˌũmplisidˈadʒi	4706
4707.00.01	travessia	m151rjrbWXbBqyq56tly	coda_s_ep_risk	P3	tɾavesˈiɐ	4707
4708.00.01	gerador	qPfM2laM0pRL4rrZtBGl	none	—	ʒeɾadˈoʁ	4708
4709.00.01	arraial	ny3E2DZImeZm00WLGZi9	final_l_vocalization,initial_r_or_rr	P1	aʁaˈjaw	4709
4709.00.02	arraial	AaeZyyi87RCxtFnHPS3e	final_l_vocalization,initial_r_or_rr	P1	aʁaɪˈaw	4709
4710.00.01	assessor	m151rjrbWXbBqyq56tly	coda_s_ep_risk	P3	asesˈoʁ	4710
4711.00.01	saca	ny3E2DZImeZm00WLGZi9	none	—	sˈakɐ	4711
4712.00.01	prosperidade	m151rjrbWXbBqyq56tly	coda_s_ep_risk,de_te_palatalization,final_unstressed_e	P2	pɾˌospeɾidˈadʒi	4712
4713.00.01	simular	m151rjrbWXbBqyq56tly	none	—	simulˈaʁ	4713
4714.00.01	estacionar	m151rjrbWXbBqyq56tly	coda_s_ep_risk	P3	ˌestɐsiˈonaʁ	4714
4715.00.01	peculiar	AaeZyyi87RCxtFnHPS3e	none	—	pekuʎiˈaʁ	4715
4716.00.01	competitividade	Rw38T6bn0lTNOb1aUevR	de_te_palatalization,final_unstressed_e	P2	kõpetʃitʃividˈadʒi	4716
4717.00.01	torcida	xNGAXaCH8MaasNuo7Hr7	none	—	toɾsˈidɐ	4717
4718.00.01	predominar	AaeZyyi87RCxtFnHPS3e	none	—	pɾedominˈaɾ	4718
4719.00.01	concretização	qPfM2laM0pRL4rrZtBGl	none	—	kõkɾetʃizɐsˈɐ̃w	4719
4720.00.01	chato	wxoDdfPKBuna5KnUEotz	none	—	ʃˈatu	4720
4721.00.01	insistência	m151rjrbWXbBqyq56tly	coda_s_ep_risk	P3	ĩsistˈẽsjɐ	4721
4722.00.01	problemática	Rw38T6bn0lTNOb1aUevR	none	—	pɾˌoblẽmˈatʃikɐ	4722
4723.00.01	semanal	Rw38T6bn0lTNOb1aUevR	final_l_vocalization	P1	semɐ̃nˈaw	4723
4724.00.01	atributo	m151rjrbWXbBqyq56tly	none	—	ˌatɾiˈbutu	4724
4725.00.01	educacional	Rw38T6bn0lTNOb1aUevR	final_l_vocalization	P1	ˌedukˌasionˈaw	4725
4726.00.01	acrescido	AaeZyyi87RCxtFnHPS3e	coda_s_ep_risk	P3	ˌakɾesˈidu	4726
4727.00.01	tona	xNGAXaCH8MaasNuo7Hr7	none	—	tˈonɐ	4727
4727.01.01	à tona	m151rjrbWXbBqyq56tly	none	—	a tˈonɐ	4727
4728.00.01	sonda	m151rjrbWXbBqyq56tly	none	—	sˈõdɐ	4728
4728.00.02	sonda	qPfM2laM0pRL4rrZtBGl	none	—	sˈõdɐ	4728
4729.00.01	australiano	4r3G9XKliGgVZLKMgjik	coda_s_ep_risk	P3	ˌawstɾaliˈɐ̃nu	4729
4730.00.01	ferimento	Rw38T6bn0lTNOb1aUevR	none	—	fˌeɾimˈẽtu	4730
4731.00.01	câncer	Rw38T6bn0lTNOb1aUevR	none	—	kˈɐ̃seʁ	4731
4732.00.01	subúrbio	m151rjrbWXbBqyq56tly	none	—	subˈuɾbju	4732
4733.00.01	neutro	m151rjrbWXbBqyq56tly	none	—	nˈewtɾu	4733
4734.00.01	estudioso	m151rjrbWXbBqyq56tly	coda_s_ep_risk	P3	ˌestudʒiˈozu	4734
4734.00.02	estudioso	qPfM2laM0pRL4rrZtBGl	coda_s_ep_risk	P3	ˌestudʒiˈozu	4734
4735.00.01	flagrante	qPfM2laM0pRL4rrZtBGl	de_te_palatalization,final_unstressed_e	P2	flɐɡɾˈɐ̃tʃi	4735
4736.00.01	pneu	Rw38T6bn0lTNOb1aUevR	none	—	pnˈew	4736
4737.00.01	tostão	ny3E2DZImeZm00WLGZi9	coda_s_ep_risk	P3	tostˈɐ̃w̃	4737
4738.00.01	ata	ny3E2DZImeZm00WLGZi9	none	—	ˈatɐ	4738
4739.00.01	naturalidade	wxoDdfPKBuna5KnUEotz	de_te_palatalization,final_unstressed_e	P2	nˌatuɾalidˈadʒi	4739
4739.00.02	naturalidade	AaeZyyi87RCxtFnHPS3e	de_te_palatalization,final_unstressed_e	P2	nˌatuɾɐlidˈadʒi	4739
4740.00.01	rodada	Rw38T6bn0lTNOb1aUevR	initial_r_or_rr	P2	ʁoˈdadɐ	4740
4740.00.02	rodada	wxoDdfPKBuna5KnUEotz	initial_r_or_rr	P2	ʁodˈadɐ	4740
4741.00.01	procissão	AaeZyyi87RCxtFnHPS3e	coda_s_ep_risk	P3	pɾosiˈsɐ̃w	4741
4742.00.01	chocolate	m151rjrbWXbBqyq56tly	de_te_palatalization,final_unstressed_e	P2	ʃokol̪ˈatʃi	4742
4743.00.01	vice	m151rjrbWXbBqyq56tly	final_unstressed_e,same_spelling_en_pt,user_reported	P0	vˈisi	4743
4744.00.01	robusto	ny3E2DZImeZm00WLGZi9	coda_s_ep_risk,initial_r_or_rr	P2	ʁoˈbustu	4744
4745.00.01	contaminado	Rw38T6bn0lTNOb1aUevR	none	—	kõtɐminˈadu	4745
4746.00.01	detalhado	wxoDdfPKBuna5KnUEotz	none	—	detaʎˈadu	4746
4747.00.01	pausa	wxoDdfPKBuna5KnUEotz	none	—	pˈawzɐ	4747
4748.00.01	marfim	wxoDdfPKBuna5KnUEotz	none	—	maʁˈfĩ	4748
4749.00.01	rejeição	qPfM2laM0pRL4rrZtBGl	initial_r_or_rr	P2	ʁeʒejsˈɐ̃w	4749
4750.00.01	acomodar	qPfM2laM0pRL4rrZtBGl	none	—	ˌakomodˈaʁ	4750
4751.00.01	mocidade	m151rjrbWXbBqyq56tly	de_te_palatalization,final_unstressed_e	P2	mˌosidˈadʒi	4751
4752.00.01	fúria	ny3E2DZImeZm00WLGZi9	none	—	fˈuɾiɐ	4752
4753.00.01	incompleto	m151rjrbWXbBqyq56tly	none	—	ĩkõplˈɛtu	4753
4754.00.01	implementação	m151rjrbWXbBqyq56tly	none	—	ˌĩplemẽtɐsˈɐ̃w	4754
4755.00.01	atualizar	xNGAXaCH8MaasNuo7Hr7	none	—	ˌatualiˈzaʁ	4755
4756.00.01	sábado	m151rjrbWXbBqyq56tly	none	—	sˈabadu	4756
4757.00.01	crente	4r3G9XKliGgVZLKMgjik	de_te_palatalization,final_unstressed_e,user_reported	P0	kɾˈẽtʃi	4757
4758.00.01	preventivo	m151rjrbWXbBqyq56tly	none	—	pɾevẽˈtʃivu	4758
4759.00.01	papai	AaeZyyi87RCxtFnHPS3e	none	—	papˈaj	4759
4760.00.01	meia-noite	qPfM2laM0pRL4rrZtBGl	final_unstressed_e	P2	ˈmejɐnˈojtʃi	4760
4761.00.01	risca	4r3G9XKliGgVZLKMgjik	coda_s_ep_risk,initial_r_or_rr	P2	ˈʁiskɐ	4761
4762.00.01	sardinha	m151rjrbWXbBqyq56tly	none	—	saʁdʒˈĩɲɐ	4762
4763.00.01	espingarda	xNGAXaCH8MaasNuo7Hr7	coda_s_ep_risk	P3	ˌespĩŋɡˈaɾdɐ	4763
4764.00.01	profeta	xNGAXaCH8MaasNuo7Hr7	none	—	pɾoˈfɛtɐ	4764
4765.00.01	emigrar	ny3E2DZImeZm00WLGZi9	none	—	ˌemiɡɾˈaʁ	4765
4766.00.01	eleitorado	Rw38T6bn0lTNOb1aUevR	none	—	ˌelejtʃoɾˈadu	4766
4767.00.01	progressivamente	xNGAXaCH8MaasNuo7Hr7	coda_s_ep_risk,de_te_palatalization,final_unstressed_e	P2	pɾoɡɾesivɐmˈẽtʃi	4767
4768.00.01	cavar	m151rjrbWXbBqyq56tly	none	—	kavˈaʁ	4768
4769.00.01	contagem	AaeZyyi87RCxtFnHPS3e	none	—	kõtˈaʒẽ	4769
4770.00.01	pesadelo	ny3E2DZImeZm00WLGZi9	none	—	pezadˈelu	4770
4771.00.01	honrar	xNGAXaCH8MaasNuo7Hr7	h_initial_english_risk	P1	õˈʁaʁ	4771
4772.00.01	susceptível	m151rjrbWXbBqyq56tly	coda_s_ep_risk,final_l_vocalization,user_reported	P0	suseptʃˈivew	4772
4773.00.01	cereal	m151rjrbWXbBqyq56tly	final_l_vocalization	P1	seɾeˈaw	4773
4774.00.01	renascer	m151rjrbWXbBqyq56tly	coda_s_ep_risk,initial_r_or_rr	P2	ʁenasˈeʁ	4774
4775.00.01	apetite	4r3G9XKliGgVZLKMgjik	de_te_palatalization,final_unstressed_e	P2	ˌapetʃˈitʃi	4775
4776.00.01	sertanejo	Rw38T6bn0lTNOb1aUevR	none	—	seɾtɐnˈeʒu	4776
4777.00.01	cartório	wxoDdfPKBuna5KnUEotz	none	—	kaɾtˈɔɾju	4777
4778.00.01	privilegiar	wxoDdfPKBuna5KnUEotz	none	—	pɾivilˈeʒiaʁ	4778
4779.00.01	fracassar	Rw38T6bn0lTNOb1aUevR	coda_s_ep_risk	P3	fɾakasˈaʁ	4779
4780.00.01	sinistro	m151rjrbWXbBqyq56tly	coda_s_ep_risk	P3	sĩnˈistɾu	4780
4781.00.01	atenuar	Rw38T6bn0lTNOb1aUevR	none	—	atenuˈaʁ	4781
4782.00.01	catorze	Rw38T6bn0lTNOb1aUevR	final_unstressed_e	P2	katˈoɾzi	4782
4783.00.01	marxista	AaeZyyi87RCxtFnHPS3e	coda_s_ep_risk	P3	maʁksˈistɐ	4783
4784.00.01	substancial	m151rjrbWXbBqyq56tly	coda_s_ep_risk,final_l_vocalization	P1	subistɐ̃siˈaw	4784
4785.00.01	bloquear	AaeZyyi87RCxtFnHPS3e	none	—	blokiˈaɾ	4785
4786.00.01	refazer	4r3G9XKliGgVZLKMgjik	initial_r_or_rr	P2	ʁefaˈzeʁ	4786
4787.00.01	reafirmar	xNGAXaCH8MaasNuo7Hr7	initial_r_or_rr	P2	ʁeafiɾmˈaʁ	4787
4788.00.01	flanco	Rw38T6bn0lTNOb1aUevR	none	—	flˈɐ̃ku	4788
4789.00.01	estacionamento	qPfM2laM0pRL4rrZtBGl	coda_s_ep_risk	P3	ˌestɐsjˌonɐmˈẽtu	4789
4790.00.01	equação	xNGAXaCH8MaasNuo7Hr7	none	—	ekwɐsˈɐ̃w	4790
4791.00.01	secular	Rw38T6bn0lTNOb1aUevR	none	—	sekuˈlaʁ	4791
4792.00.01	acostumar	wxoDdfPKBuna5KnUEotz	coda_s_ep_risk	P3	ˌakostumˈaʁ	4792
4793.00.01	velar	m151rjrbWXbBqyq56tly	none	—	velˈaʁ	4793
4794.00.01	derramar	wxoDdfPKBuna5KnUEotz	initial_r_or_rr	P2	deʁaˈmaʁ	4794
4795.00.01	encarnado	m151rjrbWXbBqyq56tly	none	—	ẽkaɾnˈadu	4795
4796.00.01	ternura	m151rjrbWXbBqyq56tly	none	—	teɾnˈuɾɐ	4796
4797.00.01	condicionar	Rw38T6bn0lTNOb1aUevR	none	—	kõdʒisjonˈaʁ	4797
4797.00.02	condicionar	m151rjrbWXbBqyq56tly	none	—	kõdʒisjonˈaɾ	4797
4798.00.01	fluir	m151rjrbWXbBqyq56tly	none	—	fluˈiʁ	4798
4799.00.01	ingresso	4r3G9XKliGgVZLKMgjik	coda_s_ep_risk	P3	ĩɡɾˈɛsu	4799
4800.00.01	irritação	m151rjrbWXbBqyq56tly	initial_r_or_rr	P2	ˌiʁitɐsˈɐ̃w	4800
4801.00.01	esvaziar	ny3E2DZImeZm00WLGZi9	coda_s_ep_risk	P3	ˌeʁvaziˈaʁ	4801
4802.00.01	giro	ny3E2DZImeZm00WLGZi9	none	—	ʒˈiɾu	4802
4802.00.02	giro	qPfM2laM0pRL4rrZtBGl	none	—	ʒˈiɾu	4802
4803.00.01	providenciar	Rw38T6bn0lTNOb1aUevR	none	—	pɾovidẽsiˈaʁ	4803
4804.00.01	encostado	Rw38T6bn0lTNOb1aUevR	coda_s_ep_risk	P3	ẽkostˈadu	4804
4805.00.01	perpétuo	qPfM2laM0pRL4rrZtBGl	none	—	peɾpˈɛtʃu	4805
4806.00.01	declínio	4r3G9XKliGgVZLKMgjik	none	—	deklˈĩɲu	4806
4807.00.01	prematuro	wxoDdfPKBuna5KnUEotz	none	—	pɾemɐtˈuɾu	4807
4808.00.01	amplitude	AaeZyyi87RCxtFnHPS3e	de_te_palatalization,final_unstressed_e	P2	ˌɐ̃mplitʃˈudʒi	4808
4809.00.01	piada	Rw38T6bn0lTNOb1aUevR	none	—	piˈadɐ	4809
4810.00.01	rancho	Rw38T6bn0lTNOb1aUevR	initial_r_or_rr	P2	ʁˈɐ̃ʃu	4810
4811.00.01	despeito	qPfM2laM0pRL4rrZtBGl	coda_s_ep_risk	P3	dʒispˈejtu	4811
4812.00.01	acréscimo	ny3E2DZImeZm00WLGZi9	coda_s_ep_risk	P3	akɾˈɛsimu	4812
4813.00.01	fôlego	Rw38T6bn0lTNOb1aUevR	none	—	fˈolegu	4813
4814.00.01	derivado	4r3G9XKliGgVZLKMgjik	none	—	deɾivˈadu	4814
4815.00.01	armamento	qPfM2laM0pRL4rrZtBGl	none	—	ˌaɾmɐmˈẽtu	4815
4816.00.01	deduzir	AaeZyyi87RCxtFnHPS3e	none	—	dˌeduzˈiʁ	4816
4817.00.01	confortável	m151rjrbWXbBqyq56tly	final_l_vocalization	P1	kõfoɾtˈavew	4817
4818.00.01	cauteloso	AaeZyyi87RCxtFnHPS3e	none	—	kˌawtɛlˈozu	4818
4819.00.01	televisivo	wxoDdfPKBuna5KnUEotz	none	—	tˌelevizˈivu	4819
4820.00.01	sul-africano	wxoDdfPKBuna5KnUEotz	none	—	sˈulafɾikˈɐ̃nu	4820
4821.00.01	boneco	4r3G9XKliGgVZLKMgjik	none	—	bonˈɛku	4821
4822.00.01	castigar	AaeZyyi87RCxtFnHPS3e	coda_s_ep_risk	P3	kastʃiɡˈaʁ	4822
4823.00.01	curvar	m151rjrbWXbBqyq56tly	none	—	kuɾvˈaʁ	4823
4824.00.01	gestor	Rw38T6bn0lTNOb1aUevR	coda_s_ep_risk	P3	ʒestˈoʁ	4824
4825.00.01	caldo	ny3E2DZImeZm00WLGZi9	none	—	kˈawdu	4825
4826.00.01	tolerância	qPfM2laM0pRL4rrZtBGl	none	—	tˌoleɾˈɐ̃sjɐ	4826
4827.00.01	feto	qPfM2laM0pRL4rrZtBGl	none	—	fˈɛtu	4827
4828.00.01	valioso	4r3G9XKliGgVZLKMgjik	none	—	valiˈozu	4828
4829.00.01	fauna	4r3G9XKliGgVZLKMgjik	none	—	fˈawnɐ	4829
4830.00.01	detestar	qPfM2laM0pRL4rrZtBGl	coda_s_ep_risk	P3	detestˈaʁ	4830
4831.00.01	cirúrgico	qPfM2laM0pRL4rrZtBGl	none	—	siɾˈuɾʒiku	4831
4832.00.01	cavalheiro	4r3G9XKliGgVZLKMgjik	user_reported	P0	kavaʎˈejɾu	4832
4833.00.01	astro	4r3G9XKliGgVZLKMgjik	coda_s_ep_risk	P3	ˈastɾu	4833
4833.00.02	astro	Rw38T6bn0lTNOb1aUevR	coda_s_ep_risk	P3	ˈastɾu	4833
4834.00.01	presumir	Rw38T6bn0lTNOb1aUevR	none	—	pɾezumˈiʁ	4834
4835.00.01	ofensa	qPfM2laM0pRL4rrZtBGl	none	—	ofˈẽsɐ	4835
4836.00.01	queimado	m151rjrbWXbBqyq56tly	none	—	kejˈmadu	4836
4837.00.01	atraente	m151rjrbWXbBqyq56tly	de_te_palatalization,final_unstressed_e	P2	atɾaˈẽtʃi	4837
4838.00.01	viável	Rw38T6bn0lTNOb1aUevR	final_l_vocalization	P1	viˈavew	4838
4839.00.01	afetivo	Rw38T6bn0lTNOb1aUevR	none	—	ˌafetʃˈivu	4839
4840.00.01	configuração	ny3E2DZImeZm00WLGZi9	none	—	kõfiguɾaˈsɐ̃w̃	4840
4841.00.01	gravata	Rw38T6bn0lTNOb1aUevR	none	—	ɡɾɐvˈatɐ	4841
4842.00.01	influir	m151rjrbWXbBqyq56tly	none	—	ĩfluˈiʁ	4842
4842.00.02	influir	4r3G9XKliGgVZLKMgjik	none	—	ĩfluˈiʁ	4842
4843.00.01	chefia	Rw38T6bn0lTNOb1aUevR	none	—	ʃefˈiɐ	4843
4844.00.01	subitamente	4r3G9XKliGgVZLKMgjik	de_te_palatalization,final_unstressed_e	P2	subitɐmˈẽtʃi	4844
4845.00.01	burocracia	m151rjrbWXbBqyq56tly	none	—	buɾokɾasˈiɐ	4845
4846.00.01	corretamente	qPfM2laM0pRL4rrZtBGl	de_te_palatalization,final_unstressed_e,initial_r_or_rr	P2	koʁetɐmˈẽtʃi	4846
4847.00.01	criatividade	m151rjrbWXbBqyq56tly	de_te_palatalization,final_unstressed_e	P2	kɾiˌatʃiviˈdadʒi	4847
4848.00.01	parasita	ny3E2DZImeZm00WLGZi9	none	—	pˌaɾazˈitɐ	4848
4849.00.01	findar	m151rjrbWXbBqyq56tly	none	—	fĩdˈaʁ	4849
4850.00.01	comunicado	ny3E2DZImeZm00WLGZi9	none	—	kˌomunikˈadu	4850
4851.00.01	fera	Rw38T6bn0lTNOb1aUevR	none	—	fˈɛɾɐ	4851
4852.00.01	rosário	4r3G9XKliGgVZLKMgjik	initial_r_or_rr	P2	ʁozˈaɾiu	4852
4853.00.01	solucionar	xNGAXaCH8MaasNuo7Hr7	none	—	sˌolusjonˈaʁ	4853
4854.00.01	rito	ny3E2DZImeZm00WLGZi9	initial_r_or_rr,user_reported	P0	ʁˈitu	4854
4855.00.01	tradicionalmente	Rw38T6bn0lTNOb1aUevR	de_te_palatalization,final_unstressed_e	P2	tɾadʒisjonawmˈẽtʃi	4855
4856.00.01	embrião	4r3G9XKliGgVZLKMgjik	none	—	ẽbɾiˈɐ̃w	4856
4857.00.01	contido	AaeZyyi87RCxtFnHPS3e	none	—	kõtʃˈidu	4857
4858.00.01	sopro	m151rjrbWXbBqyq56tly	none	—	sˈɔpɾu	4858
4859.00.01	vulcão	xNGAXaCH8MaasNuo7Hr7	none	—	vuwkˈɐ̃w	4859
4860.00.01	site	Rw38T6bn0lTNOb1aUevR	de_te_palatalization,english_loanword,final_unstressed_e	P1	sˈajtʃi	4860
4862.00.01	escorrer	xNGAXaCH8MaasNuo7Hr7	coda_s_ep_risk,initial_r_or_rr	P2	ˌeskoˈʁeʁ	4862
4863.00.01	decerto	m151rjrbWXbBqyq56tly	user_reported	P0	dˌesˈɛɾtu	4863
4864.00.01	detetive	xNGAXaCH8MaasNuo7Hr7	final_unstressed_e	P2	dˌetetʃˈivi	4864
4865.00.01	lavrar	xNGAXaCH8MaasNuo7Hr7	none	—	lavɾˈaʁ	4865
4866.00.01	calado	xNGAXaCH8MaasNuo7Hr7	none	—	kalˈadu	4866
4867.00.01	gozo	m151rjrbWXbBqyq56tly	none	—	ɡˈozu	4867
4868.00.01	isento	Rw38T6bn0lTNOb1aUevR	none	—	izˈẽtu	4868
4869.00.01	prudente	AaeZyyi87RCxtFnHPS3e	de_te_palatalization,final_unstressed_e	P2	pɾuˈdẽtʃi	4869
4870.00.01	envergonhar	AaeZyyi87RCxtFnHPS3e	none	—	ẽveʁɡoɲˈaʁ	4870
4871.00.01	confiante	Rw38T6bn0lTNOb1aUevR	de_te_palatalization,final_unstressed_e	P2	kõfiˈɐ̃tʃi	4871
4872.00.01	seriedade	ny3E2DZImeZm00WLGZi9	de_te_palatalization,final_unstressed_e	P2	sˌeɾiedˈadʒi	4872
4873.00.01	perito	Rw38T6bn0lTNOb1aUevR	none	—	peˈɾitu	4873
4874.00.01	peste	m151rjrbWXbBqyq56tly	coda_s_ep_risk,de_te_palatalization,final_unstressed_e	P2	pˈɛstʃi	4874
4875.00.01	obsessão	qPfM2laM0pRL4rrZtBGl	coda_s_ep_risk	P3	ˌobseˈsɐ̃w̃	4875
4876.00.01	cozinhar	qPfM2laM0pRL4rrZtBGl	none	—	koziɲˈaʁ	4876
4877.00.01	cristianismo	wxoDdfPKBuna5KnUEotz	coda_s_ep_risk	P3	kɾistʃiænˈizmu	4877
4878.00.01	convicto	ny3E2DZImeZm00WLGZi9	none	—	kõvˈiktu	4878
4878.00.02	convicto	ny3E2DZImeZm00WLGZi9	none	—	kõvˈiktu	4878
4879.00.01	detenção	m151rjrbWXbBqyq56tly	none	—	detẽˈsɐ̃w̃	4879
4880.00.01	despedida	wxoDdfPKBuna5KnUEotz	coda_s_ep_risk	P3	dˌespedʒˈidɐ	4880
4881.00.01	perverso	Rw38T6bn0lTNOb1aUevR	none	—	peɾvˈɛɾsu	4881
4882.00.01	experimento	Rw38T6bn0lTNOb1aUevR	none	—	ˌespeɾimˈẽtu	4882
4883.00.01	mandado	Rw38T6bn0lTNOb1aUevR	none	—	mɐ̃ˈdadu	4883
4883.00.02	mandado	Rw38T6bn0lTNOb1aUevR	none	—	mɐ̃dˈadu	4883
4884.00.01	reservado	Rw38T6bn0lTNOb1aUevR	initial_r_or_rr	P2	ʁezɛɾvˈadu	4884
4885.00.01	tenso	qPfM2laM0pRL4rrZtBGl	none	—	tˈẽsu	4885
4886.00.01	telefonema	m151rjrbWXbBqyq56tly	none	—	tˌelefˈonemɐ	4886
4887.00.01	devorar	xNGAXaCH8MaasNuo7Hr7	none	—	devoɾˈaʁ	4887
4888.00.01	mola	4r3G9XKliGgVZLKMgjik	none	—	mˈɔlɐ	4888
4888.00.02	mola	ny3E2DZImeZm00WLGZi9	none	—	mˈɔlɐ	4888
4889.00.01	voltado	Rw38T6bn0lTNOb1aUevR	none	—	vowˈtadu	4889
4889.00.02	voltado	wxoDdfPKBuna5KnUEotz	none	—	vowˈtadu	4889
4890.00.01	descalço	wxoDdfPKBuna5KnUEotz	coda_s_ep_risk	P3	deskˈawsu	4890
4891.00.01	caixão	m151rjrbWXbBqyq56tly	none	—	kajˈʃɐ̃w̃	4891
4891.00.02	caixão	m151rjrbWXbBqyq56tly	none	—	kajʃˈɐ̃w	4891
4892.00.01	construtor	Rw38T6bn0lTNOb1aUevR	coda_s_ep_risk	P3	kõstɾutˈoʁ	4892
4893.00.01	azeitona	m151rjrbWXbBqyq56tly	none	—	azejˈtonɐ	4893
4894.00.01	violino	Rw38T6bn0lTNOb1aUevR	none	—	viˈolĩnu	4894
4895.00.01	apreender	Rw38T6bn0lTNOb1aUevR	user_reported	P0	apɾeẽˈdeʁ	4895
4895.00.02	apreender	4r3G9XKliGgVZLKMgjik	user_reported	P0	apɾeẽˈdeʁ	4895
4896.00.01	brusco	m151rjrbWXbBqyq56tly	coda_s_ep_risk	P3	bɾˈusku	4896
4896.00.02	brusco	4r3G9XKliGgVZLKMgjik	coda_s_ep_risk	P3	bɾˈusku	4896
4897.00.01	tripa	m151rjrbWXbBqyq56tly	none	—	tʃɾˈipɐ	4897
4897.00.02	tripa	wxoDdfPKBuna5KnUEotz	none	—	tɾˈipɐ	4897
4898.00.01	ginástica	Rw38T6bn0lTNOb1aUevR	coda_s_ep_risk	P3	ʒinˈastʃikɐ	4898
4899.00.01	povoar	m151rjrbWXbBqyq56tly	none	—	povoˈaʁ	4899
4900.00.01	reparação	m151rjrbWXbBqyq56tly	initial_r_or_rr	P2	ʁepɐɾɐsˈɐ̃w	4900
4901.00.01	advogar	ny3E2DZImeZm00WLGZi9	none	—	ˌadvoɡˈaʁ	4901
4902.00.01	justificação	Rw38T6bn0lTNOb1aUevR	coda_s_ep_risk	P3	ʒustʃifikaˈsɐ̃w̃	4902
4903.00.01	firmeza	m151rjrbWXbBqyq56tly	none	—	fiɾmˈezɐ	4903
4904.00.01	originário	qPfM2laM0pRL4rrZtBGl	none	—	ˌoɾiʒinˈaɾiu	4904
4905.00.01	peregrinação	m151rjrbWXbBqyq56tly	none	—	pˌeɾeɡɾinɐsˈɐ̃w	4905
4906.00.01	validade	ny3E2DZImeZm00WLGZi9	de_te_palatalization,final_unstressed_e	P2	vˌalidˈadʒi	4906
4907.00.01	proposição	m151rjrbWXbBqyq56tly	none	—	pɾopozisˈɐ̃w	4907
4908.00.01	flauta	m151rjrbWXbBqyq56tly	none	—	flˈawtɐ	4908
4909.00.01	suicidar	m151rjrbWXbBqyq56tly	none	—	sujisidˈaʁ	4909
4910.00.01	roer	4r3G9XKliGgVZLKMgjik	initial_r_or_rr,user_reported	P0	ʁoˈeʁ	4910
4912.00.01	edificação	m151rjrbWXbBqyq56tly	none	—	ˌedʒifikasˈɐ̃w	4912
4912.00.02	edificação	Rw38T6bn0lTNOb1aUevR	none	—	ˌedʒifikasˈɐ̃w	4912
4912.00.03	edificação	xNGAXaCH8MaasNuo7Hr7	none	—	ˌedʒifikasˈɐ̃w̃	4912
4913.00.01	regularmente	Rw38T6bn0lTNOb1aUevR	de_te_palatalization,final_unstressed_e,initial_r_or_rr	P2	ʁeɡulaɾmˈẽtʃi	4913
4914.00.01	opositor	Rw38T6bn0lTNOb1aUevR	none	—	ˌopozitˈoʁ	4914
4915.00.01	fóssil	Rw38T6bn0lTNOb1aUevR	coda_s_ep_risk,final_l_vocalization	P1	fˈɔsiw	4915
4916.00.01	esquecido	m151rjrbWXbBqyq56tly	coda_s_ep_risk	P3	ˌeskesˈidu	4916
4917.00.01	arbusto	Rw38T6bn0lTNOb1aUevR	coda_s_ep_risk	P3	aɾbˈustu	4917
4918.00.01	celebração	xNGAXaCH8MaasNuo7Hr7	none	—	sˌelebɾasˈɐ̃w	4918
4919.00.01	encarregado	ny3E2DZImeZm00WLGZi9	initial_r_or_rr	P2	ĩkaʁeɡˈadu	4919
4920.00.01	cal	m151rjrbWXbBqyq56tly	final_l_vocalization	P1	kˈaw	4920
4921.00.01	ninho	4r3G9XKliGgVZLKMgjik	none	—	nˈĩɲu	4921
4922.00.01	encantar	qPfM2laM0pRL4rrZtBGl	none	—	ẽkɐ̃ˈtaʁ	4922
4922.00.02	encantar	Rw38T6bn0lTNOb1aUevR	none	—	ẽkɐ̃ˈtaʁ	4922
4923.00.01	linear	ny3E2DZImeZm00WLGZi9	none	—	lineˈaʁ	4923
4924.00.01	colete	qPfM2laM0pRL4rrZtBGl	de_te_palatalization,final_unstressed_e	P2	kolˈetʃi	4924
4924.00.02	colete	4r3G9XKliGgVZLKMgjik	de_te_palatalization,final_unstressed_e	P2	kolˈetʃi	4924
4925.00.01	manipulação	m151rjrbWXbBqyq56tly	none	—	mɐnipulɐsˈɐ̃w	4925
4926.00.01	potencialidade	ny3E2DZImeZm00WLGZi9	de_te_palatalization,final_unstressed_e	P2	potẽsiˌalidˈadʒi	4926
4927.00.01	pia	wxoDdfPKBuna5KnUEotz	none	—	pˈiɐ	4927
4927.00.02	pia	m151rjrbWXbBqyq56tly	none	—	pˈiɐ	4927
4928.00.01	namoro	Rw38T6bn0lTNOb1aUevR	none	—	nɐmˈoɾu	4928
4929.00.01	divisa	4r3G9XKliGgVZLKMgjik	none	—	dʒivˈizɐ	4929
4929.00.02	divisa	Rw38T6bn0lTNOb1aUevR	none	—	dʒivˈizɐ	4929
4930.00.01	compatível	Rw38T6bn0lTNOb1aUevR	final_l_vocalization	P1	kõpɐtʃˈivew	4930
4932.00.01	amarrado	m151rjrbWXbBqyq56tly	initial_r_or_rr	P2	ɐmaʁˈadu	4932
4933.00.01	paralisar	ny3E2DZImeZm00WLGZi9	none	—	pˌaɾalizˈaʁ	4933
4934.00.01	casado	m151rjrbWXbBqyq56tly	none	—	kazˈadu	4934
4935.00.01	violeta	4r3G9XKliGgVZLKMgjik	none	—	viˈolɛtɐ	4935
4936.00.01	paradigma	wxoDdfPKBuna5KnUEotz	none	—	paɾaˈdʒiɡmɐ	4936
4937.00.01	encolher	m151rjrbWXbBqyq56tly	none	—	ẽkoʎˈeʁ	4937
4938.00.01	decorativo	ny3E2DZImeZm00WLGZi9	none	—	dˌekoɾatʃˈivu	4938
4939.00.01	vigente	m151rjrbWXbBqyq56tly	de_te_palatalization,final_unstressed_e	P2	viʒˈẽtʃi	4939
4940.00.01	artifício	Rw38T6bn0lTNOb1aUevR	none	—	ˌaɾtʃifˈisju	4940
4941.00.01	expediente	wxoDdfPKBuna5KnUEotz	de_te_palatalization,final_unstressed_e	P2	ˌespedʒiˈẽtʃi	4941
4941.00.02	expediente	Rw38T6bn0lTNOb1aUevR	de_te_palatalization,final_unstressed_e	P2	ˌispedʒiˈẽtʃi	4941
4942.00.01	armadilha	xNGAXaCH8MaasNuo7Hr7	none	—	ˌaɾmadʒˈiʎɐ	4942
4943.00.01	gripe	Rw38T6bn0lTNOb1aUevR	final_unstressed_e	P2	ɡɾˈipɨ	4943
4944.00.01	contornar	m151rjrbWXbBqyq56tly	none	—	kõtoɾnˈaʁ	4944
4945.00.01	epidemia	ny3E2DZImeZm00WLGZi9	none	—	ˌepidʒemˈiɐ	4945
4946.00.01	aceitável	Rw38T6bn0lTNOb1aUevR	final_l_vocalization	P1	ˌasejˈtavew	4946
4947.00.01	vocal	xNGAXaCH8MaasNuo7Hr7	final_l_vocalization	P1	vokˈaw	4947
4948.00.01	candeeiro	Rw38T6bn0lTNOb1aUevR	user_reported	P0	kɐ̃dʒiˈejɾu	4948
4949.00.01	cancelar	ny3E2DZImeZm00WLGZi9	none	—	kɐ̃sɛˈlaʁ	4949
4950.00.01	cimo	AaeZyyi87RCxtFnHPS3e	user_reported	P0	sˈimu	4950
4951.00.01	bengala	Rw38T6bn0lTNOb1aUevR	none	—	bẽˈɡalɐ	4951
4952.00.01	consultor	qPfM2laM0pRL4rrZtBGl	none	—	kõsuwtˈoʁ	4952
4953.00.01	velhice	qPfM2laM0pRL4rrZtBGl	final_unstressed_e	P2	veʎˈisi	4953
4954.00.01	escuridão	qPfM2laM0pRL4rrZtBGl	coda_s_ep_risk	P3	ˌeskuɾidˈɐ̃w	4954
4955.00.01	telegrama	m151rjrbWXbBqyq56tly	none	—	teleɡɾˈɐ̃mɐ	4955
4956.00.01	carneiro	wxoDdfPKBuna5KnUEotz	none	—	kaɾnˈejɾu	4956
4957.00.01	iludir	m151rjrbWXbBqyq56tly	none	—	iludʒˈiʁ	4957
4958.00.01	barca	m151rjrbWXbBqyq56tly	none	—	bˈaɾkɐ	4958
4959.00.01	armazenar	m151rjrbWXbBqyq56tly	none	—	ˌaʁmazənˈaʁ	4959
4960.00.01	incidência	wxoDdfPKBuna5KnUEotz	none	—	ĩsidˈẽsjɐ	4960
4961.00.01	bondade	Rw38T6bn0lTNOb1aUevR	de_te_palatalization,final_unstressed_e	P2	bõdˈadʒi	4961
4962.00.01	carroça	4r3G9XKliGgVZLKMgjik	initial_r_or_rr	P2	kaˈʁɔsɐ	4962
4963.00.01	afetado	m151rjrbWXbBqyq56tly	none	—	ˌafetˈadu	4963
4964.00.01	edificar	m151rjrbWXbBqyq56tly	none	—	ˌedʒifiˈkaʁ	4964
4964.00.02	edificar	ny3E2DZImeZm00WLGZi9	none	—	edʒifikˈaʁ	4964
4965.00.01	edital	wxoDdfPKBuna5KnUEotz	final_l_vocalization	P1	edʒitˈaw	4965
4965.00.02	edital	m151rjrbWXbBqyq56tly	final_l_vocalization	P1	edʒitˈaw	4965
4966.00.01	estúpido	qPfM2laM0pRL4rrZtBGl	coda_s_ep_risk	P3	esˈtupidu	4966
4966.00.02	estúpido	AaeZyyi87RCxtFnHPS3e	coda_s_ep_risk	P3	esˈtupidu	4966
4967.00.01	idiota	qPfM2laM0pRL4rrZtBGl	none	—	idʒiˈɔtɐ	4967
4968.00.01	insegurança	AaeZyyi87RCxtFnHPS3e	none	—	ˌĩseɡuɾˈɐ̃sɐ	4968
4969.00.01	despir	Rw38T6bn0lTNOb1aUevR	coda_s_ep_risk	P3	dʒispˈiʁ	4969
4970.00.01	ancestral	Rw38T6bn0lTNOb1aUevR	coda_s_ep_risk,final_l_vocalization	P1	ˌɐ̃sestɾˈaw	4970
4971.00.01	rótulo	m151rjrbWXbBqyq56tly	initial_r_or_rr	P2	ʁˈɔtulu	4971
4972.00.01	vigoroso	qPfM2laM0pRL4rrZtBGl	none	—	vˌiɡoɾˈozu	4972
4973.00.01	louro	qPfM2laM0pRL4rrZtBGl	none	—	lˈowɾu	4973
4974.00.01	deslizar	wxoDdfPKBuna5KnUEotz	coda_s_ep_risk	P3	deslizˈaʁ	4974
4975.00.01	módulo	Rw38T6bn0lTNOb1aUevR	none	—	mˈɔdulu	4975
4976.00.01	ministrar	qPfM2laM0pRL4rrZtBGl	coda_s_ep_risk	P3	minisˈtɾaʁ	4976
4977.00.01	mendigo	xNGAXaCH8MaasNuo7Hr7	none	—	mẽˈdʒiɡu	4977
4978.00.01	serenidade	m151rjrbWXbBqyq56tly	de_te_palatalization,final_unstressed_e	P2	sˌeɾenidˈadʒi	4978
4979.00.01	informativo	m151rjrbWXbBqyq56tly	none	—	ĩfoʁmɐtʃˈivu	4979
4980.00.01	crânio	m151rjrbWXbBqyq56tly	none	—	kɾˈɐ̃nju	4980
4981.00.01	feitio	4r3G9XKliGgVZLKMgjik	user_reported	P0	fejtʃˈiu	4981
4981.00.02	feitio	m151rjrbWXbBqyq56tly	user_reported	P0	fejˈtʃiu	4981
4982.00.01	lápis	xNGAXaCH8MaasNuo7Hr7	none	—	lˈapis	4982
4983.00.01	penetração	AaeZyyi87RCxtFnHPS3e	none	—	pˌenetɾɐsˈɐ̃w̃	4983
4984.00.01	mamífero	Rw38T6bn0lTNOb1aUevR	none	—	mɐmˈifɾu	4984
4985.00.01	sul-americano	qPfM2laM0pRL4rrZtBGl	none	—	ˌsuwɐmeɾikˈɐ̃nu	4985
