row_id	sense_id	clip_type	dialect	text	voice_id	voice_name	bp_url_existing	url
001_bp	3068.00.01	word	BP	a autoria	AaeZyyi87RCxtFnHPS3e	Prof. Campanholi	https://pub-155fa287ae724688aaa870d99135311a.r2.dev/audio/3068.00.01-word-eleven_v3-v1.mp3	https://pub-155fa287ae724688aaa870d99135311a.r2.dev/audio/3068.00.01-word-eleven_v3-v1.mp3
001_ep	3068.00.01	word	EP	a autoria	hOLl3246BMBsdy0qtYLb	Nelson Silvestre	https://pub-155fa287ae724688aaa870d99135311a.r2.dev/audio/3068.00.01-word-eleven_v3-v1.mp3	https://pub-155fa287ae724688aaa870d99135311a.r2.dev/audio_judge_ab/3068.00.01-word-eleven_v3-ep.mp3
002_bp	2009.00.02	word	BP	o traço	AaeZyyi87RCxtFnHPS3e	Prof. Campanholi	https://pub-155fa287ae724688aaa870d99135311a.r2.dev/audio/2009.00.02-word-eleven_v3-v1.mp3	https://pub-155fa287ae724688aaa870d99135311a.r2.dev/audio/2009.00.02-word-eleven_v3-v1.mp3
002_ep	2009.00.02	word	EP	o traço	hOLl3246BMBsdy0qtYLb	Nelson Silvestre	https://pub-155fa287ae724688aaa870d99135311a.r2.dev/audio/2009.00.02-word-eleven_v3-v1.mp3	https://pub-155fa287ae724688aaa870d99135311a.r2.dev/audio_judge_ab/2009.00.02-word-eleven_v3-ep.mp3
003_bp	3128.00.01	word	BP	múltiplo	AaeZyyi87RCxtFnHPS3e	Prof. Campanholi	https://pub-155fa287ae724688aaa870d99135311a.r2.dev/audio/3128.00.01-word-eleven_v3-v1.mp3	https://pub-155fa287ae724688aaa870d99135311a.r2.dev/audio/3128.00.01-word-eleven_v3-v1.mp3
003_ep	3128.00.01	word	EP	múltiplo	hOLl3246BMBsdy0qtYLb	Nelson Silvestre	https://pub-155fa287ae724688aaa870d99135311a.r2.dev/audio/3128.00.01-word-eleven_v3-v1.mp3	https://pub-155fa287ae724688aaa870d99135311a.r2.dev/audio_judge_ab/3128.00.01-word-eleven_v3-ep.mp3
004_bp	2942.00.01	word	BP	o desastre	AaeZyyi87RCxtFnHPS3e	Prof. Campanholi	https://pub-155fa287ae724688aaa870d99135311a.r2.dev/audio/2942.00.01-word-eleven_v3-v1.mp3	https://pub-155fa287ae724688aaa870d99135311a.r2.dev/audio/2942.00.01-word-eleven_v3-v1.mp3
004_ep	2942.00.01	word	EP	o desastre	hOLl3246BMBsdy0qtYLb	Nelson Silvestre	https://pub-155fa287ae724688aaa870d99135311a.r2.dev/audio/2942.00.01-word-eleven_v3-v1.mp3	https://pub-155fa287ae724688aaa870d99135311a.r2.dev/audio_judge_ab/2942.00.01-word-eleven_v3-ep.mp3
005_bp	0329.00.01	word	BP	a posição	AaeZyyi87RCxtFnHPS3e	Prof. Campanholi	https://pub-155fa287ae724688aaa870d99135311a.r2.dev/audio/0329.00.01-word-eleven_v3-v1.mp3	https://pub-155fa287ae724688aaa870d99135311a.r2.dev/audio/0329.00.01-word-eleven_v3-v1.mp3
005_ep	0329.00.01	word	EP	a posição	hOLl3246BMBsdy0qtYLb	Nelson Silvestre	https://pub-155fa287ae724688aaa870d99135311a.r2.dev/audio/0329.00.01-word-eleven_v3-v1.mp3	https://pub-155fa287ae724688aaa870d99135311a.r2.dev/audio_judge_ab/0329.00.01-word-eleven_v3-ep.mp3
006_bp	3843.00.01	word	BP	magnético	AaeZyyi87RCxtFnHPS3e	Prof. Campanholi	https://pub-155fa287ae724688aaa870d99135311a.r2.dev/audio/3843.00.01-word-eleven_v3-v1.mp3	https://pub-155fa287ae724688aaa870d99135311a.r2.dev/audio/3843.00.01-word-eleven_v3-v1.mp3
006_ep	3843.00.01	word	EP	magnético	hOLl3246BMBsdy0qtYLb	Nelson Silvestre	https://pub-155fa287ae724688aaa870d99135311a.r2.dev/audio/3843.00.01-word-eleven_v3-v1.mp3	https://pub-155fa287ae724688aaa870d99135311a.r2.dev/audio_judge_ab/3843.00.01-word-eleven_v3-ep.mp3
007_bp	3257.00.01	word	BP	o envolvimento	AaeZyyi87RCxtFnHPS3e	Prof. Campanholi	https://pub-155fa287ae724688aaa870d99135311a.r2.dev/audio/3257.00.01-word-eleven_v3-v1.mp3	https://pub-155fa287ae724688aaa870d99135311a.r2.dev/audio/3257.00.01-word-eleven_v3-v1.mp3
007_ep	3257.00.01	word	EP	o envolvimento	hOLl3246BMBsdy0qtYLb	Nelson Silvestre	https://pub-155fa287ae724688aaa870d99135311a.r2.dev/audio/3257.00.01-word-eleven_v3-v1.mp3	https://pub-155fa287ae724688aaa870d99135311a.r2.dev/audio_judge_ab/3257.00.01-word-eleven_v3-ep.mp3
008_bp	0673.00.02	word	BP	o encontro	AaeZyyi87RCxtFnHPS3e	Prof. Campanholi	https://pub-155fa287ae724688aaa870d99135311a.r2.dev/audio/0673.00.02-word-eleven_v3-v1.mp3	https://pub-155fa287ae724688aaa870d99135311a.r2.dev/audio/0673.00.02-word-eleven_v3-v1.mp3
008_ep	0673.00.02	word	EP	o encontro	hOLl3246BMBsdy0qtYLb	Nelson Silvestre	https://pub-155fa287ae724688aaa870d99135311a.r2.dev/audio/0673.00.02-word-eleven_v3-v1.mp3	https://pub-155fa287ae724688aaa870d99135311a.r2.dev/audio_judge_ab/0673.00.02-word-eleven_v3-ep.mp3
009_bp	0181.00.02	word	BP	nós	Rw38T6bn0lTNOb1aUevR	Beatriz	https://pub-155fa287ae724688aaa870d99135311a.r2.dev/audio/0181.00.02-word-eleven_v3-v1.mp3	https://pub-155fa287ae724688aaa870d99135311a.r2.dev/audio/0181.00.02-word-eleven_v3-v1.mp3
009_ep	0181.00.02	word	EP	nós	hOLl3246BMBsdy0qtYLb	Nelson Silvestre	https://pub-155fa287ae724688aaa870d99135311a.r2.dev/audio/0181.00.02-word-eleven_v3-v1.mp3	https://pub-155fa287ae724688aaa870d99135311a.r2.dev/audio_judge_ab/0181.00.02-word-eleven_v3-ep.mp3
010_bp	2271.00.01	word	BP	nomeado	Rw38T6bn0lTNOb1aUevR	Beatriz	https://pub-155fa287ae724688aaa870d99135311a.r2.dev/audio/2271.00.01-word-eleven_v3-v1.mp3	https://pub-155fa287ae724688aaa870d99135311a.r2.dev/audio/2271.00.01-word-eleven_v3-v1.mp3
010_ep	2271.00.01	word	EP	nomeado	hOLl3246BMBsdy0qtYLb	Nelson Silvestre	https://pub-155fa287ae724688aaa870d99135311a.r2.dev/audio/2271.00.01-word-eleven_v3-v1.mp3	https://pub-155fa287ae724688aaa870d99135311a.r2.dev/audio_judge_ab/2271.00.01-word-eleven_v3-ep.mp3
011_bp	2941.00.01	word	BP	questionar	Rw38T6bn0lTNOb1aUevR	Beatriz	https://pub-155fa287ae724688aaa870d99135311a.r2.dev/audio/2941.00.01-word-eleven_v3-v1.mp3	https://pub-155fa287ae724688aaa870d99135311a.r2.dev/audio/2941.00.01-word-eleven_v3-v1.mp3
011_ep	2941.00.01	word	EP	questionar	hOLl3246BMBsdy0qtYLb	Nelson Silvestre	https://pub-155fa287ae724688aaa870d99135311a.r2.dev/audio/2941.00.01-word-eleven_v3-v1.mp3	https://pub-155fa287ae724688aaa870d99135311a.r2.dev/audio_judge_ab/2941.00.01-word-eleven_v3-ep.mp3
012_bp	2444.00.01	word	BP	a harmonia	Rw38T6bn0lTNOb1aUevR	Beatriz	https://pub-155fa287ae724688aaa870d99135311a.r2.dev/audio/2444.00.01-word-eleven_v3-v1.mp3	https://pub-155fa287ae724688aaa870d99135311a.r2.dev/audio/2444.00.01-word-eleven_v3-v1.mp3
012_ep	2444.00.01	word	EP	a harmonia	hOLl3246BMBsdy0qtYLb	Nelson Silvestre	https://pub-155fa287ae724688aaa870d99135311a.r2.dev/audio/2444.00.01-word-eleven_v3-v1.mp3	https://pub-155fa287ae724688aaa870d99135311a.r2.dev/audio_judge_ab/2444.00.01-word-eleven_v3-ep.mp3
013_bp	2165.00.01	word	BP	reservar	Rw38T6bn0lTNOb1aUevR	Beatriz	https://pub-155fa287ae724688aaa870d99135311a.r2.dev/audio/2165.00.01-word-eleven_v3-v1.mp3	https://pub-155fa287ae724688aaa870d99135311a.r2.dev/audio/2165.00.01-word-eleven_v3-v1.mp3
013_ep	2165.00.01	word	EP	reservar	hOLl3246BMBsdy0qtYLb	Nelson Silvestre	https://pub-155fa287ae724688aaa870d99135311a.r2.dev/audio/2165.00.01-word-eleven_v3-v1.mp3	https://pub-155fa287ae724688aaa870d99135311a.r2.dev/audio_judge_ab/2165.00.01-word-eleven_v3-ep.mp3
014_bp	1138.00.01	word	BP	evidente	Rw38T6bn0lTNOb1aUevR	Beatriz	https://pub-155fa287ae724688aaa870d99135311a.r2.dev/audio/1138.00.01-word-eleven_v3-v1.mp3	https://pub-155fa287ae724688aaa870d99135311a.r2.dev/audio/1138.00.01-word-eleven_v3-v1.mp3
014_ep	1138.00.01	word	EP	evidente	hOLl3246BMBsdy0qtYLb	Nelson Silvestre	https://pub-155fa287ae724688aaa870d99135311a.r2.dev/audio/1138.00.01-word-eleven_v3-v1.mp3	https://pub-155fa287ae724688aaa870d99135311a.r2.dev/audio_judge_ab/1138.00.01-word-eleven_v3-ep.mp3
015_bp	1152.00.01	word	BP	a característica	Rw38T6bn0lTNOb1aUevR	Beatriz	https://pub-155fa287ae724688aaa870d99135311a.r2.dev/audio/1152.00.01-word-eleven_v3-v1.mp3	https://pub-155fa287ae724688aaa870d99135311a.r2.dev/audio/1152.00.01-word-eleven_v3-v1.mp3
015_ep	1152.00.01	word	EP	a característica	hOLl3246BMBsdy0qtYLb	Nelson Silvestre	https://pub-155fa287ae724688aaa870d99135311a.r2.dev/audio/1152.00.01-word-eleven_v3-v1.mp3	https://pub-155fa287ae724688aaa870d99135311a.r2.dev/audio_judge_ab/1152.00.01-word-eleven_v3-ep.mp3
016_bp	1229.00.01	word	BP	merecer	m151rjrbWXbBqyq56tly	Carla	https://pub-155fa287ae724688aaa870d99135311a.r2.dev/audio/1229.00.01-word-eleven_v3-v1.mp3	https://pub-155fa287ae724688aaa870d99135311a.r2.dev/audio/1229.00.01-word-eleven_v3-v1.mp3
016_ep	1229.00.01	word	EP	merecer	hOLl3246BMBsdy0qtYLb	Nelson Silvestre	https://pub-155fa287ae724688aaa870d99135311a.r2.dev/audio/1229.00.01-word-eleven_v3-v1.mp3	https://pub-155fa287ae724688aaa870d99135311a.r2.dev/audio_judge_ab/1229.00.01-word-eleven_v3-ep.mp3
017_bp	1263.00.01	word	BP	cá	m151rjrbWXbBqyq56tly	Carla	https://pub-155fa287ae724688aaa870d99135311a.r2.dev/audio/1263.00.01-word-eleven_v3-v1.mp3	https://pub-155fa287ae724688aaa870d99135311a.r2.dev/audio/1263.00.01-word-eleven_v3-v1.mp3
017_ep	1263.00.01	word	EP	cá	hOLl3246BMBsdy0qtYLb	Nelson Silvestre	https://pub-155fa287ae724688aaa870d99135311a.r2.dev/audio/1263.00.01-word-eleven_v3-v1.mp3	https://pub-155fa287ae724688aaa870d99135311a.r2.dev/audio_judge_ab/1263.00.01-word-eleven_v3-ep.mp3
018_bp	2245.00.02	word	BP	avisar	m151rjrbWXbBqyq56tly	Carla	https://pub-155fa287ae724688aaa870d99135311a.r2.dev/audio/2245.00.02-word-eleven_v3-v1.mp3	https://pub-155fa287ae724688aaa870d99135311a.r2.dev/audio/2245.00.02-word-eleven_v3-v1.mp3
018_ep	2245.00.02	word	EP	avisar	hOLl3246BMBsdy0qtYLb	Nelson Silvestre	https://pub-155fa287ae724688aaa870d99135311a.r2.dev/audio/2245.00.02-word-eleven_v3-v1.mp3	https://pub-155fa287ae724688aaa870d99135311a.r2.dev/audio_judge_ab/2245.00.02-word-eleven_v3-ep.mp3
019_bp	4780.00.01	word	BP	sinistro	m151rjrbWXbBqyq56tly	Carla	https://pub-155fa287ae724688aaa870d99135311a.r2.dev/audio/4780.00.01-word-eleven_v3-v1.mp3	https://pub-155fa287ae724688aaa870d99135311a.r2.dev/audio/4780.00.01-word-eleven_v3-v1.mp3
019_ep	4780.00.01	word	EP	sinistro	hOLl3246BMBsdy0qtYLb	Nelson Silvestre	https://pub-155fa287ae724688aaa870d99135311a.r2.dev/audio/4780.00.01-word-eleven_v3-v1.mp3	https://pub-155fa287ae724688aaa870d99135311a.r2.dev/audio_judge_ab/4780.00.01-word-eleven_v3-ep.mp3
020_bp	3326.00.01	word	BP	a eficácia	m151rjrbWXbBqyq56tly	Carla	https://pub-155fa287ae724688aaa870d99135311a.r2.dev/audio/3326.00.01-word-eleven_v3-v1.mp3	https://pub-155fa287ae724688aaa870d99135311a.r2.dev/audio/3326.00.01-word-eleven_v3-v1.mp3
020_ep	3326.00.01	word	EP	a eficácia	hOLl3246BMBsdy0qtYLb	Nelson Silvestre	https://pub-155fa287ae724688aaa870d99135311a.r2.dev/audio/3326.00.01-word-eleven_v3-v1.mp3	https://pub-155fa287ae724688aaa870d99135311a.r2.dev/audio_judge_ab/3326.00.01-word-eleven_v3-ep.mp3
021_bp	0703.00.01	word	BP	observar	m151rjrbWXbBqyq56tly	Carla	https://pub-155fa287ae724688aaa870d99135311a.r2.dev/audio/0703.00.01-word-eleven_v3-v1.mp3	https://pub-155fa287ae724688aaa870d99135311a.r2.dev/audio/0703.00.01-word-eleven_v3-v1.mp3
021_ep	0703.00.01	word	EP	observar	hOLl3246BMBsdy0qtYLb	Nelson Silvestre	https://pub-155fa287ae724688aaa870d99135311a.r2.dev/audio/0703.00.01-word-eleven_v3-v1.mp3	https://pub-155fa287ae724688aaa870d99135311a.r2.dev/audio_judge_ab/0703.00.01-word-eleven_v3-ep.mp3
022_bp	4797.00.02	word	BP	condicionar	m151rjrbWXbBqyq56tly	Carla	https://pub-155fa287ae724688aaa870d99135311a.r2.dev/audio/4797.00.02-word-eleven_v3-v1.mp3	https://pub-155fa287ae724688aaa870d99135311a.r2.dev/audio/4797.00.02-word-eleven_v3-v1.mp3
022_ep	4797.00.02	word	EP	condicionar	hOLl3246BMBsdy0qtYLb	Nelson Silvestre	https://pub-155fa287ae724688aaa870d99135311a.r2.dev/audio/4797.00.02-word-eleven_v3-v1.mp3	https://pub-155fa287ae724688aaa870d99135311a.r2.dev/audio_judge_ab/4797.00.02-word-eleven_v3-ep.mp3
023_bp	0835.00.01	word	BP	a arma	ny3E2DZImeZm00WLGZi9	José Paulo	https://pub-155fa287ae724688aaa870d99135311a.r2.dev/audio/0835.00.01-word-eleven_v3-v1.mp3	https://pub-155fa287ae724688aaa870d99135311a.r2.dev/audio/0835.00.01-word-eleven_v3-v1.mp3
023_ep	0835.00.01	word	EP	a arma	hOLl3246BMBsdy0qtYLb	Nelson Silvestre	https://pub-155fa287ae724688aaa870d99135311a.r2.dev/audio/0835.00.01-word-eleven_v3-v1.mp3	https://pub-155fa287ae724688aaa870d99135311a.r2.dev/audio_judge_ab/0835.00.01-word-eleven_v3-ep.mp3
024_bp	4470.00.01	word	BP	a inundação	ny3E2DZImeZm00WLGZi9	José Paulo	https://pub-155fa287ae724688aaa870d99135311a.r2.dev/audio/4470.00.01-word-eleven_v3-v1.mp3	https://pub-155fa287ae724688aaa870d99135311a.r2.dev/audio/4470.00.01-word-eleven_v3-v1.mp3
024_ep	4470.00.01	word	EP	a inundação	hOLl3246BMBsdy0qtYLb	Nelson Silvestre	https://pub-155fa287ae724688aaa870d99135311a.r2.dev/audio/4470.00.01-word-eleven_v3-v1.mp3	https://pub-155fa287ae724688aaa870d99135311a.r2.dev/audio_judge_ab/4470.00.01-word-eleven_v3-ep.mp3
025_bp	0381.00.01	word	BP	a peça	ny3E2DZImeZm00WLGZi9	José Paulo	https://pub-155fa287ae724688aaa870d99135311a.r2.dev/audio/0381.00.01-word-eleven_v3-v1.mp3	https://pub-155fa287ae724688aaa870d99135311a.r2.dev/audio/0381.00.01-word-eleven_v3-v1.mp3
025_ep	0381.00.01	word	EP	a peça	hOLl3246BMBsdy0qtYLb	Nelson Silvestre	https://pub-155fa287ae724688aaa870d99135311a.r2.dev/audio/0381.00.01-word-eleven_v3-v1.mp3	https://pub-155fa287ae724688aaa870d99135311a.r2.dev/audio_judge_ab/0381.00.01-word-eleven_v3-ep.mp3
026_bp	0800.00.01	word	BP	o/a chefe	ny3E2DZImeZm00WLGZi9	José Paulo	https://pub-155fa287ae724688aaa870d99135311a.r2.dev/audio/0800.00.01-word-eleven_v3-v1.mp3	https://pub-155fa287ae724688aaa870d99135311a.r2.dev/audio/0800.00.01-word-eleven_v3-v1.mp3
026_ep	0800.00.01	word	EP	o/a chefe	hOLl3246BMBsdy0qtYLb	Nelson Silvestre	https://pub-155fa287ae724688aaa870d99135311a.r2.dev/audio/0800.00.01-word-eleven_v3-v1.mp3	https://pub-155fa287ae724688aaa870d99135311a.r2.dev/audio_judge_ab/0800.00.01-word-eleven_v3-ep.mp3
027_bp	0259.00.02	word	BP	a tarde	ny3E2DZImeZm00WLGZi9	José Paulo	https://pub-155fa287ae724688aaa870d99135311a.r2.dev/audio/0259.00.02-word-eleven_v3-v1.mp3	https://pub-155fa287ae724688aaa870d99135311a.r2.dev/audio/0259.00.02-word-eleven_v3-v1.mp3
027_ep	0259.00.02	word	EP	a tarde	hOLl3246BMBsdy0qtYLb	Nelson Silvestre	https://pub-155fa287ae724688aaa870d99135311a.r2.dev/audio/0259.00.02-word-eleven_v3-v1.mp3	https://pub-155fa287ae724688aaa870d99135311a.r2.dev/audio_judge_ab/0259.00.02-word-eleven_v3-ep.mp3
028_bp	2530.00.01	word	BP	monetário	ny3E2DZImeZm00WLGZi9	José Paulo	https://pub-155fa287ae724688aaa870d99135311a.r2.dev/audio/2530.00.01-word-eleven_v3-v1.mp3	https://pub-155fa287ae724688aaa870d99135311a.r2.dev/audio/2530.00.01-word-eleven_v3-v1.mp3
028_ep	2530.00.01	word	EP	monetário	hOLl3246BMBsdy0qtYLb	Nelson Silvestre	https://pub-155fa287ae724688aaa870d99135311a.r2.dev/audio/2530.00.01-word-eleven_v3-v1.mp3	https://pub-155fa287ae724688aaa870d99135311a.r2.dev/audio_judge_ab/2530.00.01-word-eleven_v3-ep.mp3
029_bp	4660.00.01	word	BP	nominal	ny3E2DZImeZm00WLGZi9	José Paulo	https://pub-155fa287ae724688aaa870d99135311a.r2.dev/audio/4660.00.01-word-eleven_v3-v1.mp3	https://pub-155fa287ae724688aaa870d99135311a.r2.dev/audio/4660.00.01-word-eleven_v3-v1.mp3
029_ep	4660.00.01	word	EP	nominal	hOLl3246BMBsdy0qtYLb	Nelson Silvestre	https://pub-155fa287ae724688aaa870d99135311a.r2.dev/audio/4660.00.01-word-eleven_v3-v1.mp3	https://pub-155fa287ae724688aaa870d99135311a.r2.dev/audio_judge_ab/4660.00.01-word-eleven_v3-ep.mp3
030_bp	1836.00.01	word	BP	a ocupação	qPfM2laM0pRL4rrZtBGl	Sandro Dutra	https://pub-155fa287ae724688aaa870d99135311a.r2.dev/audio/1836.00.01-word-eleven_v3-v1.mp3	https://pub-155fa287ae724688aaa870d99135311a.r2.dev/audio/1836.00.01-word-eleven_v3-v1.mp3
030_ep	1836.00.01	word	EP	a ocupação	hOLl3246BMBsdy0qtYLb	Nelson Silvestre	https://pub-155fa287ae724688aaa870d99135311a.r2.dev/audio/1836.00.01-word-eleven_v3-v1.mp3	https://pub-155fa287ae724688aaa870d99135311a.r2.dev/audio_judge_ab/1836.00.01-word-eleven_v3-ep.mp3
031_bp	3163.00.01	word	BP	o leilão	qPfM2laM0pRL4rrZtBGl	Sandro Dutra	https://pub-155fa287ae724688aaa870d99135311a.r2.dev/audio/3163.00.01-word-eleven_v3-v1.mp3	https://pub-155fa287ae724688aaa870d99135311a.r2.dev/audio/3163.00.01-word-eleven_v3-v1.mp3
031_ep	3163.00.01	word	EP	o leilão	hOLl3246BMBsdy0qtYLb	Nelson Silvestre	https://pub-155fa287ae724688aaa870d99135311a.r2.dev/audio/3163.00.01-word-eleven_v3-v1.mp3	https://pub-155fa287ae724688aaa870d99135311a.r2.dev/audio_judge_ab/3163.00.01-word-eleven_v3-ep.mp3
032_bp	0450.00.01	word	BP	livre	qPfM2laM0pRL4rrZtBGl	Sandro Dutra	https://pub-155fa287ae724688aaa870d99135311a.r2.dev/audio/0450.00.01-word-eleven_v3-v1.mp3	https://pub-155fa287ae724688aaa870d99135311a.r2.dev/audio/0450.00.01-word-eleven_v3-v1.mp3
032_ep	0450.00.01	word	EP	livre	hOLl3246BMBsdy0qtYLb	Nelson Silvestre	https://pub-155fa287ae724688aaa870d99135311a.r2.dev/audio/0450.00.01-word-eleven_v3-v1.mp3	https://pub-155fa287ae724688aaa870d99135311a.r2.dev/audio_judge_ab/0450.00.01-word-eleven_v3-ep.mp3
033_bp	3010.00.01	word	BP	solitário	qPfM2laM0pRL4rrZtBGl	Sandro Dutra	https://pub-155fa287ae724688aaa870d99135311a.r2.dev/audio/3010.00.01-word-eleven_v3-v1.mp3	https://pub-155fa287ae724688aaa870d99135311a.r2.dev/audio/3010.00.01-word-eleven_v3-v1.mp3
033_ep	3010.00.01	word	EP	solitário	hOLl3246BMBsdy0qtYLb	Nelson Silvestre	https://pub-155fa287ae724688aaa870d99135311a.r2.dev/audio/3010.00.01-word-eleven_v3-v1.mp3	https://pub-155fa287ae724688aaa870d99135311a.r2.dev/audio_judge_ab/3010.00.01-word-eleven_v3-ep.mp3
034_bp	4924.00.01	word	BP	o colete	qPfM2laM0pRL4rrZtBGl	Sandro Dutra	https://pub-155fa287ae724688aaa870d99135311a.r2.dev/audio/4924.00.01-word-eleven_v3-v1.mp3	https://pub-155fa287ae724688aaa870d99135311a.r2.dev/audio/4924.00.01-word-eleven_v3-v1.mp3
034_ep	4924.00.01	word	EP	o colete	hOLl3246BMBsdy0qtYLb	Nelson Silvestre	https://pub-155fa287ae724688aaa870d99135311a.r2.dev/audio/4924.00.01-word-eleven_v3-v1.mp3	https://pub-155fa287ae724688aaa870d99135311a.r2.dev/audio_judge_ab/4924.00.01-word-eleven_v3-ep.mp3
035_bp	4703.00.01	word	BP	a lavagem	qPfM2laM0pRL4rrZtBGl	Sandro Dutra	https://pub-155fa287ae724688aaa870d99135311a.r2.dev/audio/4703.00.01-word-eleven_v3-v1.mp3	https://pub-155fa287ae724688aaa870d99135311a.r2.dev/audio/4703.00.01-word-eleven_v3-v1.mp3
035_ep	4703.00.01	word	EP	a lavagem	hOLl3246BMBsdy0qtYLb	Nelson Silvestre	https://pub-155fa287ae724688aaa870d99135311a.r2.dev/audio/4703.00.01-word-eleven_v3-v1.mp3	https://pub-155fa287ae724688aaa870d99135311a.r2.dev/audio_judge_ab/4703.00.01-word-eleven_v3-ep.mp3
036_bp	4644.00.02	word	BP	a fixação	qPfM2laM0pRL4rrZtBGl	Sandro Dutra	https://pub-155fa287ae724688aaa870d99135311a.r2.dev/audio/4644.00.02-word-eleven_v3-v1.mp3	https://pub-155fa287ae724688aaa870d99135311a.r2.dev/audio/4644.00.02-word-eleven_v3-v1.mp3
036_ep	4644.00.02	word	EP	a fixação	hOLl3246BMBsdy0qtYLb	Nelson Silvestre	https://pub-155fa287ae724688aaa870d99135311a.r2.dev/audio/4644.00.02-word-eleven_v3-v1.mp3	https://pub-155fa287ae724688aaa870d99135311a.r2.dev/audio_judge_ab/4644.00.02-word-eleven_v3-ep.mp3
037_bp	1799.00.01	word	BP	a curva	wxoDdfPKBuna5KnUEotz	Eduardo	https://pub-155fa287ae724688aaa870d99135311a.r2.dev/audio/1799.00.01-word-eleven_v3-v1.mp3	https://pub-155fa287ae724688aaa870d99135311a.r2.dev/audio/1799.00.01-word-eleven_v3-v1.mp3
037_ep	1799.00.01	word	EP	a curva	hOLl3246BMBsdy0qtYLb	Nelson Silvestre	https://pub-155fa287ae724688aaa870d99135311a.r2.dev/audio/1799.00.01-word-eleven_v3-v1.mp3	https://pub-155fa287ae724688aaa870d99135311a.r2.dev/audio_judge_ab/1799.00.01-word-eleven_v3-ep.mp3
038_bp	2224.00.01	word	BP	o redor	wxoDdfPKBuna5KnUEotz	Eduardo	https://pub-155fa287ae724688aaa870d99135311a.r2.dev/audio/2224.00.01-word-eleven_v3-v1.mp3	https://pub-155fa287ae724688aaa870d99135311a.r2.dev/audio/2224.00.01-word-eleven_v3-v1.mp3
038_ep	2224.00.01	word	EP	o redor	hOLl3246BMBsdy0qtYLb	Nelson Silvestre	https://pub-155fa287ae724688aaa870d99135311a.r2.dev/audio/2224.00.01-word-eleven_v3-v1.mp3	https://pub-155fa287ae724688aaa870d99135311a.r2.dev/audio_judge_ab/2224.00.01-word-eleven_v3-ep.mp3
039_bp	3571.00.01	word	BP	o pesquisador	wxoDdfPKBuna5KnUEotz	Eduardo	https://pub-155fa287ae724688aaa870d99135311a.r2.dev/audio/3571.00.01-word-eleven_v3-v1.mp3	https://pub-155fa287ae724688aaa870d99135311a.r2.dev/audio/3571.00.01-word-eleven_v3-v1.mp3
039_ep	3571.00.01	word	EP	o pesquisador	hOLl3246BMBsdy0qtYLb	Nelson Silvestre	https://pub-155fa287ae724688aaa870d99135311a.r2.dev/audio/3571.00.01-word-eleven_v3-v1.mp3	https://pub-155fa287ae724688aaa870d99135311a.r2.dev/audio_judge_ab/3571.00.01-word-eleven_v3-ep.mp3
040_bp	4361.00.02	word	BP	o anexo	wxoDdfPKBuna5KnUEotz	Eduardo	https://pub-155fa287ae724688aaa870d99135311a.r2.dev/audio/4361.00.02-word-eleven_v3-v1.mp3	https://pub-155fa287ae724688aaa870d99135311a.r2.dev/audio/4361.00.02-word-eleven_v3-v1.mp3
040_ep	4361.00.02	word	EP	o anexo	hOLl3246BMBsdy0qtYLb	Nelson Silvestre	https://pub-155fa287ae724688aaa870d99135311a.r2.dev/audio/4361.00.02-word-eleven_v3-v1.mp3	https://pub-155fa287ae724688aaa870d99135311a.r2.dev/audio_judge_ab/4361.00.02-word-eleven_v3-ep.mp3
041_bp	1630.00.01	word	BP	barato	wxoDdfPKBuna5KnUEotz	Eduardo	https://pub-155fa287ae724688aaa870d99135311a.r2.dev/audio/1630.00.01-word-eleven_v3-v1.mp3	https://pub-155fa287ae724688aaa870d99135311a.r2.dev/audio/1630.00.01-word-eleven_v3-v1.mp3
041_ep	1630.00.01	word	EP	barato	hOLl3246BMBsdy0qtYLb	Nelson Silvestre	https://pub-155fa287ae724688aaa870d99135311a.r2.dev/audio/1630.00.01-word-eleven_v3-v1.mp3	https://pub-155fa287ae724688aaa870d99135311a.r2.dev/audio_judge_ab/1630.00.01-word-eleven_v3-ep.mp3
042_bp	2706.00.01	word	BP	elaborado	wxoDdfPKBuna5KnUEotz	Eduardo	https://pub-155fa287ae724688aaa870d99135311a.r2.dev/audio/2706.00.01-word-eleven_v3-v1.mp3	https://pub-155fa287ae724688aaa870d99135311a.r2.dev/audio/2706.00.01-word-eleven_v3-v1.mp3
042_ep	2706.00.01	word	EP	elaborado	hOLl3246BMBsdy0qtYLb	Nelson Silvestre	https://pub-155fa287ae724688aaa870d99135311a.r2.dev/audio/2706.00.01-word-eleven_v3-v1.mp3	https://pub-155fa287ae724688aaa870d99135311a.r2.dev/audio_judge_ab/2706.00.01-word-eleven_v3-ep.mp3
043_bp	0740.00.01	word	BP	indicar	wxoDdfPKBuna5KnUEotz	Eduardo	https://pub-155fa287ae724688aaa870d99135311a.r2.dev/audio/0740.00.01-word-eleven_v3-v1.mp3	https://pub-155fa287ae724688aaa870d99135311a.r2.dev/audio/0740.00.01-word-eleven_v3-v1.mp3
043_ep	0740.00.01	word	EP	indicar	hOLl3246BMBsdy0qtYLb	Nelson Silvestre	https://pub-155fa287ae724688aaa870d99135311a.r2.dev/audio/0740.00.01-word-eleven_v3-v1.mp3	https://pub-155fa287ae724688aaa870d99135311a.r2.dev/audio_judge_ab/0740.00.01-word-eleven_v3-ep.mp3
044_bp	2520.00.01	word	BP	provável	xNGAXaCH8MaasNuo7Hr7	Beto	https://pub-155fa287ae724688aaa870d99135311a.r2.dev/audio/2520.00.01-word-eleven_v3-v1.mp3	https://pub-155fa287ae724688aaa870d99135311a.r2.dev/audio/2520.00.01-word-eleven_v3-v1.mp3
044_ep	2520.00.01	word	EP	provável	hOLl3246BMBsdy0qtYLb	Nelson Silvestre	https://pub-155fa287ae724688aaa870d99135311a.r2.dev/audio/2520.00.01-word-eleven_v3-v1.mp3	https://pub-155fa287ae724688aaa870d99135311a.r2.dev/audio_judge_ab/2520.00.01-word-eleven_v3-ep.mp3
045_bp	2769.00.01	word	BP	a mentira	xNGAXaCH8MaasNuo7Hr7	Beto	https://pub-155fa287ae724688aaa870d99135311a.r2.dev/audio/2769.00.01-word-eleven_v3-v1.mp3	https://pub-155fa287ae724688aaa870d99135311a.r2.dev/audio/2769.00.01-word-eleven_v3-v1.mp3
045_ep	2769.00.01	word	EP	a mentira	hOLl3246BMBsdy0qtYLb	Nelson Silvestre	https://pub-155fa287ae724688aaa870d99135311a.r2.dev/audio/2769.00.01-word-eleven_v3-v1.mp3	https://pub-155fa287ae724688aaa870d99135311a.r2.dev/audio_judge_ab/2769.00.01-word-eleven_v3-ep.mp3
046_bp	4049.00.01	word	BP	a dama	xNGAXaCH8MaasNuo7Hr7	Beto	https://pub-155fa287ae724688aaa870d99135311a.r2.dev/audio/4049.00.01-word-eleven_v3-v1.mp3	https://pub-155fa287ae724688aaa870d99135311a.r2.dev/audio/4049.00.01-word-eleven_v3-v1.mp3
046_ep	4049.00.01	word	EP	a dama	hOLl3246BMBsdy0qtYLb	Nelson Silvestre	https://pub-155fa287ae724688aaa870d99135311a.r2.dev/audio/4049.00.01-word-eleven_v3-v1.mp3	https://pub-155fa287ae724688aaa870d99135311a.r2.dev/audio_judge_ab/4049.00.01-word-eleven_v3-ep.mp3
047_bp	1050.00.01	word	BP	o conceito	xNGAXaCH8MaasNuo7Hr7	Beto	https://pub-155fa287ae724688aaa870d99135311a.r2.dev/audio/1050.00.01-word-eleven_v3-v1.mp3	https://pub-155fa287ae724688aaa870d99135311a.r2.dev/audio/1050.00.01-word-eleven_v3-v1.mp3
047_ep	1050.00.01	word	EP	o conceito	hOLl3246BMBsdy0qtYLb	Nelson Silvestre	https://pub-155fa287ae724688aaa870d99135311a.r2.dev/audio/1050.00.01-word-eleven_v3-v1.mp3	https://pub-155fa287ae724688aaa870d99135311a.r2.dev/audio_judge_ab/1050.00.01-word-eleven_v3-ep.mp3
048_bp	1780.00.01	word	BP	a instrução	xNGAXaCH8MaasNuo7Hr7	Beto	https://pub-155fa287ae724688aaa870d99135311a.r2.dev/audio/1780.00.01-word-eleven_v3-v1.mp3	https://pub-155fa287ae724688aaa870d99135311a.r2.dev/audio/1780.00.01-word-eleven_v3-v1.mp3
048_ep	1780.00.01	word	EP	a instrução	hOLl3246BMBsdy0qtYLb	Nelson Silvestre	https://pub-155fa287ae724688aaa870d99135311a.r2.dev/audio/1780.00.01-word-eleven_v3-v1.mp3	https://pub-155fa287ae724688aaa870d99135311a.r2.dev/audio_judge_ab/1780.00.01-word-eleven_v3-ep.mp3
049_bp	4422.00.01	word	BP	suposto	xNGAXaCH8MaasNuo7Hr7	Beto	https://pub-155fa287ae724688aaa870d99135311a.r2.dev/audio/4422.00.01-word-eleven_v3-v1.mp3	https://pub-155fa287ae724688aaa870d99135311a.r2.dev/audio/4422.00.01-word-eleven_v3-v1.mp3
049_ep	4422.00.01	word	EP	suposto	hOLl3246BMBsdy0qtYLb	Nelson Silvestre	https://pub-155fa287ae724688aaa870d99135311a.r2.dev/audio/4422.00.01-word-eleven_v3-v1.mp3	https://pub-155fa287ae724688aaa870d99135311a.r2.dev/audio_judge_ab/4422.00.01-word-eleven_v3-ep.mp3
050_bp	4573.00.02	word	BP	afogar	xNGAXaCH8MaasNuo7Hr7	Beto	https://pub-155fa287ae724688aaa870d99135311a.r2.dev/audio/4573.00.02-word-eleven_v3-v1.mp3	https://pub-155fa287ae724688aaa870d99135311a.r2.dev/audio/4573.00.02-word-eleven_v3-v1.mp3
050_ep	4573.00.02	word	EP	afogar	hOLl3246BMBsdy0qtYLb	Nelson Silvestre	https://pub-155fa287ae724688aaa870d99135311a.r2.dev/audio/4573.00.02-word-eleven_v3-v1.mp3	https://pub-155fa287ae724688aaa870d99135311a.r2.dev/audio_judge_ab/4573.00.02-word-eleven_v3-ep.mp3
051_bp	3254.00.01	example	BP	Vamos prevenir doenças com boa alimentação.	AaeZyyi87RCxtFnHPS3e	Prof. Campanholi	https://pub-155fa287ae724688aaa870d99135311a.r2.dev/audio/3254.00.01-ex-eleven_v3-v1.mp3	https://pub-155fa287ae724688aaa870d99135311a.r2.dev/audio/3254.00.01-ex-eleven_v3-v1.mp3
051_ep	3254.00.01	example	EP	Vamos prevenir doenças com boa alimentação.	hOLl3246BMBsdy0qtYLb	Nelson Silvestre	https://pub-155fa287ae724688aaa870d99135311a.r2.dev/audio/3254.00.01-ex-eleven_v3-v1.mp3	https://pub-155fa287ae724688aaa870d99135311a.r2.dev/audio_judge_ab/3254.00.01-ex-eleven_v3-ep.mp3
052_bp	1111.00.01	example	BP	A polícia protege os cidadãos da cidade.	AaeZyyi87RCxtFnHPS3e	Prof. Campanholi	https://pub-155fa287ae724688aaa870d99135311a.r2.dev/audio/1111.00.01-ex-eleven_v3-v1.mp3	https://pub-155fa287ae724688aaa870d99135311a.r2.dev/audio/1111.00.01-ex-eleven_v3-v1.mp3
052_ep	1111.00.01	example	EP	A polícia protege os cidadãos da cidade.	hOLl3246BMBsdy0qtYLb	Nelson Silvestre	https://pub-155fa287ae724688aaa870d99135311a.r2.dev/audio/1111.00.01-ex-eleven_v3-v1.mp3	https://pub-155fa287ae724688aaa870d99135311a.r2.dev/audio_judge_ab/1111.00.01-ex-eleven_v3-ep.mp3
053_bp	4759.00.01	example	BP	Meu papai trabalha em um banco.	AaeZyyi87RCxtFnHPS3e	Prof. Campanholi	https://pub-155fa287ae724688aaa870d99135311a.r2.dev/audio/4759.00.01-ex-eleven_v3-v1.mp3	https://pub-155fa287ae724688aaa870d99135311a.r2.dev/audio/4759.00.01-ex-eleven_v3-v1.mp3
053_ep	4759.00.01	example	EP	Meu papai trabalha em um banco.	hOLl3246BMBsdy0qtYLb	Nelson Silvestre	https://pub-155fa287ae724688aaa870d99135311a.r2.dev/audio/4759.00.01-ex-eleven_v3-v1.mp3	https://pub-155fa287ae724688aaa870d99135311a.r2.dev/audio_judge_ab/4759.00.01-ex-eleven_v3-ep.mp3
054_bp	4019.00.01	example	BP	A temperatura subiu um décimo de grau.	AaeZyyi87RCxtFnHPS3e	Prof. Campanholi	https://pub-155fa287ae724688aaa870d99135311a.r2.dev/audio/4019.00.01-ex-eleven_v3-v1.mp3	https://pub-155fa287ae724688aaa870d99135311a.r2.dev/audio/4019.00.01-ex-eleven_v3-v1.mp3
054_ep	4019.00.01	example	EP	A temperatura subiu um décimo de grau.	hOLl3246BMBsdy0qtYLb	Nelson Silvestre	https://pub-155fa287ae724688aaa870d99135311a.r2.dev/audio/4019.00.01-ex-eleven_v3-v1.mp3	https://pub-155fa287ae724688aaa870d99135311a.r2.dev/audio_judge_ab/4019.00.01-ex-eleven_v3-ep.mp3
055_bp	2851.00.01	example	BP	O paço imperial fica no centro da cidade.	AaeZyyi87RCxtFnHPS3e	Prof. Campanholi	https://pub-155fa287ae724688aaa870d99135311a.r2.dev/audio/2851.00.01-ex-eleven_v3-v1.mp3	https://pub-155fa287ae724688aaa870d99135311a.r2.dev/audio/2851.00.01-ex-eleven_v3-v1.mp3
055_ep	2851.00.01	example	EP	O paço imperial fica no centro da cidade.	hOLl3246BMBsdy0qtYLb	Nelson Silvestre	https://pub-155fa287ae724688aaa870d99135311a.r2.dev/audio/2851.00.01-ex-eleven_v3-v1.mp3	https://pub-155fa287ae724688aaa870d99135311a.r2.dev/audio_judge_ab/2851.00.01-ex-eleven_v3-ep.mp3
056_bp	2596.00.01	example	BP	A limpeza da casa está marcada para sábado.	AaeZyyi87RCxtFnHPS3e	Prof. Campanholi	https://pub-155fa287ae724688aaa870d99135311a.r2.dev/audio/2596.00.01-ex-eleven_v3-v1.mp3	https://pub-155fa287ae724688aaa870d99135311a.r2.dev/audio/2596.00.01-ex-eleven_v3-v1.mp3
056_ep	2596.00.01	example	EP	A limpeza da casa está marcada para sábado.	hOLl3246BMBsdy0qtYLb	Nelson Silvestre	https://pub-155fa287ae724688aaa870d99135311a.r2.dev/audio/2596.00.01-ex-eleven_v3-v1.mp3	https://pub-155fa287ae724688aaa870d99135311a.r2.dev/audio_judge_ab/2596.00.01-ex-eleven_v3-ep.mp3
057_bp	2306.00.01	example	BP	A guerra causou a destruição de muitas casas.	AaeZyyi87RCxtFnHPS3e	Prof. Campanholi	https://pub-155fa287ae724688aaa870d99135311a.r2.dev/audio/2306.00.01-ex-eleven_v3-v1.mp3	https://pub-155fa287ae724688aaa870d99135311a.r2.dev/audio/2306.00.01-ex-eleven_v3-v1.mp3
057_ep	2306.00.01	example	EP	A guerra causou a destruição de muitas casas.	hOLl3246BMBsdy0qtYLb	Nelson Silvestre	https://pub-155fa287ae724688aaa870d99135311a.r2.dev/audio/2306.00.01-ex-eleven_v3-v1.mp3	https://pub-155fa287ae724688aaa870d99135311a.r2.dev/audio_judge_ab/2306.00.01-ex-eleven_v3-ep.mp3
058_bp	3099.00.01	example	BP	A narrativa do filme é muito interessante.	AaeZyyi87RCxtFnHPS3e	Prof. Campanholi	https://pub-155fa287ae724688aaa870d99135311a.r2.dev/audio/3099.00.01-ex-eleven_v3-v1.mp3	https://pub-155fa287ae724688aaa870d99135311a.r2.dev/audio/3099.00.01-ex-eleven_v3-v1.mp3
058_ep	3099.00.01	example	EP	A narrativa do filme é muito interessante.	hOLl3246BMBsdy0qtYLb	Nelson Silvestre	https://pub-155fa287ae724688aaa870d99135311a.r2.dev/audio/3099.00.01-ex-eleven_v3-v1.mp3	https://pub-155fa287ae724688aaa870d99135311a.r2.dev/audio_judge_ab/3099.00.01-ex-eleven_v3-ep.mp3
059_bp	4140.00.01	example	BP	O professor elogiou o trabalho dos alunos.	Rw38T6bn0lTNOb1aUevR	Beatriz	https://pub-155fa287ae724688aaa870d99135311a.r2.dev/audio/4140.00.01-ex-eleven_v3-v1.mp3	https://pub-155fa287ae724688aaa870d99135311a.r2.dev/audio/4140.00.01-ex-eleven_v3-v1.mp3
059_ep	4140.00.01	example	EP	O professor elogiou o trabalho dos alunos.	hOLl3246BMBsdy0qtYLb	Nelson Silvestre	https://pub-155fa287ae724688aaa870d99135311a.r2.dev/audio/4140.00.01-ex-eleven_v3-v1.mp3	https://pub-155fa287ae724688aaa870d99135311a.r2.dev/audio_judge_ab/4140.00.01-ex-eleven_v3-ep.mp3
060_bp	0578.00.01	example	BP	Comprei um terreno para construir uma casa.	Rw38T6bn0lTNOb1aUevR	Beatriz	https://pub-155fa287ae724688aaa870d99135311a.r2.dev/audio/0578.00.01-ex-eleven_v3-v1.mp3	https://pub-155fa287ae724688aaa870d99135311a.r2.dev/audio/0578.00.01-ex-eleven_v3-v1.mp3
060_ep	0578.00.01	example	EP	Comprei um terreno para construir uma casa.	hOLl3246BMBsdy0qtYLb	Nelson Silvestre	https://pub-155fa287ae724688aaa870d99135311a.r2.dev/audio/0578.00.01-ex-eleven_v3-v1.mp3	https://pub-155fa287ae724688aaa870d99135311a.r2.dev/audio_judge_ab/0578.00.01-ex-eleven_v3-ep.mp3
061_bp	0619.00.01	example	BP	Ela é uma profissional muito competente na área de saúde.	Rw38T6bn0lTNOb1aUevR	Beatriz	https://pub-155fa287ae724688aaa870d99135311a.r2.dev/audio/0619.00.01-ex-eleven_v3-v1.mp3	https://pub-155fa287ae724688aaa870d99135311a.r2.dev/audio/0619.00.01-ex-eleven_v3-v1.mp3
061_ep	0619.00.01	example	EP	Ela é uma profissional muito competente na área de saúde.	hOLl3246BMBsdy0qtYLb	Nelson Silvestre	https://pub-155fa287ae724688aaa870d99135311a.r2.dev/audio/0619.00.01-ex-eleven_v3-v1.mp3	https://pub-155fa287ae724688aaa870d99135311a.r2.dev/audio_judge_ab/0619.00.01-ex-eleven_v3-ep.mp3
062_bp	1107.00.01	example	BP	A chuva começou de manhã e não parou.	Rw38T6bn0lTNOb1aUevR	Beatriz	https://pub-155fa287ae724688aaa870d99135311a.r2.dev/audio/1107.00.01-ex-eleven_v3-v1.mp3	https://pub-155fa287ae724688aaa870d99135311a.r2.dev/audio/1107.00.01-ex-eleven_v3-v1.mp3
062_ep	1107.00.01	example	EP	A chuva começou de manhã e não parou.	hOLl3246BMBsdy0qtYLb	Nelson Silvestre	https://pub-155fa287ae724688aaa870d99135311a.r2.dev/audio/1107.00.01-ex-eleven_v3-v1.mp3	https://pub-155fa287ae724688aaa870d99135311a.r2.dev/audio_judge_ab/1107.00.01-ex-eleven_v3-ep.mp3
063_bp	3884.00.01	example	BP	As crianças dançam ao redor da fogueira.	Rw38T6bn0lTNOb1aUevR	Beatriz	https://pub-155fa287ae724688aaa870d99135311a.r2.dev/audio/3884.00.01-ex-eleven_v3-v1.mp3	https://pub-155fa287ae724688aaa870d99135311a.r2.dev/audio/3884.00.01-ex-eleven_v3-v1.mp3
063_ep	3884.00.01	example	EP	As crianças dançam ao redor da fogueira.	hOLl3246BMBsdy0qtYLb	Nelson Silvestre	https://pub-155fa287ae724688aaa870d99135311a.r2.dev/audio/3884.00.01-ex-eleven_v3-v1.mp3	https://pub-155fa287ae724688aaa870d99135311a.r2.dev/audio_judge_ab/3884.00.01-ex-eleven_v3-ep.mp3
064_bp	1763.00.01	example	BP	O técnico encontrou uma falha no sistema elétrico.	Rw38T6bn0lTNOb1aUevR	Beatriz	https://pub-155fa287ae724688aaa870d99135311a.r2.dev/audio/1763.00.01-ex-eleven_v3-v1.mp3	https://pub-155fa287ae724688aaa870d99135311a.r2.dev/audio/1763.00.01-ex-eleven_v3-v1.mp3
064_ep	1763.00.01	example	EP	O técnico encontrou uma falha no sistema elétrico.	hOLl3246BMBsdy0qtYLb	Nelson Silvestre	https://pub-155fa287ae724688aaa870d99135311a.r2.dev/audio/1763.00.01-ex-eleven_v3-v1.mp3	https://pub-155fa287ae724688aaa870d99135311a.r2.dev/audio_judge_ab/1763.00.01-ex-eleven_v3-ep.mp3
065_bp	2839.00.01	example	BP	A professora contou o mito grego de Ícaro.	Rw38T6bn0lTNOb1aUevR	Beatriz	https://pub-155fa287ae724688aaa870d99135311a.r2.dev/audio/2839.00.01-ex-eleven_v3-v1.mp3	https://pub-155fa287ae724688aaa870d99135311a.r2.dev/audio/2839.00.01-ex-eleven_v3-v1.mp3
065_ep	2839.00.01	example	EP	A professora contou o mito grego de Ícaro.	hOLl3246BMBsdy0qtYLb	Nelson Silvestre	https://pub-155fa287ae724688aaa870d99135311a.r2.dev/audio/2839.00.01-ex-eleven_v3-v1.mp3	https://pub-155fa287ae724688aaa870d99135311a.r2.dev/audio_judge_ab/2839.00.01-ex-eleven_v3-ep.mp3
066_bp	2716.00.01	example	BP	O centro comunitário oferece aulas grátis.	m151rjrbWXbBqyq56tly	Carla	https://pub-155fa287ae724688aaa870d99135311a.r2.dev/audio/2716.00.01-ex-eleven_v3-v1.mp3	https://pub-155fa287ae724688aaa870d99135311a.r2.dev/audio/2716.00.01-ex-eleven_v3-v1.mp3
066_ep	2716.00.01	example	EP	O centro comunitário oferece aulas grátis.	hOLl3246BMBsdy0qtYLb	Nelson Silvestre	https://pub-155fa287ae724688aaa870d99135311a.r2.dev/audio/2716.00.01-ex-eleven_v3-v1.mp3	https://pub-155fa287ae724688aaa870d99135311a.r2.dev/audio_judge_ab/2716.00.01-ex-eleven_v3-ep.mp3
067_bp	3586.00.01	example	BP	Meu joelho está muito doloroso depois da corrida.	m151rjrbWXbBqyq56tly	Carla	https://pub-155fa287ae724688aaa870d99135311a.r2.dev/audio/3586.00.01-ex-eleven_v3-v1.mp3	https://pub-155fa287ae724688aaa870d99135311a.r2.dev/audio/3586.00.01-ex-eleven_v3-v1.mp3
067_ep	3586.00.01	example	EP	Meu joelho está muito doloroso depois da corrida.	hOLl3246BMBsdy0qtYLb	Nelson Silvestre	https://pub-155fa287ae724688aaa870d99135311a.r2.dev/audio/3586.00.01-ex-eleven_v3-v1.mp3	https://pub-155fa287ae724688aaa870d99135311a.r2.dev/audio_judge_ab/3586.00.01-ex-eleven_v3-ep.mp3
068_bp	1087.00.01	example	BP	Meu irmão é independente e mora sozinho.	m151rjrbWXbBqyq56tly	Carla	https://pub-155fa287ae724688aaa870d99135311a.r2.dev/audio/1087.00.01-ex-eleven_v3-v1.mp3	https://pub-155fa287ae724688aaa870d99135311a.r2.dev/audio/1087.00.01-ex-eleven_v3-v1.mp3
068_ep	1087.00.01	example	EP	Meu irmão é independente e mora sozinho.	hOLl3246BMBsdy0qtYLb	Nelson Silvestre	https://pub-155fa287ae724688aaa870d99135311a.r2.dev/audio/1087.00.01-ex-eleven_v3-v1.mp3	https://pub-155fa287ae724688aaa870d99135311a.r2.dev/audio_judge_ab/1087.00.01-ex-eleven_v3-ep.mp3
069_bp	4426.00.01	example	BP	O texto do aluno é muito coerente e claro.	m151rjrbWXbBqyq56tly	Carla	https://pub-155fa287ae724688aaa870d99135311a.r2.dev/audio/4426.00.01-ex-eleven_v3-v1.mp3	https://pub-155fa287ae724688aaa870d99135311a.r2.dev/audio/4426.00.01-ex-eleven_v3-v1.mp3
069_ep	4426.00.01	example	EP	O texto do aluno é muito coerente e claro.	hOLl3246BMBsdy0qtYLb	Nelson Silvestre	https://pub-155fa287ae724688aaa870d99135311a.r2.dev/audio/4426.00.01-ex-eleven_v3-v1.mp3	https://pub-155fa287ae724688aaa870d99135311a.r2.dev/audio_judge_ab/4426.00.01-ex-eleven_v3-ep.mp3
070_bp	4173.00.01	example	BP	As formigas carregam comida para o formigueiro.	m151rjrbWXbBqyq56tly	Carla	https://pub-155fa287ae724688aaa870d99135311a.r2.dev/audio/4173.00.01-ex-eleven_v3-v1.mp3	https://pub-155fa287ae724688aaa870d99135311a.r2.dev/audio/4173.00.01-ex-eleven_v3-v1.mp3
070_ep	4173.00.01	example	EP	As formigas carregam comida para o formigueiro.	hOLl3246BMBsdy0qtYLb	Nelson Silvestre	https://pub-155fa287ae724688aaa870d99135311a.r2.dev/audio/4173.00.01-ex-eleven_v3-v1.mp3	https://pub-155fa287ae724688aaa870d99135311a.r2.dev/audio_judge_ab/4173.00.01-ex-eleven_v3-ep.mp3
071_bp	2593.00.01	example	BP	Meu relógio digital mostra a hora exata.	m151rjrbWXbBqyq56tly	Carla	https://pub-155fa287ae724688aaa870d99135311a.r2.dev/audio/2593.00.01-ex-eleven_v3-v1.mp3	https://pub-155fa287ae724688aaa870d99135311a.r2.dev/audio/2593.00.01-ex-eleven_v3-v1.mp3
071_ep	2593.00.01	example	EP	Meu relógio digital mostra a hora exata.	hOLl3246BMBsdy0qtYLb	Nelson Silvestre	https://pub-155fa287ae724688aaa870d99135311a.r2.dev/audio/2593.00.01-ex-eleven_v3-v1.mp3	https://pub-155fa287ae724688aaa870d99135311a.r2.dev/audio_judge_ab/2593.00.01-ex-eleven_v3-ep.mp3
072_bp	3574.00.01	example	BP	As palavras de animação do treinador ajudaram o time.	m151rjrbWXbBqyq56tly	Carla	https://pub-155fa287ae724688aaa870d99135311a.r2.dev/audio/3574.00.01-ex-eleven_v3-v1.mp3	https://pub-155fa287ae724688aaa870d99135311a.r2.dev/audio/3574.00.01-ex-eleven_v3-v1.mp3
072_ep	3574.00.01	example	EP	As palavras de animação do treinador ajudaram o time.	hOLl3246BMBsdy0qtYLb	Nelson Silvestre	https://pub-155fa287ae724688aaa870d99135311a.r2.dev/audio/3574.00.01-ex-eleven_v3-v1.mp3	https://pub-155fa287ae724688aaa870d99135311a.r2.dev/audio_judge_ab/3574.00.01-ex-eleven_v3-ep.mp3
073_bp	1615.00.01	example	BP	Esse trabalho implica muito esforço e dedicação.	ny3E2DZImeZm00WLGZi9	José Paulo	https://pub-155fa287ae724688aaa870d99135311a.r2.dev/audio/1615.00.01-ex-eleven_v3-v1.mp3	https://pub-155fa287ae724688aaa870d99135311a.r2.dev/audio/1615.00.01-ex-eleven_v3-v1.mp3
073_ep	1615.00.01	example	EP	Esse trabalho implica muito esforço e dedicação.	hOLl3246BMBsdy0qtYLb	Nelson Silvestre	https://pub-155fa287ae724688aaa870d99135311a.r2.dev/audio/1615.00.01-ex-eleven_v3-v1.mp3	https://pub-155fa287ae724688aaa870d99135311a.r2.dev/audio_judge_ab/1615.00.01-ex-eleven_v3-ep.mp3
074_bp	2405.00.01	example	BP	Guardei as chaves no bolso da calça.	ny3E2DZImeZm00WLGZi9	José Paulo	https://pub-155fa287ae724688aaa870d99135311a.r2.dev/audio/2405.00.01-ex-eleven_v3-v1.mp3	https://pub-155fa287ae724688aaa870d99135311a.r2.dev/audio/2405.00.01-ex-eleven_v3-v1.mp3
074_ep	2405.00.01	example	EP	Guardei as chaves no bolso da calça.	hOLl3246BMBsdy0qtYLb	Nelson Silvestre	https://pub-155fa287ae724688aaa870d99135311a.r2.dev/audio/2405.00.01-ex-eleven_v3-v1.mp3	https://pub-155fa287ae724688aaa870d99135311a.r2.dev/audio_judge_ab/2405.00.01-ex-eleven_v3-ep.mp3
075_bp	3792.00.01	example	BP	A continuação do filme passa amanhã na TV.	ny3E2DZImeZm00WLGZi9	José Paulo	https://pub-155fa287ae724688aaa870d99135311a.r2.dev/audio/3792.00.01-ex-eleven_v3-v1.mp3	https://pub-155fa287ae724688aaa870d99135311a.r2.dev/audio/3792.00.01-ex-eleven_v3-v1.mp3
075_ep	3792.00.01	example	EP	A continuação do filme passa amanhã na TV.	hOLl3246BMBsdy0qtYLb	Nelson Silvestre	https://pub-155fa287ae724688aaa870d99135311a.r2.dev/audio/3792.00.01-ex-eleven_v3-v1.mp3	https://pub-155fa287ae724688aaa870d99135311a.r2.dev/audio_judge_ab/3792.00.01-ex-eleven_v3-ep.mp3
076_bp	1182.00.01	example	BP	O Cristo Redentor é um monumento famoso no Rio.	ny3E2DZImeZm00WLGZi9	José Paulo	https://pub-155fa287ae724688aaa870d99135311a.r2.dev/audio/1182.00.01-ex-eleven_v3-v1.mp3	https://pub-155fa287ae724688aaa870d99135311a.r2.dev/audio/1182.00.01-ex-eleven_v3-v1.mp3
076_ep	1182.00.01	example	EP	O Cristo Redentor é um monumento famoso no Rio.	hOLl3246BMBsdy0qtYLb	Nelson Silvestre	https://pub-155fa287ae724688aaa870d99135311a.r2.dev/audio/1182.00.01-ex-eleven_v3-v1.mp3	https://pub-155fa287ae724688aaa870d99135311a.r2.dev/audio_judge_ab/1182.00.01-ex-eleven_v3-ep.mp3
077_bp	0985.00.01	example	BP	A ligação de internet está muito lenta hoje.	ny3E2DZImeZm00WLGZi9	José Paulo	https://pub-155fa287ae724688aaa870d99135311a.r2.dev/audio/0985.00.01-ex-eleven_v3-v1.mp3	https://pub-155fa287ae724688aaa870d99135311a.r2.dev/audio/0985.00.01-ex-eleven_v3-v1.mp3
077_ep	0985.00.01	example	EP	A ligação de internet está muito lenta hoje.	hOLl3246BMBsdy0qtYLb	Nelson Silvestre	https://pub-155fa287ae724688aaa870d99135311a.r2.dev/audio/0985.00.01-ex-eleven_v3-v1.mp3	https://pub-155fa287ae724688aaa870d99135311a.r2.dev/audio_judge_ab/0985.00.01-ex-eleven_v3-ep.mp3
078_bp	3705.00.01	example	BP	Ele está desesperado para encontrar um emprego.	ny3E2DZImeZm00WLGZi9	José Paulo	https://pub-155fa287ae724688aaa870d99135311a.r2.dev/audio/3705.00.01-ex-eleven_v3-v1.mp3	https://pub-155fa287ae724688aaa870d99135311a.r2.dev/audio/3705.00.01-ex-eleven_v3-v1.mp3
078_ep	3705.00.01	example	EP	Ele está desesperado para encontrar um emprego.	hOLl3246BMBsdy0qtYLb	Nelson Silvestre	https://pub-155fa287ae724688aaa870d99135311a.r2.dev/audio/3705.00.01-ex-eleven_v3-v1.mp3	https://pub-155fa287ae724688aaa870d99135311a.r2.dev/audio_judge_ab/3705.00.01-ex-eleven_v3-ep.mp3
079_bp	0728.00.01	example	BP	O ferro é um metal muito forte e útil.	ny3E2DZImeZm00WLGZi9	José Paulo	https://pub-155fa287ae724688aaa870d99135311a.r2.dev/audio/0728.00.01-ex-eleven_v3-v1.mp3	https://pub-155fa287ae724688aaa870d99135311a.r2.dev/audio/0728.00.01-ex-eleven_v3-v1.mp3
079_ep	0728.00.01	example	EP	O ferro é um metal muito forte e útil.	hOLl3246BMBsdy0qtYLb	Nelson Silvestre	https://pub-155fa287ae724688aaa870d99135311a.r2.dev/audio/0728.00.01-ex-eleven_v3-v1.mp3	https://pub-155fa287ae724688aaa870d99135311a.r2.dev/audio_judge_ab/0728.00.01-ex-eleven_v3-ep.mp3
080_bp	4304.00.01	example	BP	Meu irmão é muito tímido com pessoas novas.	qPfM2laM0pRL4rrZtBGl	Sandro Dutra	https://pub-155fa287ae724688aaa870d99135311a.r2.dev/audio/4304.00.01-ex-eleven_v3-v1.mp3	https://pub-155fa287ae724688aaa870d99135311a.r2.dev/audio/4304.00.01-ex-eleven_v3-v1.mp3
080_ep	4304.00.01	example	EP	Meu irmão é muito tímido com pessoas novas.	hOLl3246BMBsdy0qtYLb	Nelson Silvestre	https://pub-155fa287ae724688aaa870d99135311a.r2.dev/audio/4304.00.01-ex-eleven_v3-v1.mp3	https://pub-155fa287ae724688aaa870d99135311a.r2.dev/audio_judge_ab/4304.00.01-ex-eleven_v3-ep.mp3
081_bp	2959.00.01	example	BP	A coligação de partidos venceu as eleições no ano passado.	qPfM2laM0pRL4rrZtBGl	Sandro Dutra	https://pub-155fa287ae724688aaa870d99135311a.r2.dev/audio/2959.00.01-ex-eleven_v3-v1.mp3	https://pub-155fa287ae724688aaa870d99135311a.r2.dev/audio/2959.00.01-ex-eleven_v3-v1.mp3
081_ep	2959.00.01	example	EP	A coligação de partidos venceu as eleições no ano passado.	hOLl3246BMBsdy0qtYLb	Nelson Silvestre	https://pub-155fa287ae724688aaa870d99135311a.r2.dev/audio/2959.00.01-ex-eleven_v3-v1.mp3	https://pub-155fa287ae724688aaa870d99135311a.r2.dev/audio_judge_ab/2959.00.01-ex-eleven_v3-ep.mp3
082_bp	2227.00.01	example	BP	O bebê chorou a noite toda.	qPfM2laM0pRL4rrZtBGl	Sandro Dutra	https://pub-155fa287ae724688aaa870d99135311a.r2.dev/audio/2227.00.01-ex-eleven_v3-v1.mp3	https://pub-155fa287ae724688aaa870d99135311a.r2.dev/audio/2227.00.01-ex-eleven_v3-v1.mp3
082_ep	2227.00.01	example	EP	O bebê chorou a noite toda.	hOLl3246BMBsdy0qtYLb	Nelson Silvestre	https://pub-155fa287ae724688aaa870d99135311a.r2.dev/audio/2227.00.01-ex-eleven_v3-v1.mp3	https://pub-155fa287ae724688aaa870d99135311a.r2.dev/audio_judge_ab/2227.00.01-ex-eleven_v3-ep.mp3
083_bp	2206.00.01	example	BP	A loja recebeu mercadoria nova hoje de manhã.	qPfM2laM0pRL4rrZtBGl	Sandro Dutra	https://pub-155fa287ae724688aaa870d99135311a.r2.dev/audio/2206.00.01-ex-eleven_v3-v1.mp3	https://pub-155fa287ae724688aaa870d99135311a.r2.dev/audio/2206.00.01-ex-eleven_v3-v1.mp3
083_ep	2206.00.01	example	EP	A loja recebeu mercadoria nova hoje de manhã.	hOLl3246BMBsdy0qtYLb	Nelson Silvestre	https://pub-155fa287ae724688aaa870d99135311a.r2.dev/audio/2206.00.01-ex-eleven_v3-v1.mp3	https://pub-155fa287ae724688aaa870d99135311a.r2.dev/audio_judge_ab/2206.00.01-ex-eleven_v3-ep.mp3
084_bp	1055.00.03	example	BP	A carga do avião inclui malas e caixas.	qPfM2laM0pRL4rrZtBGl	Sandro Dutra	https://pub-155fa287ae724688aaa870d99135311a.r2.dev/audio/1055.00.03-ex-eleven_v3-v1.mp3	https://pub-155fa287ae724688aaa870d99135311a.r2.dev/audio/1055.00.03-ex-eleven_v3-v1.mp3
084_ep	1055.00.03	example	EP	A carga do avião inclui malas e caixas.	hOLl3246BMBsdy0qtYLb	Nelson Silvestre	https://pub-155fa287ae724688aaa870d99135311a.r2.dev/audio/1055.00.03-ex-eleven_v3-v1.mp3	https://pub-155fa287ae724688aaa870d99135311a.r2.dev/audio_judge_ab/1055.00.03-ex-eleven_v3-ep.mp3
085_bp	4435.00.01	example	BP	O acidente e os problemas consequentes atrasaram o projeto.	qPfM2laM0pRL4rrZtBGl	Sandro Dutra	https://pub-155fa287ae724688aaa870d99135311a.r2.dev/audio/4435.00.01-ex-eleven_v3-v1.mp3	https://pub-155fa287ae724688aaa870d99135311a.r2.dev/audio/4435.00.01-ex-eleven_v3-v1.mp3
085_ep	4435.00.01	example	EP	O acidente e os problemas consequentes atrasaram o projeto.	hOLl3246BMBsdy0qtYLb	Nelson Silvestre	https://pub-155fa287ae724688aaa870d99135311a.r2.dev/audio/4435.00.01-ex-eleven_v3-v1.mp3	https://pub-155fa287ae724688aaa870d99135311a.r2.dev/audio_judge_ab/4435.00.01-ex-eleven_v3-ep.mp3
086_bp	4981.00.01	example	BP	Meu irmão tem um feitio muito calmo.	qPfM2laM0pRL4rrZtBGl	Sandro Dutra	https://pub-155fa287ae724688aaa870d99135311a.r2.dev/audio/4981.00.01-ex-eleven_v3-v1.mp3	https://pub-155fa287ae724688aaa870d99135311a.r2.dev/audio/4981.00.01-ex-eleven_v3-v1.mp3
086_ep	4981.00.01	example	EP	Meu irmão tem um feitio muito calmo.	hOLl3246BMBsdy0qtYLb	Nelson Silvestre	https://pub-155fa287ae724688aaa870d99135311a.r2.dev/audio/4981.00.01-ex-eleven_v3-v1.mp3	https://pub-155fa287ae724688aaa870d99135311a.r2.dev/audio_judge_ab/4981.00.01-ex-eleven_v3-ep.mp3
087_bp	2238.00.01	example	BP	Vou viajar para o Rio no meado de junho.	wxoDdfPKBuna5KnUEotz	Eduardo	https://pub-155fa287ae724688aaa870d99135311a.r2.dev/audio/2238.00.01-ex-eleven_v3-v1.mp3	https://pub-155fa287ae724688aaa870d99135311a.r2.dev/audio/2238.00.01-ex-eleven_v3-v1.mp3
087_ep	2238.00.01	example	EP	Vou viajar para o Rio no meado de junho.	hOLl3246BMBsdy0qtYLb	Nelson Silvestre	https://pub-155fa287ae724688aaa870d99135311a.r2.dev/audio/2238.00.01-ex-eleven_v3-v1.mp3	https://pub-155fa287ae724688aaa870d99135311a.r2.dev/audio_judge_ab/2238.00.01-ex-eleven_v3-ep.mp3
088_bp	0024.00.01	example	BP	Ele mora em São Paulo com a família.	wxoDdfPKBuna5KnUEotz	Eduardo	https://pub-155fa287ae724688aaa870d99135311a.r2.dev/audio/0024.00.01-ex-eleven_v3-v1.mp3	https://pub-155fa287ae724688aaa870d99135311a.r2.dev/audio/0024.00.01-ex-eleven_v3-v1.mp3
088_ep	0024.00.01	example	EP	Ele mora em São Paulo com a família.	hOLl3246BMBsdy0qtYLb	Nelson Silvestre	https://pub-155fa287ae724688aaa870d99135311a.r2.dev/audio/0024.00.01-ex-eleven_v3-v1.mp3	https://pub-155fa287ae724688aaa870d99135311a.r2.dev/audio_judge_ab/0024.00.01-ex-eleven_v3-ep.mp3
089_bp	4596.00.01	example	BP	Meu ídolo é o jogador de futebol Pelé.	wxoDdfPKBuna5KnUEotz	Eduardo	https://pub-155fa287ae724688aaa870d99135311a.r2.dev/audio/4596.00.01-ex-eleven_v3-v1.mp3	https://pub-155fa287ae724688aaa870d99135311a.r2.dev/audio/4596.00.01-ex-eleven_v3-v1.mp3
089_ep	4596.00.01	example	EP	Meu ídolo é o jogador de futebol Pelé.	hOLl3246BMBsdy0qtYLb	Nelson Silvestre	https://pub-155fa287ae724688aaa870d99135311a.r2.dev/audio/4596.00.01-ex-eleven_v3-v1.mp3	https://pub-155fa287ae724688aaa870d99135311a.r2.dev/audio_judge_ab/4596.00.01-ex-eleven_v3-ep.mp3
090_bp	2025.00.01	example	BP	O governo vai reparar os danos causados pela enchente.	wxoDdfPKBuna5KnUEotz	Eduardo	https://pub-155fa287ae724688aaa870d99135311a.r2.dev/audio/2025.00.01-ex-eleven_v3-v1.mp3	https://pub-155fa287ae724688aaa870d99135311a.r2.dev/audio/2025.00.01-ex-eleven_v3-v1.mp3
090_ep	2025.00.01	example	EP	O governo vai reparar os danos causados pela enchente.	hOLl3246BMBsdy0qtYLb	Nelson Silvestre	https://pub-155fa287ae724688aaa870d99135311a.r2.dev/audio/2025.00.01-ex-eleven_v3-v1.mp3	https://pub-155fa287ae724688aaa870d99135311a.r2.dev/audio_judge_ab/2025.00.01-ex-eleven_v3-ep.mp3
091_bp	1168.00.01	example	BP	Houve um acidente na avenida esta manhã.	wxoDdfPKBuna5KnUEotz	Eduardo	https://pub-155fa287ae724688aaa870d99135311a.r2.dev/audio/1168.00.01-ex-eleven_v3-v1.mp3	https://pub-155fa287ae724688aaa870d99135311a.r2.dev/audio/1168.00.01-ex-eleven_v3-v1.mp3
091_ep	1168.00.01	example	EP	Houve um acidente na avenida esta manhã.	hOLl3246BMBsdy0qtYLb	Nelson Silvestre	https://pub-155fa287ae724688aaa870d99135311a.r2.dev/audio/1168.00.01-ex-eleven_v3-v1.mp3	https://pub-155fa287ae724688aaa870d99135311a.r2.dev/audio_judge_ab/1168.00.01-ex-eleven_v3-ep.mp3
092_bp	1019.00.02	example	BP	O silêncio foi imposto durante a prova.	wxoDdfPKBuna5KnUEotz	Eduardo	https://pub-155fa287ae724688aaa870d99135311a.r2.dev/audio/1019.00.02-ex-eleven_v3-v1.mp3	https://pub-155fa287ae724688aaa870d99135311a.r2.dev/audio/1019.00.02-ex-eleven_v3-v1.mp3
092_ep	1019.00.02	example	EP	O silêncio foi imposto durante a prova.	hOLl3246BMBsdy0qtYLb	Nelson Silvestre	https://pub-155fa287ae724688aaa870d99135311a.r2.dev/audio/1019.00.02-ex-eleven_v3-v1.mp3	https://pub-155fa287ae724688aaa870d99135311a.r2.dev/audio_judge_ab/1019.00.02-ex-eleven_v3-ep.mp3
093_bp	2946.00.01	example	BP	Minha avó está enterrada no cemitério da cidade.	wxoDdfPKBuna5KnUEotz	Eduardo	https://pub-155fa287ae724688aaa870d99135311a.r2.dev/audio/2946.00.01-ex-eleven_v3-v1.mp3	https://pub-155fa287ae724688aaa870d99135311a.r2.dev/audio/2946.00.01-ex-eleven_v3-v1.mp3
093_ep	2946.00.01	example	EP	Minha avó está enterrada no cemitério da cidade.	hOLl3246BMBsdy0qtYLb	Nelson Silvestre	https://pub-155fa287ae724688aaa870d99135311a.r2.dev/audio/2946.00.01-ex-eleven_v3-v1.mp3	https://pub-155fa287ae724688aaa870d99135311a.r2.dev/audio_judge_ab/2946.00.01-ex-eleven_v3-ep.mp3
094_bp	0605.00.01	example	BP	O filme foi muito curto, durou só uma hora.	xNGAXaCH8MaasNuo7Hr7	Beto	https://pub-155fa287ae724688aaa870d99135311a.r2.dev/audio/0605.00.01-ex-eleven_v3-v1.mp3	https://pub-155fa287ae724688aaa870d99135311a.r2.dev/audio/0605.00.01-ex-eleven_v3-v1.mp3
094_ep	0605.00.01	example	EP	O filme foi muito curto, durou só uma hora.	hOLl3246BMBsdy0qtYLb	Nelson Silvestre	https://pub-155fa287ae724688aaa870d99135311a.r2.dev/audio/0605.00.01-ex-eleven_v3-v1.mp3	https://pub-155fa287ae724688aaa870d99135311a.r2.dev/audio_judge_ab/0605.00.01-ex-eleven_v3-ep.mp3
095_bp	2443.00.01	example	BP	A convenção internacional acontece em São Paulo este ano.	xNGAXaCH8MaasNuo7Hr7	Beto	https://pub-155fa287ae724688aaa870d99135311a.r2.dev/audio/2443.00.01-ex-eleven_v3-v1.mp3	https://pub-155fa287ae724688aaa870d99135311a.r2.dev/audio/2443.00.01-ex-eleven_v3-v1.mp3
095_ep	2443.00.01	example	EP	A convenção internacional acontece em São Paulo este ano.	hOLl3246BMBsdy0qtYLb	Nelson Silvestre	https://pub-155fa287ae724688aaa870d99135311a.r2.dev/audio/2443.00.01-ex-eleven_v3-v1.mp3	https://pub-155fa287ae724688aaa870d99135311a.r2.dev/audio_judge_ab/2443.00.01-ex-eleven_v3-ep.mp3
096_bp	2054.00.01	example	BP	Preciso registrar meu carro no Detran.	xNGAXaCH8MaasNuo7Hr7	Beto	https://pub-155fa287ae724688aaa870d99135311a.r2.dev/audio/2054.00.01-ex-eleven_v3-v1.mp3	https://pub-155fa287ae724688aaa870d99135311a.r2.dev/audio/2054.00.01-ex-eleven_v3-v1.mp3
096_ep	2054.00.01	example	EP	Preciso registrar meu carro no Detran.	hOLl3246BMBsdy0qtYLb	Nelson Silvestre	https://pub-155fa287ae724688aaa870d99135311a.r2.dev/audio/2054.00.01-ex-eleven_v3-v1.mp3	https://pub-155fa287ae724688aaa870d99135311a.r2.dev/audio_judge_ab/2054.00.01-ex-eleven_v3-ep.mp3
097_bp	1117.00.01	example	BP	O fogo destruiu a floresta inteira.	xNGAXaCH8MaasNuo7Hr7	Beto	https://pub-155fa287ae724688aaa870d99135311a.r2.dev/audio/1117.00.01-ex-eleven_v3-v1.mp3	https://pub-155fa287ae724688aaa870d99135311a.r2.dev/audio/1117.00.01-ex-eleven_v3-v1.mp3
097_ep	1117.00.01	example	EP	O fogo destruiu a floresta inteira.	hOLl3246BMBsdy0qtYLb	Nelson Silvestre	https://pub-155fa287ae724688aaa870d99135311a.r2.dev/audio/1117.00.01-ex-eleven_v3-v1.mp3	https://pub-155fa287ae724688aaa870d99135311a.r2.dev/audio_judge_ab/1117.00.01-ex-eleven_v3-ep.mp3
098_bp	0208.00.01	example	BP	Minha mãe está ali na cozinha.	xNGAXaCH8MaasNuo7Hr7	Beto	https://pub-155fa287ae724688aaa870d99135311a.r2.dev/audio/0208.00.01-ex-eleven_v3-v1.mp3	https://pub-155fa287ae724688aaa870d99135311a.r2.dev/audio/0208.00.01-ex-eleven_v3-v1.mp3
098_ep	0208.00.01	example	EP	Minha mãe está ali na cozinha.	hOLl3246BMBsdy0qtYLb	Nelson Silvestre	https://pub-155fa287ae724688aaa870d99135311a.r2.dev/audio/0208.00.01-ex-eleven_v3-v1.mp3	https://pub-155fa287ae724688aaa870d99135311a.r2.dev/audio_judge_ab/0208.00.01-ex-eleven_v3-ep.mp3
099_bp	3633.00.02	example	BP	Ela usou um leque para se refrescar no calor.	xNGAXaCH8MaasNuo7Hr7	Beto	https://pub-155fa287ae724688aaa870d99135311a.r2.dev/audio/3633.00.02-ex-eleven_v3-v1.mp3	https://pub-155fa287ae724688aaa870d99135311a.r2.dev/audio/3633.00.02-ex-eleven_v3-v1.mp3
099_ep	3633.00.02	example	EP	Ela usou um leque para se refrescar no calor.	hOLl3246BMBsdy0qtYLb	Nelson Silvestre	https://pub-155fa287ae724688aaa870d99135311a.r2.dev/audio/3633.00.02-ex-eleven_v3-v1.mp3	https://pub-155fa287ae724688aaa870d99135311a.r2.dev/audio_judge_ab/3633.00.02-ex-eleven_v3-ep.mp3
100_bp	3834.00.02	example	BP	O pássaro ronda a árvore antes de pousar.	xNGAXaCH8MaasNuo7Hr7	Beto	https://pub-155fa287ae724688aaa870d99135311a.r2.dev/audio/3834.00.02-ex-eleven_v3-v1.mp3	https://pub-155fa287ae724688aaa870d99135311a.r2.dev/audio/3834.00.02-ex-eleven_v3-v1.mp3
100_ep	3834.00.02	example	EP	O pássaro ronda a árvore antes de pousar.	hOLl3246BMBsdy0qtYLb	Nelson Silvestre	https://pub-155fa287ae724688aaa870d99135311a.r2.dev/audio/3834.00.02-ex-eleven_v3-v1.mp3	https://pub-155fa287ae724688aaa870d99135311a.r2.dev/audio_judge_ab/3834.00.02-ex-eleven_v3-ep.mp3
101_bp	0200.00.03	word	BP	o real	m151rjrbWXbBqyq56tly	Carla	https://pub-155fa287ae724688aaa870d99135311a.r2.dev/audio/0200.00.03-word-eleven_v3-v1.mp3	https://pub-155fa287ae724688aaa870d99135311a.r2.dev/audio/0200.00.03-word-eleven_v3-v1.mp3
101_ep	0200.00.03	word	EP	o real	hOLl3246BMBsdy0qtYLb	Nelson Silvestre	https://pub-155fa287ae724688aaa870d99135311a.r2.dev/audio/0200.00.03-word-eleven_v3-v1.mp3	https://pub-155fa287ae724688aaa870d99135311a.r2.dev/audio_judge_ab/0200.00.03-word-eleven_v3-ep.mp3
102_bp	0604.00.02	word	BP	a central	qPfM2laM0pRL4rrZtBGl	Sandro Dutra	https://pub-155fa287ae724688aaa870d99135311a.r2.dev/audio/0604.00.02-word-eleven_v3-v1.mp3	https://pub-155fa287ae724688aaa870d99135311a.r2.dev/audio/0604.00.02-word-eleven_v3-v1.mp3
102_ep	0604.00.02	word	EP	a central	hOLl3246BMBsdy0qtYLb	Nelson Silvestre	https://pub-155fa287ae724688aaa870d99135311a.r2.dev/audio/0604.00.02-word-eleven_v3-v1.mp3	https://pub-155fa287ae724688aaa870d99135311a.r2.dev/audio_judge_ab/0604.00.02-word-eleven_v3-ep.mp3
103_bp	0415.00.01	word	BP	pretender	m151rjrbWXbBqyq56tly	Carla	https://pub-155fa287ae724688aaa870d99135311a.r2.dev/audio/0415.00.01-word-eleven_v3-v1.mp3	https://pub-155fa287ae724688aaa870d99135311a.r2.dev/audio/0415.00.01-word-eleven_v3-v1.mp3
103_ep	0415.00.01	word	EP	pretender	hOLl3246BMBsdy0qtYLb	Nelson Silvestre	https://pub-155fa287ae724688aaa870d99135311a.r2.dev/audio/0415.00.01-word-eleven_v3-v1.mp3	https://pub-155fa287ae724688aaa870d99135311a.r2.dev/audio_judge_ab/0415.00.01-word-eleven_v3-ep.mp3
104_bp	2751.00.01	word	BP	gozar	xNGAXaCH8MaasNuo7Hr7	Beto	https://pub-155fa287ae724688aaa870d99135311a.r2.dev/audio/2751.00.01-word-eleven_v3-v1.mp3	https://pub-155fa287ae724688aaa870d99135311a.r2.dev/audio/2751.00.01-word-eleven_v3-v1.mp3
104_ep	2751.00.01	word	EP	gozar	hOLl3246BMBsdy0qtYLb	Nelson Silvestre	https://pub-155fa287ae724688aaa870d99135311a.r2.dev/audio/2751.00.01-word-eleven_v3-v1.mp3	https://pub-155fa287ae724688aaa870d99135311a.r2.dev/audio_judge_ab/2751.00.01-word-eleven_v3-ep.mp3
105_bp	1125.00.01	word	BP	o/a policial	m151rjrbWXbBqyq56tly	Carla	https://pub-155fa287ae724688aaa870d99135311a.r2.dev/audio/1125.00.01-word-eleven_v3-v1.mp3	https://pub-155fa287ae724688aaa870d99135311a.r2.dev/audio/1125.00.01-word-eleven_v3-v1.mp3
105_ep	1125.00.01	word	EP	o/a policial	hOLl3246BMBsdy0qtYLb	Nelson Silvestre	https://pub-155fa287ae724688aaa870d99135311a.r2.dev/audio/1125.00.01-word-eleven_v3-v1.mp3	https://pub-155fa287ae724688aaa870d99135311a.r2.dev/audio_judge_ab/1125.00.01-word-eleven_v3-ep.mp3
106_bp	2602.00.01	word	BP	o incidente	m151rjrbWXbBqyq56tly	Carla	https://pub-155fa287ae724688aaa870d99135311a.r2.dev/audio/2602.00.01-word-eleven_v3-v1.mp3	https://pub-155fa287ae724688aaa870d99135311a.r2.dev/audio/2602.00.01-word-eleven_v3-v1.mp3
106_ep	2602.00.01	word	EP	o incidente	hOLl3246BMBsdy0qtYLb	Nelson Silvestre	https://pub-155fa287ae724688aaa870d99135311a.r2.dev/audio/2602.00.01-word-eleven_v3-v1.mp3	https://pub-155fa287ae724688aaa870d99135311a.r2.dev/audio_judge_ab/2602.00.01-word-eleven_v3-ep.mp3
107_bp	2063.00.03	word	BP	desviar	AaeZyyi87RCxtFnHPS3e	Prof. Campanholi	https://pub-155fa287ae724688aaa870d99135311a.r2.dev/audio/2063.00.03-word-eleven_v3-v1.mp3	https://pub-155fa287ae724688aaa870d99135311a.r2.dev/audio/2063.00.03-word-eleven_v3-v1.mp3
107_ep	2063.00.03	word	EP	desviar	hOLl3246BMBsdy0qtYLb	Nelson Silvestre	https://pub-155fa287ae724688aaa870d99135311a.r2.dev/audio/2063.00.03-word-eleven_v3-v1.mp3	https://pub-155fa287ae724688aaa870d99135311a.r2.dev/audio_judge_ab/2063.00.03-word-eleven_v3-ep.mp3
108_bp	4930.00.01	word	BP	compatível	Rw38T6bn0lTNOb1aUevR	Beatriz	https://pub-155fa287ae724688aaa870d99135311a.r2.dev/audio/4930.00.01-word-eleven_v3-v1.mp3	https://pub-155fa287ae724688aaa870d99135311a.r2.dev/audio/4930.00.01-word-eleven_v3-v1.mp3
108_ep	4930.00.01	word	EP	compatível	hOLl3246BMBsdy0qtYLb	Nelson Silvestre	https://pub-155fa287ae724688aaa870d99135311a.r2.dev/audio/4930.00.01-word-eleven_v3-v1.mp3	https://pub-155fa287ae724688aaa870d99135311a.r2.dev/audio_judge_ab/4930.00.01-word-eleven_v3-ep.mp3
109_bp	4345.00.01	word	BP	formoso	m151rjrbWXbBqyq56tly	Carla	https://pub-155fa287ae724688aaa870d99135311a.r2.dev/audio/4345.00.01-word-eleven_v3-v1.mp3	https://pub-155fa287ae724688aaa870d99135311a.r2.dev/audio/4345.00.01-word-eleven_v3-v1.mp3
109_ep	4345.00.01	word	EP	formoso	hOLl3246BMBsdy0qtYLb	Nelson Silvestre	https://pub-155fa287ae724688aaa870d99135311a.r2.dev/audio/4345.00.01-word-eleven_v3-v1.mp3	https://pub-155fa287ae724688aaa870d99135311a.r2.dev/audio_judge_ab/4345.00.01-word-eleven_v3-ep.mp3
110_bp	4565.00.01	word	BP	a mercê	m151rjrbWXbBqyq56tly	Carla	https://pub-155fa287ae724688aaa870d99135311a.r2.dev/audio/4565.00.01-word-eleven_v3-v1.mp3	https://pub-155fa287ae724688aaa870d99135311a.r2.dev/audio/4565.00.01-word-eleven_v3-v1.mp3
110_ep	4565.00.01	word	EP	a mercê	hOLl3246BMBsdy0qtYLb	Nelson Silvestre	https://pub-155fa287ae724688aaa870d99135311a.r2.dev/audio/4565.00.01-word-eleven_v3-v1.mp3	https://pub-155fa287ae724688aaa870d99135311a.r2.dev/audio_judge_ab/4565.00.01-word-eleven_v3-ep.mp3
111_bp	1894.00.01	word	BP	propriamente	xNGAXaCH8MaasNuo7Hr7	Beto	https://pub-155fa287ae724688aaa870d99135311a.r2.dev/audio/1894.00.01-word-eleven_v3-v1.mp3	https://pub-155fa287ae724688aaa870d99135311a.r2.dev/audio/1894.00.01-word-eleven_v3-v1.mp3
111_ep	1894.00.01	word	EP	propriamente	hOLl3246BMBsdy0qtYLb	Nelson Silvestre	https://pub-155fa287ae724688aaa870d99135311a.r2.dev/audio/1894.00.01-word-eleven_v3-v1.mp3	https://pub-155fa287ae724688aaa870d99135311a.r2.dev/audio_judge_ab/1894.00.01-word-eleven_v3-ep.mp3
112_bp	3822.00.01	word	BP	emocional	xNGAXaCH8MaasNuo7Hr7	Beto	https://pub-155fa287ae724688aaa870d99135311a.r2.dev/audio/3822.00.01-word-eleven_v3-v1.mp3	https://pub-155fa287ae724688aaa870d99135311a.r2.dev/audio/3822.00.01-word-eleven_v3-v1.mp3
112_ep	3822.00.01	word	EP	emocional	hOLl3246BMBsdy0qtYLb	Nelson Silvestre	https://pub-155fa287ae724688aaa870d99135311a.r2.dev/audio/3822.00.01-word-eleven_v3-v1.mp3	https://pub-155fa287ae724688aaa870d99135311a.r2.dev/audio_judge_ab/3822.00.01-word-eleven_v3-ep.mp3
113_bp	3575.00.01	word	BP	excepcional	AaeZyyi87RCxtFnHPS3e	Prof. Campanholi	https://pub-155fa287ae724688aaa870d99135311a.r2.dev/audio/3575.00.01-word-eleven_v3-v1.mp3	https://pub-155fa287ae724688aaa870d99135311a.r2.dev/audio/3575.00.01-word-eleven_v3-v1.mp3
113_ep	3575.00.01	word	EP	excepcional	hOLl3246BMBsdy0qtYLb	Nelson Silvestre	https://pub-155fa287ae724688aaa870d99135311a.r2.dev/audio/3575.00.01-word-eleven_v3-v1.mp3	https://pub-155fa287ae724688aaa870d99135311a.r2.dev/audio_judge_ab/3575.00.01-word-eleven_v3-ep.mp3
114_bp	3340.00.01	word	BP	mensal	qPfM2laM0pRL4rrZtBGl	Sandro Dutra	https://pub-155fa287ae724688aaa870d99135311a.r2.dev/audio/3340.00.01-word-eleven_v3-v1.mp3	https://pub-155fa287ae724688aaa870d99135311a.r2.dev/audio/3340.00.01-word-eleven_v3-v1.mp3
114_ep	3340.00.01	word	EP	mensal	hOLl3246BMBsdy0qtYLb	Nelson Silvestre	https://pub-155fa287ae724688aaa870d99135311a.r2.dev/audio/3340.00.01-word-eleven_v3-v1.mp3	https://pub-155fa287ae724688aaa870d99135311a.r2.dev/audio_judge_ab/3340.00.01-word-eleven_v3-ep.mp3
115_bp	2838.00.02	word	BP	a simpatia	qPfM2laM0pRL4rrZtBGl	Sandro Dutra	https://pub-155fa287ae724688aaa870d99135311a.r2.dev/audio/2838.00.02-word-eleven_v3-v1.mp3	https://pub-155fa287ae724688aaa870d99135311a.r2.dev/audio/2838.00.02-word-eleven_v3-v1.mp3
115_ep	2838.00.02	word	EP	a simpatia	hOLl3246BMBsdy0qtYLb	Nelson Silvestre	https://pub-155fa287ae724688aaa870d99135311a.r2.dev/audio/2838.00.02-word-eleven_v3-v1.mp3	https://pub-155fa287ae724688aaa870d99135311a.r2.dev/audio_judge_ab/2838.00.02-word-eleven_v3-ep.mp3
116_bp	2882.00.01	word	BP	ausente	m151rjrbWXbBqyq56tly	Carla	https://pub-155fa287ae724688aaa870d99135311a.r2.dev/audio/2882.00.01-word-eleven_v3-v1.mp3	https://pub-155fa287ae724688aaa870d99135311a.r2.dev/audio/2882.00.01-word-eleven_v3-v1.mp3
116_ep	2882.00.01	word	EP	ausente	hOLl3246BMBsdy0qtYLb	Nelson Silvestre	https://pub-155fa287ae724688aaa870d99135311a.r2.dev/audio/2882.00.01-word-eleven_v3-v1.mp3	https://pub-155fa287ae724688aaa870d99135311a.r2.dev/audio_judge_ab/2882.00.01-word-eleven_v3-ep.mp3
117_bp	2615.00.01	word	BP	o holandês	Rw38T6bn0lTNOb1aUevR	Beatriz	https://pub-155fa287ae724688aaa870d99135311a.r2.dev/audio/2615.00.01-word-eleven_v3-v1.mp3	https://pub-155fa287ae724688aaa870d99135311a.r2.dev/audio/2615.00.01-word-eleven_v3-v1.mp3
117_ep	2615.00.01	word	EP	o holandês	hOLl3246BMBsdy0qtYLb	Nelson Silvestre	https://pub-155fa287ae724688aaa870d99135311a.r2.dev/audio/2615.00.01-word-eleven_v3-v1.mp3	https://pub-155fa287ae724688aaa870d99135311a.r2.dev/audio_judge_ab/2615.00.01-word-eleven_v3-ep.mp3
118_bp	1600.00.01	word	BP	o mulato	wxoDdfPKBuna5KnUEotz	Eduardo	https://pub-155fa287ae724688aaa870d99135311a.r2.dev/audio/1600.00.01-word-eleven_v3-v1.mp3	https://pub-155fa287ae724688aaa870d99135311a.r2.dev/audio/1600.00.01-word-eleven_v3-v1.mp3
118_ep	1600.00.01	word	EP	o mulato	hOLl3246BMBsdy0qtYLb	Nelson Silvestre	https://pub-155fa287ae724688aaa870d99135311a.r2.dev/audio/1600.00.01-word-eleven_v3-v1.mp3	https://pub-155fa287ae724688aaa870d99135311a.r2.dev/audio_judge_ab/1600.00.01-word-eleven_v3-ep.mp3
119_bp	0986.00.01	word	BP	intelectual	Rw38T6bn0lTNOb1aUevR	Beatriz	https://pub-155fa287ae724688aaa870d99135311a.r2.dev/audio/0986.00.01-word-eleven_v3-v1.mp3	https://pub-155fa287ae724688aaa870d99135311a.r2.dev/audio/0986.00.01-word-eleven_v3-v1.mp3
119_ep	0986.00.01	word	EP	intelectual	hOLl3246BMBsdy0qtYLb	Nelson Silvestre	https://pub-155fa287ae724688aaa870d99135311a.r2.dev/audio/0986.00.01-word-eleven_v3-v1.mp3	https://pub-155fa287ae724688aaa870d99135311a.r2.dev/audio_judge_ab/0986.00.01-word-eleven_v3-ep.mp3
120_bp	1861.00.01	word	BP	antigamente	Rw38T6bn0lTNOb1aUevR	Beatriz	https://pub-155fa287ae724688aaa870d99135311a.r2.dev/audio/1861.00.01-word-eleven_v3-v1.mp3	https://pub-155fa287ae724688aaa870d99135311a.r2.dev/audio/1861.00.01-word-eleven_v3-v1.mp3
120_ep	1861.00.01	word	EP	antigamente	hOLl3246BMBsdy0qtYLb	Nelson Silvestre	https://pub-155fa287ae724688aaa870d99135311a.r2.dev/audio/1861.00.01-word-eleven_v3-v1.mp3	https://pub-155fa287ae724688aaa870d99135311a.r2.dev/audio_judge_ab/1861.00.01-word-eleven_v3-ep.mp3
121_bp	0229.00.01	word	BP	aparecer	Rw38T6bn0lTNOb1aUevR	Beatriz	https://pub-155fa287ae724688aaa870d99135311a.r2.dev/audio/0229.00.01-word-eleven_v3-v1.mp3	https://pub-155fa287ae724688aaa870d99135311a.r2.dev/audio/0229.00.01-word-eleven_v3-v1.mp3
121_ep	0229.00.01	word	EP	aparecer	hOLl3246BMBsdy0qtYLb	Nelson Silvestre	https://pub-155fa287ae724688aaa870d99135311a.r2.dev/audio/0229.00.01-word-eleven_v3-v1.mp3	https://pub-155fa287ae724688aaa870d99135311a.r2.dev/audio_judge_ab/0229.00.01-word-eleven_v3-ep.mp3
122_bp	2922.00.01	word	BP	o vírus	Rw38T6bn0lTNOb1aUevR	Beatriz	https://pub-155fa287ae724688aaa870d99135311a.r2.dev/audio/2922.00.01-word-eleven_v3-v1.mp3	https://pub-155fa287ae724688aaa870d99135311a.r2.dev/audio/2922.00.01-word-eleven_v3-v1.mp3
122_ep	2922.00.01	word	EP	o vírus	hOLl3246BMBsdy0qtYLb	Nelson Silvestre	https://pub-155fa287ae724688aaa870d99135311a.r2.dev/audio/2922.00.01-word-eleven_v3-v1.mp3	https://pub-155fa287ae724688aaa870d99135311a.r2.dev/audio_judge_ab/2922.00.01-word-eleven_v3-ep.mp3
123_bp	4101.00.01	word	BP	o arredor	wxoDdfPKBuna5KnUEotz	Eduardo	https://pub-155fa287ae724688aaa870d99135311a.r2.dev/audio/4101.00.01-word-eleven_v3-v1.mp3	https://pub-155fa287ae724688aaa870d99135311a.r2.dev/audio/4101.00.01-word-eleven_v3-v1.mp3
123_ep	4101.00.01	word	EP	o arredor	hOLl3246BMBsdy0qtYLb	Nelson Silvestre	https://pub-155fa287ae724688aaa870d99135311a.r2.dev/audio/4101.00.01-word-eleven_v3-v1.mp3	https://pub-155fa287ae724688aaa870d99135311a.r2.dev/audio_judge_ab/4101.00.01-word-eleven_v3-ep.mp3
124_bp	1274.00.01	word	BP	mundial	qPfM2laM0pRL4rrZtBGl	Sandro Dutra	https://pub-155fa287ae724688aaa870d99135311a.r2.dev/audio/1274.00.01-word-eleven_v3-v1.mp3	https://pub-155fa287ae724688aaa870d99135311a.r2.dev/audio/1274.00.01-word-eleven_v3-v1.mp3
124_ep	1274.00.01	word	EP	mundial	hOLl3246BMBsdy0qtYLb	Nelson Silvestre	https://pub-155fa287ae724688aaa870d99135311a.r2.dev/audio/1274.00.01-word-eleven_v3-v1.mp3	https://pub-155fa287ae724688aaa870d99135311a.r2.dev/audio_judge_ab/1274.00.01-word-eleven_v3-ep.mp3
125_bp	1774.00.01	word	BP	constitucional	wxoDdfPKBuna5KnUEotz	Eduardo	https://pub-155fa287ae724688aaa870d99135311a.r2.dev/audio/1774.00.01-word-eleven_v3-v1.mp3	https://pub-155fa287ae724688aaa870d99135311a.r2.dev/audio/1774.00.01-word-eleven_v3-v1.mp3
125_ep	1774.00.01	word	EP	constitucional	hOLl3246BMBsdy0qtYLb	Nelson Silvestre	https://pub-155fa287ae724688aaa870d99135311a.r2.dev/audio/1774.00.01-word-eleven_v3-v1.mp3	https://pub-155fa287ae724688aaa870d99135311a.r2.dev/audio_judge_ab/1774.00.01-word-eleven_v3-ep.mp3
126_bp	0533.00.01	word	BP	o francês	AaeZyyi87RCxtFnHPS3e	Prof. Campanholi	https://pub-155fa287ae724688aaa870d99135311a.r2.dev/audio/0533.00.01-word-eleven_v3-v1.mp3	https://pub-155fa287ae724688aaa870d99135311a.r2.dev/audio/0533.00.01-word-eleven_v3-v1.mp3
126_ep	0533.00.01	word	EP	o francês	hOLl3246BMBsdy0qtYLb	Nelson Silvestre	https://pub-155fa287ae724688aaa870d99135311a.r2.dev/audio/0533.00.01-word-eleven_v3-v1.mp3	https://pub-155fa287ae724688aaa870d99135311a.r2.dev/audio_judge_ab/0533.00.01-word-eleven_v3-ep.mp3
127_bp	0351.00.01	word	BP	mal	m151rjrbWXbBqyq56tly	Carla	https://pub-155fa287ae724688aaa870d99135311a.r2.dev/audio/0351.00.01-word-eleven_v3-v1.mp3	https://pub-155fa287ae724688aaa870d99135311a.r2.dev/audio/0351.00.01-word-eleven_v3-v1.mp3
127_ep	0351.00.01	word	EP	mal	hOLl3246BMBsdy0qtYLb	Nelson Silvestre	https://pub-155fa287ae724688aaa870d99135311a.r2.dev/audio/0351.00.01-word-eleven_v3-v1.mp3	https://pub-155fa287ae724688aaa870d99135311a.r2.dev/audio_judge_ab/0351.00.01-word-eleven_v3-ep.mp3
128_bp	1586.00.01	word	BP	a humanidade	qPfM2laM0pRL4rrZtBGl	Sandro Dutra	https://pub-155fa287ae724688aaa870d99135311a.r2.dev/audio/1586.00.01-word-eleven_v3-v1.mp3	https://pub-155fa287ae724688aaa870d99135311a.r2.dev/audio/1586.00.01-word-eleven_v3-v1.mp3
128_ep	1586.00.01	word	EP	a humanidade	hOLl3246BMBsdy0qtYLb	Nelson Silvestre	https://pub-155fa287ae724688aaa870d99135311a.r2.dev/audio/1586.00.01-word-eleven_v3-v1.mp3	https://pub-155fa287ae724688aaa870d99135311a.r2.dev/audio_judge_ab/1586.00.01-word-eleven_v3-ep.mp3
129_bp	4101.00.02	word	BP	o arredor	Rw38T6bn0lTNOb1aUevR	Beatriz	https://pub-155fa287ae724688aaa870d99135311a.r2.dev/audio/4101.00.02-word-eleven_v3-v1.mp3	https://pub-155fa287ae724688aaa870d99135311a.r2.dev/audio/4101.00.02-word-eleven_v3-v1.mp3
129_ep	4101.00.02	word	EP	o arredor	hOLl3246BMBsdy0qtYLb	Nelson Silvestre	https://pub-155fa287ae724688aaa870d99135311a.r2.dev/audio/4101.00.02-word-eleven_v3-v1.mp3	https://pub-155fa287ae724688aaa870d99135311a.r2.dev/audio_judge_ab/4101.00.02-word-eleven_v3-ep.mp3
130_bp	3842.00.02	word	BP	a camisola	m151rjrbWXbBqyq56tly	Carla	https://pub-155fa287ae724688aaa870d99135311a.r2.dev/audio/3842.00.02-word-eleven_v3-v1.mp3	https://pub-155fa287ae724688aaa870d99135311a.r2.dev/audio/3842.00.02-word-eleven_v3-v1.mp3
130_ep	3842.00.02	word	EP	a camisola	hOLl3246BMBsdy0qtYLb	Nelson Silvestre	https://pub-155fa287ae724688aaa870d99135311a.r2.dev/audio/3842.00.02-word-eleven_v3-v1.mp3	https://pub-155fa287ae724688aaa870d99135311a.r2.dev/audio_judge_ab/3842.00.02-word-eleven_v3-ep.mp3
131_bp	0279.00.01	word	BP	o Deus	wxoDdfPKBuna5KnUEotz	Eduardo	https://pub-155fa287ae724688aaa870d99135311a.r2.dev/audio/0279.00.01-word-eleven_v3-v1.mp3	https://pub-155fa287ae724688aaa870d99135311a.r2.dev/audio/0279.00.01-word-eleven_v3-v1.mp3
131_ep	0279.00.01	word	EP	o Deus	hOLl3246BMBsdy0qtYLb	Nelson Silvestre	https://pub-155fa287ae724688aaa870d99135311a.r2.dev/audio/0279.00.01-word-eleven_v3-v1.mp3	https://pub-155fa287ae724688aaa870d99135311a.r2.dev/audio_judge_ab/0279.00.01-word-eleven_v3-ep.mp3
132_bp	1049.00.01	word	BP	a fazenda	m151rjrbWXbBqyq56tly	Carla	https://pub-155fa287ae724688aaa870d99135311a.r2.dev/audio/1049.00.01-word-eleven_v3-v1.mp3	https://pub-155fa287ae724688aaa870d99135311a.r2.dev/audio/1049.00.01-word-eleven_v3-v1.mp3
132_ep	1049.00.01	word	EP	a fazenda	hOLl3246BMBsdy0qtYLb	Nelson Silvestre	https://pub-155fa287ae724688aaa870d99135311a.r2.dev/audio/1049.00.01-word-eleven_v3-v1.mp3	https://pub-155fa287ae724688aaa870d99135311a.r2.dev/audio_judge_ab/1049.00.01-word-eleven_v3-ep.mp3
133_bp	1990.00.01	word	BP	optar	Rw38T6bn0lTNOb1aUevR	Beatriz	https://pub-155fa287ae724688aaa870d99135311a.r2.dev/audio/1990.00.01-word-eleven_v3-v1.mp3	https://pub-155fa287ae724688aaa870d99135311a.r2.dev/audio/1990.00.01-word-eleven_v3-v1.mp3
133_ep	1990.00.01	word	EP	optar	hOLl3246BMBsdy0qtYLb	Nelson Silvestre	https://pub-155fa287ae724688aaa870d99135311a.r2.dev/audio/1990.00.01-word-eleven_v3-v1.mp3	https://pub-155fa287ae724688aaa870d99135311a.r2.dev/audio_judge_ab/1990.00.01-word-eleven_v3-ep.mp3
134_bp	2454.00.01	word	BP	miúdo	AaeZyyi87RCxtFnHPS3e	Prof. Campanholi	https://pub-155fa287ae724688aaa870d99135311a.r2.dev/audio/2454.00.01-word-eleven_v3-v1.mp3	https://pub-155fa287ae724688aaa870d99135311a.r2.dev/audio/2454.00.01-word-eleven_v3-v1.mp3
134_ep	2454.00.01	word	EP	miúdo	hOLl3246BMBsdy0qtYLb	Nelson Silvestre	https://pub-155fa287ae724688aaa870d99135311a.r2.dev/audio/2454.00.01-word-eleven_v3-v1.mp3	https://pub-155fa287ae724688aaa870d99135311a.r2.dev/audio_judge_ab/2454.00.01-word-eleven_v3-ep.mp3
135_bp	1958.00.02	word	BP	o concelho	qPfM2laM0pRL4rrZtBGl	Sandro Dutra	https://pub-155fa287ae724688aaa870d99135311a.r2.dev/audio/1958.00.02-word-eleven_v3-v1.mp3	https://pub-155fa287ae724688aaa870d99135311a.r2.dev/audio/1958.00.02-word-eleven_v3-v1.mp3
135_ep	1958.00.02	word	EP	o concelho	hOLl3246BMBsdy0qtYLb	Nelson Silvestre	https://pub-155fa287ae724688aaa870d99135311a.r2.dev/audio/1958.00.02-word-eleven_v3-v1.mp3	https://pub-155fa287ae724688aaa870d99135311a.r2.dev/audio_judge_ab/1958.00.02-word-eleven_v3-ep.mp3
136_bp	1561.00.01	word	BP	o sal	xNGAXaCH8MaasNuo7Hr7	Beto	https://pub-155fa287ae724688aaa870d99135311a.r2.dev/audio/1561.00.01-word-eleven_v3-v1.mp3	https://pub-155fa287ae724688aaa870d99135311a.r2.dev/audio/1561.00.01-word-eleven_v3-v1.mp3
136_ep	1561.00.01	word	EP	o sal	hOLl3246BMBsdy0qtYLb	Nelson Silvestre	https://pub-155fa287ae724688aaa870d99135311a.r2.dev/audio/1561.00.01-word-eleven_v3-v1.mp3	https://pub-155fa287ae724688aaa870d99135311a.r2.dev/audio_judge_ab/1561.00.01-word-eleven_v3-ep.mp3
137_bp	1212.00.01	word	BP	azul	xNGAXaCH8MaasNuo7Hr7	Beto	https://pub-155fa287ae724688aaa870d99135311a.r2.dev/audio/1212.00.01-word-eleven_v3-v1.mp3	https://pub-155fa287ae724688aaa870d99135311a.r2.dev/audio/1212.00.01-word-eleven_v3-v1.mp3
137_ep	1212.00.01	word	EP	azul	hOLl3246BMBsdy0qtYLb	Nelson Silvestre	https://pub-155fa287ae724688aaa870d99135311a.r2.dev/audio/1212.00.01-word-eleven_v3-v1.mp3	https://pub-155fa287ae724688aaa870d99135311a.r2.dev/audio_judge_ab/1212.00.01-word-eleven_v3-ep.mp3
138_bp	3781.00.01	word	BP	o quintal	ny3E2DZImeZm00WLGZi9	José Paulo	https://pub-155fa287ae724688aaa870d99135311a.r2.dev/audio/3781.00.01-word-eleven_v3-v1.mp3	https://pub-155fa287ae724688aaa870d99135311a.r2.dev/audio/3781.00.01-word-eleven_v3-v1.mp3
138_ep	3781.00.01	word	EP	o quintal	hOLl3246BMBsdy0qtYLb	Nelson Silvestre	https://pub-155fa287ae724688aaa870d99135311a.r2.dev/audio/3781.00.01-word-eleven_v3-v1.mp3	https://pub-155fa287ae724688aaa870d99135311a.r2.dev/audio_judge_ab/3781.00.01-word-eleven_v3-ep.mp3
139_bp	3683.00.01	word	BP	desagradável	qPfM2laM0pRL4rrZtBGl	Sandro Dutra	https://pub-155fa287ae724688aaa870d99135311a.r2.dev/audio/3683.00.01-word-eleven_v3-v1.mp3	https://pub-155fa287ae724688aaa870d99135311a.r2.dev/audio/3683.00.01-word-eleven_v3-v1.mp3
139_ep	3683.00.01	word	EP	desagradável	hOLl3246BMBsdy0qtYLb	Nelson Silvestre	https://pub-155fa287ae724688aaa870d99135311a.r2.dev/audio/3683.00.01-word-eleven_v3-v1.mp3	https://pub-155fa287ae724688aaa870d99135311a.r2.dev/audio_judge_ab/3683.00.01-word-eleven_v3-ep.mp3
140_bp	3888.00.01	word	BP	acessível	Rw38T6bn0lTNOb1aUevR	Beatriz	https://pub-155fa287ae724688aaa870d99135311a.r2.dev/audio/3888.00.01-word-eleven_v3-v1.mp3	https://pub-155fa287ae724688aaa870d99135311a.r2.dev/audio/3888.00.01-word-eleven_v3-v1.mp3
140_ep	3888.00.01	word	EP	acessível	hOLl3246BMBsdy0qtYLb	Nelson Silvestre	https://pub-155fa287ae724688aaa870d99135311a.r2.dev/audio/3888.00.01-word-eleven_v3-v1.mp3	https://pub-155fa287ae724688aaa870d99135311a.r2.dev/audio_judge_ab/3888.00.01-word-eleven_v3-ep.mp3
141_bp	3195.00.01	word	BP	o molde	xNGAXaCH8MaasNuo7Hr7	Beto	https://pub-155fa287ae724688aaa870d99135311a.r2.dev/audio/3195.00.01-word-eleven_v3-v1.mp3	https://pub-155fa287ae724688aaa870d99135311a.r2.dev/audio/3195.00.01-word-eleven_v3-v1.mp3
141_ep	3195.00.01	word	EP	o molde	hOLl3246BMBsdy0qtYLb	Nelson Silvestre	https://pub-155fa287ae724688aaa870d99135311a.r2.dev/audio/3195.00.01-word-eleven_v3-v1.mp3	https://pub-155fa287ae724688aaa870d99135311a.r2.dev/audio_judge_ab/3195.00.01-word-eleven_v3-ep.mp3
142_bp	3732.00.01	word	BP	aquando	xNGAXaCH8MaasNuo7Hr7	Beto	https://pub-155fa287ae724688aaa870d99135311a.r2.dev/audio/3732.00.01-word-eleven_v3-v1.mp3	https://pub-155fa287ae724688aaa870d99135311a.r2.dev/audio/3732.00.01-word-eleven_v3-v1.mp3
142_ep	3732.00.01	word	EP	aquando	hOLl3246BMBsdy0qtYLb	Nelson Silvestre	https://pub-155fa287ae724688aaa870d99135311a.r2.dev/audio/3732.00.01-word-eleven_v3-v1.mp3	https://pub-155fa287ae724688aaa870d99135311a.r2.dev/audio_judge_ab/3732.00.01-word-eleven_v3-ep.mp3
143_bp	2403.00.01	word	BP	aquecer	m151rjrbWXbBqyq56tly	Carla	https://pub-155fa287ae724688aaa870d99135311a.r2.dev/audio/2403.00.01-word-eleven_v3-v1.mp3	https://pub-155fa287ae724688aaa870d99135311a.r2.dev/audio/2403.00.01-word-eleven_v3-v1.mp3
143_ep	2403.00.01	word	EP	aquecer	hOLl3246BMBsdy0qtYLb	Nelson Silvestre	https://pub-155fa287ae724688aaa870d99135311a.r2.dev/audio/2403.00.01-word-eleven_v3-v1.mp3	https://pub-155fa287ae724688aaa870d99135311a.r2.dev/audio_judge_ab/2403.00.01-word-eleven_v3-ep.mp3
144_bp	4253.00.01	word	BP	o elefante	m151rjrbWXbBqyq56tly	Carla	https://pub-155fa287ae724688aaa870d99135311a.r2.dev/audio/4253.00.01-word-eleven_v3-v1.mp3	https://pub-155fa287ae724688aaa870d99135311a.r2.dev/audio/4253.00.01-word-eleven_v3-v1.mp3
144_ep	4253.00.01	word	EP	o elefante	hOLl3246BMBsdy0qtYLb	Nelson Silvestre	https://pub-155fa287ae724688aaa870d99135311a.r2.dev/audio/4253.00.01-word-eleven_v3-v1.mp3	https://pub-155fa287ae724688aaa870d99135311a.r2.dev/audio_judge_ab/4253.00.01-word-eleven_v3-ep.mp3
145_bp	3023.00.01	word	BP	estatal	qPfM2laM0pRL4rrZtBGl	Sandro Dutra	https://pub-155fa287ae724688aaa870d99135311a.r2.dev/audio/3023.00.01-word-eleven_v3-v1.mp3	https://pub-155fa287ae724688aaa870d99135311a.r2.dev/audio/3023.00.01-word-eleven_v3-v1.mp3
145_ep	3023.00.01	word	EP	estatal	hOLl3246BMBsdy0qtYLb	Nelson Silvestre	https://pub-155fa287ae724688aaa870d99135311a.r2.dev/audio/3023.00.01-word-eleven_v3-v1.mp3	https://pub-155fa287ae724688aaa870d99135311a.r2.dev/audio_judge_ab/3023.00.01-word-eleven_v3-ep.mp3
146_bp	3937.00.01	word	BP	florestal	Rw38T6bn0lTNOb1aUevR	Beatriz	https://pub-155fa287ae724688aaa870d99135311a.r2.dev/audio/3937.00.01-word-eleven_v3-v1.mp3	https://pub-155fa287ae724688aaa870d99135311a.r2.dev/audio/3937.00.01-word-eleven_v3-v1.mp3
146_ep	3937.00.01	word	EP	florestal	hOLl3246BMBsdy0qtYLb	Nelson Silvestre	https://pub-155fa287ae724688aaa870d99135311a.r2.dev/audio/3937.00.01-word-eleven_v3-v1.mp3	https://pub-155fa287ae724688aaa870d99135311a.r2.dev/audio_judge_ab/3937.00.01-word-eleven_v3-ep.mp3
147_bp	4413.00.01	word	BP	fértil	ny3E2DZImeZm00WLGZi9	José Paulo	https://pub-155fa287ae724688aaa870d99135311a.r2.dev/audio/4413.00.01-word-eleven_v3-v1.mp3	https://pub-155fa287ae724688aaa870d99135311a.r2.dev/audio/4413.00.01-word-eleven_v3-v1.mp3
147_ep	4413.00.01	word	EP	fértil	hOLl3246BMBsdy0qtYLb	Nelson Silvestre	https://pub-155fa287ae724688aaa870d99135311a.r2.dev/audio/4413.00.01-word-eleven_v3-v1.mp3	https://pub-155fa287ae724688aaa870d99135311a.r2.dev/audio_judge_ab/4413.00.01-word-eleven_v3-ep.mp3
148_bp	0927.00.01	word	BP	o/a estudante	xNGAXaCH8MaasNuo7Hr7	Beto	https://pub-155fa287ae724688aaa870d99135311a.r2.dev/audio/0927.00.01-word-eleven_v3-v1.mp3	https://pub-155fa287ae724688aaa870d99135311a.r2.dev/audio/0927.00.01-word-eleven_v3-v1.mp3
148_ep	0927.00.01	word	EP	o/a estudante	hOLl3246BMBsdy0qtYLb	Nelson Silvestre	https://pub-155fa287ae724688aaa870d99135311a.r2.dev/audio/0927.00.01-word-eleven_v3-v1.mp3	https://pub-155fa287ae724688aaa870d99135311a.r2.dev/audio_judge_ab/0927.00.01-word-eleven_v3-ep.mp3
149_bp	1855.00.01	word	BP	projetar	Rw38T6bn0lTNOb1aUevR	Beatriz	https://pub-155fa287ae724688aaa870d99135311a.r2.dev/audio/1855.00.01-word-eleven_v3-v1.mp3	https://pub-155fa287ae724688aaa870d99135311a.r2.dev/audio/1855.00.01-word-eleven_v3-v1.mp3
149_ep	1855.00.01	word	EP	projetar	hOLl3246BMBsdy0qtYLb	Nelson Silvestre	https://pub-155fa287ae724688aaa870d99135311a.r2.dev/audio/1855.00.01-word-eleven_v3-v1.mp3	https://pub-155fa287ae724688aaa870d99135311a.r2.dev/audio_judge_ab/1855.00.01-word-eleven_v3-ep.mp3
150_bp	2399.00.01	word	BP	teatral	xNGAXaCH8MaasNuo7Hr7	Beto	https://pub-155fa287ae724688aaa870d99135311a.r2.dev/audio/2399.00.01-word-eleven_v3-v1.mp3	https://pub-155fa287ae724688aaa870d99135311a.r2.dev/audio/2399.00.01-word-eleven_v3-v1.mp3
150_ep	2399.00.01	word	EP	teatral	hOLl3246BMBsdy0qtYLb	Nelson Silvestre	https://pub-155fa287ae724688aaa870d99135311a.r2.dev/audio/2399.00.01-word-eleven_v3-v1.mp3	https://pub-155fa287ae724688aaa870d99135311a.r2.dev/audio_judge_ab/2399.00.01-word-eleven_v3-ep.mp3
151_bp	1673.00.01	example	BP	Meu cachorro é muito fiel e sempre me espera.	qPfM2laM0pRL4rrZtBGl	Sandro Dutra	https://pub-155fa287ae724688aaa870d99135311a.r2.dev/audio/1673.00.01-ex-eleven_v3-v1.mp3	https://pub-155fa287ae724688aaa870d99135311a.r2.dev/audio/1673.00.01-ex-eleven_v3-v1.mp3
151_ep	1673.00.01	example	EP	Meu cachorro é muito fiel e sempre me espera.	hOLl3246BMBsdy0qtYLb	Nelson Silvestre	https://pub-155fa287ae724688aaa870d99135311a.r2.dev/audio/1673.00.01-ex-eleven_v3-v1.mp3	https://pub-155fa287ae724688aaa870d99135311a.r2.dev/audio_judge_ab/1673.00.01-ex-eleven_v3-ep.mp3
152_bp	2607.00.01	example	BP	O Brasil tem muitas igrejas coloniais históricas.	xNGAXaCH8MaasNuo7Hr7	Beto	https://pub-155fa287ae724688aaa870d99135311a.r2.dev/audio/2607.00.01-ex-eleven_v3-v1.mp3	https://pub-155fa287ae724688aaa870d99135311a.r2.dev/audio/2607.00.01-ex-eleven_v3-v1.mp3
152_ep	2607.00.01	example	EP	O Brasil tem muitas igrejas coloniais históricas.	hOLl3246BMBsdy0qtYLb	Nelson Silvestre	https://pub-155fa287ae724688aaa870d99135311a.r2.dev/audio/2607.00.01-ex-eleven_v3-v1.mp3	https://pub-155fa287ae724688aaa870d99135311a.r2.dev/audio_judge_ab/2607.00.01-ex-eleven_v3-ep.mp3
153_bp	0882.00.01	example	BP	Este lugar é ideal para um piquenique.	qPfM2laM0pRL4rrZtBGl	Sandro Dutra	https://pub-155fa287ae724688aaa870d99135311a.r2.dev/audio/0882.00.01-ex-eleven_v3-v1.mp3	https://pub-155fa287ae724688aaa870d99135311a.r2.dev/audio/0882.00.01-ex-eleven_v3-v1.mp3
153_ep	0882.00.01	example	EP	Este lugar é ideal para um piquenique.	hOLl3246BMBsdy0qtYLb	Nelson Silvestre	https://pub-155fa287ae724688aaa870d99135311a.r2.dev/audio/0882.00.01-ex-eleven_v3-v1.mp3	https://pub-155fa287ae724688aaa870d99135311a.r2.dev/audio_judge_ab/0882.00.01-ex-eleven_v3-ep.mp3
154_bp	4416.00.01	example	BP	A porta está parcialmente aberta.	Rw38T6bn0lTNOb1aUevR	Beatriz	https://pub-155fa287ae724688aaa870d99135311a.r2.dev/audio/4416.00.01-ex-eleven_v3-v1.mp3	https://pub-155fa287ae724688aaa870d99135311a.r2.dev/audio/4416.00.01-ex-eleven_v3-v1.mp3
154_ep	4416.00.01	example	EP	A porta está parcialmente aberta.	hOLl3246BMBsdy0qtYLb	Nelson Silvestre	https://pub-155fa287ae724688aaa870d99135311a.r2.dev/audio/4416.00.01-ex-eleven_v3-v1.mp3	https://pub-155fa287ae724688aaa870d99135311a.r2.dev/audio_judge_ab/4416.00.01-ex-eleven_v3-ep.mp3
155_bp	3433.00.01	example	BP	O homem ficou inconsciente após a queda.	m151rjrbWXbBqyq56tly	Carla	https://pub-155fa287ae724688aaa870d99135311a.r2.dev/audio/3433.00.01-ex-eleven_v3-v1.mp3	https://pub-155fa287ae724688aaa870d99135311a.r2.dev/audio/3433.00.01-ex-eleven_v3-v1.mp3
155_ep	3433.00.01	example	EP	O homem ficou inconsciente após a queda.	hOLl3246BMBsdy0qtYLb	Nelson Silvestre	https://pub-155fa287ae724688aaa870d99135311a.r2.dev/audio/3433.00.01-ex-eleven_v3-v1.mp3	https://pub-155fa287ae724688aaa870d99135311a.r2.dev/audio_judge_ab/3433.00.01-ex-eleven_v3-ep.mp3
156_bp	2916.00.01	example	BP	Ela não se apercebeu do erro na conta.	xNGAXaCH8MaasNuo7Hr7	Beto	https://pub-155fa287ae724688aaa870d99135311a.r2.dev/audio/2916.00.01-ex-eleven_v3-v1.mp3	https://pub-155fa287ae724688aaa870d99135311a.r2.dev/audio/2916.00.01-ex-eleven_v3-v1.mp3
156_ep	2916.00.01	example	EP	Ela não se apercebeu do erro na conta.	hOLl3246BMBsdy0qtYLb	Nelson Silvestre	https://pub-155fa287ae724688aaa870d99135311a.r2.dev/audio/2916.00.01-ex-eleven_v3-v1.mp3	https://pub-155fa287ae724688aaa870d99135311a.r2.dev/audio_judge_ab/2916.00.01-ex-eleven_v3-ep.mp3
157_bp	4285.00.01	example	BP	O barco está atracado no cais.	m151rjrbWXbBqyq56tly	Carla	https://pub-155fa287ae724688aaa870d99135311a.r2.dev/audio/4285.00.01-ex-eleven_v3-v1.mp3	https://pub-155fa287ae724688aaa870d99135311a.r2.dev/audio/4285.00.01-ex-eleven_v3-v1.mp3
157_ep	4285.00.01	example	EP	O barco está atracado no cais.	hOLl3246BMBsdy0qtYLb	Nelson Silvestre	https://pub-155fa287ae724688aaa870d99135311a.r2.dev/audio/4285.00.01-ex-eleven_v3-v1.mp3	https://pub-155fa287ae724688aaa870d99135311a.r2.dev/audio_judge_ab/4285.00.01-ex-eleven_v3-ep.mp3
158_bp	3302.00.01	example	BP	Meu avô estudou no liceu quando era jovem.	xNGAXaCH8MaasNuo7Hr7	Beto	https://pub-155fa287ae724688aaa870d99135311a.r2.dev/audio/3302.00.01-ex-eleven_v3-v1.mp3	https://pub-155fa287ae724688aaa870d99135311a.r2.dev/audio/3302.00.01-ex-eleven_v3-v1.mp3
158_ep	3302.00.01	example	EP	Meu avô estudou no liceu quando era jovem.	hOLl3246BMBsdy0qtYLb	Nelson Silvestre	https://pub-155fa287ae724688aaa870d99135311a.r2.dev/audio/3302.00.01-ex-eleven_v3-v1.mp3	https://pub-155fa287ae724688aaa870d99135311a.r2.dev/audio_judge_ab/3302.00.01-ex-eleven_v3-ep.mp3
159_bp	3489.00.01	example	BP	Eventualmente eu tomo café à tarde, mas não sempre.	Rw38T6bn0lTNOb1aUevR	Beatriz	https://pub-155fa287ae724688aaa870d99135311a.r2.dev/audio/3489.00.01-ex-eleven_v3-v1.mp3	https://pub-155fa287ae724688aaa870d99135311a.r2.dev/audio/3489.00.01-ex-eleven_v3-v1.mp3
159_ep	3489.00.01	example	EP	Eventualmente eu tomo café à tarde, mas não sempre.	hOLl3246BMBsdy0qtYLb	Nelson Silvestre	https://pub-155fa287ae724688aaa870d99135311a.r2.dev/audio/3489.00.01-ex-eleven_v3-v1.mp3	https://pub-155fa287ae724688aaa870d99135311a.r2.dev/audio_judge_ab/3489.00.01-ex-eleven_v3-ep.mp3
160_bp	0236.00.01	example	BP	Ele sempre diz a verdade para os amigos.	m151rjrbWXbBqyq56tly	Carla	https://pub-155fa287ae724688aaa870d99135311a.r2.dev/audio/0236.00.01-ex-eleven_v3-v1.mp3	https://pub-155fa287ae724688aaa870d99135311a.r2.dev/audio/0236.00.01-ex-eleven_v3-v1.mp3
160_ep	0236.00.01	example	EP	Ele sempre diz a verdade para os amigos.	hOLl3246BMBsdy0qtYLb	Nelson Silvestre	https://pub-155fa287ae724688aaa870d99135311a.r2.dev/audio/0236.00.01-ex-eleven_v3-v1.mp3	https://pub-155fa287ae724688aaa870d99135311a.r2.dev/audio_judge_ab/0236.00.01-ex-eleven_v3-ep.mp3
161_bp	3341.00.01	example	BP	A ansiedade dela aumenta antes das provas.	ny3E2DZImeZm00WLGZi9	José Paulo	https://pub-155fa287ae724688aaa870d99135311a.r2.dev/audio/3341.00.01-ex-eleven_v3-v1.mp3	https://pub-155fa287ae724688aaa870d99135311a.r2.dev/audio/3341.00.01-ex-eleven_v3-v1.mp3
161_ep	3341.00.01	example	EP	A ansiedade dela aumenta antes das provas.	hOLl3246BMBsdy0qtYLb	Nelson Silvestre	https://pub-155fa287ae724688aaa870d99135311a.r2.dev/audio/3341.00.01-ex-eleven_v3-v1.mp3	https://pub-155fa287ae724688aaa870d99135311a.r2.dev/audio_judge_ab/3341.00.01-ex-eleven_v3-ep.mp3
162_bp	1704.00.01	example	BP	Preciso do meu documento de identidade para viajar.	Rw38T6bn0lTNOb1aUevR	Beatriz	https://pub-155fa287ae724688aaa870d99135311a.r2.dev/audio/1704.00.01-ex-eleven_v3-v1.mp3	https://pub-155fa287ae724688aaa870d99135311a.r2.dev/audio/1704.00.01-ex-eleven_v3-v1.mp3
162_ep	1704.00.01	example	EP	Preciso do meu documento de identidade para viajar.	hOLl3246BMBsdy0qtYLb	Nelson Silvestre	https://pub-155fa287ae724688aaa870d99135311a.r2.dev/audio/1704.00.01-ex-eleven_v3-v1.mp3	https://pub-155fa287ae724688aaa870d99135311a.r2.dev/audio_judge_ab/1704.00.01-ex-eleven_v3-ep.mp3
163_bp	2124.00.01	example	BP	A rapariga brincava no parque com as amigas.	wxoDdfPKBuna5KnUEotz	Eduardo	https://pub-155fa287ae724688aaa870d99135311a.r2.dev/audio/2124.00.01-ex-eleven_v3-v1.mp3	https://pub-155fa287ae724688aaa870d99135311a.r2.dev/audio/2124.00.01-ex-eleven_v3-v1.mp3
163_ep	2124.00.01	example	EP	A rapariga brincava no parque com as amigas.	hOLl3246BMBsdy0qtYLb	Nelson Silvestre	https://pub-155fa287ae724688aaa870d99135311a.r2.dev/audio/2124.00.01-ex-eleven_v3-v1.mp3	https://pub-155fa287ae724688aaa870d99135311a.r2.dev/audio_judge_ab/2124.00.01-ex-eleven_v3-ep.mp3
164_bp	4477.00.01	example	BP	Você porventura sabe onde fica a biblioteca?	Rw38T6bn0lTNOb1aUevR	Beatriz	https://pub-155fa287ae724688aaa870d99135311a.r2.dev/audio/4477.00.01-ex-eleven_v3-v1.mp3	https://pub-155fa287ae724688aaa870d99135311a.r2.dev/audio/4477.00.01-ex-eleven_v3-v1.mp3
164_ep	4477.00.01	example	EP	Você porventura sabe onde fica a biblioteca?	hOLl3246BMBsdy0qtYLb	Nelson Silvestre	https://pub-155fa287ae724688aaa870d99135311a.r2.dev/audio/4477.00.01-ex-eleven_v3-v1.mp3	https://pub-155fa287ae724688aaa870d99135311a.r2.dev/audio_judge_ab/4477.00.01-ex-eleven_v3-ep.mp3
165_bp	4849.00.01	example	BP	A reunião findou às cinco da tarde.	m151rjrbWXbBqyq56tly	Carla	https://pub-155fa287ae724688aaa870d99135311a.r2.dev/audio/4849.00.01-ex-eleven_v3-v1.mp3	https://pub-155fa287ae724688aaa870d99135311a.r2.dev/audio/4849.00.01-ex-eleven_v3-v1.mp3
165_ep	4849.00.01	example	EP	A reunião findou às cinco da tarde.	hOLl3246BMBsdy0qtYLb	Nelson Silvestre	https://pub-155fa287ae724688aaa870d99135311a.r2.dev/audio/4849.00.01-ex-eleven_v3-v1.mp3	https://pub-155fa287ae724688aaa870d99135311a.r2.dev/audio_judge_ab/4849.00.01-ex-eleven_v3-ep.mp3
166_bp	4613.00.01	example	BP	O cachorro ficou hostil quando viu o estranho.	wxoDdfPKBuna5KnUEotz	Eduardo	https://pub-155fa287ae724688aaa870d99135311a.r2.dev/audio/4613.00.01-ex-eleven_v3-v1.mp3	https://pub-155fa287ae724688aaa870d99135311a.r2.dev/audio/4613.00.01-ex-eleven_v3-v1.mp3
166_ep	4613.00.01	example	EP	O cachorro ficou hostil quando viu o estranho.	hOLl3246BMBsdy0qtYLb	Nelson Silvestre	https://pub-155fa287ae724688aaa870d99135311a.r2.dev/audio/4613.00.01-ex-eleven_v3-v1.mp3	https://pub-155fa287ae724688aaa870d99135311a.r2.dev/audio_judge_ab/4613.00.01-ex-eleven_v3-ep.mp3
167_bp	1919.00.01	example	BP	O clima está favorável para viajar hoje.	Rw38T6bn0lTNOb1aUevR	Beatriz	https://pub-155fa287ae724688aaa870d99135311a.r2.dev/audio/1919.00.01-ex-eleven_v3-v1.mp3	https://pub-155fa287ae724688aaa870d99135311a.r2.dev/audio/1919.00.01-ex-eleven_v3-v1.mp3
167_ep	1919.00.01	example	EP	O clima está favorável para viajar hoje.	hOLl3246BMBsdy0qtYLb	Nelson Silvestre	https://pub-155fa287ae724688aaa870d99135311a.r2.dev/audio/1919.00.01-ex-eleven_v3-v1.mp3	https://pub-155fa287ae724688aaa870d99135311a.r2.dev/audio_judge_ab/1919.00.01-ex-eleven_v3-ep.mp3
168_bp	3004.00.01	example	BP	Os residentes do prédio fizeram uma reunião ontem.	wxoDdfPKBuna5KnUEotz	Eduardo	https://pub-155fa287ae724688aaa870d99135311a.r2.dev/audio/3004.00.01-ex-eleven_v3-v1.mp3	https://pub-155fa287ae724688aaa870d99135311a.r2.dev/audio/3004.00.01-ex-eleven_v3-v1.mp3
168_ep	3004.00.01	example	EP	Os residentes do prédio fizeram uma reunião ontem.	hOLl3246BMBsdy0qtYLb	Nelson Silvestre	https://pub-155fa287ae724688aaa870d99135311a.r2.dev/audio/3004.00.01-ex-eleven_v3-v1.mp3	https://pub-155fa287ae724688aaa870d99135311a.r2.dev/audio_judge_ab/3004.00.01-ex-eleven_v3-ep.mp3
169_bp	4068.00.01	example	BP	O viajante chegou ao hotel depois de uma longa viagem.	m151rjrbWXbBqyq56tly	Carla	https://pub-155fa287ae724688aaa870d99135311a.r2.dev/audio/4068.00.01-ex-eleven_v3-v1.mp3	https://pub-155fa287ae724688aaa870d99135311a.r2.dev/audio/4068.00.01-ex-eleven_v3-v1.mp3
169_ep	4068.00.01	example	EP	O viajante chegou ao hotel depois de uma longa viagem.	hOLl3246BMBsdy0qtYLb	Nelson Silvestre	https://pub-155fa287ae724688aaa870d99135311a.r2.dev/audio/4068.00.01-ex-eleven_v3-v1.mp3	https://pub-155fa287ae724688aaa870d99135311a.r2.dev/audio_judge_ab/4068.00.01-ex-eleven_v3-ep.mp3
170_bp	0519.00.01	example	BP	O que significa esta palavra em português?	AaeZyyi87RCxtFnHPS3e	Prof. Campanholi	https://pub-155fa287ae724688aaa870d99135311a.r2.dev/audio/0519.00.01-ex-eleven_v3-v1.mp3	https://pub-155fa287ae724688aaa870d99135311a.r2.dev/audio/0519.00.01-ex-eleven_v3-v1.mp3
170_ep	0519.00.01	example	EP	O que significa esta palavra em português?	hOLl3246BMBsdy0qtYLb	Nelson Silvestre	https://pub-155fa287ae724688aaa870d99135311a.r2.dev/audio/0519.00.01-ex-eleven_v3-v1.mp3	https://pub-155fa287ae724688aaa870d99135311a.r2.dev/audio_judge_ab/0519.00.01-ex-eleven_v3-ep.mp3
171_bp	3349.00.01	example	BP	Os dois times são rivais há muitos anos.	m151rjrbWXbBqyq56tly	Carla	https://pub-155fa287ae724688aaa870d99135311a.r2.dev/audio/3349.00.01-ex-eleven_v3-v1.mp3	https://pub-155fa287ae724688aaa870d99135311a.r2.dev/audio/3349.00.01-ex-eleven_v3-v1.mp3
171_ep	3349.00.01	example	EP	Os dois times são rivais há muitos anos.	hOLl3246BMBsdy0qtYLb	Nelson Silvestre	https://pub-155fa287ae724688aaa870d99135311a.r2.dev/audio/3349.00.01-ex-eleven_v3-v1.mp3	https://pub-155fa287ae724688aaa870d99135311a.r2.dev/audio_judge_ab/3349.00.01-ex-eleven_v3-ep.mp3
172_bp	1916.00.01	example	BP	Gosto de frutas, particularmente de manga.	Rw38T6bn0lTNOb1aUevR	Beatriz	https://pub-155fa287ae724688aaa870d99135311a.r2.dev/audio/1916.00.01-ex-eleven_v3-v1.mp3	https://pub-155fa287ae724688aaa870d99135311a.r2.dev/audio/1916.00.01-ex-eleven_v3-v1.mp3
172_ep	1916.00.01	example	EP	Gosto de frutas, particularmente de manga.	hOLl3246BMBsdy0qtYLb	Nelson Silvestre	https://pub-155fa287ae724688aaa870d99135311a.r2.dev/audio/1916.00.01-ex-eleven_v3-v1.mp3	https://pub-155fa287ae724688aaa870d99135311a.r2.dev/audio_judge_ab/1916.00.01-ex-eleven_v3-ep.mp3
173_bp	3348.00.02	example	BP	Os quatro pontos cardeais são norte, sul, leste e oeste.	Rw38T6bn0lTNOb1aUevR	Beatriz	https://pub-155fa287ae724688aaa870d99135311a.r2.dev/audio/3348.00.02-ex-eleven_v3-v1.mp3	https://pub-155fa287ae724688aaa870d99135311a.r2.dev/audio/3348.00.02-ex-eleven_v3-v1.mp3
173_ep	3348.00.02	example	EP	Os quatro pontos cardeais são norte, sul, leste e oeste.	hOLl3246BMBsdy0qtYLb	Nelson Silvestre	https://pub-155fa287ae724688aaa870d99135311a.r2.dev/audio/3348.00.02-ex-eleven_v3-v1.mp3	https://pub-155fa287ae724688aaa870d99135311a.r2.dev/audio_judge_ab/3348.00.02-ex-eleven_v3-ep.mp3
174_bp	2251.00.01	example	BP	Vi uma propaganda de sapatos na televisão.	Rw38T6bn0lTNOb1aUevR	Beatriz	https://pub-155fa287ae724688aaa870d99135311a.r2.dev/audio/2251.00.01-ex-eleven_v3-v1.mp3	https://pub-155fa287ae724688aaa870d99135311a.r2.dev/audio/2251.00.01-ex-eleven_v3-v1.mp3
174_ep	2251.00.01	example	EP	Vi uma propaganda de sapatos na televisão.	hOLl3246BMBsdy0qtYLb	Nelson Silvestre	https://pub-155fa287ae724688aaa870d99135311a.r2.dev/audio/2251.00.01-ex-eleven_v3-v1.mp3	https://pub-155fa287ae724688aaa870d99135311a.r2.dev/audio_judge_ab/2251.00.01-ex-eleven_v3-ep.mp3
175_bp	0571.00.01	example	BP	Este exercício é muito fácil para mim.	m151rjrbWXbBqyq56tly	Carla	https://pub-155fa287ae724688aaa870d99135311a.r2.dev/audio/0571.00.01-ex-eleven_v3-v1.mp3	https://pub-155fa287ae724688aaa870d99135311a.r2.dev/audio/0571.00.01-ex-eleven_v3-v1.mp3
175_ep	0571.00.01	example	EP	Este exercício é muito fácil para mim.	hOLl3246BMBsdy0qtYLb	Nelson Silvestre	https://pub-155fa287ae724688aaa870d99135311a.r2.dev/audio/0571.00.01-ex-eleven_v3-v1.mp3	https://pub-155fa287ae724688aaa870d99135311a.r2.dev/audio_judge_ab/0571.00.01-ex-eleven_v3-ep.mp3
176_bp	1392.00.01	example	BP	Vou ligar o gás para cozinhar o jantar.	Rw38T6bn0lTNOb1aUevR	Beatriz	https://pub-155fa287ae724688aaa870d99135311a.r2.dev/audio/1392.00.01-ex-eleven_v3-v1.mp3	https://pub-155fa287ae724688aaa870d99135311a.r2.dev/audio/1392.00.01-ex-eleven_v3-v1.mp3
176_ep	1392.00.01	example	EP	Vou ligar o gás para cozinhar o jantar.	hOLl3246BMBsdy0qtYLb	Nelson Silvestre	https://pub-155fa287ae724688aaa870d99135311a.r2.dev/audio/1392.00.01-ex-eleven_v3-v1.mp3	https://pub-155fa287ae724688aaa870d99135311a.r2.dev/audio_judge_ab/1392.00.01-ex-eleven_v3-ep.mp3
177_bp	4593.00.01	example	BP	As duas propostas diferem no preço.	wxoDdfPKBuna5KnUEotz	Eduardo	https://pub-155fa287ae724688aaa870d99135311a.r2.dev/audio/4593.00.01-ex-eleven_v3-v1.mp3	https://pub-155fa287ae724688aaa870d99135311a.r2.dev/audio/4593.00.01-ex-eleven_v3-v1.mp3
177_ep	4593.00.01	example	EP	As duas propostas diferem no preço.	hOLl3246BMBsdy0qtYLb	Nelson Silvestre	https://pub-155fa287ae724688aaa870d99135311a.r2.dev/audio/4593.00.01-ex-eleven_v3-v1.mp3	https://pub-155fa287ae724688aaa870d99135311a.r2.dev/audio_judge_ab/4593.00.01-ex-eleven_v3-ep.mp3
178_bp	2461.00.01	example	BP	O carnaval no Rio é uma festa muito grande.	qPfM2laM0pRL4rrZtBGl	Sandro Dutra	https://pub-155fa287ae724688aaa870d99135311a.r2.dev/audio/2461.00.01-ex-eleven_v3-v1.mp3	https://pub-155fa287ae724688aaa870d99135311a.r2.dev/audio/2461.00.01-ex-eleven_v3-v1.mp3
178_ep	2461.00.01	example	EP	O carnaval no Rio é uma festa muito grande.	hOLl3246BMBsdy0qtYLb	Nelson Silvestre	https://pub-155fa287ae724688aaa870d99135311a.r2.dev/audio/2461.00.01-ex-eleven_v3-v1.mp3	https://pub-155fa287ae724688aaa870d99135311a.r2.dev/audio_judge_ab/2461.00.01-ex-eleven_v3-ep.mp3
179_bp	1064.00.01	example	BP	O Brasil é famoso pelo futebol.	xNGAXaCH8MaasNuo7Hr7	Beto	https://pub-155fa287ae724688aaa870d99135311a.r2.dev/audio/1064.00.01-ex-eleven_v3-v1.mp3	https://pub-155fa287ae724688aaa870d99135311a.r2.dev/audio/1064.00.01-ex-eleven_v3-v1.mp3
179_ep	1064.00.01	example	EP	O Brasil é famoso pelo futebol.	hOLl3246BMBsdy0qtYLb	Nelson Silvestre	https://pub-155fa287ae724688aaa870d99135311a.r2.dev/audio/1064.00.01-ex-eleven_v3-v1.mp3	https://pub-155fa287ae724688aaa870d99135311a.r2.dev/audio_judge_ab/1064.00.01-ex-eleven_v3-ep.mp3
180_bp	2401.00.01	example	BP	Aceito trabalhos eventuais aos fins de semana.	m151rjrbWXbBqyq56tly	Carla	https://pub-155fa287ae724688aaa870d99135311a.r2.dev/audio/2401.00.01-ex-eleven_v3-v1.mp3	https://pub-155fa287ae724688aaa870d99135311a.r2.dev/audio/2401.00.01-ex-eleven_v3-v1.mp3
180_ep	2401.00.01	example	EP	Aceito trabalhos eventuais aos fins de semana.	hOLl3246BMBsdy0qtYLb	Nelson Silvestre	https://pub-155fa287ae724688aaa870d99135311a.r2.dev/audio/2401.00.01-ex-eleven_v3-v1.mp3	https://pub-155fa287ae724688aaa870d99135311a.r2.dev/audio_judge_ab/2401.00.01-ex-eleven_v3-ep.mp3
181_bp	1079.00.01	example	BP	Vou montar a mesa nova no quarto.	Rw38T6bn0lTNOb1aUevR	Beatriz	https://pub-155fa287ae724688aaa870d99135311a.r2.dev/audio/1079.00.01-ex-eleven_v3-v1.mp3	https://pub-155fa287ae724688aaa870d99135311a.r2.dev/audio/1079.00.01-ex-eleven_v3-v1.mp3
181_ep	1079.00.01	example	EP	Vou montar a mesa nova no quarto.	hOLl3246BMBsdy0qtYLb	Nelson Silvestre	https://pub-155fa287ae724688aaa870d99135311a.r2.dev/audio/1079.00.01-ex-eleven_v3-v1.mp3	https://pub-155fa287ae724688aaa870d99135311a.r2.dev/audio_judge_ab/1079.00.01-ex-eleven_v3-ep.mp3
182_bp	1390.00.01	example	BP	A campanha eleitoral começa em agosto.	xNGAXaCH8MaasNuo7Hr7	Beto	https://pub-155fa287ae724688aaa870d99135311a.r2.dev/audio/1390.00.01-ex-eleven_v3-v1.mp3	https://pub-155fa287ae724688aaa870d99135311a.r2.dev/audio/1390.00.01-ex-eleven_v3-v1.mp3
182_ep	1390.00.01	example	EP	A campanha eleitoral começa em agosto.	hOLl3246BMBsdy0qtYLb	Nelson Silvestre	https://pub-155fa287ae724688aaa870d99135311a.r2.dev/audio/1390.00.01-ex-eleven_v3-v1.mp3	https://pub-155fa287ae724688aaa870d99135311a.r2.dev/audio_judge_ab/1390.00.01-ex-eleven_v3-ep.mp3
183_bp	4944.00.01	example	BP	Vamos contornar a montanha para chegar mais rápido.	m151rjrbWXbBqyq56tly	Carla	https://pub-155fa287ae724688aaa870d99135311a.r2.dev/audio/4944.00.01-ex-eleven_v3-v1.mp3	https://pub-155fa287ae724688aaa870d99135311a.r2.dev/audio/4944.00.01-ex-eleven_v3-v1.mp3
183_ep	4944.00.01	example	EP	Vamos contornar a montanha para chegar mais rápido.	hOLl3246BMBsdy0qtYLb	Nelson Silvestre	https://pub-155fa287ae724688aaa870d99135311a.r2.dev/audio/4944.00.01-ex-eleven_v3-v1.mp3	https://pub-155fa287ae724688aaa870d99135311a.r2.dev/audio_judge_ab/4944.00.01-ex-eleven_v3-ep.mp3
184_bp	3789.00.01	example	BP	Minha tia mora em São Paulo com dois gatos.	Rw38T6bn0lTNOb1aUevR	Beatriz	https://pub-155fa287ae724688aaa870d99135311a.r2.dev/audio/3789.00.01-ex-eleven_v3-v1.mp3	https://pub-155fa287ae724688aaa870d99135311a.r2.dev/audio/3789.00.01-ex-eleven_v3-v1.mp3
184_ep	3789.00.01	example	EP	Minha tia mora em São Paulo com dois gatos.	hOLl3246BMBsdy0qtYLb	Nelson Silvestre	https://pub-155fa287ae724688aaa870d99135311a.r2.dev/audio/3789.00.01-ex-eleven_v3-v1.mp3	https://pub-155fa287ae724688aaa870d99135311a.r2.dev/audio_judge_ab/3789.00.01-ex-eleven_v3-ep.mp3
185_bp	3744.00.01	example	BP	A porta fecha automaticamente quando saio.	m151rjrbWXbBqyq56tly	Carla	https://pub-155fa287ae724688aaa870d99135311a.r2.dev/audio/3744.00.01-ex-eleven_v3-v1.mp3	https://pub-155fa287ae724688aaa870d99135311a.r2.dev/audio/3744.00.01-ex-eleven_v3-v1.mp3
185_ep	3744.00.01	example	EP	A porta fecha automaticamente quando saio.	hOLl3246BMBsdy0qtYLb	Nelson Silvestre	https://pub-155fa287ae724688aaa870d99135311a.r2.dev/audio/3744.00.01-ex-eleven_v3-v1.mp3	https://pub-155fa287ae724688aaa870d99135311a.r2.dev/audio_judge_ab/3744.00.01-ex-eleven_v3-ep.mp3
186_bp	3753.00.03	example	BP	O Brasil é um mercado nascente em tecnologia.	m151rjrbWXbBqyq56tly	Carla	https://pub-155fa287ae724688aaa870d99135311a.r2.dev/audio/3753.00.03-ex-eleven_v3-v1.mp3	https://pub-155fa287ae724688aaa870d99135311a.r2.dev/audio/3753.00.03-ex-eleven_v3-v1.mp3
186_ep	3753.00.03	example	EP	O Brasil é um mercado nascente em tecnologia.	hOLl3246BMBsdy0qtYLb	Nelson Silvestre	https://pub-155fa287ae724688aaa870d99135311a.r2.dev/audio/3753.00.03-ex-eleven_v3-v1.mp3	https://pub-155fa287ae724688aaa870d99135311a.r2.dev/audio_judge_ab/3753.00.03-ex-eleven_v3-ep.mp3
187_bp	3385.00.01	example	BP	Este livro é pertencente à biblioteca da escola.	Rw38T6bn0lTNOb1aUevR	Beatriz	https://pub-155fa287ae724688aaa870d99135311a.r2.dev/audio/3385.00.01-ex-eleven_v3-v1.mp3	https://pub-155fa287ae724688aaa870d99135311a.r2.dev/audio/3385.00.01-ex-eleven_v3-v1.mp3
187_ep	3385.00.01	example	EP	Este livro é pertencente à biblioteca da escola.	hOLl3246BMBsdy0qtYLb	Nelson Silvestre	https://pub-155fa287ae724688aaa870d99135311a.r2.dev/audio/3385.00.01-ex-eleven_v3-v1.mp3	https://pub-155fa287ae724688aaa870d99135311a.r2.dev/audio_judge_ab/3385.00.01-ex-eleven_v3-ep.mp3
188_bp	1048.00.01	example	BP	A educação é fundamental para o futuro das crianças.	Rw38T6bn0lTNOb1aUevR	Beatriz	https://pub-155fa287ae724688aaa870d99135311a.r2.dev/audio/1048.00.01-ex-eleven_v3-v1.mp3	https://pub-155fa287ae724688aaa870d99135311a.r2.dev/audio/1048.00.01-ex-eleven_v3-v1.mp3
188_ep	1048.00.01	example	EP	A educação é fundamental para o futuro das crianças.	hOLl3246BMBsdy0qtYLb	Nelson Silvestre	https://pub-155fa287ae724688aaa870d99135311a.r2.dev/audio/1048.00.01-ex-eleven_v3-v1.mp3	https://pub-155fa287ae724688aaa870d99135311a.r2.dev/audio_judge_ab/1048.00.01-ex-eleven_v3-ep.mp3
189_bp	0777.00.01	example	BP	Meu pai está no hospital desde ontem.	wxoDdfPKBuna5KnUEotz	Eduardo	https://pub-155fa287ae724688aaa870d99135311a.r2.dev/audio/0777.00.01-ex-eleven_v3-v1.mp3	https://pub-155fa287ae724688aaa870d99135311a.r2.dev/audio/0777.00.01-ex-eleven_v3-v1.mp3
189_ep	0777.00.01	example	EP	Meu pai está no hospital desde ontem.	hOLl3246BMBsdy0qtYLb	Nelson Silvestre	https://pub-155fa287ae724688aaa870d99135311a.r2.dev/audio/0777.00.01-ex-eleven_v3-v1.mp3	https://pub-155fa287ae724688aaa870d99135311a.r2.dev/audio_judge_ab/0777.00.01-ex-eleven_v3-ep.mp3
190_bp	2749.00.01	example	BP	O camponês trabalha na terra desde criança.	Rw38T6bn0lTNOb1aUevR	Beatriz	https://pub-155fa287ae724688aaa870d99135311a.r2.dev/audio/2749.00.01-ex-eleven_v3-v1.mp3	https://pub-155fa287ae724688aaa870d99135311a.r2.dev/audio/2749.00.01-ex-eleven_v3-v1.mp3
190_ep	2749.00.01	example	EP	O camponês trabalha na terra desde criança.	hOLl3246BMBsdy0qtYLb	Nelson Silvestre	https://pub-155fa287ae724688aaa870d99135311a.r2.dev/audio/2749.00.01-ex-eleven_v3-v1.mp3	https://pub-155fa287ae724688aaa870d99135311a.r2.dev/audio_judge_ab/2749.00.01-ex-eleven_v3-ep.mp3
191_bp	0281.00.01	example	BP	A gente precisa de água para viver.	m151rjrbWXbBqyq56tly	Carla	https://pub-155fa287ae724688aaa870d99135311a.r2.dev/audio/0281.00.01-ex-eleven_v3-v1.mp3	https://pub-155fa287ae724688aaa870d99135311a.r2.dev/audio/0281.00.01-ex-eleven_v3-v1.mp3
191_ep	0281.00.01	example	EP	A gente precisa de água para viver.	hOLl3246BMBsdy0qtYLb	Nelson Silvestre	https://pub-155fa287ae724688aaa870d99135311a.r2.dev/audio/0281.00.01-ex-eleven_v3-v1.mp3	https://pub-155fa287ae724688aaa870d99135311a.r2.dev/audio_judge_ab/0281.00.01-ex-eleven_v3-ep.mp3
192_bp	1875.00.01	example	BP	O coronel comanda o batalhão do exército.	m151rjrbWXbBqyq56tly	Carla	https://pub-155fa287ae724688aaa870d99135311a.r2.dev/audio/1875.00.01-ex-eleven_v3-v1.mp3	https://pub-155fa287ae724688aaa870d99135311a.r2.dev/audio/1875.00.01-ex-eleven_v3-v1.mp3
192_ep	1875.00.01	example	EP	O coronel comanda o batalhão do exército.	hOLl3246BMBsdy0qtYLb	Nelson Silvestre	https://pub-155fa287ae724688aaa870d99135311a.r2.dev/audio/1875.00.01-ex-eleven_v3-v1.mp3	https://pub-155fa287ae724688aaa870d99135311a.r2.dev/audio_judge_ab/1875.00.01-ex-eleven_v3-ep.mp3
193_bp	4225.00.01	example	BP	A notícia foi surpreendente para todos nós.	m151rjrbWXbBqyq56tly	Carla	https://pub-155fa287ae724688aaa870d99135311a.r2.dev/audio/4225.00.01-ex-eleven_v3-v1.mp3	https://pub-155fa287ae724688aaa870d99135311a.r2.dev/audio/4225.00.01-ex-eleven_v3-v1.mp3
193_ep	4225.00.01	example	EP	A notícia foi surpreendente para todos nós.	hOLl3246BMBsdy0qtYLb	Nelson Silvestre	https://pub-155fa287ae724688aaa870d99135311a.r2.dev/audio/4225.00.01-ex-eleven_v3-v1.mp3	https://pub-155fa287ae724688aaa870d99135311a.r2.dev/audio_judge_ab/4225.00.01-ex-eleven_v3-ep.mp3
194_bp	1393.00.01	example	BP	O marquês morava em um palácio grande.	m151rjrbWXbBqyq56tly	Carla	https://pub-155fa287ae724688aaa870d99135311a.r2.dev/audio/1393.00.01-ex-eleven_v3-v1.mp3	https://pub-155fa287ae724688aaa870d99135311a.r2.dev/audio/1393.00.01-ex-eleven_v3-v1.mp3
194_ep	1393.00.01	example	EP	O marquês morava em um palácio grande.	hOLl3246BMBsdy0qtYLb	Nelson Silvestre	https://pub-155fa287ae724688aaa870d99135311a.r2.dev/audio/1393.00.01-ex-eleven_v3-v1.mp3	https://pub-155fa287ae724688aaa870d99135311a.r2.dev/audio_judge_ab/1393.00.01-ex-eleven_v3-ep.mp3
195_bp	3376.00.01	example	BP	Os soldados dormem no quartel todas as noites.	qPfM2laM0pRL4rrZtBGl	Sandro Dutra	https://pub-155fa287ae724688aaa870d99135311a.r2.dev/audio/3376.00.01-ex-eleven_v3-v1.mp3	https://pub-155fa287ae724688aaa870d99135311a.r2.dev/audio/3376.00.01-ex-eleven_v3-v1.mp3
195_ep	3376.00.01	example	EP	Os soldados dormem no quartel todas as noites.	hOLl3246BMBsdy0qtYLb	Nelson Silvestre	https://pub-155fa287ae724688aaa870d99135311a.r2.dev/audio/3376.00.01-ex-eleven_v3-v1.mp3	https://pub-155fa287ae724688aaa870d99135311a.r2.dev/audio_judge_ab/3376.00.01-ex-eleven_v3-ep.mp3
196_bp	1940.00.01	example	BP	Meu amigo chinês estuda português no Brasil.	ny3E2DZImeZm00WLGZi9	José Paulo	https://pub-155fa287ae724688aaa870d99135311a.r2.dev/audio/1940.00.01-ex-eleven_v3-v1.mp3	https://pub-155fa287ae724688aaa870d99135311a.r2.dev/audio/1940.00.01-ex-eleven_v3-v1.mp3
196_ep	1940.00.01	example	EP	Meu amigo chinês estuda português no Brasil.	hOLl3246BMBsdy0qtYLb	Nelson Silvestre	https://pub-155fa287ae724688aaa870d99135311a.r2.dev/audio/1940.00.01-ex-eleven_v3-v1.mp3	https://pub-155fa287ae724688aaa870d99135311a.r2.dev/audio_judge_ab/1940.00.01-ex-eleven_v3-ep.mp3
197_bp	1442.00.01	example	BP	Ele teve uma reação muito infantil ontem.	qPfM2laM0pRL4rrZtBGl	Sandro Dutra	https://pub-155fa287ae724688aaa870d99135311a.r2.dev/audio/1442.00.01-ex-eleven_v3-v1.mp3	https://pub-155fa287ae724688aaa870d99135311a.r2.dev/audio/1442.00.01-ex-eleven_v3-v1.mp3
197_ep	1442.00.01	example	EP	Ele teve uma reação muito infantil ontem.	hOLl3246BMBsdy0qtYLb	Nelson Silvestre	https://pub-155fa287ae724688aaa870d99135311a.r2.dev/audio/1442.00.01-ex-eleven_v3-v1.mp3	https://pub-155fa287ae724688aaa870d99135311a.r2.dev/audio_judge_ab/1442.00.01-ex-eleven_v3-ep.mp3
198_bp	3192.00.01	example	BP	Ele contraiu uma doença durante a viagem.	qPfM2laM0pRL4rrZtBGl	Sandro Dutra	https://pub-155fa287ae724688aaa870d99135311a.r2.dev/audio/3192.00.01-ex-eleven_v3-v1.mp3	https://pub-155fa287ae724688aaa870d99135311a.r2.dev/audio/3192.00.01-ex-eleven_v3-v1.mp3
198_ep	3192.00.01	example	EP	Ele contraiu uma doença durante a viagem.	hOLl3246BMBsdy0qtYLb	Nelson Silvestre	https://pub-155fa287ae724688aaa870d99135311a.r2.dev/audio/3192.00.01-ex-eleven_v3-v1.mp3	https://pub-155fa287ae724688aaa870d99135311a.r2.dev/audio_judge_ab/3192.00.01-ex-eleven_v3-ep.mp3
199_bp	3783.00.01	example	BP	O ônibus chega em dez minutos.	qPfM2laM0pRL4rrZtBGl	Sandro Dutra	https://pub-155fa287ae724688aaa870d99135311a.r2.dev/audio/3783.00.01-ex-eleven_v3-v1.mp3	https://pub-155fa287ae724688aaa870d99135311a.r2.dev/audio/3783.00.01-ex-eleven_v3-v1.mp3
199_ep	3783.00.01	example	EP	O ônibus chega em dez minutos.	hOLl3246BMBsdy0qtYLb	Nelson Silvestre	https://pub-155fa287ae724688aaa870d99135311a.r2.dev/audio/3783.00.01-ex-eleven_v3-v1.mp3	https://pub-155fa287ae724688aaa870d99135311a.r2.dev/audio_judge_ab/3783.00.01-ex-eleven_v3-ep.mp3
200_bp	2478.00.01	example	BP	A profundidade da piscina é de dois metros.	AaeZyyi87RCxtFnHPS3e	Prof. Campanholi	https://pub-155fa287ae724688aaa870d99135311a.r2.dev/audio/2478.00.01-ex-eleven_v3-v1.mp3	https://pub-155fa287ae724688aaa870d99135311a.r2.dev/audio/2478.00.01-ex-eleven_v3-v1.mp3
200_ep	2478.00.01	example	EP	A profundidade da piscina é de dois metros.	hOLl3246BMBsdy0qtYLb	Nelson Silvestre	https://pub-155fa287ae724688aaa870d99135311a.r2.dev/audio/2478.00.01-ex-eleven_v3-v1.mp3	https://pub-155fa287ae724688aaa870d99135311a.r2.dev/audio_judge_ab/2478.00.01-ex-eleven_v3-ep.mp3
201_bp	2625.00.01	word	BP	debater	m151rjrbWXbBqyq56tly	Carla	https://pub-155fa287ae724688aaa870d99135311a.r2.dev/audio/2625.00.01-word-eleven_v3-v1.mp3	https://pub-155fa287ae724688aaa870d99135311a.r2.dev/audio/2625.00.01-word-eleven_v3-v1.mp3
201_ep	2625.00.01	word	EP	debater	hOLl3246BMBsdy0qtYLb	Nelson Silvestre	https://pub-155fa287ae724688aaa870d99135311a.r2.dev/audio/2625.00.01-word-eleven_v3-v1.mp3	https://pub-155fa287ae724688aaa870d99135311a.r2.dev/audio_judge_ab/2625.00.01-word-eleven_v3-ep.mp3
202_bp	0110.00.01	word	BP	menos	Rw38T6bn0lTNOb1aUevR	Beatriz	https://pub-155fa287ae724688aaa870d99135311a.r2.dev/audio/0110.00.01-word-eleven_v3-v1.mp3	https://pub-155fa287ae724688aaa870d99135311a.r2.dev/audio/0110.00.01-word-eleven_v3-v1.mp3
202_ep	0110.00.01	word	EP	menos	hOLl3246BMBsdy0qtYLb	Nelson Silvestre	https://pub-155fa287ae724688aaa870d99135311a.r2.dev/audio/0110.00.01-word-eleven_v3-v1.mp3	https://pub-155fa287ae724688aaa870d99135311a.r2.dev/audio_judge_ab/0110.00.01-word-eleven_v3-ep.mp3
203_bp	3537.00.01	word	BP	vulnerável	m151rjrbWXbBqyq56tly	Carla	https://pub-155fa287ae724688aaa870d99135311a.r2.dev/audio/3537.00.01-word-eleven_v3-v1.mp3	https://pub-155fa287ae724688aaa870d99135311a.r2.dev/audio/3537.00.01-word-eleven_v3-v1.mp3
203_ep	3537.00.01	word	EP	vulnerável	hOLl3246BMBsdy0qtYLb	Nelson Silvestre	https://pub-155fa287ae724688aaa870d99135311a.r2.dev/audio/3537.00.01-word-eleven_v3-v1.mp3	https://pub-155fa287ae724688aaa870d99135311a.r2.dev/audio_judge_ab/3537.00.01-word-eleven_v3-ep.mp3
204_bp	1938.00.01	word	BP	render	wxoDdfPKBuna5KnUEotz	Eduardo	https://pub-155fa287ae724688aaa870d99135311a.r2.dev/audio/1938.00.01-word-eleven_v3-v1.mp3	https://pub-155fa287ae724688aaa870d99135311a.r2.dev/audio/1938.00.01-word-eleven_v3-v1.mp3
204_ep	1938.00.01	word	EP	render	hOLl3246BMBsdy0qtYLb	Nelson Silvestre	https://pub-155fa287ae724688aaa870d99135311a.r2.dev/audio/1938.00.01-word-eleven_v3-v1.mp3	https://pub-155fa287ae724688aaa870d99135311a.r2.dev/audio_judge_ab/1938.00.01-word-eleven_v3-ep.mp3
205_bp	1202.00.01	word	BP	a raiz	Rw38T6bn0lTNOb1aUevR	Beatriz	https://pub-155fa287ae724688aaa870d99135311a.r2.dev/audio/1202.00.01-word-eleven_v3-v1.mp3	https://pub-155fa287ae724688aaa870d99135311a.r2.dev/audio/1202.00.01-word-eleven_v3-v1.mp3
205_ep	1202.00.01	word	EP	a raiz	hOLl3246BMBsdy0qtYLb	Nelson Silvestre	https://pub-155fa287ae724688aaa870d99135311a.r2.dev/audio/1202.00.01-word-eleven_v3-v1.mp3	https://pub-155fa287ae724688aaa870d99135311a.r2.dev/audio_judge_ab/1202.00.01-word-eleven_v3-ep.mp3
206_bp	4926.00.01	word	BP	a potencialidade	ny3E2DZImeZm00WLGZi9	José Paulo	https://pub-155fa287ae724688aaa870d99135311a.r2.dev/audio/4926.00.01-word-eleven_v3-v1.mp3	https://pub-155fa287ae724688aaa870d99135311a.r2.dev/audio/4926.00.01-word-eleven_v3-v1.mp3
206_ep	4926.00.01	word	EP	a potencialidade	hOLl3246BMBsdy0qtYLb	Nelson Silvestre	https://pub-155fa287ae724688aaa870d99135311a.r2.dev/audio/4926.00.01-word-eleven_v3-v1.mp3	https://pub-155fa287ae724688aaa870d99135311a.r2.dev/audio_judge_ab/4926.00.01-word-eleven_v3-ep.mp3
207_bp	2608.00.01	word	BP	estrutural	ny3E2DZImeZm00WLGZi9	José Paulo	https://pub-155fa287ae724688aaa870d99135311a.r2.dev/audio/2608.00.01-word-eleven_v3-v1.mp3	https://pub-155fa287ae724688aaa870d99135311a.r2.dev/audio/2608.00.01-word-eleven_v3-v1.mp3
207_ep	2608.00.01	word	EP	estrutural	hOLl3246BMBsdy0qtYLb	Nelson Silvestre	https://pub-155fa287ae724688aaa870d99135311a.r2.dev/audio/2608.00.01-word-eleven_v3-v1.mp3	https://pub-155fa287ae724688aaa870d99135311a.r2.dev/audio_judge_ab/2608.00.01-word-eleven_v3-ep.mp3
208_bp	1010.00.01	word	BP	a lista	m151rjrbWXbBqyq56tly	Carla	https://pub-155fa287ae724688aaa870d99135311a.r2.dev/audio/1010.00.01-word-eleven_v3-v1.mp3	https://pub-155fa287ae724688aaa870d99135311a.r2.dev/audio/1010.00.01-word-eleven_v3-v1.mp3
208_ep	1010.00.01	word	EP	a lista	hOLl3246BMBsdy0qtYLb	Nelson Silvestre	https://pub-155fa287ae724688aaa870d99135311a.r2.dev/audio/1010.00.01-word-eleven_v3-v1.mp3	https://pub-155fa287ae724688aaa870d99135311a.r2.dev/audio_judge_ab/1010.00.01-word-eleven_v3-ep.mp3
209_bp	2845.00.01	word	BP	convencional	m151rjrbWXbBqyq56tly	Carla	https://pub-155fa287ae724688aaa870d99135311a.r2.dev/audio/2845.00.01-word-eleven_v3-v1.mp3	https://pub-155fa287ae724688aaa870d99135311a.r2.dev/audio/2845.00.01-word-eleven_v3-v1.mp3
209_ep	2845.00.01	word	EP	convencional	hOLl3246BMBsdy0qtYLb	Nelson Silvestre	https://pub-155fa287ae724688aaa870d99135311a.r2.dev/audio/2845.00.01-word-eleven_v3-v1.mp3	https://pub-155fa287ae724688aaa870d99135311a.r2.dev/audio_judge_ab/2845.00.01-word-eleven_v3-ep.mp3
210_bp	0048.00.01	word	BP	depois	qPfM2laM0pRL4rrZtBGl	Sandro Dutra	https://pub-155fa287ae724688aaa870d99135311a.r2.dev/audio/0048.00.01-word-eleven_v3-v1.mp3	https://pub-155fa287ae724688aaa870d99135311a.r2.dev/audio/0048.00.01-word-eleven_v3-v1.mp3
210_ep	0048.00.01	word	EP	depois	hOLl3246BMBsdy0qtYLb	Nelson Silvestre	https://pub-155fa287ae724688aaa870d99135311a.r2.dev/audio/0048.00.01-word-eleven_v3-v1.mp3	https://pub-155fa287ae724688aaa870d99135311a.r2.dev/audio_judge_ab/0048.00.01-word-eleven_v3-ep.mp3
211_bp	3945.00.01	word	BP	o gol	Rw38T6bn0lTNOb1aUevR	Beatriz	https://pub-155fa287ae724688aaa870d99135311a.r2.dev/audio/3945.00.01-word-eleven_v3-v1.mp3	https://pub-155fa287ae724688aaa870d99135311a.r2.dev/audio/3945.00.01-word-eleven_v3-v1.mp3
211_ep	3945.00.01	word	EP	o gol	hOLl3246BMBsdy0qtYLb	Nelson Silvestre	https://pub-155fa287ae724688aaa870d99135311a.r2.dev/audio/3945.00.01-word-eleven_v3-v1.mp3	https://pub-155fa287ae724688aaa870d99135311a.r2.dev/audio_judge_ab/3945.00.01-word-eleven_v3-ep.mp3
212_bp	4060.00.01	word	BP	obstante	Rw38T6bn0lTNOb1aUevR	Beatriz	https://pub-155fa287ae724688aaa870d99135311a.r2.dev/audio/4060.00.01-word-eleven_v3-v1.mp3	https://pub-155fa287ae724688aaa870d99135311a.r2.dev/audio/4060.00.01-word-eleven_v3-v1.mp3
212_ep	4060.00.01	word	EP	obstante	hOLl3246BMBsdy0qtYLb	Nelson Silvestre	https://pub-155fa287ae724688aaa870d99135311a.r2.dev/audio/4060.00.01-word-eleven_v3-v1.mp3	https://pub-155fa287ae724688aaa870d99135311a.r2.dev/audio_judge_ab/4060.00.01-word-eleven_v3-ep.mp3
213_bp	1470.00.01	word	BP	a resolução	qPfM2laM0pRL4rrZtBGl	Sandro Dutra	https://pub-155fa287ae724688aaa870d99135311a.r2.dev/audio/1470.00.01-word-eleven_v3-v1.mp3	https://pub-155fa287ae724688aaa870d99135311a.r2.dev/audio/1470.00.01-word-eleven_v3-v1.mp3
213_ep	1470.00.01	word	EP	a resolução	hOLl3246BMBsdy0qtYLb	Nelson Silvestre	https://pub-155fa287ae724688aaa870d99135311a.r2.dev/audio/1470.00.01-word-eleven_v3-v1.mp3	https://pub-155fa287ae724688aaa870d99135311a.r2.dev/audio_judge_ab/1470.00.01-word-eleven_v3-ep.mp3
214_bp	1497.00.01	word	BP	mental	Rw38T6bn0lTNOb1aUevR	Beatriz	https://pub-155fa287ae724688aaa870d99135311a.r2.dev/audio/1497.00.01-word-eleven_v3-v1.mp3	https://pub-155fa287ae724688aaa870d99135311a.r2.dev/audio/1497.00.01-word-eleven_v3-v1.mp3
214_ep	1497.00.01	word	EP	mental	hOLl3246BMBsdy0qtYLb	Nelson Silvestre	https://pub-155fa287ae724688aaa870d99135311a.r2.dev/audio/1497.00.01-word-eleven_v3-v1.mp3	https://pub-155fa287ae724688aaa870d99135311a.r2.dev/audio_judge_ab/1497.00.01-word-eleven_v3-ep.mp3
215_bp	3515.00.01	word	BP	oriundo	m151rjrbWXbBqyq56tly	Carla	https://pub-155fa287ae724688aaa870d99135311a.r2.dev/audio/3515.00.01-word-eleven_v3-v1.mp3	https://pub-155fa287ae724688aaa870d99135311a.r2.dev/audio/3515.00.01-word-eleven_v3-v1.mp3
215_ep	3515.00.01	word	EP	oriundo	hOLl3246BMBsdy0qtYLb	Nelson Silvestre	https://pub-155fa287ae724688aaa870d99135311a.r2.dev/audio/3515.00.01-word-eleven_v3-v1.mp3	https://pub-155fa287ae724688aaa870d99135311a.r2.dev/audio_judge_ab/3515.00.01-word-eleven_v3-ep.mp3
216_bp	3833.00.01	word	BP	cruel	qPfM2laM0pRL4rrZtBGl	Sandro Dutra	https://pub-155fa287ae724688aaa870d99135311a.r2.dev/audio/3833.00.01-word-eleven_v3-v1.mp3	https://pub-155fa287ae724688aaa870d99135311a.r2.dev/audio/3833.00.01-word-eleven_v3-v1.mp3
216_ep	3833.00.01	word	EP	cruel	hOLl3246BMBsdy0qtYLb	Nelson Silvestre	https://pub-155fa287ae724688aaa870d99135311a.r2.dev/audio/3833.00.01-word-eleven_v3-v1.mp3	https://pub-155fa287ae724688aaa870d99135311a.r2.dev/audio_judge_ab/3833.00.01-word-eleven_v3-ep.mp3
217_bp	3753.00.02	word	BP	o nascente	m151rjrbWXbBqyq56tly	Carla	https://pub-155fa287ae724688aaa870d99135311a.r2.dev/audio/3753.00.02-word-eleven_v3-v1.mp3	https://pub-155fa287ae724688aaa870d99135311a.r2.dev/audio/3753.00.02-word-eleven_v3-v1.mp3
217_ep	3753.00.02	word	EP	o nascente	hOLl3246BMBsdy0qtYLb	Nelson Silvestre	https://pub-155fa287ae724688aaa870d99135311a.r2.dev/audio/3753.00.02-word-eleven_v3-v1.mp3	https://pub-155fa287ae724688aaa870d99135311a.r2.dev/audio_judge_ab/3753.00.02-word-eleven_v3-ep.mp3
218_bp	2679.00.01	word	BP	elaborar	m151rjrbWXbBqyq56tly	Carla	https://pub-155fa287ae724688aaa870d99135311a.r2.dev/audio/2679.00.01-word-eleven_v3-v1.mp3	https://pub-155fa287ae724688aaa870d99135311a.r2.dev/audio/2679.00.01-word-eleven_v3-v1.mp3
218_ep	2679.00.01	word	EP	elaborar	hOLl3246BMBsdy0qtYLb	Nelson Silvestre	https://pub-155fa287ae724688aaa870d99135311a.r2.dev/audio/2679.00.01-word-eleven_v3-v1.mp3	https://pub-155fa287ae724688aaa870d99135311a.r2.dev/audio_judge_ab/2679.00.01-word-eleven_v3-ep.mp3
219_bp	0978.00.01	word	BP	o espanhol	Rw38T6bn0lTNOb1aUevR	Beatriz	https://pub-155fa287ae724688aaa870d99135311a.r2.dev/audio/0978.00.01-word-eleven_v3-v1.mp3	https://pub-155fa287ae724688aaa870d99135311a.r2.dev/audio/0978.00.01-word-eleven_v3-v1.mp3
219_ep	0978.00.01	word	EP	o espanhol	hOLl3246BMBsdy0qtYLb	Nelson Silvestre	https://pub-155fa287ae724688aaa870d99135311a.r2.dev/audio/0978.00.01-word-eleven_v3-v1.mp3	https://pub-155fa287ae724688aaa870d99135311a.r2.dev/audio_judge_ab/0978.00.01-word-eleven_v3-ep.mp3
220_bp	0271.00.01	word	BP	servir	Rw38T6bn0lTNOb1aUevR	Beatriz	https://pub-155fa287ae724688aaa870d99135311a.r2.dev/audio/0271.00.01-word-eleven_v3-v1.mp3	https://pub-155fa287ae724688aaa870d99135311a.r2.dev/audio/0271.00.01-word-eleven_v3-v1.mp3
220_ep	0271.00.01	word	EP	servir	hOLl3246BMBsdy0qtYLb	Nelson Silvestre	https://pub-155fa287ae724688aaa870d99135311a.r2.dev/audio/0271.00.01-word-eleven_v3-v1.mp3	https://pub-155fa287ae724688aaa870d99135311a.r2.dev/audio_judge_ab/0271.00.01-word-eleven_v3-ep.mp3
221_bp	4630.00.01	word	BP	a multinacional	qPfM2laM0pRL4rrZtBGl	Sandro Dutra	https://pub-155fa287ae724688aaa870d99135311a.r2.dev/audio/4630.00.01-word-eleven_v3-v1.mp3	https://pub-155fa287ae724688aaa870d99135311a.r2.dev/audio/4630.00.01-word-eleven_v3-v1.mp3
221_ep	4630.00.01	word	EP	a multinacional	hOLl3246BMBsdy0qtYLb	Nelson Silvestre	https://pub-155fa287ae724688aaa870d99135311a.r2.dev/audio/4630.00.01-word-eleven_v3-v1.mp3	https://pub-155fa287ae724688aaa870d99135311a.r2.dev/audio_judge_ab/4630.00.01-word-eleven_v3-ep.mp3
222_bp	2886.00.01	word	BP	altamente	Rw38T6bn0lTNOb1aUevR	Beatriz	https://pub-155fa287ae724688aaa870d99135311a.r2.dev/audio/2886.00.01-word-eleven_v3-v1.mp3	https://pub-155fa287ae724688aaa870d99135311a.r2.dev/audio/2886.00.01-word-eleven_v3-v1.mp3
222_ep	2886.00.01	word	EP	altamente	hOLl3246BMBsdy0qtYLb	Nelson Silvestre	https://pub-155fa287ae724688aaa870d99135311a.r2.dev/audio/2886.00.01-word-eleven_v3-v1.mp3	https://pub-155fa287ae724688aaa870d99135311a.r2.dev/audio_judge_ab/2886.00.01-word-eleven_v3-ep.mp3
223_bp	1441.00.01	word	BP	tradicional	xNGAXaCH8MaasNuo7Hr7	Beto	https://pub-155fa287ae724688aaa870d99135311a.r2.dev/audio/1441.00.01-word-eleven_v3-v1.mp3	https://pub-155fa287ae724688aaa870d99135311a.r2.dev/audio/1441.00.01-word-eleven_v3-v1.mp3
223_ep	1441.00.01	word	EP	tradicional	hOLl3246BMBsdy0qtYLb	Nelson Silvestre	https://pub-155fa287ae724688aaa870d99135311a.r2.dev/audio/1441.00.01-word-eleven_v3-v1.mp3	https://pub-155fa287ae724688aaa870d99135311a.r2.dev/audio_judge_ab/1441.00.01-word-eleven_v3-ep.mp3
224_bp	4434.00.01	word	BP	o/a contribuinte	wxoDdfPKBuna5KnUEotz	Eduardo	https://pub-155fa287ae724688aaa870d99135311a.r2.dev/audio/4434.00.01-word-eleven_v3-v1.mp3	https://pub-155fa287ae724688aaa870d99135311a.r2.dev/audio/4434.00.01-word-eleven_v3-v1.mp3
224_ep	4434.00.01	word	EP	o/a contribuinte	hOLl3246BMBsdy0qtYLb	Nelson Silvestre	https://pub-155fa287ae724688aaa870d99135311a.r2.dev/audio/4434.00.01-word-eleven_v3-v1.mp3	https://pub-155fa287ae724688aaa870d99135311a.r2.dev/audio_judge_ab/4434.00.01-word-eleven_v3-ep.mp3
225_bp	1309.00.01	word	BP	inicial	Rw38T6bn0lTNOb1aUevR	Beatriz	https://pub-155fa287ae724688aaa870d99135311a.r2.dev/audio/1309.00.01-word-eleven_v3-v1.mp3	https://pub-155fa287ae724688aaa870d99135311a.r2.dev/audio/1309.00.01-word-eleven_v3-v1.mp3
225_ep	1309.00.01	word	EP	inicial	hOLl3246BMBsdy0qtYLb	Nelson Silvestre	https://pub-155fa287ae724688aaa870d99135311a.r2.dev/audio/1309.00.01-word-eleven_v3-v1.mp3	https://pub-155fa287ae724688aaa870d99135311a.r2.dev/audio_judge_ab/1309.00.01-word-eleven_v3-ep.mp3
226_bp	3035.00.01	word	BP	o leito	m151rjrbWXbBqyq56tly	Carla	https://pub-155fa287ae724688aaa870d99135311a.r2.dev/audio/3035.00.01-word-eleven_v3-v1.mp3	https://pub-155fa287ae724688aaa870d99135311a.r2.dev/audio/3035.00.01-word-eleven_v3-v1.mp3
226_ep	3035.00.01	word	EP	o leito	hOLl3246BMBsdy0qtYLb	Nelson Silvestre	https://pub-155fa287ae724688aaa870d99135311a.r2.dev/audio/3035.00.01-word-eleven_v3-v1.mp3	https://pub-155fa287ae724688aaa870d99135311a.r2.dev/audio_judge_ab/3035.00.01-word-eleven_v3-ep.mp3
227_bp	1251.00.01	word	BP	anormal	qPfM2laM0pRL4rrZtBGl	Sandro Dutra	https://pub-155fa287ae724688aaa870d99135311a.r2.dev/audio/1251.00.01-word-eleven_v3-v1.mp3	https://pub-155fa287ae724688aaa870d99135311a.r2.dev/audio/1251.00.01-word-eleven_v3-v1.mp3
227_ep	1251.00.01	word	EP	anormal	hOLl3246BMBsdy0qtYLb	Nelson Silvestre	https://pub-155fa287ae724688aaa870d99135311a.r2.dev/audio/1251.00.01-word-eleven_v3-v1.mp3	https://pub-155fa287ae724688aaa870d99135311a.r2.dev/audio_judge_ab/1251.00.01-word-eleven_v3-ep.mp3
228_bp	0348.00.01	word	BP	pessoal	m151rjrbWXbBqyq56tly	Carla	https://pub-155fa287ae724688aaa870d99135311a.r2.dev/audio/0348.00.01-word-eleven_v3-v1.mp3	https://pub-155fa287ae724688aaa870d99135311a.r2.dev/audio/0348.00.01-word-eleven_v3-v1.mp3
228_ep	0348.00.01	word	EP	pessoal	hOLl3246BMBsdy0qtYLb	Nelson Silvestre	https://pub-155fa287ae724688aaa870d99135311a.r2.dev/audio/0348.00.01-word-eleven_v3-v1.mp3	https://pub-155fa287ae724688aaa870d99135311a.r2.dev/audio_judge_ab/0348.00.01-word-eleven_v3-ep.mp3
229_bp	3117.00.01	word	BP	o terminal	m151rjrbWXbBqyq56tly	Carla	https://pub-155fa287ae724688aaa870d99135311a.r2.dev/audio/3117.00.01-word-eleven_v3-v1.mp3	https://pub-155fa287ae724688aaa870d99135311a.r2.dev/audio/3117.00.01-word-eleven_v3-v1.mp3
229_ep	3117.00.01	word	EP	o terminal	hOLl3246BMBsdy0qtYLb	Nelson Silvestre	https://pub-155fa287ae724688aaa870d99135311a.r2.dev/audio/3117.00.01-word-eleven_v3-v1.mp3	https://pub-155fa287ae724688aaa870d99135311a.r2.dev/audio_judge_ab/3117.00.01-word-eleven_v3-ep.mp3
230_bp	4420.00.01	word	BP	a instabilidade	Rw38T6bn0lTNOb1aUevR	Beatriz	https://pub-155fa287ae724688aaa870d99135311a.r2.dev/audio/4420.00.01-word-eleven_v3-v1.mp3	https://pub-155fa287ae724688aaa870d99135311a.r2.dev/audio/4420.00.01-word-eleven_v3-v1.mp3
230_ep	4420.00.01	word	EP	a instabilidade	hOLl3246BMBsdy0qtYLb	Nelson Silvestre	https://pub-155fa287ae724688aaa870d99135311a.r2.dev/audio/4420.00.01-word-eleven_v3-v1.mp3	https://pub-155fa287ae724688aaa870d99135311a.r2.dev/audio_judge_ab/4420.00.01-word-eleven_v3-ep.mp3
231_bp	3707.00.01	word	BP	o imperial	m151rjrbWXbBqyq56tly	Carla	https://pub-155fa287ae724688aaa870d99135311a.r2.dev/audio/3707.00.01-word-eleven_v3-v1.mp3	https://pub-155fa287ae724688aaa870d99135311a.r2.dev/audio/3707.00.01-word-eleven_v3-v1.mp3
231_ep	3707.00.01	word	EP	o imperial	hOLl3246BMBsdy0qtYLb	Nelson Silvestre	https://pub-155fa287ae724688aaa870d99135311a.r2.dev/audio/3707.00.01-word-eleven_v3-v1.mp3	https://pub-155fa287ae724688aaa870d99135311a.r2.dev/audio_judge_ab/3707.00.01-word-eleven_v3-ep.mp3
232_bp	1422.00.01	word	BP	rural	qPfM2laM0pRL4rrZtBGl	Sandro Dutra	https://pub-155fa287ae724688aaa870d99135311a.r2.dev/audio/1422.00.01-word-eleven_v3-v1.mp3	https://pub-155fa287ae724688aaa870d99135311a.r2.dev/audio/1422.00.01-word-eleven_v3-v1.mp3
232_ep	1422.00.01	word	EP	rural	hOLl3246BMBsdy0qtYLb	Nelson Silvestre	https://pub-155fa287ae724688aaa870d99135311a.r2.dev/audio/1422.00.01-word-eleven_v3-v1.mp3	https://pub-155fa287ae724688aaa870d99135311a.r2.dev/audio_judge_ab/1422.00.01-word-eleven_v3-ep.mp3
233_bp	0289.00.01	word	BP	o final	wxoDdfPKBuna5KnUEotz	Eduardo	https://pub-155fa287ae724688aaa870d99135311a.r2.dev/audio/0289.00.01-word-eleven_v3-v1.mp3	https://pub-155fa287ae724688aaa870d99135311a.r2.dev/audio/0289.00.01-word-eleven_v3-v1.mp3
233_ep	0289.00.01	word	EP	o final	hOLl3246BMBsdy0qtYLb	Nelson Silvestre	https://pub-155fa287ae724688aaa870d99135311a.r2.dev/audio/0289.00.01-word-eleven_v3-v1.mp3	https://pub-155fa287ae724688aaa870d99135311a.r2.dev/audio_judge_ab/0289.00.01-word-eleven_v3-ep.mp3
234_bp	4380.00.01	word	BP	casto	Rw38T6bn0lTNOb1aUevR	Beatriz	https://pub-155fa287ae724688aaa870d99135311a.r2.dev/audio/4380.00.01-word-eleven_v3-v1.mp3	https://pub-155fa287ae724688aaa870d99135311a.r2.dev/audio/4380.00.01-word-eleven_v3-v1.mp3
234_ep	4380.00.01	word	EP	casto	hOLl3246BMBsdy0qtYLb	Nelson Silvestre	https://pub-155fa287ae724688aaa870d99135311a.r2.dev/audio/4380.00.01-word-eleven_v3-v1.mp3	https://pub-155fa287ae724688aaa870d99135311a.r2.dev/audio_judge_ab/4380.00.01-word-eleven_v3-ep.mp3
235_bp	2766.00.01	word	BP	o/a dependente	xNGAXaCH8MaasNuo7Hr7	Beto	https://pub-155fa287ae724688aaa870d99135311a.r2.dev/audio/2766.00.01-word-eleven_v3-v1.mp3	https://pub-155fa287ae724688aaa870d99135311a.r2.dev/audio/2766.00.01-word-eleven_v3-v1.mp3
235_ep	2766.00.01	word	EP	o/a dependente	hOLl3246BMBsdy0qtYLb	Nelson Silvestre	https://pub-155fa287ae724688aaa870d99135311a.r2.dev/audio/2766.00.01-word-eleven_v3-v1.mp3	https://pub-155fa287ae724688aaa870d99135311a.r2.dev/audio_judge_ab/2766.00.01-word-eleven_v3-ep.mp3
236_bp	1721.00.01	word	BP	existente	qPfM2laM0pRL4rrZtBGl	Sandro Dutra	https://pub-155fa287ae724688aaa870d99135311a.r2.dev/audio/1721.00.01-word-eleven_v3-v1.mp3	https://pub-155fa287ae724688aaa870d99135311a.r2.dev/audio/1721.00.01-word-eleven_v3-v1.mp3
236_ep	1721.00.01	word	EP	existente	hOLl3246BMBsdy0qtYLb	Nelson Silvestre	https://pub-155fa287ae724688aaa870d99135311a.r2.dev/audio/1721.00.01-word-eleven_v3-v1.mp3	https://pub-155fa287ae724688aaa870d99135311a.r2.dev/audio_judge_ab/1721.00.01-word-eleven_v3-ep.mp3
237_bp	3704.00.01	word	BP	fatal	qPfM2laM0pRL4rrZtBGl	Sandro Dutra	https://pub-155fa287ae724688aaa870d99135311a.r2.dev/audio/3704.00.01-word-eleven_v3-v1.mp3	https://pub-155fa287ae724688aaa870d99135311a.r2.dev/audio/3704.00.01-word-eleven_v3-v1.mp3
237_ep	3704.00.01	word	EP	fatal	hOLl3246BMBsdy0qtYLb	Nelson Silvestre	https://pub-155fa287ae724688aaa870d99135311a.r2.dev/audio/3704.00.01-word-eleven_v3-v1.mp3	https://pub-155fa287ae724688aaa870d99135311a.r2.dev/audio_judge_ab/3704.00.01-word-eleven_v3-ep.mp3
238_bp	4135.00.01	word	BP	territorial	m151rjrbWXbBqyq56tly	Carla	https://pub-155fa287ae724688aaa870d99135311a.r2.dev/audio/4135.00.01-word-eleven_v3-v1.mp3	https://pub-155fa287ae724688aaa870d99135311a.r2.dev/audio/4135.00.01-word-eleven_v3-v1.mp3
238_ep	4135.00.01	word	EP	territorial	hOLl3246BMBsdy0qtYLb	Nelson Silvestre	https://pub-155fa287ae724688aaa870d99135311a.r2.dev/audio/4135.00.01-word-eleven_v3-v1.mp3	https://pub-155fa287ae724688aaa870d99135311a.r2.dev/audio_judge_ab/4135.00.01-word-eleven_v3-ep.mp3
239_bp	1062.00.01	word	BP	instalar	AaeZyyi87RCxtFnHPS3e	Prof. Campanholi	https://pub-155fa287ae724688aaa870d99135311a.r2.dev/audio/1062.00.01-word-eleven_v3-v1.mp3	https://pub-155fa287ae724688aaa870d99135311a.r2.dev/audio/1062.00.01-word-eleven_v3-v1.mp3
239_ep	1062.00.01	word	EP	instalar	hOLl3246BMBsdy0qtYLb	Nelson Silvestre	https://pub-155fa287ae724688aaa870d99135311a.r2.dev/audio/1062.00.01-word-eleven_v3-v1.mp3	https://pub-155fa287ae724688aaa870d99135311a.r2.dev/audio_judge_ab/1062.00.01-word-eleven_v3-ep.mp3
240_bp	0341.00.01	word	BP	representar	ny3E2DZImeZm00WLGZi9	José Paulo	https://pub-155fa287ae724688aaa870d99135311a.r2.dev/audio/0341.00.01-word-eleven_v3-v1.mp3	https://pub-155fa287ae724688aaa870d99135311a.r2.dev/audio/0341.00.01-word-eleven_v3-v1.mp3
240_ep	0341.00.01	word	EP	representar	hOLl3246BMBsdy0qtYLb	Nelson Silvestre	https://pub-155fa287ae724688aaa870d99135311a.r2.dev/audio/0341.00.01-word-eleven_v3-v1.mp3	https://pub-155fa287ae724688aaa870d99135311a.r2.dev/audio_judge_ab/0341.00.01-word-eleven_v3-ep.mp3
241_bp	0513.00.02	word	BP	atrás	Rw38T6bn0lTNOb1aUevR	Beatriz	https://pub-155fa287ae724688aaa870d99135311a.r2.dev/audio/0513.00.02-word-eleven_v3-v1.mp3	https://pub-155fa287ae724688aaa870d99135311a.r2.dev/audio/0513.00.02-word-eleven_v3-v1.mp3
241_ep	0513.00.02	word	EP	atrás	hOLl3246BMBsdy0qtYLb	Nelson Silvestre	https://pub-155fa287ae724688aaa870d99135311a.r2.dev/audio/0513.00.02-word-eleven_v3-v1.mp3	https://pub-155fa287ae724688aaa870d99135311a.r2.dev/audio_judge_ab/0513.00.02-word-eleven_v3-ep.mp3
242_bp	1101.00.01	word	BP	legal	qPfM2laM0pRL4rrZtBGl	Sandro Dutra	https://pub-155fa287ae724688aaa870d99135311a.r2.dev/audio/1101.00.01-word-eleven_v3-v1.mp3	https://pub-155fa287ae724688aaa870d99135311a.r2.dev/audio/1101.00.01-word-eleven_v3-v1.mp3
242_ep	1101.00.01	word	EP	legal	hOLl3246BMBsdy0qtYLb	Nelson Silvestre	https://pub-155fa287ae724688aaa870d99135311a.r2.dev/audio/1101.00.01-word-eleven_v3-v1.mp3	https://pub-155fa287ae724688aaa870d99135311a.r2.dev/audio_judge_ab/1101.00.01-word-eleven_v3-ep.mp3
243_bp	2861.00.01	word	BP	a habilidade	m151rjrbWXbBqyq56tly	Carla	https://pub-155fa287ae724688aaa870d99135311a.r2.dev/audio/2861.00.01-word-eleven_v3-v1.mp3	https://pub-155fa287ae724688aaa870d99135311a.r2.dev/audio/2861.00.01-word-eleven_v3-v1.mp3
243_ep	2861.00.01	word	EP	a habilidade	hOLl3246BMBsdy0qtYLb	Nelson Silvestre	https://pub-155fa287ae724688aaa870d99135311a.r2.dev/audio/2861.00.01-word-eleven_v3-v1.mp3	https://pub-155fa287ae724688aaa870d99135311a.r2.dev/audio_judge_ab/2861.00.01-word-eleven_v3-ep.mp3
244_bp	4314.00.01	word	BP	oral	qPfM2laM0pRL4rrZtBGl	Sandro Dutra	https://pub-155fa287ae724688aaa870d99135311a.r2.dev/audio/4314.00.01-word-eleven_v3-v1.mp3	https://pub-155fa287ae724688aaa870d99135311a.r2.dev/audio/4314.00.01-word-eleven_v3-v1.mp3
244_ep	4314.00.01	word	EP	oral	hOLl3246BMBsdy0qtYLb	Nelson Silvestre	https://pub-155fa287ae724688aaa870d99135311a.r2.dev/audio/4314.00.01-word-eleven_v3-v1.mp3	https://pub-155fa287ae724688aaa870d99135311a.r2.dev/audio_judge_ab/4314.00.01-word-eleven_v3-ep.mp3
245_bp	3239.00.01	word	BP	prestes	m151rjrbWXbBqyq56tly	Carla	https://pub-155fa287ae724688aaa870d99135311a.r2.dev/audio/3239.00.01-word-eleven_v3-v1.mp3	https://pub-155fa287ae724688aaa870d99135311a.r2.dev/audio/3239.00.01-word-eleven_v3-v1.mp3
245_ep	3239.00.01	word	EP	prestes	hOLl3246BMBsdy0qtYLb	Nelson Silvestre	https://pub-155fa287ae724688aaa870d99135311a.r2.dev/audio/3239.00.01-word-eleven_v3-v1.mp3	https://pub-155fa287ae724688aaa870d99135311a.r2.dev/audio_judge_ab/3239.00.01-word-eleven_v3-ep.mp3
246_bp	1502.00.01	word	BP	o imóvel	Rw38T6bn0lTNOb1aUevR	Beatriz	https://pub-155fa287ae724688aaa870d99135311a.r2.dev/audio/1502.00.01-word-eleven_v3-v1.mp3	https://pub-155fa287ae724688aaa870d99135311a.r2.dev/audio/1502.00.01-word-eleven_v3-v1.mp3
246_ep	1502.00.01	word	EP	o imóvel	hOLl3246BMBsdy0qtYLb	Nelson Silvestre	https://pub-155fa287ae724688aaa870d99135311a.r2.dev/audio/1502.00.01-word-eleven_v3-v1.mp3	https://pub-155fa287ae724688aaa870d99135311a.r2.dev/audio_judge_ab/1502.00.01-word-eleven_v3-ep.mp3
247_bp	4792.00.01	word	BP	acostumar	wxoDdfPKBuna5KnUEotz	Eduardo	https://pub-155fa287ae724688aaa870d99135311a.r2.dev/audio/4792.00.01-word-eleven_v3-v1.mp3	https://pub-155fa287ae724688aaa870d99135311a.r2.dev/audio/4792.00.01-word-eleven_v3-v1.mp3
247_ep	4792.00.01	word	EP	acostumar	hOLl3246BMBsdy0qtYLb	Nelson Silvestre	https://pub-155fa287ae724688aaa870d99135311a.r2.dev/audio/4792.00.01-word-eleven_v3-v1.mp3	https://pub-155fa287ae724688aaa870d99135311a.r2.dev/audio_judge_ab/4792.00.01-word-eleven_v3-ep.mp3
248_bp	0554.00.01	word	BP	o inglês	qPfM2laM0pRL4rrZtBGl	Sandro Dutra	https://pub-155fa287ae724688aaa870d99135311a.r2.dev/audio/0554.00.01-word-eleven_v3-v1.mp3	https://pub-155fa287ae724688aaa870d99135311a.r2.dev/audio/0554.00.01-word-eleven_v3-v1.mp3
248_ep	0554.00.01	word	EP	o inglês	hOLl3246BMBsdy0qtYLb	Nelson Silvestre	https://pub-155fa287ae724688aaa870d99135311a.r2.dev/audio/0554.00.01-word-eleven_v3-v1.mp3	https://pub-155fa287ae724688aaa870d99135311a.r2.dev/audio_judge_ab/0554.00.01-word-eleven_v3-ep.mp3
249_bp	1049.00.02	word	BP	a fazenda	Rw38T6bn0lTNOb1aUevR	Beatriz	https://pub-155fa287ae724688aaa870d99135311a.r2.dev/audio/1049.00.02-word-eleven_v3-v1.mp3	https://pub-155fa287ae724688aaa870d99135311a.r2.dev/audio/1049.00.02-word-eleven_v3-v1.mp3
249_ep	1049.00.02	word	EP	a fazenda	hOLl3246BMBsdy0qtYLb	Nelson Silvestre	https://pub-155fa287ae724688aaa870d99135311a.r2.dev/audio/1049.00.02-word-eleven_v3-v1.mp3	https://pub-155fa287ae724688aaa870d99135311a.r2.dev/audio_judge_ab/1049.00.02-word-eleven_v3-ep.mp3
250_bp	0923.00.01	word	BP	impossível	Rw38T6bn0lTNOb1aUevR	Beatriz	https://pub-155fa287ae724688aaa870d99135311a.r2.dev/audio/0923.00.01-word-eleven_v3-v1.mp3	https://pub-155fa287ae724688aaa870d99135311a.r2.dev/audio/0923.00.01-word-eleven_v3-v1.mp3
250_ep	0923.00.01	word	EP	impossível	hOLl3246BMBsdy0qtYLb	Nelson Silvestre	https://pub-155fa287ae724688aaa870d99135311a.r2.dev/audio/0923.00.01-word-eleven_v3-v1.mp3	https://pub-155fa287ae724688aaa870d99135311a.r2.dev/audio_judge_ab/0923.00.01-word-eleven_v3-ep.mp3
251_bp	3820.00.01	word	BP	operacional	Rw38T6bn0lTNOb1aUevR	Beatriz	https://pub-155fa287ae724688aaa870d99135311a.r2.dev/audio/3820.00.01-word-eleven_v3-v1.mp3	https://pub-155fa287ae724688aaa870d99135311a.r2.dev/audio/3820.00.01-word-eleven_v3-v1.mp3
251_ep	3820.00.01	word	EP	operacional	hOLl3246BMBsdy0qtYLb	Nelson Silvestre	https://pub-155fa287ae724688aaa870d99135311a.r2.dev/audio/3820.00.01-word-eleven_v3-v1.mp3	https://pub-155fa287ae724688aaa870d99135311a.r2.dev/audio_judge_ab/3820.00.01-word-eleven_v3-ep.mp3
252_bp	3431.00.01	word	BP	leal	Rw38T6bn0lTNOb1aUevR	Beatriz	https://pub-155fa287ae724688aaa870d99135311a.r2.dev/audio/3431.00.01-word-eleven_v3-v1.mp3	https://pub-155fa287ae724688aaa870d99135311a.r2.dev/audio/3431.00.01-word-eleven_v3-v1.mp3
252_ep	3431.00.01	word	EP	leal	hOLl3246BMBsdy0qtYLb	Nelson Silvestre	https://pub-155fa287ae724688aaa870d99135311a.r2.dev/audio/3431.00.01-word-eleven_v3-v1.mp3	https://pub-155fa287ae724688aaa870d99135311a.r2.dev/audio_judge_ab/3431.00.01-word-eleven_v3-ep.mp3
253_bp	4982.00.01	word	BP	o lápis	xNGAXaCH8MaasNuo7Hr7	Beto	https://pub-155fa287ae724688aaa870d99135311a.r2.dev/audio/4982.00.01-word-eleven_v3-v1.mp3	https://pub-155fa287ae724688aaa870d99135311a.r2.dev/audio/4982.00.01-word-eleven_v3-v1.mp3
253_ep	4982.00.01	word	EP	o lápis	hOLl3246BMBsdy0qtYLb	Nelson Silvestre	https://pub-155fa287ae724688aaa870d99135311a.r2.dev/audio/4982.00.01-word-eleven_v3-v1.mp3	https://pub-155fa287ae724688aaa870d99135311a.r2.dev/audio_judge_ab/4982.00.01-word-eleven_v3-ep.mp3
254_bp	3470.00.01	word	BP	a telecomunicações	m151rjrbWXbBqyq56tly	Carla	https://pub-155fa287ae724688aaa870d99135311a.r2.dev/audio/3470.00.01-word-eleven_v3-v1.mp3	https://pub-155fa287ae724688aaa870d99135311a.r2.dev/audio/3470.00.01-word-eleven_v3-v1.mp3
254_ep	3470.00.01	word	EP	a telecomunicações	hOLl3246BMBsdy0qtYLb	Nelson Silvestre	https://pub-155fa287ae724688aaa870d99135311a.r2.dev/audio/3470.00.01-word-eleven_v3-v1.mp3	https://pub-155fa287ae724688aaa870d99135311a.r2.dev/audio_judge_ab/3470.00.01-word-eleven_v3-ep.mp3
255_bp	0851.00.01	word	BP	o/a responsável	m151rjrbWXbBqyq56tly	Carla	https://pub-155fa287ae724688aaa870d99135311a.r2.dev/audio/0851.00.01-word-eleven_v3-v1.mp3	https://pub-155fa287ae724688aaa870d99135311a.r2.dev/audio/0851.00.01-word-eleven_v3-v1.mp3
255_ep	0851.00.01	word	EP	o/a responsável	hOLl3246BMBsdy0qtYLb	Nelson Silvestre	https://pub-155fa287ae724688aaa870d99135311a.r2.dev/audio/0851.00.01-word-eleven_v3-v1.mp3	https://pub-155fa287ae724688aaa870d99135311a.r2.dev/audio_judge_ab/0851.00.01-word-eleven_v3-ep.mp3
256_bp	2805.00.01	word	BP	o ritual	qPfM2laM0pRL4rrZtBGl	Sandro Dutra	https://pub-155fa287ae724688aaa870d99135311a.r2.dev/audio/2805.00.01-word-eleven_v3-v1.mp3	https://pub-155fa287ae724688aaa870d99135311a.r2.dev/audio/2805.00.01-word-eleven_v3-v1.mp3
256_ep	2805.00.01	word	EP	o ritual	hOLl3246BMBsdy0qtYLb	Nelson Silvestre	https://pub-155fa287ae724688aaa870d99135311a.r2.dev/audio/2805.00.01-word-eleven_v3-v1.mp3	https://pub-155fa287ae724688aaa870d99135311a.r2.dev/audio_judge_ab/2805.00.01-word-eleven_v3-ep.mp3
257_bp	0726.00.01	word	BP	o total	wxoDdfPKBuna5KnUEotz	Eduardo	https://pub-155fa287ae724688aaa870d99135311a.r2.dev/audio/0726.00.01-word-eleven_v3-v1.mp3	https://pub-155fa287ae724688aaa870d99135311a.r2.dev/audio/0726.00.01-word-eleven_v3-v1.mp3
257_ep	0726.00.01	word	EP	o total	hOLl3246BMBsdy0qtYLb	Nelson Silvestre	https://pub-155fa287ae724688aaa870d99135311a.r2.dev/audio/0726.00.01-word-eleven_v3-v1.mp3	https://pub-155fa287ae724688aaa870d99135311a.r2.dev/audio_judge_ab/0726.00.01-word-eleven_v3-ep.mp3
258_bp	2603.00.01	word	BP	solar	Rw38T6bn0lTNOb1aUevR	Beatriz	https://pub-155fa287ae724688aaa870d99135311a.r2.dev/audio/2603.00.01-word-eleven_v3-v1.mp3	https://pub-155fa287ae724688aaa870d99135311a.r2.dev/audio/2603.00.01-word-eleven_v3-v1.mp3
258_ep	2603.00.01	word	EP	solar	hOLl3246BMBsdy0qtYLb	Nelson Silvestre	https://pub-155fa287ae724688aaa870d99135311a.r2.dev/audio/2603.00.01-word-eleven_v3-v1.mp3	https://pub-155fa287ae724688aaa870d99135311a.r2.dev/audio_judge_ab/2603.00.01-word-eleven_v3-ep.mp3
259_bp	4863.00.01	word	BP	decerto	m151rjrbWXbBqyq56tly	Carla	https://pub-155fa287ae724688aaa870d99135311a.r2.dev/audio/4863.00.01-word-eleven_v3-v1.mp3	https://pub-155fa287ae724688aaa870d99135311a.r2.dev/audio/4863.00.01-word-eleven_v3-v1.mp3
259_ep	4863.00.01	word	EP	decerto	hOLl3246BMBsdy0qtYLb	Nelson Silvestre	https://pub-155fa287ae724688aaa870d99135311a.r2.dev/audio/4863.00.01-word-eleven_v3-v1.mp3	https://pub-155fa287ae724688aaa870d99135311a.r2.dev/audio_judge_ab/4863.00.01-word-eleven_v3-ep.mp3
260_bp	4063.00.01	word	BP	o corno	Rw38T6bn0lTNOb1aUevR	Beatriz	https://pub-155fa287ae724688aaa870d99135311a.r2.dev/audio/4063.00.01-word-eleven_v3-v1.mp3	https://pub-155fa287ae724688aaa870d99135311a.r2.dev/audio/4063.00.01-word-eleven_v3-v1.mp3
260_ep	4063.00.01	word	EP	o corno	hOLl3246BMBsdy0qtYLb	Nelson Silvestre	https://pub-155fa287ae724688aaa870d99135311a.r2.dev/audio/4063.00.01-word-eleven_v3-v1.mp3	https://pub-155fa287ae724688aaa870d99135311a.r2.dev/audio_judge_ab/4063.00.01-word-eleven_v3-ep.mp3
261_bp	0126.00.01	word	BP	antes	Rw38T6bn0lTNOb1aUevR	Beatriz	https://pub-155fa287ae724688aaa870d99135311a.r2.dev/audio/0126.00.01-word-eleven_v3-v1.mp3	https://pub-155fa287ae724688aaa870d99135311a.r2.dev/audio/0126.00.01-word-eleven_v3-v1.mp3
261_ep	0126.00.01	word	EP	antes	hOLl3246BMBsdy0qtYLb	Nelson Silvestre	https://pub-155fa287ae724688aaa870d99135311a.r2.dev/audio/0126.00.01-word-eleven_v3-v1.mp3	https://pub-155fa287ae724688aaa870d99135311a.r2.dev/audio_judge_ab/0126.00.01-word-eleven_v3-ep.mp3
262_bp	1822.00.01	word	BP	recentemente	ny3E2DZImeZm00WLGZi9	José Paulo	https://pub-155fa287ae724688aaa870d99135311a.r2.dev/audio/1822.00.01-word-eleven_v3-v1.mp3	https://pub-155fa287ae724688aaa870d99135311a.r2.dev/audio/1822.00.01-word-eleven_v3-v1.mp3
262_ep	1822.00.01	word	EP	recentemente	hOLl3246BMBsdy0qtYLb	Nelson Silvestre	https://pub-155fa287ae724688aaa870d99135311a.r2.dev/audio/1822.00.01-word-eleven_v3-v1.mp3	https://pub-155fa287ae724688aaa870d99135311a.r2.dev/audio_judge_ab/1822.00.01-word-eleven_v3-ep.mp3
263_bp	4162.00.01	word	BP	recear	Rw38T6bn0lTNOb1aUevR	Beatriz	https://pub-155fa287ae724688aaa870d99135311a.r2.dev/audio/4162.00.01-word-eleven_v3-v1.mp3	https://pub-155fa287ae724688aaa870d99135311a.r2.dev/audio/4162.00.01-word-eleven_v3-v1.mp3
263_ep	4162.00.01	word	EP	recear	hOLl3246BMBsdy0qtYLb	Nelson Silvestre	https://pub-155fa287ae724688aaa870d99135311a.r2.dev/audio/4162.00.01-word-eleven_v3-v1.mp3	https://pub-155fa287ae724688aaa870d99135311a.r2.dev/audio_judge_ab/4162.00.01-word-eleven_v3-ep.mp3
264_bp	1958.00.01	word	BP	o concelho	m151rjrbWXbBqyq56tly	Carla	https://pub-155fa287ae724688aaa870d99135311a.r2.dev/audio/1958.00.01-word-eleven_v3-v1.mp3	https://pub-155fa287ae724688aaa870d99135311a.r2.dev/audio/1958.00.01-word-eleven_v3-v1.mp3
264_ep	1958.00.01	word	EP	o concelho	hOLl3246BMBsdy0qtYLb	Nelson Silvestre	https://pub-155fa287ae724688aaa870d99135311a.r2.dev/audio/1958.00.01-word-eleven_v3-v1.mp3	https://pub-155fa287ae724688aaa870d99135311a.r2.dev/audio_judge_ab/1958.00.01-word-eleven_v3-ep.mp3
265_bp	1058.00.01	word	BP	federal	m151rjrbWXbBqyq56tly	Carla	https://pub-155fa287ae724688aaa870d99135311a.r2.dev/audio/1058.00.01-word-eleven_v3-v1.mp3	https://pub-155fa287ae724688aaa870d99135311a.r2.dev/audio/1058.00.01-word-eleven_v3-v1.mp3
265_ep	1058.00.01	word	EP	federal	hOLl3246BMBsdy0qtYLb	Nelson Silvestre	https://pub-155fa287ae724688aaa870d99135311a.r2.dev/audio/1058.00.01-word-eleven_v3-v1.mp3	https://pub-155fa287ae724688aaa870d99135311a.r2.dev/audio_judge_ab/1058.00.01-word-eleven_v3-ep.mp3
266_bp	2164.00.01	word	BP	ampliar	AaeZyyi87RCxtFnHPS3e	Prof. Campanholi	https://pub-155fa287ae724688aaa870d99135311a.r2.dev/audio/2164.00.01-word-eleven_v3-v1.mp3	https://pub-155fa287ae724688aaa870d99135311a.r2.dev/audio/2164.00.01-word-eleven_v3-v1.mp3
266_ep	2164.00.01	word	EP	ampliar	hOLl3246BMBsdy0qtYLb	Nelson Silvestre	https://pub-155fa287ae724688aaa870d99135311a.r2.dev/audio/2164.00.01-word-eleven_v3-v1.mp3	https://pub-155fa287ae724688aaa870d99135311a.r2.dev/audio_judge_ab/2164.00.01-word-eleven_v3-ep.mp3
267_bp	2741.00.01	word	BP	raramente	qPfM2laM0pRL4rrZtBGl	Sandro Dutra	https://pub-155fa287ae724688aaa870d99135311a.r2.dev/audio/2741.00.01-word-eleven_v3-v1.mp3	https://pub-155fa287ae724688aaa870d99135311a.r2.dev/audio/2741.00.01-word-eleven_v3-v1.mp3
267_ep	2741.00.01	word	EP	raramente	hOLl3246BMBsdy0qtYLb	Nelson Silvestre	https://pub-155fa287ae724688aaa870d99135311a.r2.dev/audio/2741.00.01-word-eleven_v3-v1.mp3	https://pub-155fa287ae724688aaa870d99135311a.r2.dev/audio_judge_ab/2741.00.01-word-eleven_v3-ep.mp3
268_bp	3511.00.01	word	BP	o painel	Rw38T6bn0lTNOb1aUevR	Beatriz	https://pub-155fa287ae724688aaa870d99135311a.r2.dev/audio/3511.00.01-word-eleven_v3-v1.mp3	https://pub-155fa287ae724688aaa870d99135311a.r2.dev/audio/3511.00.01-word-eleven_v3-v1.mp3
268_ep	3511.00.01	word	EP	o painel	hOLl3246BMBsdy0qtYLb	Nelson Silvestre	https://pub-155fa287ae724688aaa870d99135311a.r2.dev/audio/3511.00.01-word-eleven_v3-v1.mp3	https://pub-155fa287ae724688aaa870d99135311a.r2.dev/audio_judge_ab/3511.00.01-word-eleven_v3-ep.mp3
269_bp	0768.00.01	word	BP	concluir	m151rjrbWXbBqyq56tly	Carla	https://pub-155fa287ae724688aaa870d99135311a.r2.dev/audio/0768.00.01-word-eleven_v3-v1.mp3	https://pub-155fa287ae724688aaa870d99135311a.r2.dev/audio/0768.00.01-word-eleven_v3-v1.mp3
269_ep	0768.00.01	word	EP	concluir	hOLl3246BMBsdy0qtYLb	Nelson Silvestre	https://pub-155fa287ae724688aaa870d99135311a.r2.dev/audio/0768.00.01-word-eleven_v3-v1.mp3	https://pub-155fa287ae724688aaa870d99135311a.r2.dev/audio_judge_ab/0768.00.01-word-eleven_v3-ep.mp3
270_bp	4757.00.01	word	BP	o/a crente	qPfM2laM0pRL4rrZtBGl	Sandro Dutra	https://pub-155fa287ae724688aaa870d99135311a.r2.dev/audio/4757.00.01-word-eleven_v3-v1.mp3	https://pub-155fa287ae724688aaa870d99135311a.r2.dev/audio/4757.00.01-word-eleven_v3-v1.mp3
270_ep	4757.00.01	word	EP	o/a crente	hOLl3246BMBsdy0qtYLb	Nelson Silvestre	https://pub-155fa287ae724688aaa870d99135311a.r2.dev/audio/4757.00.01-word-eleven_v3-v1.mp3	https://pub-155fa287ae724688aaa870d99135311a.r2.dev/audio_judge_ab/4757.00.01-word-eleven_v3-ep.mp3
271_bp	4941.00.02	word	BP	o expediente	Rw38T6bn0lTNOb1aUevR	Beatriz	https://pub-155fa287ae724688aaa870d99135311a.r2.dev/audio/4941.00.02-word-eleven_v3-v1.mp3	https://pub-155fa287ae724688aaa870d99135311a.r2.dev/audio/4941.00.02-word-eleven_v3-v1.mp3
271_ep	4941.00.02	word	EP	o expediente	hOLl3246BMBsdy0qtYLb	Nelson Silvestre	https://pub-155fa287ae724688aaa870d99135311a.r2.dev/audio/4941.00.02-word-eleven_v3-v1.mp3	https://pub-155fa287ae724688aaa870d99135311a.r2.dev/audio_judge_ab/4941.00.02-word-eleven_v3-ep.mp3
272_bp	2092.00.01	word	BP	notável	m151rjrbWXbBqyq56tly	Carla	https://pub-155fa287ae724688aaa870d99135311a.r2.dev/audio/2092.00.01-word-eleven_v3-v1.mp3	https://pub-155fa287ae724688aaa870d99135311a.r2.dev/audio/2092.00.01-word-eleven_v3-v1.mp3
272_ep	2092.00.01	word	EP	notável	hOLl3246BMBsdy0qtYLb	Nelson Silvestre	https://pub-155fa287ae724688aaa870d99135311a.r2.dev/audio/2092.00.01-word-eleven_v3-v1.mp3	https://pub-155fa287ae724688aaa870d99135311a.r2.dev/audio_judge_ab/2092.00.01-word-eleven_v3-ep.mp3
273_bp	4961.00.01	word	BP	a bondade	Rw38T6bn0lTNOb1aUevR	Beatriz	https://pub-155fa287ae724688aaa870d99135311a.r2.dev/audio/4961.00.01-word-eleven_v3-v1.mp3	https://pub-155fa287ae724688aaa870d99135311a.r2.dev/audio/4961.00.01-word-eleven_v3-v1.mp3
273_ep	4961.00.01	word	EP	a bondade	hOLl3246BMBsdy0qtYLb	Nelson Silvestre	https://pub-155fa287ae724688aaa870d99135311a.r2.dev/audio/4961.00.01-word-eleven_v3-v1.mp3	https://pub-155fa287ae724688aaa870d99135311a.r2.dev/audio_judge_ab/4961.00.01-word-eleven_v3-ep.mp3
274_bp	3091.00.01	word	BP	outrora	m151rjrbWXbBqyq56tly	Carla	https://pub-155fa287ae724688aaa870d99135311a.r2.dev/audio/3091.00.01-word-eleven_v3-v1.mp3	https://pub-155fa287ae724688aaa870d99135311a.r2.dev/audio/3091.00.01-word-eleven_v3-v1.mp3
274_ep	3091.00.01	word	EP	outrora	hOLl3246BMBsdy0qtYLb	Nelson Silvestre	https://pub-155fa287ae724688aaa870d99135311a.r2.dev/audio/3091.00.01-word-eleven_v3-v1.mp3	https://pub-155fa287ae724688aaa870d99135311a.r2.dev/audio_judge_ab/3091.00.01-word-eleven_v3-ep.mp3
275_bp	3939.00.01	word	BP	a fidelidade	m151rjrbWXbBqyq56tly	Carla	https://pub-155fa287ae724688aaa870d99135311a.r2.dev/audio/3939.00.01-word-eleven_v3-v1.mp3	https://pub-155fa287ae724688aaa870d99135311a.r2.dev/audio/3939.00.01-word-eleven_v3-v1.mp3
275_ep	3939.00.01	word	EP	a fidelidade	hOLl3246BMBsdy0qtYLb	Nelson Silvestre	https://pub-155fa287ae724688aaa870d99135311a.r2.dev/audio/3939.00.01-word-eleven_v3-v1.mp3	https://pub-155fa287ae724688aaa870d99135311a.r2.dev/audio_judge_ab/3939.00.01-word-eleven_v3-ep.mp3
276_bp	4920.00.01	word	BP	a cal	m151rjrbWXbBqyq56tly	Carla	https://pub-155fa287ae724688aaa870d99135311a.r2.dev/audio/4920.00.01-word-eleven_v3-v1.mp3	https://pub-155fa287ae724688aaa870d99135311a.r2.dev/audio/4920.00.01-word-eleven_v3-v1.mp3
276_ep	4920.00.01	word	EP	a cal	hOLl3246BMBsdy0qtYLb	Nelson Silvestre	https://pub-155fa287ae724688aaa870d99135311a.r2.dev/audio/4920.00.01-word-eleven_v3-v1.mp3	https://pub-155fa287ae724688aaa870d99135311a.r2.dev/audio_judge_ab/4920.00.01-word-eleven_v3-ep.mp3
277_bp	0307.00.01	word	BP	ligar	ny3E2DZImeZm00WLGZi9	José Paulo	https://pub-155fa287ae724688aaa870d99135311a.r2.dev/audio/0307.00.01-word-eleven_v3-v1.mp3	https://pub-155fa287ae724688aaa870d99135311a.r2.dev/audio/0307.00.01-word-eleven_v3-v1.mp3
277_ep	0307.00.01	word	EP	ligar	hOLl3246BMBsdy0qtYLb	Nelson Silvestre	https://pub-155fa287ae724688aaa870d99135311a.r2.dev/audio/0307.00.01-word-eleven_v3-v1.mp3	https://pub-155fa287ae724688aaa870d99135311a.r2.dev/audio_judge_ab/0307.00.01-word-eleven_v3-ep.mp3
278_bp	2251.00.02	word	BP	a propaganda	wxoDdfPKBuna5KnUEotz	Eduardo	https://pub-155fa287ae724688aaa870d99135311a.r2.dev/audio/2251.00.02-word-eleven_v3-v1.mp3	https://pub-155fa287ae724688aaa870d99135311a.r2.dev/audio/2251.00.02-word-eleven_v3-v1.mp3
278_ep	2251.00.02	word	EP	a propaganda	hOLl3246BMBsdy0qtYLb	Nelson Silvestre	https://pub-155fa287ae724688aaa870d99135311a.r2.dev/audio/2251.00.02-word-eleven_v3-v1.mp3	https://pub-155fa287ae724688aaa870d99135311a.r2.dev/audio_judge_ab/2251.00.02-word-eleven_v3-ep.mp3
279_bp	4084.00.01	word	BP	longínquo	Rw38T6bn0lTNOb1aUevR	Beatriz	https://pub-155fa287ae724688aaa870d99135311a.r2.dev/audio/4084.00.01-word-eleven_v3-v1.mp3	https://pub-155fa287ae724688aaa870d99135311a.r2.dev/audio/4084.00.01-word-eleven_v3-v1.mp3
279_ep	4084.00.01	word	EP	longínquo	hOLl3246BMBsdy0qtYLb	Nelson Silvestre	https://pub-155fa287ae724688aaa870d99135311a.r2.dev/audio/4084.00.01-word-eleven_v3-v1.mp3	https://pub-155fa287ae724688aaa870d99135311a.r2.dev/audio_judge_ab/4084.00.01-word-eleven_v3-ep.mp3
280_bp	4563.00.01	word	BP	o editorial	m151rjrbWXbBqyq56tly	Carla	https://pub-155fa287ae724688aaa870d99135311a.r2.dev/audio/4563.00.01-word-eleven_v3-v1.mp3	https://pub-155fa287ae724688aaa870d99135311a.r2.dev/audio/4563.00.01-word-eleven_v3-v1.mp3
280_ep	4563.00.01	word	EP	o editorial	hOLl3246BMBsdy0qtYLb	Nelson Silvestre	https://pub-155fa287ae724688aaa870d99135311a.r2.dev/audio/4563.00.01-word-eleven_v3-v1.mp3	https://pub-155fa287ae724688aaa870d99135311a.r2.dev/audio_judge_ab/4563.00.01-word-eleven_v3-ep.mp3
281_bp	0742.00.01	word	BP	normal	Rw38T6bn0lTNOb1aUevR	Beatriz	https://pub-155fa287ae724688aaa870d99135311a.r2.dev/audio/0742.00.01-word-eleven_v3-v1.mp3	https://pub-155fa287ae724688aaa870d99135311a.r2.dev/audio/0742.00.01-word-eleven_v3-v1.mp3
281_ep	0742.00.01	word	EP	normal	hOLl3246BMBsdy0qtYLb	Nelson Silvestre	https://pub-155fa287ae724688aaa870d99135311a.r2.dev/audio/0742.00.01-word-eleven_v3-v1.mp3	https://pub-155fa287ae724688aaa870d99135311a.r2.dev/audio_judge_ab/0742.00.01-word-eleven_v3-ep.mp3
282_bp	1181.00.01	word	BP	municipal	qPfM2laM0pRL4rrZtBGl	Sandro Dutra	https://pub-155fa287ae724688aaa870d99135311a.r2.dev/audio/1181.00.01-word-eleven_v3-v1.mp3	https://pub-155fa287ae724688aaa870d99135311a.r2.dev/audio/1181.00.01-word-eleven_v3-v1.mp3
282_ep	1181.00.01	word	EP	municipal	hOLl3246BMBsdy0qtYLb	Nelson Silvestre	https://pub-155fa287ae724688aaa870d99135311a.r2.dev/audio/1181.00.01-word-eleven_v3-v1.mp3	https://pub-155fa287ae724688aaa870d99135311a.r2.dev/audio_judge_ab/1181.00.01-word-eleven_v3-ep.mp3
283_bp	3038.00.01	word	BP	independentemente	Rw38T6bn0lTNOb1aUevR	Beatriz	https://pub-155fa287ae724688aaa870d99135311a.r2.dev/audio/3038.00.01-word-eleven_v3-v1.mp3	https://pub-155fa287ae724688aaa870d99135311a.r2.dev/audio/3038.00.01-word-eleven_v3-v1.mp3
283_ep	3038.00.01	word	EP	independentemente	hOLl3246BMBsdy0qtYLb	Nelson Silvestre	https://pub-155fa287ae724688aaa870d99135311a.r2.dev/audio/3038.00.01-word-eleven_v3-v1.mp3	https://pub-155fa287ae724688aaa870d99135311a.r2.dev/audio_judge_ab/3038.00.01-word-eleven_v3-ep.mp3
284_bp	4614.00.01	word	BP	o sudoeste	AaeZyyi87RCxtFnHPS3e	Prof. Campanholi	https://pub-155fa287ae724688aaa870d99135311a.r2.dev/audio/4614.00.01-word-eleven_v3-v1.mp3	https://pub-155fa287ae724688aaa870d99135311a.r2.dev/audio/4614.00.01-word-eleven_v3-v1.mp3
284_ep	4614.00.01	word	EP	o sudoeste	hOLl3246BMBsdy0qtYLb	Nelson Silvestre	https://pub-155fa287ae724688aaa870d99135311a.r2.dev/audio/4614.00.01-word-eleven_v3-v1.mp3	https://pub-155fa287ae724688aaa870d99135311a.r2.dev/audio_judge_ab/4614.00.01-word-eleven_v3-ep.mp3
285_bp	2840.00.01	word	BP	a igualdade	Rw38T6bn0lTNOb1aUevR	Beatriz	https://pub-155fa287ae724688aaa870d99135311a.r2.dev/audio/2840.00.01-word-eleven_v3-v1.mp3	https://pub-155fa287ae724688aaa870d99135311a.r2.dev/audio/2840.00.01-word-eleven_v3-v1.mp3
285_ep	2840.00.01	word	EP	a igualdade	hOLl3246BMBsdy0qtYLb	Nelson Silvestre	https://pub-155fa287ae724688aaa870d99135311a.r2.dev/audio/2840.00.01-word-eleven_v3-v1.mp3	https://pub-155fa287ae724688aaa870d99135311a.r2.dev/audio_judge_ab/2840.00.01-word-eleven_v3-ep.mp3
286_bp	3842.00.01	word	BP	a camisola	m151rjrbWXbBqyq56tly	Carla	https://pub-155fa287ae724688aaa870d99135311a.r2.dev/audio/3842.00.01-word-eleven_v3-v1.mp3	https://pub-155fa287ae724688aaa870d99135311a.r2.dev/audio/3842.00.01-word-eleven_v3-v1.mp3
286_ep	3842.00.01	word	EP	a camisola	hOLl3246BMBsdy0qtYLb	Nelson Silvestre	https://pub-155fa287ae724688aaa870d99135311a.r2.dev/audio/3842.00.01-word-eleven_v3-v1.mp3	https://pub-155fa287ae724688aaa870d99135311a.r2.dev/audio_judge_ab/3842.00.01-word-eleven_v3-ep.mp3
287_bp	4418.00.01	word	BP	o aluguel	qPfM2laM0pRL4rrZtBGl	Sandro Dutra	https://pub-155fa287ae724688aaa870d99135311a.r2.dev/audio/4418.00.01-word-eleven_v3-v1.mp3	https://pub-155fa287ae724688aaa870d99135311a.r2.dev/audio/4418.00.01-word-eleven_v3-v1.mp3
287_ep	4418.00.01	word	EP	o aluguel	hOLl3246BMBsdy0qtYLb	Nelson Silvestre	https://pub-155fa287ae724688aaa870d99135311a.r2.dev/audio/4418.00.01-word-eleven_v3-v1.mp3	https://pub-155fa287ae724688aaa870d99135311a.r2.dev/audio_judge_ab/4418.00.01-word-eleven_v3-ep.mp3
288_bp	0925.00.01	word	BP	a faculdade	m151rjrbWXbBqyq56tly	Carla	https://pub-155fa287ae724688aaa870d99135311a.r2.dev/audio/0925.00.01-word-eleven_v3-v1.mp3	https://pub-155fa287ae724688aaa870d99135311a.r2.dev/audio/0925.00.01-word-eleven_v3-v1.mp3
288_ep	0925.00.01	word	EP	a faculdade	hOLl3246BMBsdy0qtYLb	Nelson Silvestre	https://pub-155fa287ae724688aaa870d99135311a.r2.dev/audio/0925.00.01-word-eleven_v3-v1.mp3	https://pub-155fa287ae724688aaa870d99135311a.r2.dev/audio_judge_ab/0925.00.01-word-eleven_v3-ep.mp3
289_bp	4742.00.01	word	BP	o chocolate	m151rjrbWXbBqyq56tly	Carla	https://pub-155fa287ae724688aaa870d99135311a.r2.dev/audio/4742.00.01-word-eleven_v3-v1.mp3	https://pub-155fa287ae724688aaa870d99135311a.r2.dev/audio/4742.00.01-word-eleven_v3-v1.mp3
289_ep	4742.00.01	word	EP	o chocolate	hOLl3246BMBsdy0qtYLb	Nelson Silvestre	https://pub-155fa287ae724688aaa870d99135311a.r2.dev/audio/4742.00.01-word-eleven_v3-v1.mp3	https://pub-155fa287ae724688aaa870d99135311a.r2.dev/audio_judge_ab/4742.00.01-word-eleven_v3-ep.mp3
290_bp	4038.00.02	word	BP	o lume	qPfM2laM0pRL4rrZtBGl	Sandro Dutra	https://pub-155fa287ae724688aaa870d99135311a.r2.dev/audio/4038.00.02-word-eleven_v3-v1.mp3	https://pub-155fa287ae724688aaa870d99135311a.r2.dev/audio/4038.00.02-word-eleven_v3-v1.mp3
290_ep	4038.00.02	word	EP	o lume	hOLl3246BMBsdy0qtYLb	Nelson Silvestre	https://pub-155fa287ae724688aaa870d99135311a.r2.dev/audio/4038.00.02-word-eleven_v3-v1.mp3	https://pub-155fa287ae724688aaa870d99135311a.r2.dev/audio_judge_ab/4038.00.02-word-eleven_v3-ep.mp3
291_bp	2329.01.01	word	BP	de repente	m151rjrbWXbBqyq56tly	Carla	https://pub-155fa287ae724688aaa870d99135311a.r2.dev/audio/2329.01.01-word-eleven_v3-v1.mp3	https://pub-155fa287ae724688aaa870d99135311a.r2.dev/audio/2329.01.01-word-eleven_v3-v1.mp3
291_ep	2329.01.01	word	EP	de repente	hOLl3246BMBsdy0qtYLb	Nelson Silvestre	https://pub-155fa287ae724688aaa870d99135311a.r2.dev/audio/2329.01.01-word-eleven_v3-v1.mp3	https://pub-155fa287ae724688aaa870d99135311a.r2.dev/audio_judge_ab/2329.01.01-word-eleven_v3-ep.mp3
292_bp	0715.00.01	word	BP	civil	AaeZyyi87RCxtFnHPS3e	Prof. Campanholi	https://pub-155fa287ae724688aaa870d99135311a.r2.dev/audio/0715.00.01-word-eleven_v3-v1.mp3	https://pub-155fa287ae724688aaa870d99135311a.r2.dev/audio/0715.00.01-word-eleven_v3-v1.mp3
292_ep	0715.00.01	word	EP	civil	hOLl3246BMBsdy0qtYLb	Nelson Silvestre	https://pub-155fa287ae724688aaa870d99135311a.r2.dev/audio/0715.00.01-word-eleven_v3-v1.mp3	https://pub-155fa287ae724688aaa870d99135311a.r2.dev/audio_judge_ab/0715.00.01-word-eleven_v3-ep.mp3
293_bp	1306.00.01	word	BP	o casal	Rw38T6bn0lTNOb1aUevR	Beatriz	https://pub-155fa287ae724688aaa870d99135311a.r2.dev/audio/1306.00.01-word-eleven_v3-v1.mp3	https://pub-155fa287ae724688aaa870d99135311a.r2.dev/audio/1306.00.01-word-eleven_v3-v1.mp3
293_ep	1306.00.01	word	EP	o casal	hOLl3246BMBsdy0qtYLb	Nelson Silvestre	https://pub-155fa287ae724688aaa870d99135311a.r2.dev/audio/1306.00.01-word-eleven_v3-v1.mp3	https://pub-155fa287ae724688aaa870d99135311a.r2.dev/audio_judge_ab/1306.00.01-word-eleven_v3-ep.mp3
294_bp	3883.00.01	word	BP	ponderar	m151rjrbWXbBqyq56tly	Carla	https://pub-155fa287ae724688aaa870d99135311a.r2.dev/audio/3883.00.01-word-eleven_v3-v1.mp3	https://pub-155fa287ae724688aaa870d99135311a.r2.dev/audio/3883.00.01-word-eleven_v3-v1.mp3
294_ep	3883.00.01	word	EP	ponderar	hOLl3246BMBsdy0qtYLb	Nelson Silvestre	https://pub-155fa287ae724688aaa870d99135311a.r2.dev/audio/3883.00.01-word-eleven_v3-v1.mp3	https://pub-155fa287ae724688aaa870d99135311a.r2.dev/audio_judge_ab/3883.00.01-word-eleven_v3-ep.mp3
295_bp	0999.00.01	word	BP	o juiz	Rw38T6bn0lTNOb1aUevR	Beatriz	https://pub-155fa287ae724688aaa870d99135311a.r2.dev/audio/0999.00.01-word-eleven_v3-v1.mp3	https://pub-155fa287ae724688aaa870d99135311a.r2.dev/audio/0999.00.01-word-eleven_v3-v1.mp3
295_ep	0999.00.01	word	EP	o juiz	hOLl3246BMBsdy0qtYLb	Nelson Silvestre	https://pub-155fa287ae724688aaa870d99135311a.r2.dev/audio/0999.00.01-word-eleven_v3-v1.mp3	https://pub-155fa287ae724688aaa870d99135311a.r2.dev/audio_judge_ab/0999.00.01-word-eleven_v3-ep.mp3
296_bp	4594.00.01	word	BP	escocês	qPfM2laM0pRL4rrZtBGl	Sandro Dutra	https://pub-155fa287ae724688aaa870d99135311a.r2.dev/audio/4594.00.01-word-eleven_v3-v1.mp3	https://pub-155fa287ae724688aaa870d99135311a.r2.dev/audio/4594.00.01-word-eleven_v3-v1.mp3
296_ep	4594.00.01	word	EP	escocês	hOLl3246BMBsdy0qtYLb	Nelson Silvestre	https://pub-155fa287ae724688aaa870d99135311a.r2.dev/audio/4594.00.01-word-eleven_v3-v1.mp3	https://pub-155fa287ae724688aaa870d99135311a.r2.dev/audio_judge_ab/4594.00.01-word-eleven_v3-ep.mp3
297_bp	0161.00.02	word	BP	tomar	Rw38T6bn0lTNOb1aUevR	Beatriz	https://pub-155fa287ae724688aaa870d99135311a.r2.dev/audio/0161.00.02-word-eleven_v3-v1.mp3	https://pub-155fa287ae724688aaa870d99135311a.r2.dev/audio/0161.00.02-word-eleven_v3-v1.mp3
297_ep	0161.00.02	word	EP	tomar	hOLl3246BMBsdy0qtYLb	Nelson Silvestre	https://pub-155fa287ae724688aaa870d99135311a.r2.dev/audio/0161.00.02-word-eleven_v3-v1.mp3	https://pub-155fa287ae724688aaa870d99135311a.r2.dev/audio_judge_ab/0161.00.02-word-eleven_v3-ep.mp3
298_bp	3242.00.01	word	BP	o burguês	Rw38T6bn0lTNOb1aUevR	Beatriz	https://pub-155fa287ae724688aaa870d99135311a.r2.dev/audio/3242.00.01-word-eleven_v3-v1.mp3	https://pub-155fa287ae724688aaa870d99135311a.r2.dev/audio/3242.00.01-word-eleven_v3-v1.mp3
298_ep	3242.00.01	word	EP	o burguês	hOLl3246BMBsdy0qtYLb	Nelson Silvestre	https://pub-155fa287ae724688aaa870d99135311a.r2.dev/audio/3242.00.01-word-eleven_v3-v1.mp3	https://pub-155fa287ae724688aaa870d99135311a.r2.dev/audio_judge_ab/3242.00.01-word-eleven_v3-ep.mp3
299_bp	3611.00.01	word	BP	sindical	wxoDdfPKBuna5KnUEotz	Eduardo	https://pub-155fa287ae724688aaa870d99135311a.r2.dev/audio/3611.00.01-word-eleven_v3-v1.mp3	https://pub-155fa287ae724688aaa870d99135311a.r2.dev/audio/3611.00.01-word-eleven_v3-v1.mp3
299_ep	3611.00.01	word	EP	sindical	hOLl3246BMBsdy0qtYLb	Nelson Silvestre	https://pub-155fa287ae724688aaa870d99135311a.r2.dev/audio/3611.00.01-word-eleven_v3-v1.mp3	https://pub-155fa287ae724688aaa870d99135311a.r2.dev/audio_judge_ab/3611.00.01-word-eleven_v3-ep.mp3
300_bp	3946.00.02	word	BP	o coral	Rw38T6bn0lTNOb1aUevR	Beatriz	https://pub-155fa287ae724688aaa870d99135311a.r2.dev/audio/3946.00.02-word-eleven_v3-v1.mp3	https://pub-155fa287ae724688aaa870d99135311a.r2.dev/audio/3946.00.02-word-eleven_v3-v1.mp3
300_ep	3946.00.02	word	EP	o coral	hOLl3246BMBsdy0qtYLb	Nelson Silvestre	https://pub-155fa287ae724688aaa870d99135311a.r2.dev/audio/3946.00.02-word-eleven_v3-v1.mp3	https://pub-155fa287ae724688aaa870d99135311a.r2.dev/audio_judge_ab/3946.00.02-word-eleven_v3-ep.mp3
301_bp	1564.00.01	example	BP	Cada individual tem direitos e responsabilidades na sociedade.	ny3E2DZImeZm00WLGZi9	José Paulo	https://pub-155fa287ae724688aaa870d99135311a.r2.dev/audio/1564.00.01-ex-eleven_v3-v1.mp3	https://pub-155fa287ae724688aaa870d99135311a.r2.dev/audio/1564.00.01-ex-eleven_v3-v1.mp3
301_ep	1564.00.01	example	EP	Cada individual tem direitos e responsabilidades na sociedade.	hOLl3246BMBsdy0qtYLb	Nelson Silvestre	https://pub-155fa287ae724688aaa870d99135311a.r2.dev/audio/1564.00.01-ex-eleven_v3-v1.mp3	https://pub-155fa287ae724688aaa870d99135311a.r2.dev/audio_judge_ab/1564.00.01-ex-eleven_v3-ep.mp3
302_bp	4678.00.01	example	BP	A empresa supre os materiais para o projeto.	ny3E2DZImeZm00WLGZi9	José Paulo	https://pub-155fa287ae724688aaa870d99135311a.r2.dev/audio/4678.00.01-ex-eleven_v3-v1.mp3	https://pub-155fa287ae724688aaa870d99135311a.r2.dev/audio/4678.00.01-ex-eleven_v3-v1.mp3
302_ep	4678.00.01	example	EP	A empresa supre os materiais para o projeto.	hOLl3246BMBsdy0qtYLb	Nelson Silvestre	https://pub-155fa287ae724688aaa870d99135311a.r2.dev/audio/4678.00.01-ex-eleven_v3-v1.mp3	https://pub-155fa287ae724688aaa870d99135311a.r2.dev/audio_judge_ab/4678.00.01-ex-eleven_v3-ep.mp3
303_bp	0095.00.01	example	BP	O Brasil é um país muito grande.	m151rjrbWXbBqyq56tly	Carla	https://pub-155fa287ae724688aaa870d99135311a.r2.dev/audio/0095.00.01-ex-eleven_v3-v1.mp3	https://pub-155fa287ae724688aaa870d99135311a.r2.dev/audio/0095.00.01-ex-eleven_v3-v1.mp3
303_ep	0095.00.01	example	EP	O Brasil é um país muito grande.	hOLl3246BMBsdy0qtYLb	Nelson Silvestre	https://pub-155fa287ae724688aaa870d99135311a.r2.dev/audio/0095.00.01-ex-eleven_v3-v1.mp3	https://pub-155fa287ae724688aaa870d99135311a.r2.dev/audio_judge_ab/0095.00.01-ex-eleven_v3-ep.mp3
304_bp	3507.00.01	example	BP	As notícias da TV podem chocar as crianças.	qPfM2laM0pRL4rrZtBGl	Sandro Dutra	https://pub-155fa287ae724688aaa870d99135311a.r2.dev/audio/3507.00.01-ex-eleven_v3-v1.mp3	https://pub-155fa287ae724688aaa870d99135311a.r2.dev/audio/3507.00.01-ex-eleven_v3-v1.mp3
304_ep	3507.00.01	example	EP	As notícias da TV podem chocar as crianças.	hOLl3246BMBsdy0qtYLb	Nelson Silvestre	https://pub-155fa287ae724688aaa870d99135311a.r2.dev/audio/3507.00.01-ex-eleven_v3-v1.mp3	https://pub-155fa287ae724688aaa870d99135311a.r2.dev/audio_judge_ab/3507.00.01-ex-eleven_v3-ep.mp3
305_bp	2163.00.01	example	BP	A mudança radical transformou a cidade completamente.	wxoDdfPKBuna5KnUEotz	Eduardo	https://pub-155fa287ae724688aaa870d99135311a.r2.dev/audio/2163.00.01-ex-eleven_v3-v1.mp3	https://pub-155fa287ae724688aaa870d99135311a.r2.dev/audio/2163.00.01-ex-eleven_v3-v1.mp3
305_ep	2163.00.01	example	EP	A mudança radical transformou a cidade completamente.	hOLl3246BMBsdy0qtYLb	Nelson Silvestre	https://pub-155fa287ae724688aaa870d99135311a.r2.dev/audio/2163.00.01-ex-eleven_v3-v1.mp3	https://pub-155fa287ae724688aaa870d99135311a.r2.dev/audio_judge_ab/2163.00.01-ex-eleven_v3-ep.mp3
306_bp	4668.00.01	example	BP	A eleição distrital acontece em novembro.	Rw38T6bn0lTNOb1aUevR	Beatriz	https://pub-155fa287ae724688aaa870d99135311a.r2.dev/audio/4668.00.01-ex-eleven_v3-v1.mp3	https://pub-155fa287ae724688aaa870d99135311a.r2.dev/audio/4668.00.01-ex-eleven_v3-v1.mp3
306_ep	4668.00.01	example	EP	A eleição distrital acontece em novembro.	hOLl3246BMBsdy0qtYLb	Nelson Silvestre	https://pub-155fa287ae724688aaa870d99135311a.r2.dev/audio/4668.00.01-ex-eleven_v3-v1.mp3	https://pub-155fa287ae724688aaa870d99135311a.r2.dev/audio_judge_ab/4668.00.01-ex-eleven_v3-ep.mp3
307_bp	3453.00.01	example	BP	A concorrente venceu a competição de tênis ontem.	ny3E2DZImeZm00WLGZi9	José Paulo	https://pub-155fa287ae724688aaa870d99135311a.r2.dev/audio/3453.00.01-ex-eleven_v3-v1.mp3	https://pub-155fa287ae724688aaa870d99135311a.r2.dev/audio/3453.00.01-ex-eleven_v3-v1.mp3
307_ep	3453.00.01	example	EP	A concorrente venceu a competição de tênis ontem.	hOLl3246BMBsdy0qtYLb	Nelson Silvestre	https://pub-155fa287ae724688aaa870d99135311a.r2.dev/audio/3453.00.01-ex-eleven_v3-v1.mp3	https://pub-155fa287ae724688aaa870d99135311a.r2.dev/audio_judge_ab/3453.00.01-ex-eleven_v3-ep.mp3
308_bp	4732.00.01	example	BP	Moro no subúrbio do Rio, longe do centro.	m151rjrbWXbBqyq56tly	Carla	https://pub-155fa287ae724688aaa870d99135311a.r2.dev/audio/4732.00.01-ex-eleven_v3-v1.mp3	https://pub-155fa287ae724688aaa870d99135311a.r2.dev/audio/4732.00.01-ex-eleven_v3-v1.mp3
308_ep	4732.00.01	example	EP	Moro no subúrbio do Rio, longe do centro.	hOLl3246BMBsdy0qtYLb	Nelson Silvestre	https://pub-155fa287ae724688aaa870d99135311a.r2.dev/audio/4732.00.01-ex-eleven_v3-v1.mp3	https://pub-155fa287ae724688aaa870d99135311a.r2.dev/audio_judge_ab/4732.00.01-ex-eleven_v3-ep.mp3
309_bp	3019.00.01	example	BP	O paciente está estável agora.	m151rjrbWXbBqyq56tly	Carla	https://pub-155fa287ae724688aaa870d99135311a.r2.dev/audio/3019.00.01-ex-eleven_v3-v1.mp3	https://pub-155fa287ae724688aaa870d99135311a.r2.dev/audio/3019.00.01-ex-eleven_v3-v1.mp3
309_ep	3019.00.01	example	EP	O paciente está estável agora.	hOLl3246BMBsdy0qtYLb	Nelson Silvestre	https://pub-155fa287ae724688aaa870d99135311a.r2.dev/audio/3019.00.01-ex-eleven_v3-v1.mp3	https://pub-155fa287ae724688aaa870d99135311a.r2.dev/audio_judge_ab/3019.00.01-ex-eleven_v3-ep.mp3
310_bp	2600.00.01	example	BP	A intensidade da luz do sol me incomodou.	wxoDdfPKBuna5KnUEotz	Eduardo	https://pub-155fa287ae724688aaa870d99135311a.r2.dev/audio/2600.00.01-ex-eleven_v3-v1.mp3	https://pub-155fa287ae724688aaa870d99135311a.r2.dev/audio/2600.00.01-ex-eleven_v3-v1.mp3
310_ep	2600.00.01	example	EP	A intensidade da luz do sol me incomodou.	hOLl3246BMBsdy0qtYLb	Nelson Silvestre	https://pub-155fa287ae724688aaa870d99135311a.r2.dev/audio/2600.00.01-ex-eleven_v3-v1.mp3	https://pub-155fa287ae724688aaa870d99135311a.r2.dev/audio_judge_ab/2600.00.01-ex-eleven_v3-ep.mp3
311_bp	0204.00.01	example	BP	É possível chegar lá de ônibus.	qPfM2laM0pRL4rrZtBGl	Sandro Dutra	https://pub-155fa287ae724688aaa870d99135311a.r2.dev/audio/0204.00.01-ex-eleven_v3-v1.mp3	https://pub-155fa287ae724688aaa870d99135311a.r2.dev/audio/0204.00.01-ex-eleven_v3-v1.mp3
311_ep	0204.00.01	example	EP	É possível chegar lá de ônibus.	hOLl3246BMBsdy0qtYLb	Nelson Silvestre	https://pub-155fa287ae724688aaa870d99135311a.r2.dev/audio/0204.00.01-ex-eleven_v3-v1.mp3	https://pub-155fa287ae724688aaa870d99135311a.r2.dev/audio_judge_ab/0204.00.01-ex-eleven_v3-ep.mp3
312_bp	0617.00.01	example	BP	O sinal de trânsito está vermelho.	Rw38T6bn0lTNOb1aUevR	Beatriz	https://pub-155fa287ae724688aaa870d99135311a.r2.dev/audio/0617.00.01-ex-eleven_v3-v1.mp3	https://pub-155fa287ae724688aaa870d99135311a.r2.dev/audio/0617.00.01-ex-eleven_v3-v1.mp3
312_ep	0617.00.01	example	EP	O sinal de trânsito está vermelho.	hOLl3246BMBsdy0qtYLb	Nelson Silvestre	https://pub-155fa287ae724688aaa870d99135311a.r2.dev/audio/0617.00.01-ex-eleven_v3-v1.mp3	https://pub-155fa287ae724688aaa870d99135311a.r2.dev/audio_judge_ab/0617.00.01-ex-eleven_v3-ep.mp3
313_bp	3331.00.01	example	BP	O resultado parcial da eleição será anunciado hoje.	qPfM2laM0pRL4rrZtBGl	Sandro Dutra	https://pub-155fa287ae724688aaa870d99135311a.r2.dev/audio/3331.00.01-ex-eleven_v3-v1.mp3	https://pub-155fa287ae724688aaa870d99135311a.r2.dev/audio/3331.00.01-ex-eleven_v3-v1.mp3
313_ep	3331.00.01	example	EP	O resultado parcial da eleição será anunciado hoje.	hOLl3246BMBsdy0qtYLb	Nelson Silvestre	https://pub-155fa287ae724688aaa870d99135311a.r2.dev/audio/3331.00.01-ex-eleven_v3-v1.mp3	https://pub-155fa287ae724688aaa870d99135311a.r2.dev/audio_judge_ab/3331.00.01-ex-eleven_v3-ep.mp3
314_bp	2838.00.01	example	BP	A simpatia dela conquistou todos os clientes da loja.	wxoDdfPKBuna5KnUEotz	Eduardo	https://pub-155fa287ae724688aaa870d99135311a.r2.dev/audio/2838.00.01-ex-eleven_v3-v1.mp3	https://pub-155fa287ae724688aaa870d99135311a.r2.dev/audio/2838.00.01-ex-eleven_v3-v1.mp3
314_ep	2838.00.01	example	EP	A simpatia dela conquistou todos os clientes da loja.	hOLl3246BMBsdy0qtYLb	Nelson Silvestre	https://pub-155fa287ae724688aaa870d99135311a.r2.dev/audio/2838.00.01-ex-eleven_v3-v1.mp3	https://pub-155fa287ae724688aaa870d99135311a.r2.dev/audio_judge_ab/2838.00.01-ex-eleven_v3-ep.mp3
315_bp	3652.00.01	example	BP	O barulho alto espantou o cachorro.	m151rjrbWXbBqyq56tly	Carla	https://pub-155fa287ae724688aaa870d99135311a.r2.dev/audio/3652.00.01-ex-eleven_v3-v1.mp3	https://pub-155fa287ae724688aaa870d99135311a.r2.dev/audio/3652.00.01-ex-eleven_v3-v1.mp3
315_ep	3652.00.01	example	EP	O barulho alto espantou o cachorro.	hOLl3246BMBsdy0qtYLb	Nelson Silvestre	https://pub-155fa287ae724688aaa870d99135311a.r2.dev/audio/3652.00.01-ex-eleven_v3-v1.mp3	https://pub-155fa287ae724688aaa870d99135311a.r2.dev/audio_judge_ab/3652.00.01-ex-eleven_v3-ep.mp3
316_bp	0947.00.02	example	BP	A moral da equipe melhorou depois da vitória.	m151rjrbWXbBqyq56tly	Carla	https://pub-155fa287ae724688aaa870d99135311a.r2.dev/audio/0947.00.02-ex-eleven_v3-v1.mp3	https://pub-155fa287ae724688aaa870d99135311a.r2.dev/audio/0947.00.02-ex-eleven_v3-v1.mp3
316_ep	0947.00.02	example	EP	A moral da equipe melhorou depois da vitória.	hOLl3246BMBsdy0qtYLb	Nelson Silvestre	https://pub-155fa287ae724688aaa870d99135311a.r2.dev/audio/0947.00.02-ex-eleven_v3-v1.mp3	https://pub-155fa287ae724688aaa870d99135311a.r2.dev/audio_judge_ab/0947.00.02-ex-eleven_v3-ep.mp3
317_bp	3449.00.01	example	BP	O calor está insuportável hoje.	m151rjrbWXbBqyq56tly	Carla	https://pub-155fa287ae724688aaa870d99135311a.r2.dev/audio/3449.00.01-ex-eleven_v3-v1.mp3	https://pub-155fa287ae724688aaa870d99135311a.r2.dev/audio/3449.00.01-ex-eleven_v3-v1.mp3
317_ep	3449.00.01	example	EP	O calor está insuportável hoje.	hOLl3246BMBsdy0qtYLb	Nelson Silvestre	https://pub-155fa287ae724688aaa870d99135311a.r2.dev/audio/3449.00.01-ex-eleven_v3-v1.mp3	https://pub-155fa287ae724688aaa870d99135311a.r2.dev/audio_judge_ab/3449.00.01-ex-eleven_v3-ep.mp3
318_bp	2210.00.01	example	BP	A cultura ocidental influenciou muitos países do mundo.	wxoDdfPKBuna5KnUEotz	Eduardo	https://pub-155fa287ae724688aaa870d99135311a.r2.dev/audio/2210.00.01-ex-eleven_v3-v1.mp3	https://pub-155fa287ae724688aaa870d99135311a.r2.dev/audio/2210.00.01-ex-eleven_v3-v1.mp3
318_ep	2210.00.01	example	EP	A cultura ocidental influenciou muitos países do mundo.	hOLl3246BMBsdy0qtYLb	Nelson Silvestre	https://pub-155fa287ae724688aaa870d99135311a.r2.dev/audio/2210.00.01-ex-eleven_v3-v1.mp3	https://pub-155fa287ae724688aaa870d99135311a.r2.dev/audio_judge_ab/2210.00.01-ex-eleven_v3-ep.mp3
319_bp	4425.00.01	example	BP	Sempre cumprimento meus vizinhos pela manhã.	Rw38T6bn0lTNOb1aUevR	Beatriz	https://pub-155fa287ae724688aaa870d99135311a.r2.dev/audio/4425.00.01-ex-eleven_v3-v1.mp3	https://pub-155fa287ae724688aaa870d99135311a.r2.dev/audio/4425.00.01-ex-eleven_v3-v1.mp3
319_ep	4425.00.01	example	EP	Sempre cumprimento meus vizinhos pela manhã.	hOLl3246BMBsdy0qtYLb	Nelson Silvestre	https://pub-155fa287ae724688aaa870d99135311a.r2.dev/audio/4425.00.01-ex-eleven_v3-v1.mp3	https://pub-155fa287ae724688aaa870d99135311a.r2.dev/audio_judge_ab/4425.00.01-ex-eleven_v3-ep.mp3
320_bp	0252.00.01	example	BP	Preciso de papel para escrever uma carta.	m151rjrbWXbBqyq56tly	Carla	https://pub-155fa287ae724688aaa870d99135311a.r2.dev/audio/0252.00.01-ex-eleven_v3-v1.mp3	https://pub-155fa287ae724688aaa870d99135311a.r2.dev/audio/0252.00.01-ex-eleven_v3-v1.mp3
320_ep	0252.00.01	example	EP	Preciso de papel para escrever uma carta.	hOLl3246BMBsdy0qtYLb	Nelson Silvestre	https://pub-155fa287ae724688aaa870d99135311a.r2.dev/audio/0252.00.01-ex-eleven_v3-v1.mp3	https://pub-155fa287ae724688aaa870d99135311a.r2.dev/audio_judge_ab/0252.00.01-ex-eleven_v3-ep.mp3
321_bp	0826.00.01	example	BP	Não precisa preocupar com isso agora.	xNGAXaCH8MaasNuo7Hr7	Beto	https://pub-155fa287ae724688aaa870d99135311a.r2.dev/audio/0826.00.01-ex-eleven_v3-v1.mp3	https://pub-155fa287ae724688aaa870d99135311a.r2.dev/audio/0826.00.01-ex-eleven_v3-v1.mp3
321_ep	0826.00.01	example	EP	Não precisa preocupar com isso agora.	hOLl3246BMBsdy0qtYLb	Nelson Silvestre	https://pub-155fa287ae724688aaa870d99135311a.r2.dev/audio/0826.00.01-ex-eleven_v3-v1.mp3	https://pub-155fa287ae724688aaa870d99135311a.r2.dev/audio_judge_ab/0826.00.01-ex-eleven_v3-ep.mp3
322_bp	3948.00.01	example	BP	A taxa cambial do dólar subiu esta semana.	m151rjrbWXbBqyq56tly	Carla	https://pub-155fa287ae724688aaa870d99135311a.r2.dev/audio/3948.00.01-ex-eleven_v3-v1.mp3	https://pub-155fa287ae724688aaa870d99135311a.r2.dev/audio/3948.00.01-ex-eleven_v3-v1.mp3
322_ep	3948.00.01	example	EP	A taxa cambial do dólar subiu esta semana.	hOLl3246BMBsdy0qtYLb	Nelson Silvestre	https://pub-155fa287ae724688aaa870d99135311a.r2.dev/audio/3948.00.01-ex-eleven_v3-v1.mp3	https://pub-155fa287ae724688aaa870d99135311a.r2.dev/audio_judge_ab/3948.00.01-ex-eleven_v3-ep.mp3
323_bp	0932.00.01	example	BP	A comunidade local organizou uma festa no parque.	qPfM2laM0pRL4rrZtBGl	Sandro Dutra	https://pub-155fa287ae724688aaa870d99135311a.r2.dev/audio/0932.00.01-ex-eleven_v3-v1.mp3	https://pub-155fa287ae724688aaa870d99135311a.r2.dev/audio/0932.00.01-ex-eleven_v3-v1.mp3
323_ep	0932.00.01	example	EP	A comunidade local organizou uma festa no parque.	hOLl3246BMBsdy0qtYLb	Nelson Silvestre	https://pub-155fa287ae724688aaa870d99135311a.r2.dev/audio/0932.00.01-ex-eleven_v3-v1.mp3	https://pub-155fa287ae724688aaa870d99135311a.r2.dev/audio_judge_ab/0932.00.01-ex-eleven_v3-ep.mp3
324_bp	0756.00.01	example	BP	Ela mora em São Paulo, aliás, em Campinas.	Rw38T6bn0lTNOb1aUevR	Beatriz	https://pub-155fa287ae724688aaa870d99135311a.r2.dev/audio/0756.00.01-ex-eleven_v3-v1.mp3	https://pub-155fa287ae724688aaa870d99135311a.r2.dev/audio/0756.00.01-ex-eleven_v3-v1.mp3
324_ep	0756.00.01	example	EP	Ela mora em São Paulo, aliás, em Campinas.	hOLl3246BMBsdy0qtYLb	Nelson Silvestre	https://pub-155fa287ae724688aaa870d99135311a.r2.dev/audio/0756.00.01-ex-eleven_v3-v1.mp3	https://pub-155fa287ae724688aaa870d99135311a.r2.dev/audio_judge_ab/0756.00.01-ex-eleven_v3-ep.mp3
325_bp	2143.00.01	example	BP	O chefe demitiu três funcionários ontem.	wxoDdfPKBuna5KnUEotz	Eduardo	https://pub-155fa287ae724688aaa870d99135311a.r2.dev/audio/2143.00.01-ex-eleven_v3-v1.mp3	https://pub-155fa287ae724688aaa870d99135311a.r2.dev/audio/2143.00.01-ex-eleven_v3-v1.mp3
325_ep	2143.00.01	example	EP	O chefe demitiu três funcionários ontem.	hOLl3246BMBsdy0qtYLb	Nelson Silvestre	https://pub-155fa287ae724688aaa870d99135311a.r2.dev/audio/2143.00.01-ex-eleven_v3-v1.mp3	https://pub-155fa287ae724688aaa870d99135311a.r2.dev/audio_judge_ab/2143.00.01-ex-eleven_v3-ep.mp3
326_bp	2463.00.01	example	BP	O time comemorou o triunfo no campeonato.	Rw38T6bn0lTNOb1aUevR	Beatriz	https://pub-155fa287ae724688aaa870d99135311a.r2.dev/audio/2463.00.01-ex-eleven_v3-v1.mp3	https://pub-155fa287ae724688aaa870d99135311a.r2.dev/audio/2463.00.01-ex-eleven_v3-v1.mp3
326_ep	2463.00.01	example	EP	O time comemorou o triunfo no campeonato.	hOLl3246BMBsdy0qtYLb	Nelson Silvestre	https://pub-155fa287ae724688aaa870d99135311a.r2.dev/audio/2463.00.01-ex-eleven_v3-v1.mp3	https://pub-155fa287ae724688aaa870d99135311a.r2.dev/audio_judge_ab/2463.00.01-ex-eleven_v3-ep.mp3
327_bp	1436.00.01	example	BP	A resposta está correta, parabéns!	qPfM2laM0pRL4rrZtBGl	Sandro Dutra	https://pub-155fa287ae724688aaa870d99135311a.r2.dev/audio/1436.00.01-ex-eleven_v3-v1.mp3	https://pub-155fa287ae724688aaa870d99135311a.r2.dev/audio/1436.00.01-ex-eleven_v3-v1.mp3
327_ep	1436.00.01	example	EP	A resposta está correta, parabéns!	hOLl3246BMBsdy0qtYLb	Nelson Silvestre	https://pub-155fa287ae724688aaa870d99135311a.r2.dev/audio/1436.00.01-ex-eleven_v3-v1.mp3	https://pub-155fa287ae724688aaa870d99135311a.r2.dev/audio_judge_ab/1436.00.01-ex-eleven_v3-ep.mp3
328_bp	2426.00.01	example	BP	Ele respirou profundamente antes de falar.	xNGAXaCH8MaasNuo7Hr7	Beto	https://pub-155fa287ae724688aaa870d99135311a.r2.dev/audio/2426.00.01-ex-eleven_v3-v1.mp3	https://pub-155fa287ae724688aaa870d99135311a.r2.dev/audio/2426.00.01-ex-eleven_v3-v1.mp3
328_ep	2426.00.01	example	EP	Ele respirou profundamente antes de falar.	hOLl3246BMBsdy0qtYLb	Nelson Silvestre	https://pub-155fa287ae724688aaa870d99135311a.r2.dev/audio/2426.00.01-ex-eleven_v3-v1.mp3	https://pub-155fa287ae724688aaa870d99135311a.r2.dev/audio_judge_ab/2426.00.01-ex-eleven_v3-ep.mp3
329_bp	3628.00.01	example	BP	A intérprete cantou muito bem no show de ontem.	m151rjrbWXbBqyq56tly	Carla	https://pub-155fa287ae724688aaa870d99135311a.r2.dev/audio/3628.00.01-ex-eleven_v3-v1.mp3	https://pub-155fa287ae724688aaa870d99135311a.r2.dev/audio/3628.00.01-ex-eleven_v3-v1.mp3
329_ep	3628.00.01	example	EP	A intérprete cantou muito bem no show de ontem.	hOLl3246BMBsdy0qtYLb	Nelson Silvestre	https://pub-155fa287ae724688aaa870d99135311a.r2.dev/audio/3628.00.01-ex-eleven_v3-v1.mp3	https://pub-155fa287ae724688aaa870d99135311a.r2.dev/audio_judge_ab/3628.00.01-ex-eleven_v3-ep.mp3
330_bp	2454.00.03	example	BP	Os miúdos brincam no parque toda tarde.	m151rjrbWXbBqyq56tly	Carla	https://pub-155fa287ae724688aaa870d99135311a.r2.dev/audio/2454.00.03-ex-eleven_v3-v1.mp3	https://pub-155fa287ae724688aaa870d99135311a.r2.dev/audio/2454.00.03-ex-eleven_v3-v1.mp3
330_ep	2454.00.03	example	EP	Os miúdos brincam no parque toda tarde.	hOLl3246BMBsdy0qtYLb	Nelson Silvestre	https://pub-155fa287ae724688aaa870d99135311a.r2.dev/audio/2454.00.03-ex-eleven_v3-v1.mp3	https://pub-155fa287ae724688aaa870d99135311a.r2.dev/audio_judge_ab/2454.00.03-ex-eleven_v3-ep.mp3
331_bp	0772.00.01	example	BP	Ambos os meus filhos estudam inglês.	m151rjrbWXbBqyq56tly	Carla	https://pub-155fa287ae724688aaa870d99135311a.r2.dev/audio/0772.00.01-ex-eleven_v3-v1.mp3	https://pub-155fa287ae724688aaa870d99135311a.r2.dev/audio/0772.00.01-ex-eleven_v3-v1.mp3
331_ep	0772.00.01	example	EP	Ambos os meus filhos estudam inglês.	hOLl3246BMBsdy0qtYLb	Nelson Silvestre	https://pub-155fa287ae724688aaa870d99135311a.r2.dev/audio/0772.00.01-ex-eleven_v3-v1.mp3	https://pub-155fa287ae724688aaa870d99135311a.r2.dev/audio_judge_ab/0772.00.01-ex-eleven_v3-ep.mp3
332_bp	1614.00.01	example	BP	O debate sobre educação foi muito interessante.	qPfM2laM0pRL4rrZtBGl	Sandro Dutra	https://pub-155fa287ae724688aaa870d99135311a.r2.dev/audio/1614.00.01-ex-eleven_v3-v1.mp3	https://pub-155fa287ae724688aaa870d99135311a.r2.dev/audio/1614.00.01-ex-eleven_v3-v1.mp3
332_ep	1614.00.01	example	EP	O debate sobre educação foi muito interessante.	hOLl3246BMBsdy0qtYLb	Nelson Silvestre	https://pub-155fa287ae724688aaa870d99135311a.r2.dev/audio/1614.00.01-ex-eleven_v3-v1.mp3	https://pub-155fa287ae724688aaa870d99135311a.r2.dev/audio_judge_ab/1614.00.01-ex-eleven_v3-ep.mp3
333_bp	3740.00.01	example	BP	O vírus é invisível sem um microscópio.	wxoDdfPKBuna5KnUEotz	Eduardo	https://pub-155fa287ae724688aaa870d99135311a.r2.dev/audio/3740.00.01-ex-eleven_v3-v1.mp3	https://pub-155fa287ae724688aaa870d99135311a.r2.dev/audio/3740.00.01-ex-eleven_v3-v1.mp3
333_ep	3740.00.01	example	EP	O vírus é invisível sem um microscópio.	hOLl3246BMBsdy0qtYLb	Nelson Silvestre	https://pub-155fa287ae724688aaa870d99135311a.r2.dev/audio/3740.00.01-ex-eleven_v3-v1.mp3	https://pub-155fa287ae724688aaa870d99135311a.r2.dev/audio_judge_ab/3740.00.01-ex-eleven_v3-ep.mp3
334_bp	2980.00.01	example	BP	A água é vital para todos os seres vivos.	qPfM2laM0pRL4rrZtBGl	Sandro Dutra	https://pub-155fa287ae724688aaa870d99135311a.r2.dev/audio/2980.00.01-ex-eleven_v3-v1.mp3	https://pub-155fa287ae724688aaa870d99135311a.r2.dev/audio/2980.00.01-ex-eleven_v3-v1.mp3
334_ep	2980.00.01	example	EP	A água é vital para todos os seres vivos.	hOLl3246BMBsdy0qtYLb	Nelson Silvestre	https://pub-155fa287ae724688aaa870d99135311a.r2.dev/audio/2980.00.01-ex-eleven_v3-v1.mp3	https://pub-155fa287ae724688aaa870d99135311a.r2.dev/audio_judge_ab/2980.00.01-ex-eleven_v3-ep.mp3
335_bp	3508.00.01	example	BP	Muitos problemas provêm da falta de comunicação.	Rw38T6bn0lTNOb1aUevR	Beatriz	https://pub-155fa287ae724688aaa870d99135311a.r2.dev/audio/3508.00.01-ex-eleven_v3-v1.mp3	https://pub-155fa287ae724688aaa870d99135311a.r2.dev/audio/3508.00.01-ex-eleven_v3-v1.mp3
335_ep	3508.00.01	example	EP	Muitos problemas provêm da falta de comunicação.	hOLl3246BMBsdy0qtYLb	Nelson Silvestre	https://pub-155fa287ae724688aaa870d99135311a.r2.dev/audio/3508.00.01-ex-eleven_v3-v1.mp3	https://pub-155fa287ae724688aaa870d99135311a.r2.dev/audio_judge_ab/3508.00.01-ex-eleven_v3-ep.mp3
336_bp	0756.00.02	example	BP	Gosto de frutas, aliás, como banana todo dia.	Rw38T6bn0lTNOb1aUevR	Beatriz	https://pub-155fa287ae724688aaa870d99135311a.r2.dev/audio/0756.00.02-ex-eleven_v3-v1.mp3	https://pub-155fa287ae724688aaa870d99135311a.r2.dev/audio/0756.00.02-ex-eleven_v3-v1.mp3
336_ep	0756.00.02	example	EP	Gosto de frutas, aliás, como banana todo dia.	hOLl3246BMBsdy0qtYLb	Nelson Silvestre	https://pub-155fa287ae724688aaa870d99135311a.r2.dev/audio/0756.00.02-ex-eleven_v3-v1.mp3	https://pub-155fa287ae724688aaa870d99135311a.r2.dev/audio_judge_ab/0756.00.02-ex-eleven_v3-ep.mp3
337_bp	1572.00.01	example	BP	A ameaça de chuva fez todos voltarem para casa.	m151rjrbWXbBqyq56tly	Carla	https://pub-155fa287ae724688aaa870d99135311a.r2.dev/audio/1572.00.01-ex-eleven_v3-v1.mp3	https://pub-155fa287ae724688aaa870d99135311a.r2.dev/audio/1572.00.01-ex-eleven_v3-v1.mp3
337_ep	1572.00.01	example	EP	A ameaça de chuva fez todos voltarem para casa.	hOLl3246BMBsdy0qtYLb	Nelson Silvestre	https://pub-155fa287ae724688aaa870d99135311a.r2.dev/audio/1572.00.01-ex-eleven_v3-v1.mp3	https://pub-155fa287ae724688aaa870d99135311a.r2.dev/audio_judge_ab/1572.00.01-ex-eleven_v3-ep.mp3
338_bp	1411.00.01	example	BP	Ele jamais disse a verdade sobre isso.	Rw38T6bn0lTNOb1aUevR	Beatriz	https://pub-155fa287ae724688aaa870d99135311a.r2.dev/audio/1411.00.01-ex-eleven_v3-v1.mp3	https://pub-155fa287ae724688aaa870d99135311a.r2.dev/audio/1411.00.01-ex-eleven_v3-v1.mp3
338_ep	1411.00.01	example	EP	Ele jamais disse a verdade sobre isso.	hOLl3246BMBsdy0qtYLb	Nelson Silvestre	https://pub-155fa287ae724688aaa870d99135311a.r2.dev/audio/1411.00.01-ex-eleven_v3-v1.mp3	https://pub-155fa287ae724688aaa870d99135311a.r2.dev/audio_judge_ab/1411.00.01-ex-eleven_v3-ep.mp3
339_bp	2454.00.02	example	BP	O rato é um animal miúdo e rápido.	qPfM2laM0pRL4rrZtBGl	Sandro Dutra	https://pub-155fa287ae724688aaa870d99135311a.r2.dev/audio/2454.00.02-ex-eleven_v3-v1.mp3	https://pub-155fa287ae724688aaa870d99135311a.r2.dev/audio/2454.00.02-ex-eleven_v3-v1.mp3
339_ep	2454.00.02	example	EP	O rato é um animal miúdo e rápido.	hOLl3246BMBsdy0qtYLb	Nelson Silvestre	https://pub-155fa287ae724688aaa870d99135311a.r2.dev/audio/2454.00.02-ex-eleven_v3-v1.mp3	https://pub-155fa287ae724688aaa870d99135311a.r2.dev/audio_judge_ab/2454.00.02-ex-eleven_v3-ep.mp3
340_bp	3485.00.01	example	BP	O clima aqui é muito variável durante o ano.	m151rjrbWXbBqyq56tly	Carla	https://pub-155fa287ae724688aaa870d99135311a.r2.dev/audio/3485.00.01-ex-eleven_v3-v1.mp3	https://pub-155fa287ae724688aaa870d99135311a.r2.dev/audio/3485.00.01-ex-eleven_v3-v1.mp3
340_ep	3485.00.01	example	EP	O clima aqui é muito variável durante o ano.	hOLl3246BMBsdy0qtYLb	Nelson Silvestre	https://pub-155fa287ae724688aaa870d99135311a.r2.dev/audio/3485.00.01-ex-eleven_v3-v1.mp3	https://pub-155fa287ae724688aaa870d99135311a.r2.dev/audio_judge_ab/3485.00.01-ex-eleven_v3-ep.mp3
341_bp	3786.00.01	example	BP	Qual é a sua nacionalidade?	ny3E2DZImeZm00WLGZi9	José Paulo	https://pub-155fa287ae724688aaa870d99135311a.r2.dev/audio/3786.00.01-ex-eleven_v3-v1.mp3	https://pub-155fa287ae724688aaa870d99135311a.r2.dev/audio/3786.00.01-ex-eleven_v3-v1.mp3
341_ep	3786.00.01	example	EP	Qual é a sua nacionalidade?	hOLl3246BMBsdy0qtYLb	Nelson Silvestre	https://pub-155fa287ae724688aaa870d99135311a.r2.dev/audio/3786.00.01-ex-eleven_v3-v1.mp3	https://pub-155fa287ae724688aaa870d99135311a.r2.dev/audio_judge_ab/3786.00.01-ex-eleven_v3-ep.mp3
342_bp	2996.00.01	example	BP	O mecânico fez um ajuste no motor do carro.	m151rjrbWXbBqyq56tly	Carla	https://pub-155fa287ae724688aaa870d99135311a.r2.dev/audio/2996.00.01-ex-eleven_v3-v1.mp3	https://pub-155fa287ae724688aaa870d99135311a.r2.dev/audio/2996.00.01-ex-eleven_v3-v1.mp3
342_ep	2996.00.01	example	EP	O mecânico fez um ajuste no motor do carro.	hOLl3246BMBsdy0qtYLb	Nelson Silvestre	https://pub-155fa287ae724688aaa870d99135311a.r2.dev/audio/2996.00.01-ex-eleven_v3-v1.mp3	https://pub-155fa287ae724688aaa870d99135311a.r2.dev/audio_judge_ab/2996.00.01-ex-eleven_v3-ep.mp3
343_bp	2423.00.01	example	BP	Aquele cachorro é de porte grande.	xNGAXaCH8MaasNuo7Hr7	Beto	https://pub-155fa287ae724688aaa870d99135311a.r2.dev/audio/2423.00.01-ex-eleven_v3-v1.mp3	https://pub-155fa287ae724688aaa870d99135311a.r2.dev/audio/2423.00.01-ex-eleven_v3-v1.mp3
343_ep	2423.00.01	example	EP	Aquele cachorro é de porte grande.	hOLl3246BMBsdy0qtYLb	Nelson Silvestre	https://pub-155fa287ae724688aaa870d99135311a.r2.dev/audio/2423.00.01-ex-eleven_v3-v1.mp3	https://pub-155fa287ae724688aaa870d99135311a.r2.dev/audio_judge_ab/2423.00.01-ex-eleven_v3-ep.mp3
344_bp	4822.00.01	example	BP	Os pais castigaram o filho por mentir.	AaeZyyi87RCxtFnHPS3e	Prof. Campanholi	https://pub-155fa287ae724688aaa870d99135311a.r2.dev/audio/4822.00.01-ex-eleven_v3-v1.mp3	https://pub-155fa287ae724688aaa870d99135311a.r2.dev/audio/4822.00.01-ex-eleven_v3-v1.mp3
344_ep	4822.00.01	example	EP	Os pais castigaram o filho por mentir.	hOLl3246BMBsdy0qtYLb	Nelson Silvestre	https://pub-155fa287ae724688aaa870d99135311a.r2.dev/audio/4822.00.01-ex-eleven_v3-v1.mp3	https://pub-155fa287ae724688aaa870d99135311a.r2.dev/audio_judge_ab/4822.00.01-ex-eleven_v3-ep.mp3
345_bp	4231.00.02	example	BP	Comprei um gelado de chocolate na sorveteria.	m151rjrbWXbBqyq56tly	Carla	https://pub-155fa287ae724688aaa870d99135311a.r2.dev/audio/4231.00.02-ex-eleven_v3-v1.mp3	https://pub-155fa287ae724688aaa870d99135311a.r2.dev/audio/4231.00.02-ex-eleven_v3-v1.mp3
345_ep	4231.00.02	example	EP	Comprei um gelado de chocolate na sorveteria.	hOLl3246BMBsdy0qtYLb	Nelson Silvestre	https://pub-155fa287ae724688aaa870d99135311a.r2.dev/audio/4231.00.02-ex-eleven_v3-v1.mp3	https://pub-155fa287ae724688aaa870d99135311a.r2.dev/audio_judge_ab/4231.00.02-ex-eleven_v3-ep.mp3
346_bp	3595.00.02	example	BP	A empresa faliu por causa do engano do sócio.	Rw38T6bn0lTNOb1aUevR	Beatriz	https://pub-155fa287ae724688aaa870d99135311a.r2.dev/audio/3595.00.02-ex-eleven_v3-v1.mp3	https://pub-155fa287ae724688aaa870d99135311a.r2.dev/audio/3595.00.02-ex-eleven_v3-v1.mp3
346_ep	3595.00.02	example	EP	A empresa faliu por causa do engano do sócio.	hOLl3246BMBsdy0qtYLb	Nelson Silvestre	https://pub-155fa287ae724688aaa870d99135311a.r2.dev/audio/3595.00.02-ex-eleven_v3-v1.mp3	https://pub-155fa287ae724688aaa870d99135311a.r2.dev/audio_judge_ab/3595.00.02-ex-eleven_v3-ep.mp3
347_bp	1189.00.01	example	BP	Ela tem talento musical desde criança.	m151rjrbWXbBqyq56tly	Carla	https://pub-155fa287ae724688aaa870d99135311a.r2.dev/audio/1189.00.01-ex-eleven_v3-v1.mp3	https://pub-155fa287ae724688aaa870d99135311a.r2.dev/audio/1189.00.01-ex-eleven_v3-v1.mp3
347_ep	1189.00.01	example	EP	Ela tem talento musical desde criança.	hOLl3246BMBsdy0qtYLb	Nelson Silvestre	https://pub-155fa287ae724688aaa870d99135311a.r2.dev/audio/1189.00.01-ex-eleven_v3-v1.mp3	https://pub-155fa287ae724688aaa870d99135311a.r2.dev/audio_judge_ab/1189.00.01-ex-eleven_v3-ep.mp3
348_bp	2324.00.01	example	BP	Eu desconheço o nome daquela rua.	ny3E2DZImeZm00WLGZi9	José Paulo	https://pub-155fa287ae724688aaa870d99135311a.r2.dev/audio/2324.00.01-ex-eleven_v3-v1.mp3	https://pub-155fa287ae724688aaa870d99135311a.r2.dev/audio/2324.00.01-ex-eleven_v3-v1.mp3
348_ep	2324.00.01	example	EP	Eu desconheço o nome daquela rua.	hOLl3246BMBsdy0qtYLb	Nelson Silvestre	https://pub-155fa287ae724688aaa870d99135311a.r2.dev/audio/2324.00.01-ex-eleven_v3-v1.mp3	https://pub-155fa287ae724688aaa870d99135311a.r2.dev/audio_judge_ab/2324.00.01-ex-eleven_v3-ep.mp3
349_bp	4447.00.01	example	BP	O vento brando da manhã é muito agradável.	wxoDdfPKBuna5KnUEotz	Eduardo	https://pub-155fa287ae724688aaa870d99135311a.r2.dev/audio/4447.00.01-ex-eleven_v3-v1.mp3	https://pub-155fa287ae724688aaa870d99135311a.r2.dev/audio/4447.00.01-ex-eleven_v3-v1.mp3
349_ep	4447.00.01	example	EP	O vento brando da manhã é muito agradável.	hOLl3246BMBsdy0qtYLb	Nelson Silvestre	https://pub-155fa287ae724688aaa870d99135311a.r2.dev/audio/4447.00.01-ex-eleven_v3-v1.mp3	https://pub-155fa287ae724688aaa870d99135311a.r2.dev/audio_judge_ab/4447.00.01-ex-eleven_v3-ep.mp3
350_bp	4060.01.01	example	BP	Não obstante a chuva, fomos à praia.	m151rjrbWXbBqyq56tly	Carla	https://pub-155fa287ae724688aaa870d99135311a.r2.dev/audio/4060.01.01-ex-eleven_v3-v1.mp3	https://pub-155fa287ae724688aaa870d99135311a.r2.dev/audio/4060.01.01-ex-eleven_v3-v1.mp3
350_ep	4060.01.01	example	EP	Não obstante a chuva, fomos à praia.	hOLl3246BMBsdy0qtYLb	Nelson Silvestre	https://pub-155fa287ae724688aaa870d99135311a.r2.dev/audio/4060.01.01-ex-eleven_v3-v1.mp3	https://pub-155fa287ae724688aaa870d99135311a.r2.dev/audio_judge_ab/4060.01.01-ex-eleven_v3-ep.mp3
351_bp	0513.00.01	example	BP	O cachorro está atrás da casa.	m151rjrbWXbBqyq56tly	Carla	https://pub-155fa287ae724688aaa870d99135311a.r2.dev/audio/0513.00.01-ex-eleven_v3-v1.mp3	https://pub-155fa287ae724688aaa870d99135311a.r2.dev/audio/0513.00.01-ex-eleven_v3-v1.mp3
351_ep	0513.00.01	example	EP	O cachorro está atrás da casa.	hOLl3246BMBsdy0qtYLb	Nelson Silvestre	https://pub-155fa287ae724688aaa870d99135311a.r2.dev/audio/0513.00.01-ex-eleven_v3-v1.mp3	https://pub-155fa287ae724688aaa870d99135311a.r2.dev/audio_judge_ab/0513.00.01-ex-eleven_v3-ep.mp3
352_bp	2103.00.01	example	BP	A aranha tece sua teia todos os dias.	m151rjrbWXbBqyq56tly	Carla	https://pub-155fa287ae724688aaa870d99135311a.r2.dev/audio/2103.00.01-ex-eleven_v3-v1.mp3	https://pub-155fa287ae724688aaa870d99135311a.r2.dev/audio/2103.00.01-ex-eleven_v3-v1.mp3
352_ep	2103.00.01	example	EP	A aranha tece sua teia todos os dias.	hOLl3246BMBsdy0qtYLb	Nelson Silvestre	https://pub-155fa287ae724688aaa870d99135311a.r2.dev/audio/2103.00.01-ex-eleven_v3-v1.mp3	https://pub-155fa287ae724688aaa870d99135311a.r2.dev/audio_judge_ab/2103.00.01-ex-eleven_v3-ep.mp3
353_bp	3093.00.01	example	BP	Comprei vários vegetais frescos no mercado hoje.	qPfM2laM0pRL4rrZtBGl	Sandro Dutra	https://pub-155fa287ae724688aaa870d99135311a.r2.dev/audio/3093.00.01-ex-eleven_v3-v1.mp3	https://pub-155fa287ae724688aaa870d99135311a.r2.dev/audio/3093.00.01-ex-eleven_v3-v1.mp3
353_ep	3093.00.01	example	EP	Comprei vários vegetais frescos no mercado hoje.	hOLl3246BMBsdy0qtYLb	Nelson Silvestre	https://pub-155fa287ae724688aaa870d99135311a.r2.dev/audio/3093.00.01-ex-eleven_v3-v1.mp3	https://pub-155fa287ae724688aaa870d99135311a.r2.dev/audio_judge_ab/3093.00.01-ex-eleven_v3-ep.mp3
354_bp	2215.00.01	example	BP	Ele sentou no seu lugar habitual na sala.	Rw38T6bn0lTNOb1aUevR	Beatriz	https://pub-155fa287ae724688aaa870d99135311a.r2.dev/audio/2215.00.01-ex-eleven_v3-v1.mp3	https://pub-155fa287ae724688aaa870d99135311a.r2.dev/audio/2215.00.01-ex-eleven_v3-v1.mp3
354_ep	2215.00.01	example	EP	Ele sentou no seu lugar habitual na sala.	hOLl3246BMBsdy0qtYLb	Nelson Silvestre	https://pub-155fa287ae724688aaa870d99135311a.r2.dev/audio/2215.00.01-ex-eleven_v3-v1.mp3	https://pub-155fa287ae724688aaa870d99135311a.r2.dev/audio_judge_ab/2215.00.01-ex-eleven_v3-ep.mp3
355_bp	4231.00.01	example	BP	O vento está gelado hoje de manhã.	qPfM2laM0pRL4rrZtBGl	Sandro Dutra	https://pub-155fa287ae724688aaa870d99135311a.r2.dev/audio/4231.00.01-ex-eleven_v3-v1.mp3	https://pub-155fa287ae724688aaa870d99135311a.r2.dev/audio/4231.00.01-ex-eleven_v3-v1.mp3
355_ep	4231.00.01	example	EP	O vento está gelado hoje de manhã.	hOLl3246BMBsdy0qtYLb	Nelson Silvestre	https://pub-155fa287ae724688aaa870d99135311a.r2.dev/audio/4231.00.01-ex-eleven_v3-v1.mp3	https://pub-155fa287ae724688aaa870d99135311a.r2.dev/audio_judge_ab/4231.00.01-ex-eleven_v3-ep.mp3
356_bp	2262.00.01	example	BP	O paciente está consciente após a cirurgia.	m151rjrbWXbBqyq56tly	Carla	https://pub-155fa287ae724688aaa870d99135311a.r2.dev/audio/2262.00.01-ex-eleven_v3-v1.mp3	https://pub-155fa287ae724688aaa870d99135311a.r2.dev/audio/2262.00.01-ex-eleven_v3-v1.mp3
356_ep	2262.00.01	example	EP	O paciente está consciente após a cirurgia.	hOLl3246BMBsdy0qtYLb	Nelson Silvestre	https://pub-155fa287ae724688aaa870d99135311a.r2.dev/audio/2262.00.01-ex-eleven_v3-v1.mp3	https://pub-155fa287ae724688aaa870d99135311a.r2.dev/audio_judge_ab/2262.00.01-ex-eleven_v3-ep.mp3
357_bp	2183.00.01	example	BP	O jantar formal começa às oito horas.	qPfM2laM0pRL4rrZtBGl	Sandro Dutra	https://pub-155fa287ae724688aaa870d99135311a.r2.dev/audio/2183.00.01-ex-eleven_v3-v1.mp3	https://pub-155fa287ae724688aaa870d99135311a.r2.dev/audio/2183.00.01-ex-eleven_v3-v1.mp3
357_ep	2183.00.01	example	EP	O jantar formal começa às oito horas.	hOLl3246BMBsdy0qtYLb	Nelson Silvestre	https://pub-155fa287ae724688aaa870d99135311a.r2.dev/audio/2183.00.01-ex-eleven_v3-v1.mp3	https://pub-155fa287ae724688aaa870d99135311a.r2.dev/audio_judge_ab/2183.00.01-ex-eleven_v3-ep.mp3
358_bp	2273.00.01	example	BP	Ela busca uma vida mais espiritual e tranquila.	m151rjrbWXbBqyq56tly	Carla	https://pub-155fa287ae724688aaa870d99135311a.r2.dev/audio/2273.00.01-ex-eleven_v3-v1.mp3	https://pub-155fa287ae724688aaa870d99135311a.r2.dev/audio/2273.00.01-ex-eleven_v3-v1.mp3
358_ep	2273.00.01	example	EP	Ela busca uma vida mais espiritual e tranquila.	hOLl3246BMBsdy0qtYLb	Nelson Silvestre	https://pub-155fa287ae724688aaa870d99135311a.r2.dev/audio/2273.00.01-ex-eleven_v3-v1.mp3	https://pub-155fa287ae724688aaa870d99135311a.r2.dev/audio_judge_ab/2273.00.01-ex-eleven_v3-ep.mp3
359_bp	2700.00.01	example	BP	Comprei calças novas para o trabalho.	Rw38T6bn0lTNOb1aUevR	Beatriz	https://pub-155fa287ae724688aaa870d99135311a.r2.dev/audio/2700.00.01-ex-eleven_v3-v1.mp3	https://pub-155fa287ae724688aaa870d99135311a.r2.dev/audio/2700.00.01-ex-eleven_v3-v1.mp3
359_ep	2700.00.01	example	EP	Comprei calças novas para o trabalho.	hOLl3246BMBsdy0qtYLb	Nelson Silvestre	https://pub-155fa287ae724688aaa870d99135311a.r2.dev/audio/2700.00.01-ex-eleven_v3-v1.mp3	https://pub-155fa287ae724688aaa870d99135311a.r2.dev/audio_judge_ab/2700.00.01-ex-eleven_v3-ep.mp3
360_bp	2992.00.01	example	BP	O evento empresarial acontece na próxima semana.	m151rjrbWXbBqyq56tly	Carla	https://pub-155fa287ae724688aaa870d99135311a.r2.dev/audio/2992.00.01-ex-eleven_v3-v1.mp3	https://pub-155fa287ae724688aaa870d99135311a.r2.dev/audio/2992.00.01-ex-eleven_v3-v1.mp3
360_ep	2992.00.01	example	EP	O evento empresarial acontece na próxima semana.	hOLl3246BMBsdy0qtYLb	Nelson Silvestre	https://pub-155fa287ae724688aaa870d99135311a.r2.dev/audio/2992.00.01-ex-eleven_v3-v1.mp3	https://pub-155fa287ae724688aaa870d99135311a.r2.dev/audio_judge_ab/2992.00.01-ex-eleven_v3-ep.mp3
361_bp	4808.00.01	example	BP	A amplitude de temperaturas no deserto é muito grande.	AaeZyyi87RCxtFnHPS3e	Prof. Campanholi	https://pub-155fa287ae724688aaa870d99135311a.r2.dev/audio/4808.00.01-ex-eleven_v3-v1.mp3	https://pub-155fa287ae724688aaa870d99135311a.r2.dev/audio/4808.00.01-ex-eleven_v3-v1.mp3
361_ep	4808.00.01	example	EP	A amplitude de temperaturas no deserto é muito grande.	hOLl3246BMBsdy0qtYLb	Nelson Silvestre	https://pub-155fa287ae724688aaa870d99135311a.r2.dev/audio/4808.00.01-ex-eleven_v3-v1.mp3	https://pub-155fa287ae724688aaa870d99135311a.r2.dev/audio_judge_ab/4808.00.01-ex-eleven_v3-ep.mp3
362_bp	2654.00.01	example	BP	Ela ganhou um anel de ouro no aniversário.	m151rjrbWXbBqyq56tly	Carla	https://pub-155fa287ae724688aaa870d99135311a.r2.dev/audio/2654.00.01-ex-eleven_v3-v1.mp3	https://pub-155fa287ae724688aaa870d99135311a.r2.dev/audio/2654.00.01-ex-eleven_v3-v1.mp3
362_ep	2654.00.01	example	EP	Ela ganhou um anel de ouro no aniversário.	hOLl3246BMBsdy0qtYLb	Nelson Silvestre	https://pub-155fa287ae724688aaa870d99135311a.r2.dev/audio/2654.00.01-ex-eleven_v3-v1.mp3	https://pub-155fa287ae724688aaa870d99135311a.r2.dev/audio_judge_ab/2654.00.01-ex-eleven_v3-ep.mp3
363_bp	1686.00.01	example	BP	O gato dorme no sofá da sala.	Rw38T6bn0lTNOb1aUevR	Beatriz	https://pub-155fa287ae724688aaa870d99135311a.r2.dev/audio/1686.00.01-ex-eleven_v3-v1.mp3	https://pub-155fa287ae724688aaa870d99135311a.r2.dev/audio/1686.00.01-ex-eleven_v3-v1.mp3
363_ep	1686.00.01	example	EP	O gato dorme no sofá da sala.	hOLl3246BMBsdy0qtYLb	Nelson Silvestre	https://pub-155fa287ae724688aaa870d99135311a.r2.dev/audio/1686.00.01-ex-eleven_v3-v1.mp3	https://pub-155fa287ae724688aaa870d99135311a.r2.dev/audio_judge_ab/1686.00.01-ex-eleven_v3-ep.mp3
364_bp	0828.00.01	example	BP	Comi metade da pizza no jantar.	Rw38T6bn0lTNOb1aUevR	Beatriz	https://pub-155fa287ae724688aaa870d99135311a.r2.dev/audio/0828.00.01-ex-eleven_v3-v1.mp3	https://pub-155fa287ae724688aaa870d99135311a.r2.dev/audio/0828.00.01-ex-eleven_v3-v1.mp3
364_ep	0828.00.01	example	EP	Comi metade da pizza no jantar.	hOLl3246BMBsdy0qtYLb	Nelson Silvestre	https://pub-155fa287ae724688aaa870d99135311a.r2.dev/audio/0828.00.01-ex-eleven_v3-v1.mp3	https://pub-155fa287ae724688aaa870d99135311a.r2.dev/audio_judge_ab/0828.00.01-ex-eleven_v3-ep.mp3
365_bp	4136.00.01	example	BP	O realizador do filme ganhou um prêmio internacional.	xNGAXaCH8MaasNuo7Hr7	Beto	https://pub-155fa287ae724688aaa870d99135311a.r2.dev/audio/4136.00.01-ex-eleven_v3-v1.mp3	https://pub-155fa287ae724688aaa870d99135311a.r2.dev/audio/4136.00.01-ex-eleven_v3-v1.mp3
365_ep	4136.00.01	example	EP	O realizador do filme ganhou um prêmio internacional.	hOLl3246BMBsdy0qtYLb	Nelson Silvestre	https://pub-155fa287ae724688aaa870d99135311a.r2.dev/audio/4136.00.01-ex-eleven_v3-v1.mp3	https://pub-155fa287ae724688aaa870d99135311a.r2.dev/audio_judge_ab/4136.00.01-ex-eleven_v3-ep.mp3
366_bp	2832.00.01	example	BP	A flor na mesa é artificial, não é natural.	qPfM2laM0pRL4rrZtBGl	Sandro Dutra	https://pub-155fa287ae724688aaa870d99135311a.r2.dev/audio/2832.00.01-ex-eleven_v3-v1.mp3	https://pub-155fa287ae724688aaa870d99135311a.r2.dev/audio/2832.00.01-ex-eleven_v3-v1.mp3
366_ep	2832.00.01	example	EP	A flor na mesa é artificial, não é natural.	hOLl3246BMBsdy0qtYLb	Nelson Silvestre	https://pub-155fa287ae724688aaa870d99135311a.r2.dev/audio/2832.00.01-ex-eleven_v3-v1.mp3	https://pub-155fa287ae724688aaa870d99135311a.r2.dev/audio_judge_ab/2832.00.01-ex-eleven_v3-ep.mp3
367_bp	0431.00.01	example	BP	Hoje é um dia especial para minha família.	qPfM2laM0pRL4rrZtBGl	Sandro Dutra	https://pub-155fa287ae724688aaa870d99135311a.r2.dev/audio/0431.00.01-ex-eleven_v3-v1.mp3	https://pub-155fa287ae724688aaa870d99135311a.r2.dev/audio/0431.00.01-ex-eleven_v3-v1.mp3
367_ep	0431.00.01	example	EP	Hoje é um dia especial para minha família.	hOLl3246BMBsdy0qtYLb	Nelson Silvestre	https://pub-155fa287ae724688aaa870d99135311a.r2.dev/audio/0431.00.01-ex-eleven_v3-v1.mp3	https://pub-155fa287ae724688aaa870d99135311a.r2.dev/audio_judge_ab/0431.00.01-ex-eleven_v3-ep.mp3
368_bp	1231.00.01	example	BP	Vou falar diretamente com o gerente amanhã.	Rw38T6bn0lTNOb1aUevR	Beatriz	https://pub-155fa287ae724688aaa870d99135311a.r2.dev/audio/1231.00.01-ex-eleven_v3-v1.mp3	https://pub-155fa287ae724688aaa870d99135311a.r2.dev/audio/1231.00.01-ex-eleven_v3-v1.mp3
368_ep	1231.00.01	example	EP	Vou falar diretamente com o gerente amanhã.	hOLl3246BMBsdy0qtYLb	Nelson Silvestre	https://pub-155fa287ae724688aaa870d99135311a.r2.dev/audio/1231.00.01-ex-eleven_v3-v1.mp3	https://pub-155fa287ae724688aaa870d99135311a.r2.dev/audio_judge_ab/1231.00.01-ex-eleven_v3-ep.mp3
369_bp	4038.00.01	example	BP	O lume da vela ilumina o quarto.	xNGAXaCH8MaasNuo7Hr7	Beto	https://pub-155fa287ae724688aaa870d99135311a.r2.dev/audio/4038.00.01-ex-eleven_v3-v1.mp3	https://pub-155fa287ae724688aaa870d99135311a.r2.dev/audio/4038.00.01-ex-eleven_v3-v1.mp3
369_ep	4038.00.01	example	EP	O lume da vela ilumina o quarto.	hOLl3246BMBsdy0qtYLb	Nelson Silvestre	https://pub-155fa287ae724688aaa870d99135311a.r2.dev/audio/4038.00.01-ex-eleven_v3-v1.mp3	https://pub-155fa287ae724688aaa870d99135311a.r2.dev/audio_judge_ab/4038.00.01-ex-eleven_v3-ep.mp3
370_bp	3347.00.01	example	BP	Eles têm muita intimidade depois de anos de amizade.	Rw38T6bn0lTNOb1aUevR	Beatriz	https://pub-155fa287ae724688aaa870d99135311a.r2.dev/audio/3347.00.01-ex-eleven_v3-v1.mp3	https://pub-155fa287ae724688aaa870d99135311a.r2.dev/audio/3347.00.01-ex-eleven_v3-v1.mp3
370_ep	3347.00.01	example	EP	Eles têm muita intimidade depois de anos de amizade.	hOLl3246BMBsdy0qtYLb	Nelson Silvestre	https://pub-155fa287ae724688aaa870d99135311a.r2.dev/audio/3347.00.01-ex-eleven_v3-v1.mp3	https://pub-155fa287ae724688aaa870d99135311a.r2.dev/audio_judge_ab/3347.00.01-ex-eleven_v3-ep.mp3
371_bp	3372.00.01	example	BP	Vós sois bem-vindos à nossa casa.	m151rjrbWXbBqyq56tly	Carla	https://pub-155fa287ae724688aaa870d99135311a.r2.dev/audio/3372.00.01-ex-eleven_v3-v1.mp3	https://pub-155fa287ae724688aaa870d99135311a.r2.dev/audio/3372.00.01-ex-eleven_v3-v1.mp3
371_ep	3372.00.01	example	EP	Vós sois bem-vindos à nossa casa.	hOLl3246BMBsdy0qtYLb	Nelson Silvestre	https://pub-155fa287ae724688aaa870d99135311a.r2.dev/audio/3372.00.01-ex-eleven_v3-v1.mp3	https://pub-155fa287ae724688aaa870d99135311a.r2.dev/audio_judge_ab/3372.00.01-ex-eleven_v3-ep.mp3
372_bp	1907.00.01	example	BP	Minha pele é muito sensível ao sol.	Rw38T6bn0lTNOb1aUevR	Beatriz	https://pub-155fa287ae724688aaa870d99135311a.r2.dev/audio/1907.00.01-ex-eleven_v3-v1.mp3	https://pub-155fa287ae724688aaa870d99135311a.r2.dev/audio/1907.00.01-ex-eleven_v3-v1.mp3
372_ep	1907.00.01	example	EP	Minha pele é muito sensível ao sol.	hOLl3246BMBsdy0qtYLb	Nelson Silvestre	https://pub-155fa287ae724688aaa870d99135311a.r2.dev/audio/1907.00.01-ex-eleven_v3-v1.mp3	https://pub-155fa287ae724688aaa870d99135311a.r2.dev/audio_judge_ab/1907.00.01-ex-eleven_v3-ep.mp3
373_bp	4364.00.01	example	BP	O infante Dom Pedro viajou para a França no século XV.	m151rjrbWXbBqyq56tly	Carla	https://pub-155fa287ae724688aaa870d99135311a.r2.dev/audio/4364.00.01-ex-eleven_v3-v1.mp3	https://pub-155fa287ae724688aaa870d99135311a.r2.dev/audio/4364.00.01-ex-eleven_v3-v1.mp3
373_ep	4364.00.01	example	EP	O infante Dom Pedro viajou para a França no século XV.	hOLl3246BMBsdy0qtYLb	Nelson Silvestre	https://pub-155fa287ae724688aaa870d99135311a.r2.dev/audio/4364.00.01-ex-eleven_v3-v1.mp3	https://pub-155fa287ae724688aaa870d99135311a.r2.dev/audio_judge_ab/4364.00.01-ex-eleven_v3-ep.mp3
374_bp	3383.00.01	example	BP	É ilegal estacionar o carro aqui.	ny3E2DZImeZm00WLGZi9	José Paulo	https://pub-155fa287ae724688aaa870d99135311a.r2.dev/audio/3383.00.01-ex-eleven_v3-v1.mp3	https://pub-155fa287ae724688aaa870d99135311a.r2.dev/audio/3383.00.01-ex-eleven_v3-v1.mp3
374_ep	3383.00.01	example	EP	É ilegal estacionar o carro aqui.	hOLl3246BMBsdy0qtYLb	Nelson Silvestre	https://pub-155fa287ae724688aaa870d99135311a.r2.dev/audio/3383.00.01-ex-eleven_v3-v1.mp3	https://pub-155fa287ae724688aaa870d99135311a.r2.dev/audio_judge_ab/3383.00.01-ex-eleven_v3-ep.mp3
375_bp	2291.00.01	example	BP	Chuvas frequentes são comuns no verão.	AaeZyyi87RCxtFnHPS3e	Prof. Campanholi	https://pub-155fa287ae724688aaa870d99135311a.r2.dev/audio/2291.00.01-ex-eleven_v3-v1.mp3	https://pub-155fa287ae724688aaa870d99135311a.r2.dev/audio/2291.00.01-ex-eleven_v3-v1.mp3
375_ep	2291.00.01	example	EP	Chuvas frequentes são comuns no verão.	hOLl3246BMBsdy0qtYLb	Nelson Silvestre	https://pub-155fa287ae724688aaa870d99135311a.r2.dev/audio/2291.00.01-ex-eleven_v3-v1.mp3	https://pub-155fa287ae724688aaa870d99135311a.r2.dev/audio_judge_ab/2291.00.01-ex-eleven_v3-ep.mp3
376_bp	4950.00.01	example	BP	A bandeira está no cimo da montanha.	AaeZyyi87RCxtFnHPS3e	Prof. Campanholi	https://pub-155fa287ae724688aaa870d99135311a.r2.dev/audio/4950.00.01-ex-eleven_v3-v1.mp3	https://pub-155fa287ae724688aaa870d99135311a.r2.dev/audio/4950.00.01-ex-eleven_v3-v1.mp3
376_ep	4950.00.01	example	EP	A bandeira está no cimo da montanha.	hOLl3246BMBsdy0qtYLb	Nelson Silvestre	https://pub-155fa287ae724688aaa870d99135311a.r2.dev/audio/4950.00.01-ex-eleven_v3-v1.mp3	https://pub-155fa287ae724688aaa870d99135311a.r2.dev/audio_judge_ab/4950.00.01-ex-eleven_v3-ep.mp3
377_bp	4773.00.01	example	BP	Eu como cereal com leite no café da manhã.	m151rjrbWXbBqyq56tly	Carla	https://pub-155fa287ae724688aaa870d99135311a.r2.dev/audio/4773.00.01-ex-eleven_v3-v1.mp3	https://pub-155fa287ae724688aaa870d99135311a.r2.dev/audio/4773.00.01-ex-eleven_v3-v1.mp3
377_ep	4773.00.01	example	EP	Eu como cereal com leite no café da manhã.	hOLl3246BMBsdy0qtYLb	Nelson Silvestre	https://pub-155fa287ae724688aaa870d99135311a.r2.dev/audio/4773.00.01-ex-eleven_v3-v1.mp3	https://pub-155fa287ae724688aaa870d99135311a.r2.dev/audio_judge_ab/4773.00.01-ex-eleven_v3-ep.mp3
378_bp	1153.00.01	example	BP	A fronteira entre Brasil e Argentina tem muitos pontos de passagem.	qPfM2laM0pRL4rrZtBGl	Sandro Dutra	https://pub-155fa287ae724688aaa870d99135311a.r2.dev/audio/1153.00.01-ex-eleven_v3-v1.mp3	https://pub-155fa287ae724688aaa870d99135311a.r2.dev/audio/1153.00.01-ex-eleven_v3-v1.mp3
378_ep	1153.00.01	example	EP	A fronteira entre Brasil e Argentina tem muitos pontos de passagem.	hOLl3246BMBsdy0qtYLb	Nelson Silvestre	https://pub-155fa287ae724688aaa870d99135311a.r2.dev/audio/1153.00.01-ex-eleven_v3-v1.mp3	https://pub-155fa287ae724688aaa870d99135311a.r2.dev/audio_judge_ab/1153.00.01-ex-eleven_v3-ep.mp3
379_bp	0489.00.01	example	BP	A receita é muito simples e rápida.	m151rjrbWXbBqyq56tly	Carla	https://pub-155fa287ae724688aaa870d99135311a.r2.dev/audio/0489.00.01-ex-eleven_v3-v1.mp3	https://pub-155fa287ae724688aaa870d99135311a.r2.dev/audio/0489.00.01-ex-eleven_v3-v1.mp3
379_ep	0489.00.01	example	EP	A receita é muito simples e rápida.	hOLl3246BMBsdy0qtYLb	Nelson Silvestre	https://pub-155fa287ae724688aaa870d99135311a.r2.dev/audio/0489.00.01-ex-eleven_v3-v1.mp3	https://pub-155fa287ae724688aaa870d99135311a.r2.dev/audio_judge_ab/0489.00.01-ex-eleven_v3-ep.mp3
380_bp	2471.00.01	example	BP	A publicidade na internet é muito comum hoje.	m151rjrbWXbBqyq56tly	Carla	https://pub-155fa287ae724688aaa870d99135311a.r2.dev/audio/2471.00.01-ex-eleven_v3-v1.mp3	https://pub-155fa287ae724688aaa870d99135311a.r2.dev/audio/2471.00.01-ex-eleven_v3-v1.mp3
380_ep	2471.00.01	example	EP	A publicidade na internet é muito comum hoje.	hOLl3246BMBsdy0qtYLb	Nelson Silvestre	https://pub-155fa287ae724688aaa870d99135311a.r2.dev/audio/2471.00.01-ex-eleven_v3-v1.mp3	https://pub-155fa287ae724688aaa870d99135311a.r2.dev/audio_judge_ab/2471.00.01-ex-eleven_v3-ep.mp3
381_bp	2124.00.02	example	BP	A polícia prendeu uma rapariga na operação contra o tráfico.	m151rjrbWXbBqyq56tly	Carla	https://pub-155fa287ae724688aaa870d99135311a.r2.dev/audio/2124.00.02-ex-eleven_v3-v1.mp3	https://pub-155fa287ae724688aaa870d99135311a.r2.dev/audio/2124.00.02-ex-eleven_v3-v1.mp3
381_ep	2124.00.02	example	EP	A polícia prendeu uma rapariga na operação contra o tráfico.	hOLl3246BMBsdy0qtYLb	Nelson Silvestre	https://pub-155fa287ae724688aaa870d99135311a.r2.dev/audio/2124.00.02-ex-eleven_v3-v1.mp3	https://pub-155fa287ae724688aaa870d99135311a.r2.dev/audio_judge_ab/2124.00.02-ex-eleven_v3-ep.mp3
382_bp	0359.00.01	example	BP	O advogado defende seu cliente no tribunal.	m151rjrbWXbBqyq56tly	Carla	https://pub-155fa287ae724688aaa870d99135311a.r2.dev/audio/0359.00.01-ex-eleven_v3-v1.mp3	https://pub-155fa287ae724688aaa870d99135311a.r2.dev/audio/0359.00.01-ex-eleven_v3-v1.mp3
382_ep	0359.00.01	example	EP	O advogado defende seu cliente no tribunal.	hOLl3246BMBsdy0qtYLb	Nelson Silvestre	https://pub-155fa287ae724688aaa870d99135311a.r2.dev/audio/0359.00.01-ex-eleven_v3-v1.mp3	https://pub-155fa287ae724688aaa870d99135311a.r2.dev/audio_judge_ab/0359.00.01-ex-eleven_v3-ep.mp3
383_bp	4423.00.01	example	BP	Ele estava miserável depois de perder o emprego.	Rw38T6bn0lTNOb1aUevR	Beatriz	https://pub-155fa287ae724688aaa870d99135311a.r2.dev/audio/4423.00.01-ex-eleven_v3-v1.mp3	https://pub-155fa287ae724688aaa870d99135311a.r2.dev/audio/4423.00.01-ex-eleven_v3-v1.mp3
383_ep	4423.00.01	example	EP	Ele estava miserável depois de perder o emprego.	hOLl3246BMBsdy0qtYLb	Nelson Silvestre	https://pub-155fa287ae724688aaa870d99135311a.r2.dev/audio/4423.00.01-ex-eleven_v3-v1.mp3	https://pub-155fa287ae724688aaa870d99135311a.r2.dev/audio_judge_ab/4423.00.01-ex-eleven_v3-ep.mp3
384_bp	3775.00.01	example	BP	A casa tem um jardim considerável.	AaeZyyi87RCxtFnHPS3e	Prof. Campanholi	https://pub-155fa287ae724688aaa870d99135311a.r2.dev/audio/3775.00.01-ex-eleven_v3-v1.mp3	https://pub-155fa287ae724688aaa870d99135311a.r2.dev/audio/3775.00.01-ex-eleven_v3-v1.mp3
384_ep	3775.00.01	example	EP	A casa tem um jardim considerável.	hOLl3246BMBsdy0qtYLb	Nelson Silvestre	https://pub-155fa287ae724688aaa870d99135311a.r2.dev/audio/3775.00.01-ex-eleven_v3-v1.mp3	https://pub-155fa287ae724688aaa870d99135311a.r2.dev/audio_judge_ab/3775.00.01-ex-eleven_v3-ep.mp3
385_bp	0556.00.01	example	BP	Você trabalha demais, precisa descansar.	qPfM2laM0pRL4rrZtBGl	Sandro Dutra	https://pub-155fa287ae724688aaa870d99135311a.r2.dev/audio/0556.00.01-ex-eleven_v3-v1.mp3	https://pub-155fa287ae724688aaa870d99135311a.r2.dev/audio/0556.00.01-ex-eleven_v3-v1.mp3
385_ep	0556.00.01	example	EP	Você trabalha demais, precisa descansar.	hOLl3246BMBsdy0qtYLb	Nelson Silvestre	https://pub-155fa287ae724688aaa870d99135311a.r2.dev/audio/0556.00.01-ex-eleven_v3-v1.mp3	https://pub-155fa287ae724688aaa870d99135311a.r2.dev/audio_judge_ab/0556.00.01-ex-eleven_v3-ep.mp3
386_bp	0007.00.01	example	BP	Eu tenho um gato preto.	qPfM2laM0pRL4rrZtBGl	Sandro Dutra	https://pub-155fa287ae724688aaa870d99135311a.r2.dev/audio/0007.00.01-ex-eleven_v3-v1.mp3	https://pub-155fa287ae724688aaa870d99135311a.r2.dev/audio/0007.00.01-ex-eleven_v3-v1.mp3
386_ep	0007.00.01	example	EP	Eu tenho um gato preto.	hOLl3246BMBsdy0qtYLb	Nelson Silvestre	https://pub-155fa287ae724688aaa870d99135311a.r2.dev/audio/0007.00.01-ex-eleven_v3-v1.mp3	https://pub-155fa287ae724688aaa870d99135311a.r2.dev/audio_judge_ab/0007.00.01-ex-eleven_v3-ep.mp3
387_bp	0205.00.01	example	BP	Este documento é muito importante para mim.	xNGAXaCH8MaasNuo7Hr7	Beto	https://pub-155fa287ae724688aaa870d99135311a.r2.dev/audio/0205.00.01-ex-eleven_v3-v1.mp3	https://pub-155fa287ae724688aaa870d99135311a.r2.dev/audio/0205.00.01-ex-eleven_v3-v1.mp3
387_ep	0205.00.01	example	EP	Este documento é muito importante para mim.	hOLl3246BMBsdy0qtYLb	Nelson Silvestre	https://pub-155fa287ae724688aaa870d99135311a.r2.dev/audio/0205.00.01-ex-eleven_v3-v1.mp3	https://pub-155fa287ae724688aaa870d99135311a.r2.dev/audio_judge_ab/0205.00.01-ex-eleven_v3-ep.mp3
388_bp	4969.00.01	example	BP	Vou despir o casaco porque está quente.	Rw38T6bn0lTNOb1aUevR	Beatriz	https://pub-155fa287ae724688aaa870d99135311a.r2.dev/audio/4969.00.01-ex-eleven_v3-v1.mp3	https://pub-155fa287ae724688aaa870d99135311a.r2.dev/audio/4969.00.01-ex-eleven_v3-v1.mp3
388_ep	4969.00.01	example	EP	Vou despir o casaco porque está quente.	hOLl3246BMBsdy0qtYLb	Nelson Silvestre	https://pub-155fa287ae724688aaa870d99135311a.r2.dev/audio/4969.00.01-ex-eleven_v3-v1.mp3	https://pub-155fa287ae724688aaa870d99135311a.r2.dev/audio_judge_ab/4969.00.01-ex-eleven_v3-ep.mp3
389_bp	0203.00.01	example	BP	Minha cidade é diferente da sua.	Rw38T6bn0lTNOb1aUevR	Beatriz	https://pub-155fa287ae724688aaa870d99135311a.r2.dev/audio/0203.00.01-ex-eleven_v3-v1.mp3	https://pub-155fa287ae724688aaa870d99135311a.r2.dev/audio/0203.00.01-ex-eleven_v3-v1.mp3
389_ep	0203.00.01	example	EP	Minha cidade é diferente da sua.	hOLl3246BMBsdy0qtYLb	Nelson Silvestre	https://pub-155fa287ae724688aaa870d99135311a.r2.dev/audio/0203.00.01-ex-eleven_v3-v1.mp3	https://pub-155fa287ae724688aaa870d99135311a.r2.dev/audio_judge_ab/0203.00.01-ex-eleven_v3-ep.mp3
390_bp	0699.00.01	example	BP	A responsabilidade de cuidar das crianças é dos pais.	m151rjrbWXbBqyq56tly	Carla	https://pub-155fa287ae724688aaa870d99135311a.r2.dev/audio/0699.00.01-ex-eleven_v3-v1.mp3	https://pub-155fa287ae724688aaa870d99135311a.r2.dev/audio/0699.00.01-ex-eleven_v3-v1.mp3
390_ep	0699.00.01	example	EP	A responsabilidade de cuidar das crianças é dos pais.	hOLl3246BMBsdy0qtYLb	Nelson Silvestre	https://pub-155fa287ae724688aaa870d99135311a.r2.dev/audio/0699.00.01-ex-eleven_v3-v1.mp3	https://pub-155fa287ae724688aaa870d99135311a.r2.dev/audio_judge_ab/0699.00.01-ex-eleven_v3-ep.mp3
391_bp	4869.00.01	example	BP	É prudente guardar dinheiro para emergências.	AaeZyyi87RCxtFnHPS3e	Prof. Campanholi	https://pub-155fa287ae724688aaa870d99135311a.r2.dev/audio/4869.00.01-ex-eleven_v3-v1.mp3	https://pub-155fa287ae724688aaa870d99135311a.r2.dev/audio/4869.00.01-ex-eleven_v3-v1.mp3
391_ep	4869.00.01	example	EP	É prudente guardar dinheiro para emergências.	hOLl3246BMBsdy0qtYLb	Nelson Silvestre	https://pub-155fa287ae724688aaa870d99135311a.r2.dev/audio/4869.00.01-ex-eleven_v3-v1.mp3	https://pub-155fa287ae724688aaa870d99135311a.r2.dev/audio_judge_ab/4869.00.01-ex-eleven_v3-ep.mp3
392_bp	2526.00.02	example	BP	Precisamos traçar um plano para o projeto.	qPfM2laM0pRL4rrZtBGl	Sandro Dutra	https://pub-155fa287ae724688aaa870d99135311a.r2.dev/audio/2526.00.02-ex-eleven_v3-v1.mp3	https://pub-155fa287ae724688aaa870d99135311a.r2.dev/audio/2526.00.02-ex-eleven_v3-v1.mp3
392_ep	2526.00.02	example	EP	Precisamos traçar um plano para o projeto.	hOLl3246BMBsdy0qtYLb	Nelson Silvestre	https://pub-155fa287ae724688aaa870d99135311a.r2.dev/audio/2526.00.02-ex-eleven_v3-v1.mp3	https://pub-155fa287ae724688aaa870d99135311a.r2.dev/audio_judge_ab/2526.00.02-ex-eleven_v3-ep.mp3
393_bp	2673.00.01	example	BP	O prefeito vai inaugurar a nova escola amanhã.	m151rjrbWXbBqyq56tly	Carla	https://pub-155fa287ae724688aaa870d99135311a.r2.dev/audio/2673.00.01-ex-eleven_v3-v1.mp3	https://pub-155fa287ae724688aaa870d99135311a.r2.dev/audio/2673.00.01-ex-eleven_v3-v1.mp3
393_ep	2673.00.01	example	EP	O prefeito vai inaugurar a nova escola amanhã.	hOLl3246BMBsdy0qtYLb	Nelson Silvestre	https://pub-155fa287ae724688aaa870d99135311a.r2.dev/audio/2673.00.01-ex-eleven_v3-v1.mp3	https://pub-155fa287ae724688aaa870d99135311a.r2.dev/audio_judge_ab/2673.00.01-ex-eleven_v3-ep.mp3
394_bp	1794.00.01	example	BP	Ele aprendeu português com muita facilidade.	m151rjrbWXbBqyq56tly	Carla	https://pub-155fa287ae724688aaa870d99135311a.r2.dev/audio/1794.00.01-ex-eleven_v3-v1.mp3	https://pub-155fa287ae724688aaa870d99135311a.r2.dev/audio/1794.00.01-ex-eleven_v3-v1.mp3
394_ep	1794.00.01	example	EP	Ele aprendeu português com muita facilidade.	hOLl3246BMBsdy0qtYLb	Nelson Silvestre	https://pub-155fa287ae724688aaa870d99135311a.r2.dev/audio/1794.00.01-ex-eleven_v3-v1.mp3	https://pub-155fa287ae724688aaa870d99135311a.r2.dev/audio_judge_ab/1794.00.01-ex-eleven_v3-ep.mp3
395_bp	3006.00.01	example	BP	Este aparelho velho está inútil, não funciona mais.	Rw38T6bn0lTNOb1aUevR	Beatriz	https://pub-155fa287ae724688aaa870d99135311a.r2.dev/audio/3006.00.01-ex-eleven_v3-v1.mp3	https://pub-155fa287ae724688aaa870d99135311a.r2.dev/audio/3006.00.01-ex-eleven_v3-v1.mp3
395_ep	3006.00.01	example	EP	Este aparelho velho está inútil, não funciona mais.	hOLl3246BMBsdy0qtYLb	Nelson Silvestre	https://pub-155fa287ae724688aaa870d99135311a.r2.dev/audio/3006.00.01-ex-eleven_v3-v1.mp3	https://pub-155fa287ae724688aaa870d99135311a.r2.dev/audio_judge_ab/3006.00.01-ex-eleven_v3-ep.mp3
396_bp	2855.00.01	example	BP	O professor motiva os alunos todos os dias.	Rw38T6bn0lTNOb1aUevR	Beatriz	https://pub-155fa287ae724688aaa870d99135311a.r2.dev/audio/2855.00.01-ex-eleven_v3-v1.mp3	https://pub-155fa287ae724688aaa870d99135311a.r2.dev/audio/2855.00.01-ex-eleven_v3-v1.mp3
396_ep	2855.00.01	example	EP	O professor motiva os alunos todos os dias.	hOLl3246BMBsdy0qtYLb	Nelson Silvestre	https://pub-155fa287ae724688aaa870d99135311a.r2.dev/audio/2855.00.01-ex-eleven_v3-v1.mp3	https://pub-155fa287ae724688aaa870d99135311a.r2.dev/audio_judge_ab/2855.00.01-ex-eleven_v3-ep.mp3
397_bp	4709.00.02	example	BP	Vou ao arraial da cidade no fim de semana.	AaeZyyi87RCxtFnHPS3e	Prof. Campanholi	https://pub-155fa287ae724688aaa870d99135311a.r2.dev/audio/4709.00.02-ex-eleven_v3-v1.mp3	https://pub-155fa287ae724688aaa870d99135311a.r2.dev/audio/4709.00.02-ex-eleven_v3-v1.mp3
397_ep	4709.00.02	example	EP	Vou ao arraial da cidade no fim de semana.	hOLl3246BMBsdy0qtYLb	Nelson Silvestre	https://pub-155fa287ae724688aaa870d99135311a.r2.dev/audio/4709.00.02-ex-eleven_v3-v1.mp3	https://pub-155fa287ae724688aaa870d99135311a.r2.dev/audio_judge_ab/4709.00.02-ex-eleven_v3-ep.mp3
398_bp	1672.00.01	example	BP	O médico encaminhou o paciente para um especialista.	Rw38T6bn0lTNOb1aUevR	Beatriz	https://pub-155fa287ae724688aaa870d99135311a.r2.dev/audio/1672.00.01-ex-eleven_v3-v1.mp3	https://pub-155fa287ae724688aaa870d99135311a.r2.dev/audio/1672.00.01-ex-eleven_v3-v1.mp3
398_ep	1672.00.01	example	EP	O médico encaminhou o paciente para um especialista.	hOLl3246BMBsdy0qtYLb	Nelson Silvestre	https://pub-155fa287ae724688aaa870d99135311a.r2.dev/audio/1672.00.01-ex-eleven_v3-v1.mp3	https://pub-155fa287ae724688aaa870d99135311a.r2.dev/audio_judge_ab/1672.00.01-ex-eleven_v3-ep.mp3
399_bp	3378.00.01	example	BP	Ao invés de café, vou tomar chá hoje.	m151rjrbWXbBqyq56tly	Carla	https://pub-155fa287ae724688aaa870d99135311a.r2.dev/audio/3378.00.01-ex-eleven_v3-v1.mp3	https://pub-155fa287ae724688aaa870d99135311a.r2.dev/audio/3378.00.01-ex-eleven_v3-v1.mp3
399_ep	3378.00.01	example	EP	Ao invés de café, vou tomar chá hoje.	hOLl3246BMBsdy0qtYLb	Nelson Silvestre	https://pub-155fa287ae724688aaa870d99135311a.r2.dev/audio/3378.00.01-ex-eleven_v3-v1.mp3	https://pub-155fa287ae724688aaa870d99135311a.r2.dev/audio_judge_ab/3378.00.01-ex-eleven_v3-ep.mp3
400_bp	1193.00.01	example	BP	O tribunal decidiu o caso ontem.	Rw38T6bn0lTNOb1aUevR	Beatriz	https://pub-155fa287ae724688aaa870d99135311a.r2.dev/audio/1193.00.01-ex-eleven_v3-v1.mp3	https://pub-155fa287ae724688aaa870d99135311a.r2.dev/audio/1193.00.01-ex-eleven_v3-v1.mp3
400_ep	1193.00.01	example	EP	O tribunal decidiu o caso ontem.	hOLl3246BMBsdy0qtYLb	Nelson Silvestre	https://pub-155fa287ae724688aaa870d99135311a.r2.dev/audio/1193.00.01-ex-eleven_v3-v1.mp3	https://pub-155fa287ae724688aaa870d99135311a.r2.dev/audio_judge_ab/1193.00.01-ex-eleven_v3-ep.mp3
