sense_id	topic_primary	topic_index	topic_bucket	topic_subrank	strict_topic_order	polysemy_count_global	polysemy_count_in_topic	polysemy_round_in_topic	spaced_topic_order	spacing_action	order_reason
0001.00.01	#topic-grammar	0	0	10001.0	1	2	2	0	1	none	grammar_pos:art
0007.00.01	#topic-grammar	0	0	70001.0	2	2	2	0	2	none	grammar_pos:art
0005.00.03	#topic-grammar	0	1	50003.0	5	3	3	0	3	none	grammar_pos:pron
0014.00.01	#topic-grammar	0	1	140001.0	6	3	3	0	4	none	grammar_pos:pron
0015.00.01	#topic-grammar	0	1	150001.0	8	1	1	0	5	none	grammar_pos:pron
0022.00.01	#topic-grammar	0	1	220001.0	9	1	1	0	6	none	grammar_pos:pron
0024.00.01	#topic-grammar	0	1	240001.0	10	2	2	0	7	none	grammar_pos:pron
0025.00.01	#topic-grammar	0	1	250001.0	12	1	1	0	8	none	grammar_pos:pron
0031.00.01	#topic-grammar	0	1	310001.0	13	2	2	0	9	none	grammar_pos:pron
0043.00.01	#topic-grammar	0	1	430001.0	15	1	1	0	10	none	grammar_pos:pron
0046.00.01	#topic-grammar	0	1	460001.0	16	1	1	0	11	none	grammar_pos:pron
0047.00.01	#topic-grammar	0	1	470001.0	17	2	2	0	12	none	grammar_pos:pron
0052.00.01	#topic-grammar	0	1	520001.0	19	1	1	0	13	none	grammar_pos:pron
0068.00.01	#topic-grammar	0	1	680001.0	20	1	1	0	14	none	grammar_pos:pron
0072.00.01	#topic-grammar	0	1	720001.0	21	1	1	0	15	none	grammar_pos:pron
0074.00.01	#topic-grammar	0	1	740001.0	22	1	1	0	16	none	grammar_pos:pron
0080.00.01	#topic-grammar	0	1	800001.0	23	1	1	0	17	none	grammar_pos:pron
0083.00.01	#topic-grammar	0	1	830001.0	24	1	1	0	18	none	grammar_pos:pron
0085.00.01	#topic-grammar	0	1	850001.0	25	1	1	0	19	none	grammar_pos:pron
0120.00.01	#topic-grammar	0	1	1200001.0	26	1	1	0	20	none	grammar_pos:pron
0128.00.01	#topic-grammar	0	1	1280001.0	27	1	1	0	21	none	grammar_pos:pron
0139.00.01	#topic-grammar	0	1	1390001.0	28	1	1	0	22	none	grammar_pos:pron
0181.00.01	#topic-grammar	0	1	1810001.0	29	2	2	0	23	none	grammar_pos:pron
0198.00.01	#topic-grammar	0	1	1980001.0	31	1	1	0	24	none	grammar_pos:pron
0287.00.01	#topic-grammar	0	1	2870001.0	32	1	1	0	25	none	grammar_pos:pron
0461.00.01	#topic-grammar	0	1	4610001.0	33	1	1	0	26	none	grammar_pos:pron
0464.00.01	#topic-grammar	0	1	4640001.0	34	1	1	0	27	none	grammar_pos:pron
0487.00.01	#topic-grammar	0	1	4870001.0	35	1	1	0	28	none	grammar_pos:pron
0511.00.01	#topic-grammar	0	1	5110001.0	36	1	1	0	29	none	grammar_pos:pron
0521.00.01	#topic-grammar	0	1	5210001.0	37	1	1	0	30	none	grammar_pos:pron
1697.00.01	#topic-grammar	0	1	16970001.0	38	1	1	0	31	none	grammar_pos:pron
3372.00.01	#topic-grammar	0	1	33720001.0	39	1	1	0	32	none	grammar_pos:pron
0026.00.01	#topic-grammar	0	2	0.0	40	1	1	0	33	none	bucket:determiner-like adjectives
0030.00.01	#topic-grammar	0	2	1.0	41	1	1	0	34	none	bucket:determiner-like adjectives
0038.00.01	#topic-grammar	0	2	2.0	42	1	1	0	35	none	bucket:determiner-like adjectives
0091.00.01	#topic-grammar	0	2	3.0	43	1	1	0	36	none	bucket:determiner-like adjectives
0097.00.01	#topic-grammar	0	2	4.0	44	1	1	0	37	none	bucket:determiner-like adjectives
0108.00.01	#topic-grammar	0	2	5.0	45	1	1	0	38	none	bucket:determiner-like adjectives
0127.00.01	#topic-grammar	0	2	6.0	46	1	1	0	39	none	bucket:determiner-like adjectives
0197.00.01	#topic-grammar	0	2	7.0	47	2	1	0	40	none	bucket:determiner-like adjectives
0772.00.01	#topic-grammar	0	2	8.0	48	1	1	0	41	none	bucket:determiner-like adjectives
0492.00.02	#topic-grammar	0	2	9.0	49	2	1	0	42	none	bucket:determiner-like adjectives
1788.00.01	#topic-grammar	0	2	10.0	50	1	1	0	43	none	bucket:determiner-like adjectives
0748.00.02	#topic-grammar	0	2	11.0	51	2	1	0	44	none	bucket:determiner-like adjectives
0002.00.01	#topic-grammar	0	3	20001.0	52	2	2	0	45	none	grammar_pos:prep
0003.00.01	#topic-grammar	0	3	30001.0	54	2	2	0	46	none	grammar_pos:prep
0008.00.01	#topic-grammar	0	3	80001.0	56	3	3	0	47	none	grammar_pos:prep
0009.00.01	#topic-grammar	0	3	90001.0	59	3	3	0	48	none	grammar_pos:prep
0010.00.01	#topic-grammar	0	3	100001.0	62	2	2	0	49	none	grammar_pos:prep
0012.00.01	#topic-grammar	0	3	120001.0	64	1	1	0	50	none	grammar_pos:prep
0040.00.01	#topic-grammar	0	3	400001.0	65	3	3	0	51	none	grammar_pos:prep
0049.00.01	#topic-grammar	0	3	490001.0	68	1	1	0	52	none	grammar_pos:prep
0053.00.01	#topic-grammar	0	3	530001.0	69	2	2	0	53	none	grammar_pos:prep
0063.00.01	#topic-grammar	0	3	630001.0	71	1	1	0	54	none	grammar_pos:prep
0130.00.01	#topic-grammar	0	3	1300001.0	72	1	1	0	55	none	grammar_pos:prep
0133.00.01	#topic-grammar	0	3	1330001.0	73	1	1	0	56	none	grammar_pos:prep
0134.00.01	#topic-grammar	0	3	1340001.0	74	1	1	0	57	none	grammar_pos:prep
0149.00.01	#topic-grammar	0	3	1490001.0	75	1	1	0	58	none	grammar_pos:prep
0218.00.01	#topic-grammar	0	3	2180001.0	76	1	1	0	59	none	grammar_pos:prep
0268.00.01	#topic-grammar	0	3	2680001.0	77	1	1	0	60	none	grammar_pos:prep
0465.00.01	#topic-grammar	0	3	4650001.0	78	1	1	0	61	none	grammar_pos:prep
0467.00.01	#topic-grammar	0	3	4670001.0	79	1	1	0	62	none	grammar_pos:prep
0575.00.02	#topic-grammar	0	3	5750002.0	80	2	1	0	63	none	grammar_pos:prep
0637.00.01	#topic-grammar	0	3	6370001.0	81	1	1	0	64	none	grammar_pos:prep
0750.00.01	#topic-grammar	0	3	7500001.0	82	1	1	0	65	none	grammar_pos:prep
0941.00.01	#topic-grammar	0	3	9410001.0	83	1	1	0	66	none	grammar_pos:prep
1862.00.01	#topic-grammar	0	3	18620001.0	84	1	1	0	67	none	grammar_pos:prep
2137.00.01	#topic-grammar	0	3	21370001.0	85	2	2	0	68	none	grammar_pos:prep
2269.00.01	#topic-grammar	0	3	22690001.0	87	1	1	0	69	none	grammar_pos:prep
2961.00.01	#topic-grammar	0	3	29610001.0	88	1	1	0	70	none	grammar_pos:prep
3223.00.01	#topic-grammar	0	3	32230001.0	89	1	1	0	71	none	grammar_pos:prep
3378.01.01	#topic-grammar	0	3	33780101.0	90	1	1	0	72	none	grammar_pos:prep
3718.00.01	#topic-grammar	0	3	37180001.0	91	1	1	0	73	none	grammar_pos:prep
3732.00.01	#topic-grammar	0	3	37320001.0	92	1	1	0	74	none	grammar_pos:prep
3765.00.01	#topic-grammar	0	3	37650001.0	93	1	1	0	75	none	grammar_pos:prep
4060.00.01	#topic-grammar	0	3	40600001.0	94	1	1	0	76	none	grammar_pos:prep
4060.01.01	#topic-grammar	0	3	40600101.0	95	1	1	0	77	none	grammar_pos:prep
4187.00.01	#topic-grammar	0	3	41870001.0	96	1	1	0	78	none	grammar_pos:prep
4565.01.01	#topic-grammar	0	3	45650101.0	97	1	1	0	79	none	grammar_pos:prep
0004.00.01	#topic-grammar	0	4	40001.0	98	1	1	0	80	none	grammar_pos:conj
0016.00.02	#topic-grammar	0	4	160002.0	102	3	3	0	81	none	grammar_pos:conj
0019.00.01	#topic-grammar	0	4	190001.0	103	1	1	0	82	none	grammar_pos:conj
0023.00.01	#topic-grammar	0	4	230001.0	104	1	1	0	83	none	grammar_pos:conj
0037.00.01	#topic-grammar	0	4	370001.0	105	1	1	0	84	none	grammar_pos:conj
0067.00.01	#topic-grammar	0	4	670001.0	106	1	1	0	85	none	grammar_pos:conj
0087.00.01	#topic-grammar	0	4	870001.0	107	1	1	0	86	none	grammar_pos:conj
0099.00.01	#topic-grammar	0	4	990001.0	108	1	1	0	87	none	grammar_pos:conj
0191.00.01	#topic-grammar	0	4	1910001.0	109	1	1	0	88	none	grammar_pos:conj
0202.00.01	#topic-grammar	0	4	2020001.0	110	1	1	0	89	none	grammar_pos:conj
0314.01.01	#topic-grammar	0	4	3140101.0	111	1	1	0	90	none	grammar_pos:conj
0364.00.01	#topic-grammar	0	4	3640001.0	112	1	1	0	91	none	grammar_pos:conj
0410.00.01	#topic-grammar	0	4	4100001.0	113	2	2	0	92	none	grammar_pos:conj
0645.00.01	#topic-grammar	0	4	6450001.0	115	1	1	0	93	none	grammar_pos:conj
0842.00.02	#topic-grammar	0	4	8420002.0	116	2	2	0	94	none	grammar_pos:conj
1156.00.01	#topic-grammar	0	4	11560001.0	117	1	1	0	95	none	grammar_pos:conj
1243.00.01	#topic-grammar	0	4	12430001.0	118	3	3	0	96	none	grammar_pos:conj
1992.00.01	#topic-grammar	0	4	19920001.0	121	1	1	0	97	none	grammar_pos:conj
3791.01.01	#topic-grammar	0	4	37910101.0	122	1	1	0	98	none	grammar_pos:conj
0011.00.01	#topic-grammar	0	5	110001.0	123	1	1	0	99	none	grammar_pos:adv
0036.00.01	#topic-grammar	0	5	360001.0	126	1	1	0	100	none	grammar_pos:adv
0051.00.01	#topic-grammar	0	5	510001.0	127	2	1	0	101	none	grammar_pos:adv
0059.00.01	#topic-grammar	0	5	590001.0	128	1	1	0	102	none	grammar_pos:adv
0061.00.01	#topic-grammar	0	5	610001.0	129	1	1	0	103	none	grammar_pos:adv
0071.00.01	#topic-grammar	0	5	710001.0	130	1	1	0	104	none	grammar_pos:adv
0105.00.01	#topic-grammar	0	5	1050001.0	131	1	1	0	105	none	grammar_pos:adv
0157.00.01	#topic-grammar	0	5	1570001.0	132	1	1	0	106	none	grammar_pos:adv
0253.00.01	#topic-grammar	0	5	2530001.0	133	1	1	0	107	none	grammar_pos:adv
0409.00.01	#topic-grammar	0	5	4090001.0	134	1	1	0	108	none	grammar_pos:adv
0456.00.01	#topic-grammar	0	5	4560001.0	135	1	1	0	109	none	grammar_pos:adv
0683.00.01	#topic-grammar	0	5	6830001.0	136	1	1	0	110	none	grammar_pos:adv
0708.00.01	#topic-grammar	0	5	7080001.0	137	2	2	0	111	none	grammar_pos:adv
0756.00.01	#topic-grammar	0	5	7560001.0	139	2	2	0	112	none	grammar_pos:adv
0933.00.01	#topic-grammar	0	5	9330001.0	142	1	1	0	113	none	grammar_pos:adv
1242.00.01	#topic-grammar	0	5	12420001.0	143	1	1	0	114	none	grammar_pos:adv
1260.00.02	#topic-grammar	0	5	12600002.0	144	2	1	0	115	none	grammar_pos:adv
1342.00.01	#topic-grammar	0	5	13420001.0	145	1	1	0	116	none	grammar_pos:adv
1426.00.01	#topic-grammar	0	5	14260001.0	146	1	1	0	117	none	grammar_pos:adv
1448.00.01	#topic-grammar	0	5	14480001.0	147	1	1	0	118	none	grammar_pos:adv
1457.00.02	#topic-grammar	0	5	14570002.0	148	2	1	0	119	none	grammar_pos:adv
1579.00.01	#topic-grammar	0	5	15790001.0	149	1	1	0	120	none	grammar_pos:adv
1810.00.01	#topic-grammar	0	5	18100001.0	150	1	1	0	121	none	grammar_pos:adv
1894.00.01	#topic-grammar	0	5	18940001.0	151	2	1	0	122	none	grammar_pos:adv
1916.00.01	#topic-grammar	0	5	19160001.0	152	1	1	0	123	none	grammar_pos:adv
2875.00.01	#topic-grammar	0	5	28750001.0	153	1	1	0	124	none	grammar_pos:adv
3354.00.01	#topic-grammar	0	5	33540001.0	154	1	1	0	125	none	grammar_pos:adv
3627.00.01	#topic-grammar	0	5	36270001.0	155	1	1	0	126	none	grammar_pos:adv
3874.00.01	#topic-grammar	0	5	38740001.0	156	1	1	0	127	none	grammar_pos:adv
4428.00.01	#topic-grammar	0	5	44280001.0	157	1	1	0	128	none	grammar_pos:adv
3509.00.01	#topic-grammar	0	6	0.0	158	1	1	0	129	none	bucket:grammar terms
4624.00.01	#topic-grammar	0	6	1.0	159	1	1	0	130	none	bucket:grammar terms
2542.00.02	#topic-grammar	0	6	2.0	160	2	1	0	131	none	bucket:grammar terms
4672.00.01	#topic-grammar	0	6	3.0	161	2	1	0	132	none	bucket:grammar terms
2690.00.01	#topic-grammar	0	6	4.0	162	1	1	0	133	none	bucket:grammar terms
2035.00.01	#topic-grammar	0	6	5.0	163	1	1	0	134	none	bucket:grammar terms
3133.00.01	#topic-grammar	0	6	6.0	164	1	1	0	135	none	bucket:grammar terms
2549.00.01	#topic-grammar	0	6	7.0	165	1	1	0	136	none	bucket:grammar terms
0825.00.01	#topic-grammar	0	6	8.0	166	1	1	0	137	none	bucket:grammar terms
3203.00.01	#topic-grammar	0	6	9.0	167	1	1	0	138	none	bucket:grammar terms
4620.00.01	#topic-grammar	0	6	10.0	168	1	1	0	139	none	bucket:grammar terms
1701.00.01	#topic-grammar	0	6	11.0	169	1	1	0	140	none	bucket:grammar terms
3385.00.01	#topic-grammar	0	6	12.0	170	1	1	0	141	none	bucket:grammar terms
3239.00.01	#topic-grammar	0	6	13.0	171	1	1	0	142	none	bucket:grammar terms
0006.00.01	#topic-grammar	0	6	60001.0	172	1	1	0	143	none	grammar_pos:verb
0013.00.01	#topic-grammar	0	6	130001.0	173	1	1	0	144	none	grammar_pos:verb
0017.00.01	#topic-grammar	0	6	170001.0	174	1	1	0	145	none	grammar_pos:verb
0021.00.01	#topic-grammar	0	6	210001.0	175	1	1	0	146	none	grammar_pos:verb
0028.00.01	#topic-grammar	0	6	280001.0	176	1	1	0	147	none	grammar_pos:verb
0056.00.01	#topic-grammar	0	6	560001.0	177	2	1	0	148	none	grammar_pos:verb
0079.00.01	#topic-grammar	0	6	790001.0	178	1	1	0	149	none	grammar_pos:noun
0107.00.02	#topic-grammar	0	6	1070002.0	179	2	1	0	150	none	grammar_pos:num
0187.00.01	#topic-grammar	0	6	1870001.0	180	2	1	0	151	none	grammar_pos:noun
0281.00.01	#topic-grammar	0	6	2810001.0	181	1	1	0	152	none	grammar_pos:noun
0629.00.01	#topic-grammar	0	6	6290001.0	182	1	1	0	153	none	grammar_pos:verb
3378.00.01	#topic-grammar	0	6	33780001.0	183	1	1	0	154	none	grammar_pos:noun
3791.00.01	#topic-grammar	0	6	37910001.0	184	1	1	0	155	none	grammar_pos:noun
0007.00.02	#topic-grammar	0	0	70002.0	3	2	2	1	156	none	grammar_pos:art
0001.00.02	#topic-grammar	0	1	10002.0	4	2	2	1	157	none	grammar_pos:pron
0014.00.02	#topic-grammar	0	1	140002.0	7	3	3	1	158	none	grammar_pos:pron
0024.00.02	#topic-grammar	0	1	240002.0	11	2	2	1	159	none	grammar_pos:pron
0031.00.02	#topic-grammar	0	1	310002.0	14	2	2	1	160	none	grammar_pos:pron
0047.00.02	#topic-grammar	0	1	470002.0	18	2	2	1	161	none	grammar_pos:pron
0181.00.02	#topic-grammar	0	1	1810002.0	30	2	2	1	162	none	grammar_pos:pron
0002.00.02	#topic-grammar	0	3	20002.0	53	2	2	1	163	none	grammar_pos:prep
0003.00.02	#topic-grammar	0	3	30002.0	55	2	2	1	164	none	grammar_pos:prep
0008.00.02	#topic-grammar	0	3	80002.0	57	3	3	1	165	none	grammar_pos:prep
0009.00.02	#topic-grammar	0	3	90002.0	60	3	3	1	166	none	grammar_pos:prep
0010.00.02	#topic-grammar	0	3	100002.0	63	2	2	1	167	none	grammar_pos:prep
0040.00.02	#topic-grammar	0	3	400002.0	66	3	3	1	168	none	grammar_pos:prep
0053.00.02	#topic-grammar	0	3	530002.0	70	2	2	1	169	none	grammar_pos:prep
2137.00.02	#topic-grammar	0	3	21370002.0	86	2	2	1	170	none	grammar_pos:prep
0005.00.01	#topic-grammar	0	4	50001.0	99	3	3	1	171	none	grammar_pos:conj
0410.00.02	#topic-grammar	0	4	4100002.0	114	2	2	1	172	none	grammar_pos:conj
1243.00.02	#topic-grammar	0	4	12430002.0	119	3	3	1	173	none	grammar_pos:conj
0016.00.01	#topic-grammar	0	5	160001.0	124	3	3	1	174	none	grammar_pos:adv
0708.00.02	#topic-grammar	0	5	7080002.0	138	2	2	1	175	none	grammar_pos:adv
0756.00.02	#topic-grammar	0	5	7560002.0	140	2	2	1	176	none	grammar_pos:adv
0842.00.01	#topic-grammar	0	5	8420001.0	141	2	2	1	177	none	grammar_pos:adv
0008.00.03	#topic-grammar	0	3	80003.0	58	3	3	2	178	none	grammar_pos:prep
0009.00.03	#topic-grammar	0	3	90003.0	61	3	3	2	179	none	grammar_pos:prep
0040.00.03	#topic-grammar	0	3	400003.0	67	3	3	2	180	none	grammar_pos:prep
0005.00.02	#topic-grammar	0	4	50002.0	100	3	3	2	181	none	grammar_pos:conj
0014.00.03	#topic-grammar	0	4	140003.0	101	3	3	2	182	none	grammar_pos:conj
1243.00.03	#topic-grammar	0	4	12430003.0	120	3	3	2	183	none	grammar_pos:conj
0016.00.03	#topic-grammar	0	5	160003.0	125	3	3	2	184	none	grammar_pos:adv
0051.00.02	#topic-person-identity	1	999	510002.0	185	2	1	0	185	none	topic_default
0069.00.01	#topic-person-identity	1	999	690001.0	186	1	1	0	186	none	topic_default
0076.00.01	#topic-person-identity	1	999	760001.0	187	1	1	0	187	none	topic_default
0078.00.01	#topic-person-identity	1	999	780001.0	188	1	1	0	188	none	topic_default
0119.00.01	#topic-person-identity	1	999	1190001.0	189	1	1	0	189	none	topic_default
0122.00.01	#topic-person-identity	1	999	1220001.0	190	2	1	0	190	none	topic_default
0223.00.01	#topic-person-identity	1	999	2230001.0	191	1	1	0	191	none	topic_default
0256.00.01	#topic-person-identity	1	999	2560001.0	192	3	2	0	192	none	topic_default
0262.00.01	#topic-person-identity	1	999	2620001.0	194	1	1	0	193	none	topic_default
0276.00.01	#topic-person-identity	1	999	2760001.0	195	1	1	0	194	none	topic_default
0302.00.01	#topic-person-identity	1	999	3020001.0	196	1	1	0	195	none	topic_default
0322.00.01	#topic-person-identity	1	999	3220001.0	197	1	1	0	196	none	topic_default
0348.00.01	#topic-person-identity	1	999	3480001.0	198	2	1	0	197	none	topic_default
0401.00.01	#topic-person-identity	1	999	4010001.0	199	1	1	0	198	none	topic_default
0404.00.01	#topic-person-identity	1	999	4040001.0	200	1	1	0	199	none	topic_default
0416.00.01	#topic-person-identity	1	999	4160001.0	201	1	1	0	200	none	topic_default
0441.00.03	#topic-person-identity	1	999	4410003.0	202	3	1	0	201	none	topic_default
0445.00.01	#topic-person-identity	1	999	4450001.0	203	1	1	0	202	none	topic_default
0587.00.01	#topic-person-identity	1	999	5870001.0	204	1	1	0	203	none	topic_default
0707.00.01	#topic-person-identity	1	999	7070001.0	205	1	1	0	204	none	topic_default
0821.00.01	#topic-person-identity	1	999	8210001.0	206	1	1	0	205	none	topic_default
0863.00.01	#topic-person-identity	1	999	8630001.0	207	1	1	0	206	none	topic_default
0956.00.01	#topic-person-identity	1	999	9560001.0	208	1	1	0	207	none	topic_default
1223.00.01	#topic-person-identity	1	999	12230001.0	209	1	1	0	208	none	topic_default
1224.00.01	#topic-person-identity	1	999	12240001.0	210	1	1	0	209	none	topic_default
1336.00.01	#topic-person-identity	1	999	13360001.0	211	1	1	0	210	none	topic_default
1393.00.01	#topic-person-identity	1	999	13930001.0	212	1	1	0	211	none	topic_default
1394.00.01	#topic-person-identity	1	999	13940001.0	213	1	1	0	212	none	topic_default
1412.00.01	#topic-person-identity	1	999	14120001.0	214	1	1	0	213	none	topic_default
1477.00.01	#topic-person-identity	1	999	14770001.0	215	1	1	0	214	none	topic_default
1504.00.01	#topic-person-identity	1	999	15040001.0	216	1	1	0	215	none	topic_default
1564.00.01	#topic-person-identity	1	999	15640001.0	217	1	1	0	216	none	topic_default
1586.00.01	#topic-person-identity	1	999	15860001.0	218	1	1	0	217	none	topic_default
1600.00.01	#topic-person-identity	1	999	16000001.0	219	1	1	0	218	none	topic_default
1602.00.01	#topic-person-identity	1	999	16020001.0	220	1	1	0	219	none	topic_default
1625.00.01	#topic-person-identity	1	999	16250001.0	221	2	1	0	220	none	topic_default
1665.00.01	#topic-person-identity	1	999	16650001.0	222	1	1	0	221	none	topic_default
1704.00.01	#topic-person-identity	1	999	17040001.0	223	1	1	0	222	none	topic_default
1787.00.01	#topic-person-identity	1	999	17870001.0	224	1	1	0	223	none	topic_default
1857.00.01	#topic-person-identity	1	999	18570001.0	225	1	1	0	224	none	topic_default
1882.00.02	#topic-person-identity	1	999	18820002.0	226	2	1	0	225	none	topic_default
2059.00.01	#topic-person-identity	1	999	20590001.0	227	1	1	0	226	none	topic_default
2124.00.01	#topic-person-identity	1	999	21240001.0	228	2	1	0	227	none	topic_default
2397.00.01	#topic-person-identity	1	999	23970001.0	229	1	1	0	228	none	topic_default
2407.00.01	#topic-person-identity	1	999	24070001.0	230	1	1	0	229	none	topic_default
2454.00.03	#topic-person-identity	1	999	24540003.0	231	3	1	0	230	none	topic_default
2640.00.01	#topic-person-identity	1	999	26400001.0	232	1	1	0	231	none	topic_default
2694.00.01	#topic-person-identity	1	999	26940001.0	233	1	1	0	232	none	topic_default
2721.00.01	#topic-person-identity	1	999	27210001.0	234	1	1	0	233	none	topic_default
3007.00.02	#topic-person-identity	1	999	30070002.0	235	2	1	0	234	none	topic_default
3225.00.01	#topic-person-identity	1	999	32250001.0	236	1	1	0	235	none	topic_default
3339.00.01	#topic-person-identity	1	999	33390001.0	237	1	1	0	236	none	topic_default
3442.00.01	#topic-person-identity	1	999	34420001.0	238	1	1	0	237	none	topic_default
3515.00.01	#topic-person-identity	1	999	35150001.0	239	1	1	0	238	none	topic_default
3674.00.01	#topic-person-identity	1	999	36740001.0	240	1	1	0	239	none	topic_default
3786.00.01	#topic-person-identity	1	999	37860001.0	241	1	1	0	240	none	topic_default
3916.00.01	#topic-person-identity	1	999	39160001.0	242	1	1	0	241	none	topic_default
3920.00.01	#topic-person-identity	1	999	39200001.0	243	1	1	0	242	none	topic_default
4021.00.01	#topic-person-identity	1	999	40210001.0	244	1	1	0	243	none	topic_default
4049.00.01	#topic-person-identity	1	999	40490001.0	245	1	1	0	244	none	topic_default
4108.00.01	#topic-person-identity	1	999	41080001.0	246	1	1	0	245	none	topic_default
4134.00.01	#topic-person-identity	1	999	41340001.0	247	1	1	0	246	none	topic_default
4144.00.01	#topic-person-identity	1	999	41440001.0	248	1	1	0	247	none	topic_default
4230.00.01	#topic-person-identity	1	999	42300001.0	249	1	1	0	248	none	topic_default
4279.00.01	#topic-person-identity	1	999	42790001.0	250	1	1	0	249	none	topic_default
4364.00.02	#topic-person-identity	1	999	43640002.0	251	2	1	0	250	none	topic_default
4439.00.01	#topic-person-identity	1	999	44390001.0	252	1	1	0	251	none	topic_default
4462.00.01	#topic-person-identity	1	999	44620001.0	253	1	1	0	252	none	topic_default
4495.00.01	#topic-person-identity	1	999	44950001.0	254	1	1	0	253	none	topic_default
4609.00.01	#topic-person-identity	1	999	46090001.0	255	2	1	0	254	none	topic_default
4636.00.01	#topic-person-identity	1	999	46360001.0	256	2	2	0	255	none	topic_default
4691.00.01	#topic-person-identity	1	999	46910001.0	258	2	1	0	256	none	topic_default
4739.00.02	#topic-person-identity	1	999	47390002.0	259	2	1	0	257	none	topic_default
4751.00.01	#topic-person-identity	1	999	47510001.0	260	1	1	0	258	none	topic_default
4832.00.01	#topic-person-identity	1	999	48320001.0	261	1	1	0	259	none	topic_default
4953.00.01	#topic-person-identity	1	999	49530001.0	262	1	1	0	260	none	topic_default
0256.00.03	#topic-person-identity	1	999	2560003.0	193	3	2	1	261	none	topic_default
4636.00.02	#topic-person-identity	1	999	46360002.0	257	2	2	1	262	none	topic_default
0088.00.02	#topic-family-relations	2	999	880002.0	263	2	1	0	263	none	topic_default
0122.00.02	#topic-family-relations	2	999	1220002.0	264	2	1	0	264	none	topic_default
0141.00.01	#topic-family-relations	2	999	1410001.0	265	1	1	0	265	none	topic_default
0168.00.01	#topic-family-relations	2	999	1680001.0	266	1	1	0	266	none	topic_default
0186.00.01	#topic-family-relations	2	999	1860001.0	267	1	1	0	267	none	topic_default
0187.00.02	#topic-family-relations	2	999	1870002.0	268	2	1	0	268	none	topic_default
0270.00.01	#topic-family-relations	2	999	2700001.0	269	1	1	0	269	none	topic_default
0466.00.01	#topic-family-relations	2	999	4660001.0	270	1	1	0	270	none	topic_default
0486.00.01	#topic-family-relations	2	999	4860001.0	271	1	1	0	271	none	topic_default
0547.00.01	#topic-family-relations	2	999	5470001.0	272	1	1	0	272	none	topic_default
0681.00.01	#topic-family-relations	2	999	6810001.0	273	1	1	0	273	none	topic_default
0735.00.01	#topic-family-relations	2	999	7350001.0	274	1	1	0	274	none	topic_default
0832.00.01	#topic-family-relations	2	999	8320001.0	275	1	1	0	275	none	topic_default
0839.00.02	#topic-family-relations	2	999	8390002.0	276	3	2	0	276	none	topic_default
1098.00.01	#topic-family-relations	2	999	10980001.0	278	1	1	0	277	none	topic_default
1214.00.01	#topic-family-relations	2	999	12140001.0	279	1	1	0	278	none	topic_default
1306.00.01	#topic-family-relations	2	999	13060001.0	280	1	1	0	279	none	topic_default
1348.00.01	#topic-family-relations	2	999	13480001.0	281	1	1	0	280	none	topic_default
1425.00.01	#topic-family-relations	2	999	14250001.0	282	1	1	0	281	none	topic_default
1821.00.01	#topic-family-relations	2	999	18210001.0	283	1	1	0	282	none	topic_default
1878.00.01	#topic-family-relations	2	999	18780001.0	284	1	1	0	283	none	topic_default
1961.00.01	#topic-family-relations	2	999	19610001.0	285	2	1	0	284	none	topic_default
2041.00.01	#topic-family-relations	2	999	20410001.0	286	1	1	0	285	none	topic_default
2162.00.02	#topic-family-relations	2	999	21620002.0	287	3	1	0	286	none	topic_default
2265.00.01	#topic-family-relations	2	999	22650001.0	288	1	1	0	287	none	topic_default
2362.00.01	#topic-family-relations	2	999	23620001.0	289	1	1	0	288	none	topic_default
2366.00.01	#topic-family-relations	2	999	23660001.0	290	1	1	0	289	none	topic_default
2609.00.01	#topic-family-relations	2	999	26090001.0	291	1	1	0	290	none	topic_default
2627.00.01	#topic-family-relations	2	999	26270001.0	292	1	1	0	291	none	topic_default
2656.00.01	#topic-family-relations	2	999	26560001.0	293	1	1	0	292	none	topic_default
2676.00.01	#topic-family-relations	2	999	26760001.0	294	1	1	0	293	none	topic_default
2710.00.01	#topic-family-relations	2	999	27100001.0	295	1	1	0	294	none	topic_default
2856.00.01	#topic-family-relations	2	999	28560001.0	296	1	1	0	295	none	topic_default
2912.00.01	#topic-family-relations	2	999	29120001.0	297	1	1	0	296	none	topic_default
2944.00.01	#topic-family-relations	2	999	29440001.0	298	1	1	0	297	none	topic_default
2988.00.01	#topic-family-relations	2	999	29880001.0	299	1	1	0	298	none	topic_default
3020.00.01	#topic-family-relations	2	999	30200001.0	300	1	1	0	299	none	topic_default
3127.00.01	#topic-family-relations	2	999	31270001.0	301	1	1	0	300	none	topic_default
3346.00.01	#topic-family-relations	2	999	33460001.0	302	1	1	0	301	none	topic_default
3513.00.01	#topic-family-relations	2	999	35130001.0	303	1	1	0	302	none	topic_default
3542.00.01	#topic-family-relations	2	999	35420001.0	304	1	1	0	303	none	topic_default
3749.00.01	#topic-family-relations	2	999	37490001.0	305	1	1	0	304	none	topic_default
3789.00.01	#topic-family-relations	2	999	37890001.0	306	1	1	0	305	none	topic_default
3805.00.02	#topic-family-relations	2	999	38050002.0	307	2	1	0	306	none	topic_default
4033.00.01	#topic-family-relations	2	999	40330001.0	308	1	1	0	307	none	topic_default
4080.00.01	#topic-family-relations	2	999	40800001.0	309	2	1	0	308	none	topic_default
4095.00.01	#topic-family-relations	2	999	40950001.0	310	1	1	0	309	none	topic_default
4139.00.01	#topic-family-relations	2	999	41390001.0	311	1	1	0	310	none	topic_default
4278.00.01	#topic-family-relations	2	999	42780001.0	312	1	1	0	311	none	topic_default
4330.00.01	#topic-family-relations	2	999	43300001.0	313	1	1	0	312	none	topic_default
4341.00.01	#topic-family-relations	2	999	43410001.0	314	1	1	0	313	none	topic_default
4481.00.01	#topic-family-relations	2	999	44810001.0	315	1	1	0	314	none	topic_default
4511.00.01	#topic-family-relations	2	999	45110001.0	316	1	1	0	315	none	topic_default
4577.00.01	#topic-family-relations	2	999	45770001.0	317	1	1	0	316	none	topic_default
4759.00.01	#topic-family-relations	2	999	47590001.0	318	1	1	0	317	none	topic_default
4793.00.01	#topic-family-relations	2	999	47930001.0	319	1	1	0	318	none	topic_default
4934.00.01	#topic-family-relations	2	999	49340001.0	320	1	1	0	319	none	topic_default
4970.00.01	#topic-family-relations	2	999	49700001.0	321	1	1	0	320	none	topic_default
0839.00.03	#topic-family-relations	2	999	8390003.0	277	3	2	1	321	none	topic_default
0062.00.01	#topic-character-qualities	3	999	620001.0	322	1	1	0	322	none	topic_default
0066.00.01	#topic-character-qualities	3	999	660001.0	323	1	1	0	323	none	topic_default
0089.00.01	#topic-character-qualities	3	999	890001.0	324	1	1	0	324	none	topic_default
0117.00.01	#topic-character-qualities	3	999	1170001.0	325	1	1	0	325	none	topic_default
0197.00.02	#topic-character-qualities	3	999	1970002.0	326	2	1	0	326	none	topic_default
0200.00.01	#topic-character-qualities	3	999	2000001.0	327	3	1	0	327	none	topic_default
0203.00.01	#topic-character-qualities	3	999	2030001.0	328	1	1	0	328	none	topic_default
0204.00.01	#topic-character-qualities	3	999	2040001.0	329	1	1	0	329	none	topic_default
0205.00.01	#topic-character-qualities	3	999	2050001.0	330	1	1	0	330	none	topic_default
0214.00.01	#topic-character-qualities	3	999	2140001.0	331	1	1	0	331	none	topic_default
0220.00.01	#topic-character-qualities	3	999	2200001.0	332	1	1	0	332	none	topic_default
0227.00.01	#topic-character-qualities	3	999	2270001.0	333	1	1	0	333	none	topic_default
0274.00.02	#topic-character-qualities	3	999	2740002.0	334	3	1	0	334	none	topic_default
0280.00.01	#topic-character-qualities	3	999	2800001.0	335	1	1	0	335	none	topic_default
0295.00.01	#topic-character-qualities	3	999	2950001.0	336	2	2	0	336	none	topic_default
0321.00.01	#topic-character-qualities	3	999	3210001.0	338	1	1	0	337	none	topic_default
0325.00.01	#topic-character-qualities	3	999	3250001.0	339	1	1	0	338	none	topic_default
0331.00.01	#topic-character-qualities	3	999	3310001.0	340	1	1	0	339	none	topic_default
0361.00.01	#topic-character-qualities	3	999	3610001.0	341	1	1	0	340	none	topic_default
0368.00.01	#topic-character-qualities	3	999	3680001.0	342	1	1	0	341	none	topic_default
0371.00.01	#topic-character-qualities	3	999	3710001.0	343	1	1	0	342	none	topic_default
0375.00.01	#topic-character-qualities	3	999	3750001.0	344	1	1	0	343	none	topic_default
0379.00.01	#topic-character-qualities	3	999	3790001.0	345	1	1	0	344	none	topic_default
0402.00.01	#topic-character-qualities	3	999	4020001.0	346	1	1	0	345	none	topic_default
0420.00.01	#topic-character-qualities	3	999	4200001.0	347	1	1	0	346	none	topic_default
0422.00.01	#topic-character-qualities	3	999	4220001.0	348	1	1	0	347	none	topic_default
0424.00.01	#topic-character-qualities	3	999	4240001.0	349	1	1	0	348	none	topic_default
0431.00.01	#topic-character-qualities	3	999	4310001.0	350	1	1	0	349	none	topic_default
0440.00.01	#topic-character-qualities	3	999	4400001.0	351	1	1	0	350	none	topic_default
0443.00.01	#topic-character-qualities	3	999	4430001.0	352	1	1	0	351	none	topic_default
0448.00.01	#topic-character-qualities	3	999	4480001.0	353	1	1	0	352	none	topic_default
0450.00.01	#topic-character-qualities	3	999	4500001.0	354	1	1	0	353	none	topic_default
0479.00.01	#topic-character-qualities	3	999	4790001.0	355	1	1	0	354	none	topic_default
0488.00.01	#topic-character-qualities	3	999	4880001.0	356	1	1	0	355	none	topic_default
0489.00.01	#topic-character-qualities	3	999	4890001.0	357	1	1	0	356	none	topic_default
0492.00.01	#topic-character-qualities	3	999	4920001.0	358	2	1	0	357	none	topic_default
0538.00.01	#topic-character-qualities	3	999	5380001.0	359	1	1	0	358	none	topic_default
0565.00.01	#topic-character-qualities	3	999	5650001.0	360	2	1	0	359	none	topic_default
0571.00.01	#topic-character-qualities	3	999	5710001.0	361	1	1	0	360	none	topic_default
0592.00.01	#topic-character-qualities	3	999	5920001.0	362	1	1	0	361	none	topic_default
0610.00.01	#topic-character-qualities	3	999	6100001.0	363	1	1	0	362	none	topic_default
0621.00.01	#topic-character-qualities	3	999	6210001.0	364	1	1	0	363	none	topic_default
0623.00.01	#topic-character-qualities	3	999	6230001.0	365	1	1	0	364	none	topic_default
0642.00.01	#topic-character-qualities	3	999	6420001.0	366	1	1	0	365	none	topic_default
0647.00.01	#topic-character-qualities	3	999	6470001.0	367	1	1	0	366	none	topic_default
0651.00.02	#topic-character-qualities	3	999	6510002.0	368	2	1	0	367	none	topic_default
0654.00.01	#topic-character-qualities	3	999	6540001.0	369	1	1	0	368	none	topic_default
0699.00.01	#topic-character-qualities	3	999	6990001.0	370	1	1	0	369	none	topic_default
0706.00.01	#topic-character-qualities	3	999	7060001.0	371	1	1	0	370	none	topic_default
0710.00.01	#topic-character-qualities	3	999	7100001.0	372	1	1	0	371	none	topic_default
0736.00.01	#topic-character-qualities	3	999	7360001.0	373	1	1	0	372	none	topic_default
0738.00.01	#topic-character-qualities	3	999	7380001.0	374	1	1	0	373	none	topic_default
0742.00.01	#topic-character-qualities	3	999	7420001.0	375	1	1	0	374	none	topic_default
0774.00.01	#topic-character-qualities	3	999	7740001.0	376	1	1	0	375	none	topic_default
0830.00.01	#topic-character-qualities	3	999	8300001.0	377	1	1	0	376	none	topic_default
0851.00.01	#topic-character-qualities	3	999	8510001.0	378	2	1	0	377	none	topic_default
0866.00.01	#topic-character-qualities	3	999	8660001.0	379	1	1	0	378	none	topic_default
0882.00.01	#topic-character-qualities	3	999	8820001.0	380	1	1	0	379	none	topic_default
0884.00.01	#topic-character-qualities	3	999	8840001.0	381	1	1	0	380	none	topic_default
0889.00.02	#topic-character-qualities	3	999	8890002.0	382	2	1	0	381	none	topic_default
0909.00.01	#topic-character-qualities	3	999	9090001.0	383	1	1	0	382	none	topic_default
0911.00.01	#topic-character-qualities	3	999	9110001.0	384	1	1	0	383	none	topic_default
0923.00.01	#topic-character-qualities	3	999	9230001.0	385	1	1	0	384	none	topic_default
0924.00.01	#topic-character-qualities	3	999	9240001.0	386	2	2	0	385	none	topic_default
0944.00.01	#topic-character-qualities	3	999	9440001.0	388	1	1	0	386	none	topic_default
0946.00.01	#topic-character-qualities	3	999	9460001.0	389	1	1	0	387	none	topic_default
0947.00.01	#topic-character-qualities	3	999	9470001.0	390	2	2	0	388	none	topic_default
0951.00.01	#topic-character-qualities	3	999	9510001.0	392	1	1	0	389	none	topic_default
0955.00.01	#topic-character-qualities	3	999	9550001.0	393	1	1	0	390	none	topic_default
0986.00.01	#topic-character-qualities	3	999	9860001.0	394	1	1	0	391	none	topic_default
1004.00.01	#topic-character-qualities	3	999	10040001.0	395	1	1	0	392	none	topic_default
1034.00.01	#topic-character-qualities	3	999	10340001.0	396	1	1	0	393	none	topic_default
1048.00.01	#topic-character-qualities	3	999	10480001.0	397	1	1	0	394	none	topic_default
1059.00.02	#topic-character-qualities	3	999	10590002.0	398	3	2	0	395	none	topic_default
1073.00.01	#topic-character-qualities	3	999	10730001.0	400	1	1	0	396	none	topic_default
1078.00.01	#topic-character-qualities	3	999	10780001.0	401	1	1	0	397	none	topic_default
1084.00.01	#topic-character-qualities	3	999	10840001.0	402	1	1	0	398	none	topic_default
1087.00.01	#topic-character-qualities	3	999	10870001.0	403	1	1	0	399	none	topic_default
1105.00.01	#topic-character-qualities	3	999	11050001.0	404	2	1	0	400	none	topic_default
1137.00.01	#topic-character-qualities	3	999	11370001.0	405	1	1	0	401	none	topic_default
1138.00.01	#topic-character-qualities	3	999	11380001.0	406	1	1	0	402	none	topic_default
1151.00.01	#topic-character-qualities	3	999	11510001.0	407	1	1	0	403	none	topic_default
1152.00.01	#topic-character-qualities	3	999	11520001.0	408	1	1	0	404	none	topic_default
1158.00.01	#topic-character-qualities	3	999	11580001.0	409	1	1	0	405	none	topic_default
1173.00.01	#topic-character-qualities	3	999	11730001.0	410	1	1	0	406	none	topic_default
1194.00.01	#topic-character-qualities	3	999	11940001.0	411	1	1	0	407	none	topic_default
1201.00.01	#topic-character-qualities	3	999	12010001.0	412	1	1	0	408	none	topic_default
1206.00.01	#topic-character-qualities	3	999	12060001.0	413	1	1	0	409	none	topic_default
1216.00.01	#topic-character-qualities	3	999	12160001.0	414	1	1	0	410	none	topic_default
1221.00.01	#topic-character-qualities	3	999	12210001.0	415	1	1	0	411	none	topic_default
1228.00.01	#topic-character-qualities	3	999	12280001.0	416	1	1	0	412	none	topic_default
1229.00.01	#topic-character-qualities	3	999	12290001.0	417	1	1	0	413	none	topic_default
1230.00.01	#topic-character-qualities	3	999	12300001.0	418	1	1	0	414	none	topic_default
1232.00.01	#topic-character-qualities	3	999	12320001.0	419	1	1	0	415	none	topic_default
1239.00.01	#topic-character-qualities	3	999	12390001.0	420	1	1	0	416	none	topic_default
1248.00.01	#topic-character-qualities	3	999	12480001.0	421	1	1	0	417	none	topic_default
1258.00.01	#topic-character-qualities	3	999	12580001.0	422	1	1	0	418	none	topic_default
1265.00.01	#topic-character-qualities	3	999	12650001.0	423	1	1	0	419	none	topic_default
1266.00.01	#topic-character-qualities	3	999	12660001.0	424	1	1	0	420	none	topic_default
1269.00.01	#topic-character-qualities	3	999	12690001.0	425	1	1	0	421	none	topic_default
1276.00.01	#topic-character-qualities	3	999	12760001.0	426	1	1	0	422	none	topic_default
1300.00.01	#topic-character-qualities	3	999	13000001.0	427	1	1	0	423	none	topic_default
1303.00.01	#topic-character-qualities	3	999	13030001.0	428	1	1	0	424	none	topic_default
1309.00.01	#topic-character-qualities	3	999	13090001.0	429	1	1	0	425	none	topic_default
1323.00.01	#topic-character-qualities	3	999	13230001.0	430	1	1	0	426	none	topic_default
1340.00.01	#topic-character-qualities	3	999	13400001.0	431	1	1	0	427	none	topic_default
1358.00.01	#topic-character-qualities	3	999	13580001.0	432	1	1	0	428	none	topic_default
1360.00.01	#topic-character-qualities	3	999	13600001.0	433	1	1	0	429	none	topic_default
1365.00.01	#topic-character-qualities	3	999	13650001.0	434	2	1	0	430	none	topic_default
1369.00.01	#topic-character-qualities	3	999	13690001.0	435	1	1	0	431	none	topic_default
1402.00.01	#topic-character-qualities	3	999	14020001.0	436	1	1	0	432	none	topic_default
1421.00.01	#topic-character-qualities	3	999	14210001.0	437	2	1	0	433	none	topic_default
1423.00.01	#topic-character-qualities	3	999	14230001.0	438	1	1	0	434	none	topic_default
1436.00.01	#topic-character-qualities	3	999	14360001.0	439	1	1	0	435	none	topic_default
1440.00.01	#topic-character-qualities	3	999	14400001.0	440	2	1	0	436	none	topic_default
1442.00.01	#topic-character-qualities	3	999	14420001.0	441	1	1	0	437	none	topic_default
1486.00.01	#topic-character-qualities	3	999	14860001.0	442	1	1	0	438	none	topic_default
1489.00.01	#topic-character-qualities	3	999	14890001.0	443	1	1	0	439	none	topic_default
1493.00.01	#topic-character-qualities	3	999	14930001.0	444	1	1	0	440	none	topic_default
1501.00.01	#topic-character-qualities	3	999	15010001.0	445	1	1	0	441	none	topic_default
1518.00.01	#topic-character-qualities	3	999	15180001.0	446	1	1	0	442	none	topic_default
1519.00.01	#topic-character-qualities	3	999	15190001.0	447	1	1	0	443	none	topic_default
1527.00.01	#topic-character-qualities	3	999	15270001.0	448	2	2	0	444	none	topic_default
1530.00.01	#topic-character-qualities	3	999	15300001.0	450	1	1	0	445	none	topic_default
1535.00.01	#topic-character-qualities	3	999	15350001.0	451	1	1	0	446	none	topic_default
1538.00.01	#topic-character-qualities	3	999	15380001.0	452	2	2	0	447	none	topic_default
1545.00.01	#topic-character-qualities	3	999	15450001.0	454	1	1	0	448	none	topic_default
1556.00.01	#topic-character-qualities	3	999	15560001.0	455	1	1	0	449	none	topic_default
1567.00.02	#topic-character-qualities	3	999	15670002.0	456	2	1	0	450	none	topic_default
1571.00.01	#topic-character-qualities	3	999	15710001.0	457	1	1	0	451	none	topic_default
1575.00.01	#topic-character-qualities	3	999	15750001.0	458	1	1	0	452	none	topic_default
1577.00.01	#topic-character-qualities	3	999	15770001.0	459	1	1	0	453	none	topic_default
1583.00.01	#topic-character-qualities	3	999	15830001.0	460	1	1	0	454	none	topic_default
1592.00.01	#topic-character-qualities	3	999	15920001.0	461	1	1	0	455	none	topic_default
1617.00.01	#topic-character-qualities	3	999	16170001.0	462	1	1	0	456	none	topic_default
1618.00.01	#topic-character-qualities	3	999	16180001.0	463	1	1	0	457	none	topic_default
1624.00.01	#topic-character-qualities	3	999	16240001.0	464	1	1	0	458	none	topic_default
1632.00.01	#topic-character-qualities	3	999	16320001.0	465	1	1	0	459	none	topic_default
1666.00.01	#topic-character-qualities	3	999	16660001.0	466	1	1	0	460	none	topic_default
1673.00.01	#topic-character-qualities	3	999	16730001.0	467	1	1	0	461	none	topic_default
1677.00.01	#topic-character-qualities	3	999	16770001.0	468	1	1	0	462	none	topic_default
1681.00.01	#topic-character-qualities	3	999	16810001.0	469	1	1	0	463	none	topic_default
1683.00.01	#topic-character-qualities	3	999	16830001.0	470	1	1	0	464	none	topic_default
1721.00.01	#topic-character-qualities	3	999	17210001.0	471	1	1	0	465	none	topic_default
1756.00.02	#topic-character-qualities	3	999	17560002.0	472	2	1	0	466	none	topic_default
1762.00.01	#topic-character-qualities	3	999	17620001.0	473	1	1	0	467	none	topic_default
1789.00.01	#topic-character-qualities	3	999	17890001.0	474	1	1	0	468	none	topic_default
1790.00.01	#topic-character-qualities	3	999	17900001.0	475	2	1	0	469	none	topic_default
1794.00.01	#topic-character-qualities	3	999	17940001.0	476	1	1	0	470	none	topic_default
1795.00.01	#topic-character-qualities	3	999	17950001.0	477	1	1	0	471	none	topic_default
1801.00.01	#topic-character-qualities	3	999	18010001.0	478	1	1	0	472	none	topic_default
1806.00.01	#topic-character-qualities	3	999	18060001.0	479	2	2	0	473	none	topic_default
1816.00.01	#topic-character-qualities	3	999	18160001.0	481	1	1	0	474	none	topic_default
1846.00.02	#topic-character-qualities	3	999	18460002.0	482	2	1	0	475	none	topic_default
1850.00.01	#topic-character-qualities	3	999	18500001.0	483	1	1	0	476	none	topic_default
1879.00.01	#topic-character-qualities	3	999	18790001.0	484	1	1	0	477	none	topic_default
1882.00.01	#topic-character-qualities	3	999	18820001.0	485	2	1	0	478	none	topic_default
1884.00.01	#topic-character-qualities	3	999	18840001.0	486	1	1	0	479	none	topic_default
1885.00.01	#topic-character-qualities	3	999	18850001.0	487	1	1	0	480	none	topic_default
1888.00.01	#topic-character-qualities	3	999	18880001.0	488	1	1	0	481	none	topic_default
1894.00.02	#topic-character-qualities	3	999	18940002.0	489	2	1	0	482	none	topic_default
1902.00.01	#topic-character-qualities	3	999	19020001.0	490	1	1	0	483	none	topic_default
1903.00.01	#topic-character-qualities	3	999	19030001.0	491	1	1	0	484	none	topic_default
1905.00.03	#topic-character-qualities	3	999	19050003.0	492	3	1	0	485	none	topic_default
1918.00.01	#topic-character-qualities	3	999	19180001.0	493	1	1	0	486	none	topic_default
1919.00.01	#topic-character-qualities	3	999	19190001.0	494	1	1	0	487	none	topic_default
1932.00.01	#topic-character-qualities	3	999	19320001.0	495	1	1	0	488	none	topic_default
1934.00.01	#topic-character-qualities	3	999	19340001.0	496	1	1	0	489	none	topic_default
1945.00.01	#topic-character-qualities	3	999	19450001.0	497	1	1	0	490	none	topic_default
1957.00.02	#topic-character-qualities	3	999	19570002.0	498	2	1	0	491	none	topic_default
1962.00.01	#topic-character-qualities	3	999	19620001.0	499	1	1	0	492	none	topic_default
1977.00.01	#topic-character-qualities	3	999	19770001.0	500	1	1	0	493	none	topic_default
1979.00.01	#topic-character-qualities	3	999	19790001.0	501	1	1	0	494	none	topic_default
1987.00.01	#topic-character-qualities	3	999	19870001.0	502	1	1	0	495	none	topic_default
2015.00.01	#topic-character-qualities	3	999	20150001.0	503	2	2	0	496	none	topic_default
2017.00.01	#topic-character-qualities	3	999	20170001.0	505	1	1	0	497	none	topic_default
2028.00.01	#topic-character-qualities	3	999	20280001.0	506	1	1	0	498	none	topic_default
2029.00.01	#topic-character-qualities	3	999	20290001.0	507	1	1	0	499	none	topic_default
2057.00.01	#topic-character-qualities	3	999	20570001.0	508	1	1	0	500	none	topic_default
2075.00.01	#topic-character-qualities	3	999	20750001.0	509	1	1	0	501	none	topic_default
2083.00.01	#topic-character-qualities	3	999	20830001.0	510	1	1	0	502	none	topic_default
2084.00.01	#topic-character-qualities	3	999	20840001.0	511	1	1	0	503	none	topic_default
2090.00.01	#topic-character-qualities	3	999	20900001.0	512	1	1	0	504	none	topic_default
2092.00.01	#topic-character-qualities	3	999	20920001.0	513	1	1	0	505	none	topic_default
2125.00.01	#topic-character-qualities	3	999	21250001.0	514	1	1	0	506	none	topic_default
2163.00.01	#topic-character-qualities	3	999	21630001.0	515	1	1	0	507	none	topic_default
2168.00.02	#topic-character-qualities	3	999	21680002.0	516	2	1	0	508	none	topic_default
2171.00.01	#topic-character-qualities	3	999	21710001.0	517	1	1	0	509	none	topic_default
2208.00.01	#topic-character-qualities	3	999	22080001.0	518	1	1	0	510	none	topic_default
2213.00.01	#topic-character-qualities	3	999	22130001.0	519	1	1	0	511	none	topic_default
2215.00.01	#topic-character-qualities	3	999	22150001.0	520	1	1	0	512	none	topic_default
2221.00.01	#topic-character-qualities	3	999	22210001.0	521	2	1	0	513	none	topic_default
2226.00.01	#topic-character-qualities	3	999	22260001.0	522	1	1	0	514	none	topic_default
2237.00.02	#topic-character-qualities	3	999	22370002.0	523	2	1	0	515	none	topic_default
2263.00.02	#topic-character-qualities	3	999	22630002.0	524	2	1	0	516	none	topic_default
2279.00.01	#topic-character-qualities	3	999	22790001.0	525	1	1	0	517	none	topic_default
2281.00.01	#topic-character-qualities	3	999	22810001.0	526	1	1	0	518	none	topic_default
2282.00.01	#topic-character-qualities	3	999	22820001.0	527	3	1	0	519	none	topic_default
2287.00.01	#topic-character-qualities	3	999	22870001.0	528	1	1	0	520	none	topic_default
2291.00.01	#topic-character-qualities	3	999	22910001.0	529	1	1	0	521	none	topic_default
2300.00.01	#topic-character-qualities	3	999	23000001.0	530	1	1	0	522	none	topic_default
2308.00.01	#topic-character-qualities	3	999	23080001.0	531	2	1	0	523	none	topic_default
2311.00.01	#topic-character-qualities	3	999	23110001.0	532	1	1	0	524	none	topic_default
2354.00.01	#topic-character-qualities	3	999	23540001.0	533	1	1	0	525	none	topic_default
2396.00.01	#topic-character-qualities	3	999	23960001.0	534	1	1	0	526	none	topic_default
2416.00.01	#topic-character-qualities	3	999	24160001.0	535	1	1	0	527	none	topic_default
2430.00.02	#topic-character-qualities	3	999	24300002.0	536	2	1	0	528	none	topic_default
2431.00.01	#topic-character-qualities	3	999	24310001.0	537	1	1	0	529	none	topic_default
2476.00.01	#topic-character-qualities	3	999	24760001.0	538	1	1	0	530	none	topic_default
2480.00.01	#topic-character-qualities	3	999	24800001.0	539	1	1	0	531	none	topic_default
2489.00.01	#topic-character-qualities	3	999	24890001.0	540	1	1	0	532	none	topic_default
2494.00.01	#topic-character-qualities	3	999	24940001.0	541	2	1	0	533	none	topic_default
2495.00.01	#topic-character-qualities	3	999	24950001.0	542	1	1	0	534	none	topic_default
2512.00.01	#topic-character-qualities	3	999	25120001.0	543	1	1	0	535	none	topic_default
2531.00.01	#topic-character-qualities	3	999	25310001.0	544	1	1	0	536	none	topic_default
2532.00.01	#topic-character-qualities	3	999	25320001.0	545	1	1	0	537	none	topic_default
2536.00.01	#topic-character-qualities	3	999	25360001.0	546	1	1	0	538	none	topic_default
2550.00.01	#topic-character-qualities	3	999	25500001.0	547	1	1	0	539	none	topic_default
2567.00.01	#topic-character-qualities	3	999	25670001.0	548	1	1	0	540	none	topic_default
2590.00.01	#topic-character-qualities	3	999	25900001.0	549	1	1	0	541	none	topic_default
2598.00.01	#topic-character-qualities	3	999	25980001.0	550	1	1	0	542	none	topic_default
2599.00.01	#topic-character-qualities	3	999	25990001.0	551	2	1	0	543	none	topic_default
2620.00.01	#topic-character-qualities	3	999	26200001.0	552	2	1	0	544	none	topic_default
2630.00.01	#topic-character-qualities	3	999	26300001.0	553	1	1	0	545	none	topic_default
2634.00.01	#topic-character-qualities	3	999	26340001.0	554	1	1	0	546	none	topic_default
2644.00.01	#topic-character-qualities	3	999	26440001.0	555	1	1	0	547	none	topic_default
2667.00.01	#topic-character-qualities	3	999	26670001.0	556	1	1	0	548	none	topic_default
2675.00.01	#topic-character-qualities	3	999	26750001.0	557	3	1	0	549	none	topic_default
2678.00.01	#topic-character-qualities	3	999	26780001.0	558	1	1	0	550	none	topic_default
2711.00.01	#topic-character-qualities	3	999	27110001.0	559	1	1	0	551	none	topic_default
2717.00.01	#topic-character-qualities	3	999	27170001.0	560	1	1	0	552	none	topic_default
2719.00.01	#topic-character-qualities	3	999	27190001.0	561	2	2	0	553	none	topic_default
2731.00.01	#topic-character-qualities	3	999	27310001.0	563	1	1	0	554	none	topic_default
2737.00.01	#topic-character-qualities	3	999	27370001.0	564	1	1	0	555	none	topic_default
2739.00.01	#topic-character-qualities	3	999	27390001.0	565	1	1	0	556	none	topic_default
2761.00.01	#topic-character-qualities	3	999	27610001.0	566	1	1	0	557	none	topic_default
2764.00.01	#topic-character-qualities	3	999	27640001.0	567	2	1	0	558	none	topic_default
2832.00.01	#topic-character-qualities	3	999	28320001.0	568	1	1	0	559	none	topic_default
2833.00.01	#topic-character-qualities	3	999	28330001.0	569	1	1	0	560	none	topic_default
2838.00.01	#topic-character-qualities	3	999	28380001.0	570	2	2	0	561	none	topic_default
2842.00.01	#topic-character-qualities	3	999	28420001.0	572	1	1	0	562	none	topic_default
2845.00.01	#topic-character-qualities	3	999	28450001.0	573	1	1	0	563	none	topic_default
2852.00.01	#topic-character-qualities	3	999	28520001.0	574	1	1	0	564	none	topic_default
2861.00.01	#topic-character-qualities	3	999	28610001.0	575	1	1	0	565	none	topic_default
2866.00.01	#topic-character-qualities	3	999	28660001.0	576	1	1	0	566	none	topic_default
2867.00.01	#topic-character-qualities	3	999	28670001.0	577	1	1	0	567	none	topic_default
2924.00.01	#topic-character-qualities	3	999	29240001.0	578	1	1	0	568	none	topic_default
2925.00.01	#topic-character-qualities	3	999	29250001.0	579	1	1	0	569	none	topic_default
2930.00.01	#topic-character-qualities	3	999	29300001.0	580	1	1	0	570	none	topic_default
2934.00.02	#topic-character-qualities	3	999	29340002.0	581	2	1	0	571	none	topic_default
2943.00.01	#topic-character-qualities	3	999	29430001.0	582	1	1	0	572	none	topic_default
2945.00.01	#topic-character-qualities	3	999	29450001.0	583	1	1	0	573	none	topic_default
2960.00.01	#topic-character-qualities	3	999	29600001.0	584	1	1	0	574	none	topic_default
2966.00.01	#topic-character-qualities	3	999	29660001.0	585	1	1	0	575	none	topic_default
2986.00.01	#topic-character-qualities	3	999	29860001.0	586	1	1	0	576	none	topic_default
2998.00.01	#topic-character-qualities	3	999	29980001.0	587	1	1	0	577	none	topic_default
3001.00.01	#topic-character-qualities	3	999	30010001.0	588	1	1	0	578	none	topic_default
3002.00.01	#topic-character-qualities	3	999	30020001.0	589	1	1	0	579	none	topic_default
3006.00.01	#topic-character-qualities	3	999	30060001.0	590	1	1	0	580	none	topic_default
3010.00.01	#topic-character-qualities	3	999	30100001.0	591	1	1	0	581	none	topic_default
3021.00.01	#topic-character-qualities	3	999	30210001.0	592	1	1	0	582	none	topic_default
3026.00.01	#topic-character-qualities	3	999	30260001.0	593	1	1	0	583	none	topic_default
3038.00.01	#topic-character-qualities	3	999	30380001.0	594	1	1	0	584	none	topic_default
3052.00.01	#topic-character-qualities	3	999	30520001.0	595	1	1	0	585	none	topic_default
3066.00.01	#topic-character-qualities	3	999	30660001.0	596	1	1	0	586	none	topic_default
3082.00.01	#topic-character-qualities	3	999	30820001.0	597	1	1	0	587	none	topic_default
3094.00.01	#topic-character-qualities	3	999	30940001.0	598	1	1	0	588	none	topic_default
3102.00.01	#topic-character-qualities	3	999	31020001.0	599	1	1	0	589	none	topic_default
3120.00.01	#topic-character-qualities	3	999	31200001.0	600	1	1	0	590	none	topic_default
3126.00.01	#topic-character-qualities	3	999	31260001.0	601	2	2	0	591	none	topic_default
3138.00.01	#topic-character-qualities	3	999	31380001.0	603	1	1	0	592	none	topic_default
3191.00.02	#topic-character-qualities	3	999	31910002.0	604	2	1	0	593	none	topic_default
3209.00.01	#topic-character-qualities	3	999	32090001.0	605	1	1	0	594	none	topic_default
3233.00.01	#topic-character-qualities	3	999	32330001.0	606	1	1	0	595	none	topic_default
3244.00.01	#topic-character-qualities	3	999	32440001.0	607	1	1	0	596	none	topic_default
3249.00.01	#topic-character-qualities	3	999	32490001.0	608	2	1	0	597	none	topic_default
3258.00.01	#topic-character-qualities	3	999	32580001.0	609	1	1	0	598	none	topic_default
3267.00.01	#topic-character-qualities	3	999	32670001.0	610	1	1	0	599	none	topic_default
3275.00.01	#topic-character-qualities	3	999	32750001.0	611	1	1	0	600	none	topic_default
3281.00.01	#topic-character-qualities	3	999	32810001.0	612	1	1	0	601	none	topic_default
3284.00.01	#topic-character-qualities	3	999	32840001.0	613	1	1	0	602	none	topic_default
3299.00.01	#topic-character-qualities	3	999	32990001.0	614	1	1	0	603	none	topic_default
3312.00.01	#topic-character-qualities	3	999	33120001.0	615	1	1	0	604	none	topic_default
3323.00.01	#topic-character-qualities	3	999	33230001.0	616	1	1	0	605	none	topic_default
3325.00.01	#topic-character-qualities	3	999	33250001.0	617	1	1	0	606	none	topic_default
3328.00.01	#topic-character-qualities	3	999	33280001.0	618	1	1	0	607	none	topic_default
3331.00.01	#topic-character-qualities	3	999	33310001.0	619	1	1	0	608	none	topic_default
3338.00.01	#topic-character-qualities	3	999	33380001.0	620	1	1	0	609	none	topic_default
3359.00.01	#topic-character-qualities	3	999	33590001.0	621	1	1	0	610	none	topic_default
3367.00.01	#topic-character-qualities	3	999	33670001.0	622	1	1	0	611	none	topic_default
3391.00.01	#topic-character-qualities	3	999	33910001.0	623	1	1	0	612	none	topic_default
3421.00.01	#topic-character-qualities	3	999	34210001.0	624	1	1	0	613	none	topic_default
3424.00.01	#topic-character-qualities	3	999	34240001.0	625	1	1	0	614	none	topic_default
3431.00.01	#topic-character-qualities	3	999	34310001.0	626	1	1	0	615	none	topic_default
3437.00.03	#topic-character-qualities	3	999	34370003.0	627	3	1	0	616	none	topic_default
3441.00.02	#topic-character-qualities	3	999	34410002.0	628	2	1	0	617	none	topic_default
3449.00.01	#topic-character-qualities	3	999	34490001.0	629	1	1	0	618	none	topic_default
3471.00.01	#topic-character-qualities	3	999	34710001.0	630	1	1	0	619	none	topic_default
3478.00.01	#topic-character-qualities	3	999	34780001.0	631	1	1	0	620	none	topic_default
3497.00.01	#topic-character-qualities	3	999	34970001.0	632	1	1	0	621	none	topic_default
3514.00.01	#topic-character-qualities	3	999	35140001.0	633	1	1	0	622	none	topic_default
3531.00.01	#topic-character-qualities	3	999	35310001.0	634	1	1	0	623	none	topic_default
3563.00.01	#topic-character-qualities	3	999	35630001.0	635	1	1	0	624	none	topic_default
3575.00.01	#topic-character-qualities	3	999	35750001.0	636	1	1	0	625	none	topic_default
3582.00.01	#topic-character-qualities	3	999	35820001.0	637	1	1	0	626	none	topic_default
3588.00.01	#topic-character-qualities	3	999	35880001.0	638	1	1	0	627	none	topic_default
3590.00.02	#topic-character-qualities	3	999	35900002.0	639	2	1	0	628	none	topic_default
3595.00.01	#topic-character-qualities	3	999	35950001.0	640	2	2	0	629	none	topic_default
3602.00.01	#topic-character-qualities	3	999	36020001.0	642	1	1	0	630	none	topic_default
3619.00.01	#topic-character-qualities	3	999	36190001.0	643	1	1	0	631	none	topic_default
3625.00.01	#topic-character-qualities	3	999	36250001.0	644	1	1	0	632	none	topic_default
3629.00.01	#topic-character-qualities	3	999	36290001.0	645	2	2	0	633	none	topic_default
3636.00.01	#topic-character-qualities	3	999	36360001.0	647	1	1	0	634	none	topic_default
3657.00.01	#topic-character-qualities	3	999	36570001.0	648	1	1	0	635	none	topic_default
3676.00.02	#topic-character-qualities	3	999	36760002.0	649	3	1	0	636	none	topic_default
3683.00.01	#topic-character-qualities	3	999	36830001.0	650	1	1	0	637	none	topic_default
3693.00.01	#topic-character-qualities	3	999	36930001.0	651	1	1	0	638	none	topic_default
3720.00.01	#topic-character-qualities	3	999	37200001.0	652	1	1	0	639	none	topic_default
3755.00.01	#topic-character-qualities	3	999	37550001.0	653	1	1	0	640	none	topic_default
3769.00.01	#topic-character-qualities	3	999	37690001.0	654	1	1	0	641	none	topic_default
3773.00.01	#topic-character-qualities	3	999	37730001.0	655	1	1	0	642	none	topic_default
3798.00.01	#topic-character-qualities	3	999	37980001.0	656	1	1	0	643	none	topic_default
3808.00.01	#topic-character-qualities	3	999	38080001.0	657	1	1	0	644	none	topic_default
3809.00.01	#topic-character-qualities	3	999	38090001.0	658	1	1	0	645	none	topic_default
3833.00.01	#topic-character-qualities	3	999	38330001.0	659	1	1	0	646	none	topic_default
3838.00.01	#topic-character-qualities	3	999	38380001.0	660	1	1	0	647	none	topic_default
3839.00.02	#topic-character-qualities	3	999	38390002.0	661	2	1	0	648	none	topic_default
3868.00.01	#topic-character-qualities	3	999	38680001.0	662	1	1	0	649	none	topic_default
3870.00.01	#topic-character-qualities	3	999	38700001.0	663	1	1	0	650	none	topic_default
3871.00.01	#topic-character-qualities	3	999	38710001.0	664	1	1	0	651	none	topic_default
3880.00.01	#topic-character-qualities	3	999	38800001.0	665	1	1	0	652	none	topic_default
3886.00.01	#topic-character-qualities	3	999	38860001.0	666	1	1	0	653	none	topic_default
3894.00.01	#topic-character-qualities	3	999	38940001.0	667	1	1	0	654	none	topic_default
3902.00.01	#topic-character-qualities	3	999	39020001.0	668	1	1	0	655	none	topic_default
3922.00.01	#topic-character-qualities	3	999	39220001.0	669	1	1	0	656	none	topic_default
3934.00.01	#topic-character-qualities	3	999	39340001.0	670	1	1	0	657	none	topic_default
3935.00.01	#topic-character-qualities	3	999	39350001.0	671	1	1	0	658	none	topic_default
3939.00.01	#topic-character-qualities	3	999	39390001.0	672	1	1	0	659	none	topic_default
3940.00.01	#topic-character-qualities	3	999	39400001.0	673	1	1	0	660	none	topic_default
3959.00.01	#topic-character-qualities	3	999	39590001.0	674	1	1	0	661	none	topic_default
3970.00.01	#topic-character-qualities	3	999	39700001.0	675	1	1	0	662	none	topic_default
3980.00.01	#topic-character-qualities	3	999	39800001.0	676	1	1	0	663	none	topic_default
3981.00.01	#topic-character-qualities	3	999	39810001.0	677	1	1	0	664	none	topic_default
4001.00.01	#topic-character-qualities	3	999	40010001.0	678	1	1	0	665	none	topic_default
4037.00.01	#topic-character-qualities	3	999	40370001.0	679	1	1	0	666	none	topic_default
4040.00.01	#topic-character-qualities	3	999	40400001.0	680	1	1	0	667	none	topic_default
4045.00.01	#topic-character-qualities	3	999	40450001.0	681	1	1	0	668	none	topic_default
4067.00.01	#topic-character-qualities	3	999	40670001.0	682	1	1	0	669	none	topic_default
4075.00.01	#topic-character-qualities	3	999	40750001.0	683	1	1	0	670	none	topic_default
4079.00.01	#topic-character-qualities	3	999	40790001.0	684	1	1	0	671	none	topic_default
4099.00.01	#topic-character-qualities	3	999	40990001.0	685	1	1	0	672	none	topic_default
4153.00.01	#topic-character-qualities	3	999	41530001.0	686	1	1	0	673	none	topic_default
4154.00.01	#topic-character-qualities	3	999	41540001.0	687	2	1	0	674	none	topic_default
4158.00.01	#topic-character-qualities	3	999	41580001.0	688	1	1	0	675	none	topic_default
4163.00.01	#topic-character-qualities	3	999	41630001.0	689	1	1	0	676	none	topic_default
4164.00.01	#topic-character-qualities	3	999	41640001.0	690	1	1	0	677	none	topic_default
4167.00.02	#topic-character-qualities	3	999	41670002.0	691	2	1	0	678	none	topic_default
4179.00.01	#topic-character-qualities	3	999	41790001.0	692	1	1	0	679	none	topic_default
4181.00.01	#topic-character-qualities	3	999	41810001.0	693	1	1	0	680	none	topic_default
4185.00.01	#topic-character-qualities	3	999	41850001.0	694	1	1	0	681	none	topic_default
4202.00.01	#topic-character-qualities	3	999	42020001.0	695	1	1	0	682	none	topic_default
4207.00.03	#topic-character-qualities	3	999	42070003.0	696	3	1	0	683	none	topic_default
4217.00.01	#topic-character-qualities	3	999	42170001.0	697	1	1	0	684	none	topic_default
4220.00.01	#topic-character-qualities	3	999	42200001.0	698	1	1	0	685	none	topic_default
4222.00.01	#topic-character-qualities	3	999	42220001.0	699	1	1	0	686	none	topic_default
4244.00.01	#topic-character-qualities	3	999	42440001.0	700	1	1	0	687	none	topic_default
4245.00.02	#topic-character-qualities	3	999	42450002.0	701	2	1	0	688	none	topic_default
4250.00.01	#topic-character-qualities	3	999	42500001.0	702	1	1	0	689	none	topic_default
4256.00.01	#topic-character-qualities	3	999	42560001.0	703	1	1	0	690	none	topic_default
4277.00.01	#topic-character-qualities	3	999	42770001.0	704	1	1	0	691	none	topic_default
4303.00.01	#topic-character-qualities	3	999	43030001.0	705	1	1	0	692	none	topic_default
4304.00.01	#topic-character-qualities	3	999	43040001.0	706	1	1	0	693	none	topic_default
4315.00.01	#topic-character-qualities	3	999	43150001.0	707	1	1	0	694	none	topic_default
4316.00.01	#topic-character-qualities	3	999	43160001.0	708	1	1	0	695	none	topic_default
4324.00.01	#topic-character-qualities	3	999	43240001.0	709	1	1	0	696	none	topic_default
4331.00.01	#topic-character-qualities	3	999	43310001.0	710	1	1	0	697	none	topic_default
4334.00.01	#topic-character-qualities	3	999	43340001.0	711	1	1	0	698	none	topic_default
4374.00.01	#topic-character-qualities	3	999	43740001.0	712	1	1	0	699	none	topic_default
4376.00.01	#topic-character-qualities	3	999	43760001.0	713	1	1	0	700	none	topic_default
4377.00.01	#topic-character-qualities	3	999	43770001.0	714	1	1	0	701	none	topic_default
4380.00.01	#topic-character-qualities	3	999	43800001.0	715	1	1	0	702	none	topic_default
4383.00.01	#topic-character-qualities	3	999	43830001.0	716	1	1	0	703	none	topic_default
4390.00.01	#topic-character-qualities	3	999	43900001.0	717	1	1	0	704	none	topic_default
4396.00.01	#topic-character-qualities	3	999	43960001.0	718	1	1	0	705	none	topic_default
4398.00.01	#topic-character-qualities	3	999	43980001.0	719	1	1	0	706	none	topic_default
4421.00.01	#topic-character-qualities	3	999	44210001.0	720	1	1	0	707	none	topic_default
4426.00.01	#topic-character-qualities	3	999	44260001.0	721	1	1	0	708	none	topic_default
4435.00.01	#topic-character-qualities	3	999	44350001.0	722	1	1	0	709	none	topic_default
4442.00.01	#topic-character-qualities	3	999	44420001.0	723	1	1	0	710	none	topic_default
4445.00.01	#topic-character-qualities	3	999	44450001.0	724	1	1	0	711	none	topic_default
4447.00.01	#topic-character-qualities	3	999	44470001.0	725	1	1	0	712	none	topic_default
4459.00.01	#topic-character-qualities	3	999	44590001.0	726	2	1	0	713	none	topic_default
4471.00.01	#topic-character-qualities	3	999	44710001.0	727	1	1	0	714	none	topic_default
4483.00.01	#topic-character-qualities	3	999	44830001.0	728	1	1	0	715	none	topic_default
4487.00.02	#topic-character-qualities	3	999	44870002.0	729	2	1	0	716	none	topic_default
4498.00.01	#topic-character-qualities	3	999	44980001.0	730	1	1	0	717	none	topic_default
4502.00.01	#topic-character-qualities	3	999	45020001.0	731	1	1	0	718	none	topic_default
4505.00.01	#topic-character-qualities	3	999	45050001.0	732	1	1	0	719	none	topic_default
4510.00.02	#topic-character-qualities	3	999	45100002.0	733	2	1	0	720	none	topic_default
4526.00.01	#topic-character-qualities	3	999	45260001.0	734	1	1	0	721	none	topic_default
4535.00.01	#topic-character-qualities	3	999	45350001.0	735	1	1	0	722	none	topic_default
4540.00.01	#topic-character-qualities	3	999	45400001.0	736	1	1	0	723	none	topic_default
4597.00.01	#topic-character-qualities	3	999	45970001.0	737	2	2	0	724	none	topic_default
4601.00.01	#topic-character-qualities	3	999	46010001.0	739	1	1	0	725	none	topic_default
4613.00.01	#topic-character-qualities	3	999	46130001.0	740	1	1	0	726	none	topic_default
4645.00.01	#topic-character-qualities	3	999	46450001.0	741	1	1	0	727	none	topic_default
4647.00.01	#topic-character-qualities	3	999	46470001.0	742	1	1	0	728	none	topic_default
4661.00.01	#topic-character-qualities	3	999	46610001.0	743	1	1	0	729	none	topic_default
4688.00.01	#topic-character-qualities	3	999	46880001.0	744	1	1	0	730	none	topic_default
4696.00.01	#topic-character-qualities	3	999	46960001.0	745	1	1	0	731	none	topic_default
4698.00.01	#topic-character-qualities	3	999	46980001.0	746	1	1	0	732	none	topic_default
4715.00.01	#topic-character-qualities	3	999	47150001.0	747	1	1	0	733	none	topic_default
4718.00.01	#topic-character-qualities	3	999	47180001.0	748	1	1	0	734	none	topic_default
4720.00.01	#topic-character-qualities	3	999	47200001.0	749	1	1	0	735	none	topic_default
4724.00.01	#topic-character-qualities	3	999	47240001.0	750	1	1	0	736	none	topic_default
4733.00.01	#topic-character-qualities	3	999	47330001.0	751	1	1	0	737	none	topic_default
4734.00.01	#topic-character-qualities	3	999	47340001.0	752	2	1	0	738	none	topic_default
4735.00.01	#topic-character-qualities	3	999	47350001.0	753	1	1	0	739	none	topic_default
4739.00.01	#topic-character-qualities	3	999	47390001.0	754	2	1	0	740	none	topic_default
4744.00.01	#topic-character-qualities	3	999	47440001.0	755	1	1	0	741	none	topic_default
4746.00.01	#topic-character-qualities	3	999	47460001.0	756	1	1	0	742	none	topic_default
4753.00.01	#topic-character-qualities	3	999	47530001.0	757	1	1	0	743	none	topic_default
4771.00.01	#topic-character-qualities	3	999	47710001.0	758	1	1	0	744	none	topic_default
4774.00.01	#topic-character-qualities	3	999	47740001.0	759	1	1	0	745	none	topic_default
4779.00.01	#topic-character-qualities	3	999	47790001.0	760	1	1	0	746	none	topic_default
4780.00.01	#topic-character-qualities	3	999	47800001.0	761	1	1	0	747	none	topic_default
4784.00.01	#topic-character-qualities	3	999	47840001.0	762	1	1	0	748	none	topic_default
4805.00.01	#topic-character-qualities	3	999	48050001.0	763	1	1	0	749	none	topic_default
4818.00.01	#topic-character-qualities	3	999	48180001.0	764	1	1	0	750	none	topic_default
4826.00.01	#topic-character-qualities	3	999	48260001.0	765	1	1	0	751	none	topic_default
4828.00.01	#topic-character-qualities	3	999	48280001.0	766	1	1	0	752	none	topic_default
4838.00.01	#topic-character-qualities	3	999	48380001.0	767	1	1	0	753	none	topic_default
4839.00.01	#topic-character-qualities	3	999	48390001.0	768	1	1	0	754	none	topic_default
4847.00.01	#topic-character-qualities	3	999	48470001.0	769	1	1	0	755	none	topic_default
4866.00.01	#topic-character-qualities	3	999	48660001.0	770	1	1	0	756	none	topic_default
4869.00.01	#topic-character-qualities	3	999	48690001.0	771	1	1	0	757	none	topic_default
4871.00.01	#topic-character-qualities	3	999	48710001.0	772	1	1	0	758	none	topic_default
4872.00.01	#topic-character-qualities	3	999	48720001.0	773	1	1	0	759	none	topic_default
4878.00.02	#topic-character-qualities	3	999	48780002.0	774	2	1	0	760	none	topic_default
4881.00.01	#topic-character-qualities	3	999	48810001.0	775	1	1	0	761	none	topic_default
4884.00.01	#topic-character-qualities	3	999	48840001.0	776	1	1	0	762	none	topic_default
4889.00.01	#topic-character-qualities	3	999	48890001.0	777	2	1	0	763	none	topic_default
4896.00.01	#topic-character-qualities	3	999	48960001.0	778	2	2	0	764	none	topic_default
4903.00.01	#topic-character-qualities	3	999	49030001.0	780	1	1	0	765	none	topic_default
4946.00.01	#topic-character-qualities	3	999	49460001.0	781	1	1	0	766	none	topic_default
4957.00.01	#topic-character-qualities	3	999	49570001.0	782	1	1	0	767	none	topic_default
4961.00.01	#topic-character-qualities	3	999	49610001.0	783	1	1	0	768	none	topic_default
4966.00.01	#topic-character-qualities	3	999	49660001.0	784	2	2	0	769	none	topic_default
4967.00.01	#topic-character-qualities	3	999	49670001.0	786	1	1	0	770	none	topic_default
4972.00.01	#topic-character-qualities	3	999	49720001.0	787	1	1	0	771	none	topic_default
4981.00.01	#topic-character-qualities	3	999	49810001.0	788	2	2	0	772	none	topic_default
0295.00.02	#topic-character-qualities	3	999	2950002.0	337	2	2	1	773	none	topic_default
0924.00.02	#topic-character-qualities	3	999	9240002.0	387	2	2	1	774	none	topic_default
0947.00.02	#topic-character-qualities	3	999	9470002.0	391	2	2	1	775	none	topic_default
1059.00.03	#topic-character-qualities	3	999	10590003.0	399	3	2	1	776	none	topic_default
1527.00.02	#topic-character-qualities	3	999	15270002.0	449	2	2	1	777	none	topic_default
1538.00.02	#topic-character-qualities	3	999	15380002.0	453	2	2	1	778	none	topic_default
1806.00.02	#topic-character-qualities	3	999	18060002.0	480	2	2	1	779	none	topic_default
2015.00.02	#topic-character-qualities	3	999	20150002.0	504	2	2	1	780	none	topic_default
2719.00.02	#topic-character-qualities	3	999	27190002.0	562	2	2	1	781	none	topic_default
2838.00.02	#topic-character-qualities	3	999	28380002.0	571	2	2	1	782	none	topic_default
3126.00.02	#topic-character-qualities	3	999	31260002.0	602	2	2	1	783	none	topic_default
3595.00.02	#topic-character-qualities	3	999	35950002.0	641	2	2	1	784	none	topic_default
3629.00.02	#topic-character-qualities	3	999	36290002.0	646	2	2	1	785	none	topic_default
4597.00.02	#topic-character-qualities	3	999	45970002.0	738	2	2	1	786	none	topic_default
4896.00.02	#topic-character-qualities	3	999	48960002.0	779	2	2	1	787	none	topic_default
4966.00.02	#topic-character-qualities	3	999	49660002.0	785	2	2	1	788	none	topic_default
4981.00.02	#topic-character-qualities	3	999	49810002.0	789	2	2	1	789	none	topic_default
0179.00.01	#topic-feelings	4	999	1790001.0	790	1	1	0	790	none	topic_default
0277.00.03	#topic-feelings	4	999	2770003.0	791	3	1	0	791	none	topic_default
0397.00.01	#topic-feelings	4	999	3970001.0	792	1	1	0	792	none	topic_default
0421.00.01	#topic-feelings	4	999	4210001.0	793	1	1	0	793	none	topic_default
0434.00.02	#topic-feelings	4	999	4340002.0	794	2	1	0	794	none	topic_default
0436.00.01	#topic-feelings	4	999	4360001.0	795	1	1	0	795	none	topic_default
0496.00.01	#topic-feelings	4	999	4960001.0	796	1	1	0	796	none	topic_default
0515.00.01	#topic-feelings	4	999	5150001.0	797	1	1	0	797	none	topic_default
0618.00.01	#topic-feelings	4	999	6180001.0	798	1	1	0	798	none	topic_default
0638.00.01	#topic-feelings	4	999	6380001.0	799	1	1	0	799	none	topic_default
0692.00.01	#topic-feelings	4	999	6920001.0	800	1	1	0	800	none	topic_default
0731.00.01	#topic-feelings	4	999	7310001.0	801	1	1	0	801	none	topic_default
0826.00.01	#topic-feelings	4	999	8260001.0	802	1	1	0	802	none	topic_default
0961.00.01	#topic-feelings	4	999	9610001.0	803	1	1	0	803	none	topic_default
0976.00.01	#topic-feelings	4	999	9760001.0	804	1	1	0	804	none	topic_default
1045.00.01	#topic-feelings	4	999	10450001.0	805	1	1	0	805	none	topic_default
1139.00.01	#topic-feelings	4	999	11390001.0	806	1	1	0	806	none	topic_default
1159.00.01	#topic-feelings	4	999	11590001.0	807	1	1	0	807	none	topic_default
1167.00.01	#topic-feelings	4	999	11670001.0	808	2	2	0	808	none	topic_default
1199.00.01	#topic-feelings	4	999	11990001.0	810	1	1	0	809	none	topic_default
1225.00.01	#topic-feelings	4	999	12250001.0	811	2	2	0	810	none	topic_default
1281.00.01	#topic-feelings	4	999	12810001.0	813	1	1	0	811	none	topic_default
1284.00.02	#topic-feelings	4	999	12840002.0	814	2	1	0	812	none	topic_default
1286.00.01	#topic-feelings	4	999	12860001.0	815	1	1	0	813	none	topic_default
1305.00.01	#topic-feelings	4	999	13050001.0	816	1	1	0	814	none	topic_default
1315.00.01	#topic-feelings	4	999	13150001.0	817	1	1	0	815	none	topic_default
1370.00.01	#topic-feelings	4	999	13700001.0	818	1	1	0	816	none	topic_default
1373.00.01	#topic-feelings	4	999	13730001.0	819	1	1	0	817	none	topic_default
1440.00.02	#topic-feelings	4	999	14400002.0	820	2	1	0	818	none	topic_default
1491.00.01	#topic-feelings	4	999	14910001.0	821	1	1	0	819	none	topic_default
1570.00.01	#topic-feelings	4	999	15700001.0	822	2	1	0	820	none	topic_default
1599.00.01	#topic-feelings	4	999	15990001.0	823	1	1	0	821	none	topic_default
1613.00.01	#topic-feelings	4	999	16130001.0	824	1	1	0	822	none	topic_default
1653.00.01	#topic-feelings	4	999	16530001.0	825	1	1	0	823	none	topic_default
1654.00.01	#topic-feelings	4	999	16540001.0	826	1	1	0	824	none	topic_default
1778.00.01	#topic-feelings	4	999	17780001.0	827	1	1	0	825	none	topic_default
1819.00.01	#topic-feelings	4	999	18190001.0	828	1	1	0	826	none	topic_default
1842.00.01	#topic-feelings	4	999	18420001.0	829	1	1	0	827	none	topic_default
1959.00.01	#topic-feelings	4	999	19590001.0	830	1	1	0	828	none	topic_default
1970.00.01	#topic-feelings	4	999	19700001.0	831	2	2	0	829	none	topic_default
1996.00.01	#topic-feelings	4	999	19960001.0	833	1	1	0	830	none	topic_default
2072.00.01	#topic-feelings	4	999	20720001.0	834	1	1	0	831	none	topic_default
2135.00.01	#topic-feelings	4	999	21350001.0	835	1	1	0	832	none	topic_default
2146.00.01	#topic-feelings	4	999	21460001.0	836	1	1	0	833	none	topic_default
2156.00.01	#topic-feelings	4	999	21560001.0	837	1	1	0	834	none	topic_default
2157.00.01	#topic-feelings	4	999	21570001.0	838	1	1	0	835	none	topic_default
2223.00.01	#topic-feelings	4	999	22230001.0	839	1	1	0	836	none	topic_default
2227.00.01	#topic-feelings	4	999	22270001.0	840	1	1	0	837	none	topic_default
2228.00.01	#topic-feelings	4	999	22280001.0	841	2	2	0	838	none	topic_default
2240.00.01	#topic-feelings	4	999	22400001.0	843	1	1	0	839	none	topic_default
2247.00.01	#topic-feelings	4	999	22470001.0	844	1	1	0	840	none	topic_default
2280.00.01	#topic-feelings	4	999	22800001.0	845	1	1	0	841	none	topic_default
2374.00.01	#topic-feelings	4	999	23740001.0	846	1	1	0	842	none	topic_default
2462.00.01	#topic-feelings	4	999	24620001.0	847	1	1	0	843	none	topic_default
2474.00.01	#topic-feelings	4	999	24740001.0	848	1	1	0	844	none	topic_default
2519.00.01	#topic-feelings	4	999	25190001.0	849	1	1	0	845	none	topic_default
2522.00.01	#topic-feelings	4	999	25220001.0	850	1	1	0	846	none	topic_default
2525.00.01	#topic-feelings	4	999	25250001.0	851	1	1	0	847	none	topic_default
2551.00.01	#topic-feelings	4	999	25510001.0	852	1	1	0	848	none	topic_default
2610.00.01	#topic-feelings	4	999	26100001.0	853	1	1	0	849	none	topic_default
2632.00.01	#topic-feelings	4	999	26320001.0	854	1	1	0	850	none	topic_default
2718.00.01	#topic-feelings	4	999	27180001.0	855	1	1	0	851	none	topic_default
2722.00.01	#topic-feelings	4	999	27220001.0	856	1	1	0	852	none	topic_default
2777.00.01	#topic-feelings	4	999	27770001.0	857	1	1	0	853	none	topic_default
2780.00.01	#topic-feelings	4	999	27800001.0	858	1	1	0	854	none	topic_default
2808.00.01	#topic-feelings	4	999	28080001.0	859	1	1	0	855	none	topic_default
2872.00.01	#topic-feelings	4	999	28720001.0	860	2	2	0	856	none	topic_default
2906.00.01	#topic-feelings	4	999	29060001.0	862	1	1	0	857	none	topic_default
2907.00.01	#topic-feelings	4	999	29070001.0	863	1	1	0	858	none	topic_default
2967.00.01	#topic-feelings	4	999	29670001.0	864	1	1	0	859	none	topic_default
2977.00.01	#topic-feelings	4	999	29770001.0	865	1	1	0	860	none	topic_default
3051.00.01	#topic-feelings	4	999	30510001.0	866	1	1	0	861	none	topic_default
3078.00.01	#topic-feelings	4	999	30780001.0	867	1	1	0	862	none	topic_default
3084.00.01	#topic-feelings	4	999	30840001.0	868	1	1	0	863	none	topic_default
3106.00.01	#topic-feelings	4	999	31060001.0	869	1	1	0	864	none	topic_default
3158.00.01	#topic-feelings	4	999	31580001.0	870	1	1	0	865	none	topic_default
3204.00.01	#topic-feelings	4	999	32040001.0	871	1	1	0	866	none	topic_default
3210.00.01	#topic-feelings	4	999	32100001.0	872	1	1	0	867	none	topic_default
3231.00.01	#topic-feelings	4	999	32310001.0	873	1	1	0	868	none	topic_default
3251.00.01	#topic-feelings	4	999	32510001.0	874	2	1	0	869	none	topic_default
3252.00.01	#topic-feelings	4	999	32520001.0	875	1	1	0	870	none	topic_default
3308.00.01	#topic-feelings	4	999	33080001.0	876	1	1	0	871	none	topic_default
3341.00.01	#topic-feelings	4	999	33410001.0	877	1	1	0	872	none	topic_default
3389.00.01	#topic-feelings	4	999	33890001.0	878	2	1	0	873	none	topic_default
3432.00.01	#topic-feelings	4	999	34320001.0	879	1	1	0	874	none	topic_default
3434.00.01	#topic-feelings	4	999	34340001.0	880	1	1	0	875	none	topic_default
3455.00.01	#topic-feelings	4	999	34550001.0	881	1	1	0	876	none	topic_default
3483.00.01	#topic-feelings	4	999	34830001.0	882	1	1	0	877	none	topic_default
3507.00.01	#topic-feelings	4	999	35070001.0	883	1	1	0	878	none	topic_default
3526.00.01	#topic-feelings	4	999	35260001.0	884	1	1	0	879	none	topic_default
3539.00.01	#topic-feelings	4	999	35390001.0	885	1	1	0	880	none	topic_default
3568.00.01	#topic-feelings	4	999	35680001.0	886	1	1	0	881	none	topic_default
3574.00.01	#topic-feelings	4	999	35740001.0	887	1	1	0	882	none	topic_default
3645.00.01	#topic-feelings	4	999	36450001.0	888	1	1	0	883	none	topic_default
3648.00.01	#topic-feelings	4	999	36480001.0	889	1	1	0	884	none	topic_default
3652.00.01	#topic-feelings	4	999	36520001.0	890	1	1	0	885	none	topic_default
3676.00.01	#topic-feelings	4	999	36760001.0	891	3	2	0	886	none	topic_default
3705.00.01	#topic-feelings	4	999	37050001.0	893	1	1	0	887	none	topic_default
3774.00.01	#topic-feelings	4	999	37740001.0	894	1	1	0	888	none	topic_default
3803.00.01	#topic-feelings	4	999	38030001.0	895	1	1	0	889	none	topic_default
3822.00.01	#topic-feelings	4	999	38220001.0	896	1	1	0	890	none	topic_default
3823.00.01	#topic-feelings	4	999	38230001.0	897	1	1	0	891	none	topic_default
3836.00.01	#topic-feelings	4	999	38360001.0	898	1	1	0	892	none	topic_default
3839.00.01	#topic-feelings	4	999	38390001.0	899	2	1	0	893	none	topic_default
3847.00.01	#topic-feelings	4	999	38470001.0	900	2	2	0	894	none	topic_default
3852.00.01	#topic-feelings	4	999	38520001.0	902	1	1	0	895	none	topic_default
3862.00.01	#topic-feelings	4	999	38620001.0	903	1	1	0	896	none	topic_default
3926.00.01	#topic-feelings	4	999	39260001.0	904	1	1	0	897	none	topic_default
3982.00.01	#topic-feelings	4	999	39820001.0	905	1	1	0	898	none	topic_default
3989.00.01	#topic-feelings	4	999	39890001.0	906	1	1	0	899	none	topic_default
4009.00.01	#topic-feelings	4	999	40090001.0	907	1	1	0	900	none	topic_default
4051.00.01	#topic-feelings	4	999	40510001.0	908	1	1	0	901	none	topic_default
4073.00.01	#topic-feelings	4	999	40730001.0	909	1	1	0	902	none	topic_default
4093.00.01	#topic-feelings	4	999	40930001.0	910	1	1	0	903	none	topic_default
4094.00.01	#topic-feelings	4	999	40940001.0	911	1	1	0	904	none	topic_default
4114.00.01	#topic-feelings	4	999	41140001.0	912	1	1	0	905	none	topic_default
4120.00.01	#topic-feelings	4	999	41200001.0	913	1	1	0	906	none	topic_default
4122.00.01	#topic-feelings	4	999	41220001.0	914	1	1	0	907	none	topic_default
4151.00.01	#topic-feelings	4	999	41510001.0	915	1	1	0	908	none	topic_default
4162.00.01	#topic-feelings	4	999	41620001.0	916	1	1	0	909	none	topic_default
4190.00.01	#topic-feelings	4	999	41900001.0	917	3	3	0	910	none	topic_default
4225.00.01	#topic-feelings	4	999	42250001.0	920	1	1	0	911	none	topic_default
4249.00.01	#topic-feelings	4	999	42490001.0	921	2	1	0	912	none	topic_default
4260.00.01	#topic-feelings	4	999	42600001.0	922	1	1	0	913	none	topic_default
4270.00.01	#topic-feelings	4	999	42700001.0	923	1	1	0	914	none	topic_default
4327.00.01	#topic-feelings	4	999	43270001.0	924	1	1	0	915	none	topic_default
4355.00.01	#topic-feelings	4	999	43550001.0	925	1	1	0	916	none	topic_default
4359.00.01	#topic-feelings	4	999	43590001.0	926	1	1	0	917	none	topic_default
4362.00.01	#topic-feelings	4	999	43620001.0	927	1	1	0	918	none	topic_default
4386.00.01	#topic-feelings	4	999	43860001.0	928	1	1	0	919	none	topic_default
4423.00.01	#topic-feelings	4	999	44230001.0	929	1	1	0	920	none	topic_default
4450.00.01	#topic-feelings	4	999	44500001.0	930	1	1	0	921	none	topic_default
4486.00.01	#topic-feelings	4	999	44860001.0	931	1	1	0	922	none	topic_default
4517.00.01	#topic-feelings	4	999	45170001.0	932	1	1	0	923	none	topic_default
4538.00.02	#topic-feelings	4	999	45380002.0	933	2	1	0	924	none	topic_default
4600.00.02	#topic-feelings	4	999	46000002.0	934	2	1	0	925	none	topic_default
4697.00.01	#topic-feelings	4	999	46970001.0	935	1	1	0	926	none	topic_default
4702.00.01	#topic-feelings	4	999	47020001.0	936	1	1	0	927	none	topic_default
4749.00.01	#topic-feelings	4	999	47490001.0	937	1	1	0	928	none	topic_default
4752.00.01	#topic-feelings	4	999	47520001.0	938	1	1	0	929	none	topic_default
4770.00.01	#topic-feelings	4	999	47700001.0	939	1	1	0	930	none	topic_default
4796.00.01	#topic-feelings	4	999	47960001.0	940	1	1	0	931	none	topic_default
4811.00.01	#topic-feelings	4	999	48110001.0	941	1	1	0	932	none	topic_default
4830.00.01	#topic-feelings	4	999	48300001.0	942	1	1	0	933	none	topic_default
4857.00.01	#topic-feelings	4	999	48570001.0	943	1	1	0	934	none	topic_default
4867.00.01	#topic-feelings	4	999	48670001.0	944	1	1	0	935	none	topic_default
4870.00.01	#topic-feelings	4	999	48700001.0	945	1	1	0	936	none	topic_default
4885.00.01	#topic-feelings	4	999	48850001.0	946	1	1	0	937	none	topic_default
4922.00.01	#topic-feelings	4	999	49220001.0	947	2	1	0	938	none	topic_default
4978.00.01	#topic-feelings	4	999	49780001.0	948	1	1	0	939	none	topic_default
1167.00.02	#topic-feelings	4	999	11670002.0	809	2	2	1	940	none	topic_default
1225.00.02	#topic-feelings	4	999	12250002.0	812	2	2	1	941	none	topic_default
1970.00.02	#topic-feelings	4	999	19700002.0	832	2	2	1	942	none	topic_default
2228.00.02	#topic-feelings	4	999	22280002.0	842	2	2	1	943	none	topic_default
2872.00.02	#topic-feelings	4	999	28720002.0	861	2	2	1	944	none	topic_default
3676.00.03	#topic-feelings	4	999	36760003.0	892	3	2	1	945	none	topic_default
3847.00.02	#topic-feelings	4	999	38470002.0	901	2	2	1	946	none	topic_default
4190.00.02	#topic-feelings	4	999	41900002.0	918	3	3	1	947	none	topic_default
4190.00.03	#topic-feelings	4	999	41900003.0	919	3	3	2	948	none	topic_default
0210.00.01	#topic-body	5	999	2100001.0	949	1	1	0	949	none	topic_default
0237.00.01	#topic-body	5	999	2370001.0	950	1	1	0	950	none	topic_default
0264.00.01	#topic-body	5	999	2640001.0	951	1	1	0	951	none	topic_default
0277.00.01	#topic-body	5	999	2770001.0	952	3	1	0	952	none	topic_default
0355.00.01	#topic-body	5	999	3550001.0	953	2	1	0	953	none	topic_default
0374.00.01	#topic-body	5	999	3740001.0	954	1	1	0	954	none	topic_default
0380.00.02	#topic-body	5	999	3800002.0	955	2	1	0	955	none	topic_default
0391.00.01	#topic-body	5	999	3910001.0	956	1	1	0	956	none	topic_default
0528.00.02	#topic-body	5	999	5280002.0	957	2	1	0	957	none	topic_default
0660.00.01	#topic-body	5	999	6600001.0	958	1	1	0	958	none	topic_default
0664.00.01	#topic-body	5	999	6640001.0	959	2	1	0	959	none	topic_default
0766.00.01	#topic-body	5	999	7660001.0	960	1	1	0	960	none	topic_default
0794.00.01	#topic-body	5	999	7940001.0	961	1	1	0	961	none	topic_default
0867.00.01	#topic-body	5	999	8670001.0	962	1	1	0	962	none	topic_default
0872.00.01	#topic-body	5	999	8720001.0	963	1	1	0	963	none	topic_default
0921.00.01	#topic-body	5	999	9210001.0	964	2	1	0	964	none	topic_default
0937.00.02	#topic-body	5	999	9370002.0	965	2	1	0	965	none	topic_default
0957.00.01	#topic-body	5	999	9570001.0	966	1	1	0	966	none	topic_default
1012.00.01	#topic-body	5	999	10120001.0	967	1	1	0	967	none	topic_default
1043.00.01	#topic-body	5	999	10430001.0	968	1	1	0	968	none	topic_default
1092.00.02	#topic-body	5	999	10920002.0	969	2	1	0	969	none	topic_default
1321.00.01	#topic-body	5	999	13210001.0	970	1	1	0	970	none	topic_default
1450.00.02	#topic-body	5	999	14500002.0	971	2	1	0	971	none	topic_default
1512.00.01	#topic-body	5	999	15120001.0	972	1	1	0	972	none	topic_default
1517.00.01	#topic-body	5	999	15170001.0	973	1	1	0	973	none	topic_default
1591.00.01	#topic-body	5	999	15910001.0	974	1	1	0	974	none	topic_default
1668.00.01	#topic-body	5	999	16680001.0	975	1	1	0	975	none	topic_default
1724.00.01	#topic-body	5	999	17240001.0	976	1	1	0	976	none	topic_default
1907.00.01	#topic-body	5	999	19070001.0	977	1	1	0	977	none	topic_default
1937.00.02	#topic-body	5	999	19370002.0	978	3	2	0	978	none	topic_default
1953.00.01	#topic-body	5	999	19530001.0	980	1	1	0	979	none	topic_default
2058.00.01	#topic-body	5	999	20580001.0	981	1	1	0	980	none	topic_default
2061.00.02	#topic-body	5	999	20610002.0	982	2	1	0	981	none	topic_default
2101.00.01	#topic-body	5	999	21010001.0	983	2	1	0	982	none	topic_default
2112.00.01	#topic-body	5	999	21120001.0	984	1	1	0	983	none	topic_default
2254.00.02	#topic-body	5	999	22540002.0	985	2	1	0	984	none	topic_default
2263.00.01	#topic-body	5	999	22630001.0	986	2	1	0	985	none	topic_default
2426.00.01	#topic-body	5	999	24260001.0	987	1	1	0	986	none	topic_default
2518.00.01	#topic-body	5	999	25180001.0	988	1	1	0	987	none	topic_default
2589.00.01	#topic-body	5	999	25890001.0	989	1	1	0	988	none	topic_default
2734.00.01	#topic-body	5	999	27340001.0	990	1	1	0	989	none	topic_default
2744.00.01	#topic-body	5	999	27440001.0	991	1	1	0	990	none	topic_default
2773.00.01	#topic-body	5	999	27730001.0	992	1	1	0	991	none	topic_default
2788.00.01	#topic-body	5	999	27880001.0	993	1	1	0	992	none	topic_default
2792.00.01	#topic-body	5	999	27920001.0	994	1	1	0	993	none	topic_default
2892.00.01	#topic-body	5	999	28920001.0	995	1	1	0	994	none	topic_default
2893.00.01	#topic-body	5	999	28930001.0	996	1	1	0	995	none	topic_default
3016.00.01	#topic-body	5	999	30160001.0	997	1	1	0	996	none	topic_default
3109.00.01	#topic-body	5	999	31090001.0	998	1	1	0	997	none	topic_default
3118.00.01	#topic-body	5	999	31180001.0	999	1	1	0	998	none	topic_default
3124.00.01	#topic-body	5	999	31240001.0	1000	1	1	0	999	none	topic_default
3198.00.01	#topic-body	5	999	31980001.0	1001	1	1	0	1000	none	topic_default
3211.00.01	#topic-body	5	999	32110001.0	1002	1	1	0	1001	none	topic_default
3245.00.01	#topic-body	5	999	32450001.0	1003	1	1	0	1002	none	topic_default
3287.00.02	#topic-body	5	999	32870002.0	1004	2	1	0	1003	none	topic_default
3315.00.01	#topic-body	5	999	33150001.0	1005	1	1	0	1004	none	topic_default
3392.00.01	#topic-body	5	999	33920001.0	1006	1	1	0	1005	none	topic_default
3418.00.01	#topic-body	5	999	34180001.0	1007	1	1	0	1006	none	topic_default
3420.00.01	#topic-body	5	999	34200001.0	1008	2	1	0	1007	none	topic_default
3494.00.01	#topic-body	5	999	34940001.0	1009	1	1	0	1008	none	topic_default
3517.00.02	#topic-body	5	999	35170002.0	1010	2	1	0	1009	none	topic_default
3547.00.01	#topic-body	5	999	35470001.0	1011	1	1	0	1010	none	topic_default
3576.00.01	#topic-body	5	999	35760001.0	1012	1	1	0	1011	none	topic_default
3577.00.01	#topic-body	5	999	35770001.0	1013	1	1	0	1012	none	topic_default
3639.00.01	#topic-body	5	999	36390001.0	1014	1	1	0	1013	none	topic_default
3715.00.01	#topic-body	5	999	37150001.0	1015	1	1	0	1014	none	topic_default
3861.00.01	#topic-body	5	999	38610001.0	1016	1	1	0	1015	none	topic_default
3949.00.01	#topic-body	5	999	39490001.0	1017	1	1	0	1016	none	topic_default
4017.00.02	#topic-body	5	999	40170002.0	1018	2	1	0	1017	none	topic_default
4022.00.01	#topic-body	5	999	40220001.0	1019	1	1	0	1018	none	topic_default
4054.00.01	#topic-body	5	999	40540001.0	1020	1	1	0	1019	none	topic_default
4105.00.01	#topic-body	5	999	41050001.0	1021	2	2	0	1020	none	topic_default
4128.00.01	#topic-body	5	999	41280001.0	1023	1	1	0	1021	none	topic_default
4501.00.01	#topic-body	5	999	45010001.0	1024	1	1	0	1022	none	topic_default
4514.00.01	#topic-body	5	999	45140001.0	1025	3	2	0	1023	none	topic_default
4551.00.01	#topic-body	5	999	45510001.0	1027	3	1	0	1024	none	topic_default
4552.00.01	#topic-body	5	999	45520001.0	1028	1	1	0	1025	none	topic_default
4561.00.01	#topic-body	5	999	45610001.0	1029	1	1	0	1026	none	topic_default
4568.00.01	#topic-body	5	999	45680001.0	1030	1	1	0	1027	none	topic_default
4695.00.01	#topic-body	5	999	46950001.0	1031	1	1	0	1028	none	topic_default
4813.00.01	#topic-body	5	999	48130001.0	1032	1	1	0	1029	none	topic_default
4897.00.01	#topic-body	5	999	48970001.0	1033	2	1	0	1030	none	topic_default
4937.00.01	#topic-body	5	999	49370001.0	1034	1	1	0	1031	none	topic_default
4980.00.01	#topic-body	5	999	49800001.0	1035	1	1	0	1032	none	topic_default
1937.00.03	#topic-body	5	999	19370003.0	979	3	2	1	1033	none	topic_default
4105.00.02	#topic-body	5	999	41050002.0	1022	2	2	1	1034	none	topic_default
4514.00.02	#topic-body	5	999	45140002.0	1026	3	2	1	1035	none	topic_default
0190.00.01	#topic-health-care	6	999	1900001.0	1036	1	1	0	1036	none	topic_default
0238.00.01	#topic-health-care	6	999	2380001.0	1037	1	1	0	1037	none	topic_default
0267.00.01	#topic-health-care	6	999	2670001.0	1038	1	1	0	1038	none	topic_default
0326.00.01	#topic-health-care	6	999	3260001.0	1039	1	1	0	1039	none	topic_default
0351.00.01	#topic-health-care	6	999	3510001.0	1040	1	1	0	1040	none	topic_default
0407.00.01	#topic-health-care	6	999	4070001.0	1041	2	2	0	1041	none	topic_default
0423.00.01	#topic-health-care	6	999	4230001.0	1043	1	1	0	1042	none	topic_default
0452.00.01	#topic-health-care	6	999	4520001.0	1044	1	1	0	1043	none	topic_default
0531.00.01	#topic-health-care	6	999	5310001.0	1045	1	1	0	1044	none	topic_default
0540.00.01	#topic-health-care	6	999	5400001.0	1046	1	1	0	1045	none	topic_default
0561.00.01	#topic-health-care	6	999	5610001.0	1047	1	1	0	1046	none	topic_default
0573.00.01	#topic-health-care	6	999	5730001.0	1048	1	1	0	1047	none	topic_default
0585.00.01	#topic-health-care	6	999	5850001.0	1049	2	1	0	1048	none	topic_default
0625.00.02	#topic-health-care	6	999	6250002.0	1050	3	1	0	1049	none	topic_default
0677.00.01	#topic-health-care	6	999	6770001.0	1051	1	1	0	1050	none	topic_default
0712.00.01	#topic-health-care	6	999	7120001.0	1052	1	1	0	1051	none	topic_default
0732.00.01	#topic-health-care	6	999	7320001.0	1053	1	1	0	1052	none	topic_default
0739.00.01	#topic-health-care	6	999	7390001.0	1054	1	1	0	1053	none	topic_default
0767.00.01	#topic-health-care	6	999	7670001.0	1055	1	1	0	1054	none	topic_default
0777.00.01	#topic-health-care	6	999	7770001.0	1056	1	1	0	1055	none	topic_default
0781.00.01	#topic-health-care	6	999	7810001.0	1057	1	1	0	1056	none	topic_default
0824.00.01	#topic-health-care	6	999	8240001.0	1058	1	1	0	1057	none	topic_default
0853.00.01	#topic-health-care	6	999	8530001.0	1059	2	1	0	1058	none	topic_default
0879.00.01	#topic-health-care	6	999	8790001.0	1060	1	1	0	1059	none	topic_default
0963.00.01	#topic-health-care	6	999	9630001.0	1061	1	1	0	1060	none	topic_default
1018.00.01	#topic-health-care	6	999	10180001.0	1062	1	1	0	1061	none	topic_default
1102.00.01	#topic-health-care	6	999	11020001.0	1063	1	1	0	1062	none	topic_default
1103.00.02	#topic-health-care	6	999	11030002.0	1064	2	1	0	1063	none	topic_default
1157.00.01	#topic-health-care	6	999	11570001.0	1065	1	1	0	1064	none	topic_default
1179.00.01	#topic-health-care	6	999	11790001.0	1066	1	1	0	1065	none	topic_default
1249.00.01	#topic-health-care	6	999	12490001.0	1067	1	1	0	1066	none	topic_default
1251.00.01	#topic-health-care	6	999	12510001.0	1068	1	1	0	1067	none	topic_default
1356.00.02	#topic-health-care	6	999	13560002.0	1069	2	1	0	1068	none	topic_default
1359.00.01	#topic-health-care	6	999	13590001.0	1070	1	1	0	1069	none	topic_default
1460.00.01	#topic-health-care	6	999	14600001.0	1071	1	1	0	1070	none	topic_default
1478.00.01	#topic-health-care	6	999	14780001.0	1072	1	1	0	1071	none	topic_default
1497.00.01	#topic-health-care	6	999	14970001.0	1073	1	1	0	1072	none	topic_default
1544.00.02	#topic-health-care	6	999	15440002.0	1074	2	1	0	1073	none	topic_default
1619.00.01	#topic-health-care	6	999	16190001.0	1075	1	1	0	1074	none	topic_default
1672.00.01	#topic-health-care	6	999	16720001.0	1076	1	1	0	1075	none	topic_default
1711.00.01	#topic-health-care	6	999	17110001.0	1077	1	1	0	1076	none	topic_default
1738.00.01	#topic-health-care	6	999	17380001.0	1078	1	1	0	1077	none	topic_default
1739.00.01	#topic-health-care	6	999	17390001.0	1079	1	1	0	1078	none	topic_default
1742.00.02	#topic-health-care	6	999	17420002.0	1080	3	1	0	1079	none	topic_default
1797.00.01	#topic-health-care	6	999	17970001.0	1081	1	1	0	1080	none	topic_default
1807.00.01	#topic-health-care	6	999	18070001.0	1082	1	1	0	1081	none	topic_default
1869.00.01	#topic-health-care	6	999	18690001.0	1083	1	1	0	1082	none	topic_default
1887.00.01	#topic-health-care	6	999	18870001.0	1084	1	1	0	1083	none	topic_default
1927.00.01	#topic-health-care	6	999	19270001.0	1085	1	1	0	1084	none	topic_default
1986.00.01	#topic-health-care	6	999	19860001.0	1086	1	1	0	1085	none	topic_default
2009.00.03	#topic-health-care	6	999	20090003.0	1087	3	1	0	1086	none	topic_default
2064.00.01	#topic-health-care	6	999	20640001.0	1088	2	1	0	1087	none	topic_default
2113.00.01	#topic-health-care	6	999	21130001.0	1089	1	1	0	1088	none	topic_default
2134.00.02	#topic-health-care	6	999	21340002.0	1090	2	1	0	1089	none	topic_default
2147.00.01	#topic-health-care	6	999	21470001.0	1091	1	1	0	1090	none	topic_default
2154.00.01	#topic-health-care	6	999	21540001.0	1092	1	1	0	1091	none	topic_default
2158.00.01	#topic-health-care	6	999	21580001.0	1093	1	1	0	1092	none	topic_default
2207.00.01	#topic-health-care	6	999	22070001.0	1094	1	1	0	1093	none	topic_default
2260.00.01	#topic-health-care	6	999	22600001.0	1095	1	1	0	1094	none	topic_default
2262.00.01	#topic-health-care	6	999	22620001.0	1096	1	1	0	1095	none	topic_default
2286.00.01	#topic-health-care	6	999	22860001.0	1097	1	1	0	1096	none	topic_default
2298.00.01	#topic-health-care	6	999	22980001.0	1098	1	1	0	1097	none	topic_default
2337.00.01	#topic-health-care	6	999	23370001.0	1099	1	1	0	1098	none	topic_default
2351.00.01	#topic-health-care	6	999	23510001.0	1100	1	1	0	1099	none	topic_default
2369.00.02	#topic-health-care	6	999	23690002.0	1101	2	1	0	1100	none	topic_default
2400.00.03	#topic-health-care	6	999	24000003.0	1102	3	1	0	1101	none	topic_default
2406.00.01	#topic-health-care	6	999	24060001.0	1103	1	1	0	1102	none	topic_default
2430.00.01	#topic-health-care	6	999	24300001.0	1104	2	1	0	1103	none	topic_default
2464.00.01	#topic-health-care	6	999	24640001.0	1105	2	1	0	1104	none	topic_default
2481.00.01	#topic-health-care	6	999	24810001.0	1106	1	1	0	1105	none	topic_default
2484.00.01	#topic-health-care	6	999	24840001.0	1107	1	1	0	1106	none	topic_default
2499.00.01	#topic-health-care	6	999	24990001.0	1108	1	1	0	1107	none	topic_default
2538.00.01	#topic-health-care	6	999	25380001.0	1109	1	1	0	1108	none	topic_default
2546.00.01	#topic-health-care	6	999	25460001.0	1110	1	1	0	1109	none	topic_default
2573.00.01	#topic-health-care	6	999	25730001.0	1111	1	1	0	1110	none	topic_default
2584.00.03	#topic-health-care	6	999	25840003.0	1112	3	1	0	1111	none	topic_default
2756.00.02	#topic-health-care	6	999	27560002.0	1113	2	1	0	1112	none	topic_default
2766.00.01	#topic-health-care	6	999	27660001.0	1114	1	1	0	1113	none	topic_default
2796.00.01	#topic-health-care	6	999	27960001.0	1115	1	1	0	1114	none	topic_default
2829.00.01	#topic-health-care	6	999	28290001.0	1116	1	1	0	1115	none	topic_default
2850.00.01	#topic-health-care	6	999	28500001.0	1117	1	1	0	1116	none	topic_default
2857.00.01	#topic-health-care	6	999	28570001.0	1118	2	1	0	1117	none	topic_default
2868.00.01	#topic-health-care	6	999	28680001.0	1119	1	1	0	1118	none	topic_default
2870.00.01	#topic-health-care	6	999	28700001.0	1120	1	1	0	1119	none	topic_default
2876.00.02	#topic-health-care	6	999	28760002.0	1121	2	1	0	1120	none	topic_default
2895.00.01	#topic-health-care	6	999	28950001.0	1122	1	1	0	1121	none	topic_default
2903.00.01	#topic-health-care	6	999	29030001.0	1123	1	1	0	1122	none	topic_default
2922.00.01	#topic-health-care	6	999	29220001.0	1124	1	1	0	1123	none	topic_default
2971.00.01	#topic-health-care	6	999	29710001.0	1125	1	1	0	1124	none	topic_default
2975.00.01	#topic-health-care	6	999	29750001.0	1126	1	1	0	1125	none	topic_default
2980.00.01	#topic-health-care	6	999	29800001.0	1127	1	1	0	1126	none	topic_default
3014.00.01	#topic-health-care	6	999	30140001.0	1128	1	1	0	1127	none	topic_default
3019.00.01	#topic-health-care	6	999	30190001.0	1129	1	1	0	1128	none	topic_default
3035.00.01	#topic-health-care	6	999	30350001.0	1130	1	1	0	1129	none	topic_default
3039.00.02	#topic-health-care	6	999	30390002.0	1131	2	1	0	1130	none	topic_default
3044.00.01	#topic-health-care	6	999	30440001.0	1132	1	1	0	1131	none	topic_default
3049.00.01	#topic-health-care	6	999	30490001.0	1133	1	1	0	1132	none	topic_default
3058.00.01	#topic-health-care	6	999	30580001.0	1134	1	1	0	1133	none	topic_default
3072.00.01	#topic-health-care	6	999	30720001.0	1135	2	1	0	1134	none	topic_default
3098.00.01	#topic-health-care	6	999	30980001.0	1136	1	1	0	1135	none	topic_default
3101.00.01	#topic-health-care	6	999	31010001.0	1137	2	1	0	1136	none	topic_default
3104.00.01	#topic-health-care	6	999	31040001.0	1138	1	1	0	1137	none	topic_default
3148.00.01	#topic-health-care	6	999	31480001.0	1139	2	2	0	1138	none	topic_default
3150.00.01	#topic-health-care	6	999	31500001.0	1141	1	1	0	1139	none	topic_default
3154.00.01	#topic-health-care	6	999	31540001.0	1142	1	1	0	1140	none	topic_default
3160.00.01	#topic-health-care	6	999	31600001.0	1143	2	1	0	1141	none	topic_default
3192.00.01	#topic-health-care	6	999	31920001.0	1144	1	1	0	1142	none	topic_default
3212.00.01	#topic-health-care	6	999	32120001.0	1145	1	1	0	1143	none	topic_default
3249.00.02	#topic-health-care	6	999	32490002.0	1146	2	1	0	1144	none	topic_default
3250.00.02	#topic-health-care	6	999	32500002.0	1147	2	1	0	1145	none	topic_default
3251.00.02	#topic-health-care	6	999	32510002.0	1148	2	1	0	1146	none	topic_default
3254.00.01	#topic-health-care	6	999	32540001.0	1149	1	1	0	1147	none	topic_default
3326.00.01	#topic-health-care	6	999	33260001.0	1150	1	1	0	1148	none	topic_default
3342.00.01	#topic-health-care	6	999	33420001.0	1151	1	1	0	1149	none	topic_default
3415.00.01	#topic-health-care	6	999	34150001.0	1152	1	1	0	1150	none	topic_default
3433.00.01	#topic-health-care	6	999	34330001.0	1153	1	1	0	1151	none	topic_default
3456.00.01	#topic-health-care	6	999	34560001.0	1154	1	1	0	1152	none	topic_default
3476.00.01	#topic-health-care	6	999	34760001.0	1155	1	1	0	1153	none	topic_default
3481.00.01	#topic-health-care	6	999	34810001.0	1156	1	1	0	1154	none	topic_default
3517.00.01	#topic-health-care	6	999	35170001.0	1157	2	1	0	1155	none	topic_default
3524.00.01	#topic-health-care	6	999	35240001.0	1158	1	1	0	1156	none	topic_default
3537.00.01	#topic-health-care	6	999	35370001.0	1159	1	1	0	1157	none	topic_default
3541.00.01	#topic-health-care	6	999	35410001.0	1160	1	1	0	1158	none	topic_default
3554.00.01	#topic-health-care	6	999	35540001.0	1161	1	1	0	1159	none	topic_default
3560.00.01	#topic-health-care	6	999	35600001.0	1162	1	1	0	1160	none	topic_default
3564.00.01	#topic-health-care	6	999	35640001.0	1163	1	1	0	1161	none	topic_default
3586.00.01	#topic-health-care	6	999	35860001.0	1164	1	1	0	1162	none	topic_default
3598.00.01	#topic-health-care	6	999	35980001.0	1165	1	1	0	1163	none	topic_default
3642.00.01	#topic-health-care	6	999	36420001.0	1166	1	1	0	1164	none	topic_default
3686.00.01	#topic-health-care	6	999	36860001.0	1167	1	1	0	1165	none	topic_default
3699.00.01	#topic-health-care	6	999	36990001.0	1168	1	1	0	1166	none	topic_default
3711.00.02	#topic-health-care	6	999	37110002.0	1169	3	1	0	1167	none	topic_default
3716.00.01	#topic-health-care	6	999	37160001.0	1170	1	1	0	1168	none	topic_default
3736.00.01	#topic-health-care	6	999	37360001.0	1171	1	1	0	1169	none	topic_default
3748.00.01	#topic-health-care	6	999	37480001.0	1172	1	1	0	1170	none	topic_default
3780.00.01	#topic-health-care	6	999	37800001.0	1173	1	1	0	1171	none	topic_default
3785.00.01	#topic-health-care	6	999	37850001.0	1174	1	1	0	1172	none	topic_default
3832.00.01	#topic-health-care	6	999	38320001.0	1175	1	1	0	1173	none	topic_default
3901.00.01	#topic-health-care	6	999	39010001.0	1176	1	1	0	1174	none	topic_default
3918.00.01	#topic-health-care	6	999	39180001.0	1177	1	1	0	1175	none	topic_default
3963.00.01	#topic-health-care	6	999	39630001.0	1178	1	1	0	1176	none	topic_default
3997.00.01	#topic-health-care	6	999	39970001.0	1179	1	1	0	1177	none	topic_default
4039.00.01	#topic-health-care	6	999	40390001.0	1180	1	1	0	1178	none	topic_default
4064.00.01	#topic-health-care	6	999	40640001.0	1181	1	1	0	1179	none	topic_default
4089.00.01	#topic-health-care	6	999	40890001.0	1182	1	1	0	1180	none	topic_default
4090.00.03	#topic-health-care	6	999	40900003.0	1183	3	1	0	1181	none	topic_default
4096.00.01	#topic-health-care	6	999	40960001.0	1184	1	1	0	1182	none	topic_default
4100.00.01	#topic-health-care	6	999	41000001.0	1185	1	1	0	1183	none	topic_default
4138.00.01	#topic-health-care	6	999	41380001.0	1186	1	1	0	1184	none	topic_default
4166.00.01	#topic-health-care	6	999	41660001.0	1187	1	1	0	1185	none	topic_default
4194.00.01	#topic-health-care	6	999	41940001.0	1188	2	2	0	1186	none	topic_default
4227.00.01	#topic-health-care	6	999	42270001.0	1190	1	1	0	1187	none	topic_default
4284.00.01	#topic-health-care	6	999	42840001.0	1191	1	1	0	1188	none	topic_default
4301.00.01	#topic-health-care	6	999	43010001.0	1192	1	1	0	1189	none	topic_default
4326.00.01	#topic-health-care	6	999	43260001.0	1193	1	1	0	1190	none	topic_default
4354.00.01	#topic-health-care	6	999	43540001.0	1194	1	1	0	1191	none	topic_default
4378.00.01	#topic-health-care	6	999	43780001.0	1195	1	1	0	1192	none	topic_default
4388.00.01	#topic-health-care	6	999	43880001.0	1196	3	2	0	1193	none	topic_default
4429.00.01	#topic-health-care	6	999	44290001.0	1198	1	1	0	1194	none	topic_default
4453.00.01	#topic-health-care	6	999	44530001.0	1199	1	1	0	1195	none	topic_default
4478.00.01	#topic-health-care	6	999	44780001.0	1200	1	1	0	1196	none	topic_default
4534.00.01	#topic-health-care	6	999	45340001.0	1201	1	1	0	1197	none	topic_default
4537.00.01	#topic-health-care	6	999	45370001.0	1202	1	1	0	1198	none	topic_default
4545.00.01	#topic-health-care	6	999	45450001.0	1203	1	1	0	1199	none	topic_default
4547.00.01	#topic-health-care	6	999	45470001.0	1204	1	1	0	1200	none	topic_default
4551.00.03	#topic-health-care	6	999	45510003.0	1205	3	1	0	1201	none	topic_default
4584.00.01	#topic-health-care	6	999	45840001.0	1206	1	1	0	1202	none	topic_default
4608.00.01	#topic-health-care	6	999	46080001.0	1207	1	1	0	1203	none	topic_default
4622.00.01	#topic-health-care	6	999	46220001.0	1208	1	1	0	1204	none	topic_default
4629.00.02	#topic-health-care	6	999	46290002.0	1209	2	1	0	1205	none	topic_default
4651.00.01	#topic-health-care	6	999	46510001.0	1210	1	1	0	1206	none	topic_default
4670.00.01	#topic-health-care	6	999	46700001.0	1211	1	1	0	1207	none	topic_default
4679.00.01	#topic-health-care	6	999	46790001.0	1212	1	1	0	1208	none	topic_default
4728.00.02	#topic-health-care	6	999	47280002.0	1213	2	1	0	1209	none	topic_default
4730.00.01	#topic-health-care	6	999	47300001.0	1214	1	1	0	1210	none	topic_default
4731.00.01	#topic-health-care	6	999	47310001.0	1215	1	1	0	1211	none	topic_default
4758.00.01	#topic-health-care	6	999	47580001.0	1216	1	1	0	1212	none	topic_default
4772.00.01	#topic-health-care	6	999	47720001.0	1217	1	1	0	1213	none	topic_default
4781.00.01	#topic-health-care	6	999	47810001.0	1218	1	1	0	1214	none	topic_default
4800.00.01	#topic-health-care	6	999	48000001.0	1219	1	1	0	1215	none	topic_default
4807.00.01	#topic-health-care	6	999	48070001.0	1220	1	1	0	1216	none	topic_default
4827.00.01	#topic-health-care	6	999	48270001.0	1221	1	1	0	1217	none	topic_default
4831.00.01	#topic-health-care	6	999	48310001.0	1222	1	1	0	1218	none	topic_default
4848.00.01	#topic-health-care	6	999	48480001.0	1223	1	1	0	1219	none	topic_default
4874.00.01	#topic-health-care	6	999	48740001.0	1224	1	1	0	1220	none	topic_default
4909.00.01	#topic-health-care	6	999	49090001.0	1225	1	1	0	1221	none	topic_default
4943.00.01	#topic-health-care	6	999	49430001.0	1226	1	1	0	1222	none	topic_default
4945.00.01	#topic-health-care	6	999	49450001.0	1227	1	1	0	1223	none	topic_default
4951.00.01	#topic-health-care	6	999	49510001.0	1228	1	1	0	1224	none	topic_default
4960.00.01	#topic-health-care	6	999	49600001.0	1229	1	1	0	1225	none	topic_default
4976.00.01	#topic-health-care	6	999	49760001.0	1230	1	1	0	1226	none	topic_default
0407.00.02	#topic-health-care	6	999	4070002.0	1042	2	2	1	1227	none	topic_default
3148.00.02	#topic-health-care	6	999	31480002.0	1140	2	2	1	1228	none	topic_default
4194.00.02	#topic-health-care	6	999	41940002.0	1189	2	2	1	1229	none	topic_default
4388.00.02	#topic-health-care	6	999	43880002.0	1197	3	2	1	1230	none	topic_default
1418.00.01	#topic-hygiene	7	999	14180001.0	1231	1	1	0	1231	none	topic_default
1492.00.01	#topic-hygiene	7	999	14920001.0	1232	1	1	0	1232	none	topic_default
1834.00.01	#topic-hygiene	7	999	18340001.0	1233	1	1	0	1233	none	topic_default
1912.00.01	#topic-hygiene	7	999	19120001.0	1234	1	1	0	1234	none	topic_default
2077.00.03	#topic-hygiene	7	999	20770003.0	1235	3	1	0	1235	none	topic_default
2596.00.01	#topic-hygiene	7	999	25960001.0	1236	2	2	0	1236	none	topic_default
3005.00.01	#topic-hygiene	7	999	30050001.0	1238	1	1	0	1237	none	topic_default
3768.00.01	#topic-hygiene	7	999	37680001.0	1239	1	1	0	1238	none	topic_default
3921.00.01	#topic-hygiene	7	999	39210001.0	1240	1	1	0	1239	none	topic_default
4087.00.01	#topic-hygiene	7	999	40870001.0	1241	1	1	0	1240	none	topic_default
4296.00.01	#topic-hygiene	7	999	42960001.0	1242	1	1	0	1241	none	topic_default
4504.00.01	#topic-hygiene	7	999	45040001.0	1243	1	1	0	1242	none	topic_default
4703.00.01	#topic-hygiene	7	999	47030001.0	1244	1	1	0	1243	none	topic_default
2596.00.02	#topic-hygiene	7	999	25960002.0	1237	2	2	1	1244	none	topic_default
0044.00.01	#topic-appearance	8	999	440001.0	1245	1	1	0	1245	none	topic_default
0137.00.01	#topic-appearance	8	999	1370001.0	1246	1	1	0	1246	none	topic_default
0183.00.01	#topic-appearance	8	999	1830001.0	1247	1	1	0	1247	none	topic_default
0209.00.01	#topic-appearance	8	999	2090001.0	1248	2	1	0	1248	none	topic_default
0242.00.01	#topic-appearance	8	999	2420001.0	1249	2	2	0	1249	none	topic_default
0263.00.01	#topic-appearance	8	999	2630001.0	1251	2	1	0	1250	none	topic_default
0285.00.01	#topic-appearance	8	999	2850001.0	1252	1	1	0	1251	none	topic_default
0301.00.02	#topic-appearance	8	999	3010002.0	1253	2	1	0	1252	none	topic_default
0527.00.02	#topic-appearance	8	999	5270002.0	1254	2	1	0	1253	none	topic_default
0529.00.01	#topic-appearance	8	999	5290001.0	1255	1	1	0	1254	none	topic_default
0569.00.01	#topic-appearance	8	999	5690001.0	1256	1	1	0	1255	none	topic_default
0605.00.01	#topic-appearance	8	999	6050001.0	1257	1	1	0	1256	none	topic_default
0678.00.01	#topic-appearance	8	999	6780001.0	1258	1	1	0	1257	none	topic_default
0689.00.01	#topic-appearance	8	999	6890001.0	1259	1	1	0	1258	none	topic_default
0696.00.01	#topic-appearance	8	999	6960001.0	1260	1	1	0	1259	none	topic_default
1059.00.01	#topic-appearance	8	999	10590001.0	1261	3	1	0	1260	none	topic_default
1104.00.01	#topic-appearance	8	999	11040001.0	1262	1	1	0	1261	none	topic_default
1134.00.01	#topic-appearance	8	999	11340001.0	1263	1	1	0	1262	none	topic_default
1136.00.01	#topic-appearance	8	999	11360001.0	1264	1	1	0	1263	none	topic_default
1182.00.01	#topic-appearance	8	999	11820001.0	1265	1	1	0	1264	none	topic_default
1217.00.01	#topic-appearance	8	999	12170001.0	1266	1	1	0	1265	none	topic_default
1252.00.01	#topic-appearance	8	999	12520001.0	1267	1	1	0	1266	none	topic_default
1288.00.01	#topic-appearance	8	999	12880001.0	1268	2	2	0	1267	none	topic_default
1434.00.02	#topic-appearance	8	999	14340002.0	1270	2	1	0	1268	none	topic_default
1531.00.01	#topic-appearance	8	999	15310001.0	1271	2	1	0	1269	none	topic_default
1641.00.02	#topic-appearance	8	999	16410002.0	1272	2	1	0	1270	none	topic_default
1647.00.01	#topic-appearance	8	999	16470001.0	1273	1	1	0	1271	none	topic_default
1747.00.01	#topic-appearance	8	999	17470001.0	1274	1	1	0	1272	none	topic_default
1781.00.01	#topic-appearance	8	999	17810001.0	1275	1	1	0	1273	none	topic_default
1951.00.01	#topic-appearance	8	999	19510001.0	1276	1	1	0	1274	none	topic_default
2109.00.01	#topic-appearance	8	999	21090001.0	1277	1	1	0	1275	none	topic_default
2128.00.02	#topic-appearance	8	999	21280002.0	1278	2	1	0	1276	none	topic_default
2134.00.01	#topic-appearance	8	999	21340001.0	1279	2	1	0	1277	none	topic_default
2168.00.01	#topic-appearance	8	999	21680001.0	1280	2	1	0	1278	none	topic_default
2199.00.01	#topic-appearance	8	999	21990001.0	1281	2	2	0	1279	none	topic_default
2382.00.01	#topic-appearance	8	999	23820001.0	1283	1	1	0	1280	none	topic_default
2409.00.01	#topic-appearance	8	999	24090001.0	1284	1	1	0	1281	none	topic_default
2454.00.01	#topic-appearance	8	999	24540001.0	1285	3	2	0	1282	none	topic_default
2579.00.01	#topic-appearance	8	999	25790001.0	1287	1	1	0	1283	none	topic_default
2635.00.01	#topic-appearance	8	999	26350001.0	1288	1	1	0	1284	none	topic_default
2743.00.01	#topic-appearance	8	999	27430001.0	1289	1	1	0	1285	none	topic_default
2899.00.01	#topic-appearance	8	999	28990001.0	1290	1	1	0	1286	none	topic_default
2957.00.01	#topic-appearance	8	999	29570001.0	1291	1	1	0	1287	none	topic_default
3081.00.01	#topic-appearance	8	999	30810001.0	1292	1	1	0	1288	none	topic_default
3131.00.01	#topic-appearance	8	999	31310001.0	1293	1	1	0	1289	none	topic_default
3140.00.01	#topic-appearance	8	999	31400001.0	1294	1	1	0	1290	none	topic_default
3186.00.02	#topic-appearance	8	999	31860002.0	1295	2	1	0	1291	none	topic_default
3238.00.01	#topic-appearance	8	999	32380001.0	1296	1	1	0	1292	none	topic_default
3365.00.02	#topic-appearance	8	999	33650002.0	1297	2	1	0	1293	none	topic_default
3369.00.01	#topic-appearance	8	999	33690001.0	1298	1	1	0	1294	none	topic_default
3382.00.01	#topic-appearance	8	999	33820001.0	1299	1	1	0	1295	none	topic_default
3430.00.01	#topic-appearance	8	999	34300001.0	1300	1	1	0	1296	none	topic_default
3441.00.01	#topic-appearance	8	999	34410001.0	1301	2	1	0	1297	none	topic_default
3488.00.01	#topic-appearance	8	999	34880001.0	1302	2	2	0	1298	none	topic_default
3492.00.01	#topic-appearance	8	999	34920001.0	1304	2	2	0	1299	none	topic_default
3551.00.01	#topic-appearance	8	999	35510001.0	1306	1	1	0	1300	none	topic_default
3618.00.01	#topic-appearance	8	999	36180001.0	1307	1	1	0	1301	none	topic_default
3620.00.01	#topic-appearance	8	999	36200001.0	1308	1	1	0	1302	none	topic_default
3653.00.01	#topic-appearance	8	999	36530001.0	1309	1	1	0	1303	none	topic_default
3740.00.01	#topic-appearance	8	999	37400001.0	1310	1	1	0	1304	none	topic_default
3788.00.01	#topic-appearance	8	999	37880001.0	1311	1	1	0	1305	none	topic_default
3801.00.01	#topic-appearance	8	999	38010001.0	1312	1	1	0	1306	none	topic_default
3978.00.01	#topic-appearance	8	999	39780001.0	1313	1	1	0	1307	none	topic_default
4030.00.01	#topic-appearance	8	999	40300001.0	1314	1	1	0	1308	none	topic_default
4034.00.01	#topic-appearance	8	999	40340001.0	1315	1	1	0	1309	none	topic_default
4077.00.01	#topic-appearance	8	999	40770001.0	1316	1	1	0	1310	none	topic_default
4156.00.01	#topic-appearance	8	999	41560001.0	1317	1	1	0	1311	none	topic_default
4340.00.01	#topic-appearance	8	999	43400001.0	1318	1	1	0	1312	none	topic_default
4345.00.01	#topic-appearance	8	999	43450001.0	1319	1	1	0	1313	none	topic_default
4417.00.01	#topic-appearance	8	999	44170001.0	1320	1	1	0	1314	none	topic_default
4492.00.01	#topic-appearance	8	999	44920001.0	1321	1	1	0	1315	none	topic_default
4521.00.01	#topic-appearance	8	999	45210001.0	1322	1	1	0	1316	none	topic_default
4575.00.01	#topic-appearance	8	999	45750001.0	1323	1	1	0	1317	none	topic_default
4691.00.02	#topic-appearance	8	999	46910002.0	1324	2	1	0	1318	none	topic_default
4817.00.01	#topic-appearance	8	999	48170001.0	1325	1	1	0	1319	none	topic_default
4837.00.01	#topic-appearance	8	999	48370001.0	1326	1	1	0	1320	none	topic_default
4973.00.01	#topic-appearance	8	999	49730001.0	1327	1	1	0	1321	none	topic_default
0242.00.02	#topic-appearance	8	999	2420002.0	1250	2	2	1	1322	none	topic_default
1288.00.02	#topic-appearance	8	999	12880002.0	1269	2	2	1	1323	none	topic_default
2199.00.02	#topic-appearance	8	999	21990002.0	1282	2	2	1	1324	none	topic_default
2454.00.02	#topic-appearance	8	999	24540002.0	1286	3	2	1	1325	none	topic_default
3488.00.02	#topic-appearance	8	999	34880002.0	1303	2	2	1	1326	none	topic_default
3492.00.02	#topic-appearance	8	999	34920002.0	1305	2	2	1	1327	none	topic_default
0143.00.01	#topic-food-drink	9	999	1430001.0	1328	1	1	0	1328	none	topic_default
0161.00.02	#topic-food-drink	9	999	1610002.0	1329	2	1	0	1329	none	topic_default
0271.00.01	#topic-food-drink	9	999	2710001.0	1330	1	1	0	1330	none	topic_default
0512.00.01	#topic-food-drink	9	999	5120001.0	1331	1	1	0	1331	none	topic_default
0534.00.02	#topic-food-drink	9	999	5340002.0	1332	2	1	0	1332	none	topic_default
0586.00.01	#topic-food-drink	9	999	5860001.0	1333	1	1	0	1333	none	topic_default
0595.00.01	#topic-food-drink	9	999	5950001.0	1334	1	1	0	1334	none	topic_default
0627.00.01	#topic-food-drink	9	999	6270001.0	1335	1	1	0	1335	none	topic_default
0643.00.01	#topic-food-drink	9	999	6430001.0	1336	2	2	0	1336	none	topic_default
0704.00.01	#topic-food-drink	9	999	7040001.0	1338	1	1	0	1337	none	topic_default
0769.00.01	#topic-food-drink	9	999	7690001.0	1339	1	1	0	1338	none	topic_default
0905.00.01	#topic-food-drink	9	999	9050001.0	1340	1	1	0	1339	none	topic_default
0966.00.01	#topic-food-drink	9	999	9660001.0	1341	2	1	0	1340	none	topic_default
0981.00.01	#topic-food-drink	9	999	9810001.0	1342	1	1	0	1341	none	topic_default
0998.00.01	#topic-food-drink	9	999	9980001.0	1343	1	1	0	1342	none	topic_default
1099.00.01	#topic-food-drink	9	999	10990001.0	1344	1	1	0	1343	none	topic_default
1160.00.01	#topic-food-drink	9	999	11600001.0	1345	2	2	0	1344	none	topic_default
1176.00.01	#topic-food-drink	9	999	11760001.0	1347	1	1	0	1345	none	topic_default
1196.00.01	#topic-food-drink	9	999	11960001.0	1348	1	1	0	1346	none	topic_default
1236.00.02	#topic-food-drink	9	999	12360002.0	1349	3	2	0	1347	none	topic_default
1250.00.01	#topic-food-drink	9	999	12500001.0	1351	1	1	0	1348	none	topic_default
1346.00.01	#topic-food-drink	9	999	13460001.0	1352	2	1	0	1349	none	topic_default
1401.00.02	#topic-food-drink	9	999	14010002.0	1353	2	1	0	1350	none	topic_default
1416.00.01	#topic-food-drink	9	999	14160001.0	1354	1	1	0	1351	none	topic_default
1449.00.01	#topic-food-drink	9	999	14490001.0	1355	1	1	0	1352	none	topic_default
1455.00.01	#topic-food-drink	9	999	14550001.0	1356	1	1	0	1353	none	topic_default
1505.00.01	#topic-food-drink	9	999	15050001.0	1357	1	1	0	1354	none	topic_default
1507.00.01	#topic-food-drink	9	999	15070001.0	1358	1	1	0	1355	none	topic_default
1524.00.01	#topic-food-drink	9	999	15240001.0	1359	1	1	0	1356	none	topic_default
1528.00.01	#topic-food-drink	9	999	15280001.0	1360	1	1	0	1357	none	topic_default
1561.00.01	#topic-food-drink	9	999	15610001.0	1361	1	1	0	1358	none	topic_default
1633.00.01	#topic-food-drink	9	999	16330001.0	1362	1	1	0	1359	none	topic_default
1693.00.01	#topic-food-drink	9	999	16930001.0	1363	1	1	0	1360	none	topic_default
1727.00.01	#topic-food-drink	9	999	17270001.0	1364	1	1	0	1361	none	topic_default
1752.00.02	#topic-food-drink	9	999	17520002.0	1365	2	1	0	1362	none	topic_default
1881.00.01	#topic-food-drink	9	999	18810001.0	1366	1	1	0	1363	none	topic_default
1923.00.01	#topic-food-drink	9	999	19230001.0	1367	1	1	0	1364	none	topic_default
1952.00.01	#topic-food-drink	9	999	19520001.0	1368	1	1	0	1365	none	topic_default
1983.00.01	#topic-food-drink	9	999	19830001.0	1369	1	1	0	1366	none	topic_default
2002.00.01	#topic-food-drink	9	999	20020001.0	1370	1	1	0	1367	none	topic_default
2006.00.03	#topic-food-drink	9	999	20060003.0	1371	3	1	0	1368	none	topic_default
2033.00.01	#topic-food-drink	9	999	20330001.0	1372	1	1	0	1369	none	topic_default
2034.00.01	#topic-food-drink	9	999	20340001.0	1373	1	1	0	1370	none	topic_default
2095.00.01	#topic-food-drink	9	999	20950001.0	1374	1	1	0	1371	none	topic_default
2131.00.01	#topic-food-drink	9	999	21310001.0	1375	1	1	0	1372	none	topic_default
2151.00.01	#topic-food-drink	9	999	21510001.0	1376	1	1	0	1373	none	topic_default
2232.00.01	#topic-food-drink	9	999	22320001.0	1377	1	1	0	1374	none	topic_default
2242.00.01	#topic-food-drink	9	999	22420001.0	1378	1	1	0	1375	none	topic_default
2256.00.01	#topic-food-drink	9	999	22560001.0	1379	1	1	0	1376	none	topic_default
2338.00.01	#topic-food-drink	9	999	23380001.0	1380	1	1	0	1377	none	topic_default
2363.00.01	#topic-food-drink	9	999	23630001.0	1381	1	1	0	1378	none	topic_default
2378.00.01	#topic-food-drink	9	999	23780001.0	1382	1	1	0	1379	none	topic_default
2387.00.01	#topic-food-drink	9	999	23870001.0	1383	1	1	0	1380	none	topic_default
2403.00.01	#topic-food-drink	9	999	24030001.0	1384	1	1	0	1381	none	topic_default
2410.00.01	#topic-food-drink	9	999	24100001.0	1385	1	1	0	1382	none	topic_default
2497.00.01	#topic-food-drink	9	999	24970001.0	1386	1	1	0	1383	none	topic_default
2501.00.01	#topic-food-drink	9	999	25010001.0	1387	1	1	0	1384	none	topic_default
2528.00.01	#topic-food-drink	9	999	25280001.0	1388	1	1	0	1385	none	topic_default
2540.00.01	#topic-food-drink	9	999	25400001.0	1389	1	1	0	1386	none	topic_default
2544.00.01	#topic-food-drink	9	999	25440001.0	1390	1	1	0	1387	none	topic_default
2586.00.01	#topic-food-drink	9	999	25860001.0	1391	1	1	0	1388	none	topic_default
2588.00.01	#topic-food-drink	9	999	25880001.0	1392	1	1	0	1389	none	topic_default
2631.00.01	#topic-food-drink	9	999	26310001.0	1393	1	1	0	1390	none	topic_default
2732.00.01	#topic-food-drink	9	999	27320001.0	1394	2	1	0	1391	none	topic_default
2758.00.01	#topic-food-drink	9	999	27580001.0	1395	1	1	0	1392	none	topic_default
2763.00.01	#topic-food-drink	9	999	27630001.0	1396	1	1	0	1393	none	topic_default
2778.00.01	#topic-food-drink	9	999	27780001.0	1397	1	1	0	1394	none	topic_default
2798.00.01	#topic-food-drink	9	999	27980001.0	1398	1	1	0	1395	none	topic_default
2864.00.02	#topic-food-drink	9	999	28640002.0	1399	2	1	0	1396	none	topic_default
2879.00.01	#topic-food-drink	9	999	28790001.0	1400	1	1	0	1397	none	topic_default
2889.00.01	#topic-food-drink	9	999	28890001.0	1401	3	2	0	1398	none	topic_default
2891.00.01	#topic-food-drink	9	999	28910001.0	1403	1	1	0	1399	none	topic_default
2940.00.02	#topic-food-drink	9	999	29400002.0	1404	2	1	0	1400	none	topic_default
2993.00.02	#topic-food-drink	9	999	29930002.0	1405	2	1	0	1401	none	topic_default
3088.00.01	#topic-food-drink	9	999	30880001.0	1406	1	1	0	1402	none	topic_default
3093.00.01	#topic-food-drink	9	999	30930001.0	1407	2	2	0	1403	none	topic_default
3101.00.02	#topic-food-drink	9	999	31010002.0	1409	2	1	0	1404	none	topic_default
3115.00.01	#topic-food-drink	9	999	31150001.0	1410	1	1	0	1405	none	topic_default
3147.00.01	#topic-food-drink	9	999	31470001.0	1411	1	1	0	1406	none	topic_default
3165.00.01	#topic-food-drink	9	999	31650001.0	1412	1	1	0	1407	none	topic_default
3188.00.01	#topic-food-drink	9	999	31880001.0	1413	1	1	0	1408	none	topic_default
3206.00.01	#topic-food-drink	9	999	32060001.0	1414	1	1	0	1409	none	topic_default
3218.00.01	#topic-food-drink	9	999	32180001.0	1415	1	1	0	1410	none	topic_default
3311.00.01	#topic-food-drink	9	999	33110001.0	1416	1	1	0	1411	none	topic_default
3363.00.01	#topic-food-drink	9	999	33630001.0	1417	1	1	0	1412	none	topic_default
3446.00.01	#topic-food-drink	9	999	34460001.0	1418	1	1	0	1413	none	topic_default
3468.00.01	#topic-food-drink	9	999	34680001.0	1419	1	1	0	1414	none	topic_default
3594.00.01	#topic-food-drink	9	999	35940001.0	1420	1	1	0	1415	none	topic_default
3601.00.01	#topic-food-drink	9	999	36010001.0	1421	1	1	0	1416	none	topic_default
3606.00.01	#topic-food-drink	9	999	36060001.0	1422	1	1	0	1417	none	topic_default
3623.00.01	#topic-food-drink	9	999	36230001.0	1423	1	1	0	1418	none	topic_default
3626.00.01	#topic-food-drink	9	999	36260001.0	1424	1	1	0	1419	none	topic_default
3689.00.01	#topic-food-drink	9	999	36890001.0	1425	1	1	0	1420	none	topic_default
3756.00.01	#topic-food-drink	9	999	37560001.0	1426	1	1	0	1421	none	topic_default
3821.00.01	#topic-food-drink	9	999	38210001.0	1427	1	1	0	1422	none	topic_default
3856.00.01	#topic-food-drink	9	999	38560001.0	1428	2	1	0	1423	none	topic_default
4024.00.01	#topic-food-drink	9	999	40240001.0	1429	1	1	0	1424	none	topic_default
4116.00.01	#topic-food-drink	9	999	41160001.0	1430	1	1	0	1425	none	topic_default
4167.00.01	#topic-food-drink	9	999	41670001.0	1431	2	1	0	1426	none	topic_default
4231.00.02	#topic-food-drink	9	999	42310002.0	1432	2	1	0	1427	none	topic_default
4281.00.01	#topic-food-drink	9	999	42810001.0	1433	1	1	0	1428	none	topic_default
4282.00.01	#topic-food-drink	9	999	42820001.0	1434	1	1	0	1429	none	topic_default
4329.00.01	#topic-food-drink	9	999	43290001.0	1435	1	1	0	1430	none	topic_default
4333.00.01	#topic-food-drink	9	999	43330001.0	1436	1	1	0	1431	none	topic_default
4337.00.01	#topic-food-drink	9	999	43370001.0	1437	1	1	0	1432	none	topic_default
4368.00.01	#topic-food-drink	9	999	43680001.0	1438	2	2	0	1433	none	topic_default
4400.00.01	#topic-food-drink	9	999	44000001.0	1440	1	1	0	1434	none	topic_default
4472.00.01	#topic-food-drink	9	999	44720001.0	1441	2	1	0	1435	none	topic_default
4539.00.01	#topic-food-drink	9	999	45390001.0	1442	1	1	0	1436	none	topic_default
4551.00.02	#topic-food-drink	9	999	45510002.0	1443	3	1	0	1437	none	topic_default
4633.00.01	#topic-food-drink	9	999	46330001.0	1444	1	1	0	1438	none	topic_default
4742.00.01	#topic-food-drink	9	999	47420001.0	1445	1	1	0	1439	none	topic_default
4762.00.01	#topic-food-drink	9	999	47620001.0	1446	1	1	0	1440	none	topic_default
4773.00.01	#topic-food-drink	9	999	47730001.0	1447	1	1	0	1441	none	topic_default
4775.00.01	#topic-food-drink	9	999	47750001.0	1448	1	1	0	1442	none	topic_default
4825.00.01	#topic-food-drink	9	999	48250001.0	1449	1	1	0	1443	none	topic_default
4836.00.01	#topic-food-drink	9	999	48360001.0	1450	1	1	0	1444	none	topic_default
4862.00.01	#topic-food-drink	9	999	48620001.0	1451	1	1	0	1445	none	topic_default
4876.00.01	#topic-food-drink	9	999	48760001.0	1452	1	1	0	1446	none	topic_default
4887.00.01	#topic-food-drink	9	999	48870001.0	1453	1	1	0	1447	none	topic_default
4893.00.01	#topic-food-drink	9	999	48930001.0	1454	1	1	0	1448	none	topic_default
4897.00.02	#topic-food-drink	9	999	48970002.0	1455	2	1	0	1449	none	topic_default
0643.00.02	#topic-food-drink	9	999	6430002.0	1337	2	2	1	1450	none	topic_default
1160.00.02	#topic-food-drink	9	999	11600002.0	1346	2	2	1	1451	none	topic_default
1236.00.03	#topic-food-drink	9	999	12360003.0	1350	3	2	1	1452	none	topic_default
2889.00.02	#topic-food-drink	9	999	28890002.0	1402	3	2	1	1453	none	topic_default
3093.00.02	#topic-food-drink	9	999	30930002.0	1408	2	2	1	1454	none	topic_default
4368.00.02	#topic-food-drink	9	999	43680002.0	1439	2	2	1	1455	none	topic_default
0081.00.01	#topic-home-household	10	999	810001.0	1456	1	1	0	1456	none	topic_default
0425.00.01	#topic-home-household	10	999	4250001.0	1457	1	1	0	1457	none	topic_default
0442.00.01	#topic-home-household	10	999	4420001.0	1458	1	1	0	1458	none	topic_default
0491.00.01	#topic-home-household	10	999	4910001.0	1459	1	1	0	1459	none	topic_default
0503.00.01	#topic-home-household	10	999	5030001.0	1460	3	2	0	1460	none	topic_default
0568.00.01	#topic-home-household	10	999	5680001.0	1462	1	1	0	1461	none	topic_default
0641.00.01	#topic-home-household	10	999	6410001.0	1463	1	1	0	1462	none	topic_default
0709.00.01	#topic-home-household	10	999	7090001.0	1464	1	1	0	1463	none	topic_default
0833.00.01	#topic-home-household	10	999	8330001.0	1465	1	1	0	1464	none	topic_default
0852.00.01	#topic-home-household	10	999	8520001.0	1466	1	1	0	1465	none	topic_default
0864.00.02	#topic-home-household	10	999	8640002.0	1467	2	1	0	1466	none	topic_default
0930.00.01	#topic-home-household	10	999	9300001.0	1468	1	1	0	1467	none	topic_default
1002.00.01	#topic-home-household	10	999	10020001.0	1469	1	1	0	1468	none	topic_default
1046.00.01	#topic-home-household	10	999	10460001.0	1470	1	1	0	1469	none	topic_default
1057.00.03	#topic-home-household	10	999	10570003.0	1471	3	1	0	1470	none	topic_default
1191.00.01	#topic-home-household	10	999	11910001.0	1472	2	1	0	1471	none	topic_default
1371.00.01	#topic-home-household	10	999	13710001.0	1473	2	1	0	1472	none	topic_default
1383.00.01	#topic-home-household	10	999	13830001.0	1474	1	1	0	1473	none	topic_default
1392.00.01	#topic-home-household	10	999	13920001.0	1475	1	1	0	1474	none	topic_default
1415.00.01	#topic-home-household	10	999	14150001.0	1476	1	1	0	1475	none	topic_default
1516.00.01	#topic-home-household	10	999	15160001.0	1477	2	1	0	1476	none	topic_default
1607.00.01	#topic-home-household	10	999	16070001.0	1478	1	1	0	1477	none	topic_default
1611.00.01	#topic-home-household	10	999	16110001.0	1479	1	1	0	1478	none	topic_default
1637.00.02	#topic-home-household	10	999	16370002.0	1480	2	1	0	1479	none	topic_default
1723.00.01	#topic-home-household	10	999	17230001.0	1481	1	1	0	1480	none	topic_default
1804.00.01	#topic-home-household	10	999	18040001.0	1482	1	1	0	1481	none	topic_default
1949.00.01	#topic-home-household	10	999	19490001.0	1483	1	1	0	1482	none	topic_default
1950.00.01	#topic-home-household	10	999	19500001.0	1484	1	1	0	1483	none	topic_default
2088.00.01	#topic-home-household	10	999	20880001.0	1485	1	1	0	1484	none	topic_default
2093.00.01	#topic-home-household	10	999	20930001.0	1486	2	1	0	1485	none	topic_default
2098.00.01	#topic-home-household	10	999	20980001.0	1487	1	1	0	1486	none	topic_default
2133.00.01	#topic-home-household	10	999	21330001.0	1488	1	1	0	1487	none	topic_default
2186.00.01	#topic-home-household	10	999	21860001.0	1489	3	1	0	1488	none	topic_default
2259.00.01	#topic-home-household	10	999	22590001.0	1490	1	1	0	1489	none	topic_default
2264.00.02	#topic-home-household	10	999	22640002.0	1491	2	1	0	1490	none	topic_default
2278.00.02	#topic-home-household	10	999	22780002.0	1492	2	1	0	1491	none	topic_default
2292.00.01	#topic-home-household	10	999	22920001.0	1493	1	1	0	1492	none	topic_default
2334.00.01	#topic-home-household	10	999	23340001.0	1494	1	1	0	1493	none	topic_default
2335.00.01	#topic-home-household	10	999	23350001.0	1495	1	1	0	1494	none	topic_default
2386.00.01	#topic-home-household	10	999	23860001.0	1496	2	1	0	1495	none	topic_default
2561.00.01	#topic-home-household	10	999	25610001.0	1497	1	1	0	1496	none	topic_default
2603.00.02	#topic-home-household	10	999	26030002.0	1498	3	2	0	1497	none	topic_default
2636.00.01	#topic-home-household	10	999	26360001.0	1500	1	1	0	1498	none	topic_default
2666.00.03	#topic-home-household	10	999	26660003.0	1501	3	1	0	1499	none	topic_default
2685.00.01	#topic-home-household	10	999	26850001.0	1502	1	1	0	1500	none	topic_default
2950.00.01	#topic-home-household	10	999	29500001.0	1503	1	1	0	1501	none	topic_default
2965.00.01	#topic-home-household	10	999	29650001.0	1504	1	1	0	1502	none	topic_default
3032.00.01	#topic-home-household	10	999	30320001.0	1505	1	1	0	1503	none	topic_default
3034.00.01	#topic-home-household	10	999	30340001.0	1506	1	1	0	1504	none	topic_default
3037.00.01	#topic-home-household	10	999	30370001.0	1507	1	1	0	1505	none	topic_default
3041.00.01	#topic-home-household	10	999	30410001.0	1508	1	1	0	1506	none	topic_default
3072.00.02	#topic-home-household	10	999	30720002.0	1509	2	1	0	1507	none	topic_default
3112.00.01	#topic-home-household	10	999	31120001.0	1510	1	1	0	1508	none	topic_default
3271.00.01	#topic-home-household	10	999	32710001.0	1511	1	1	0	1509	none	topic_default
3292.00.01	#topic-home-household	10	999	32920001.0	1512	1	1	0	1510	none	topic_default
3327.00.01	#topic-home-household	10	999	33270001.0	1513	1	1	0	1511	none	topic_default
3411.00.01	#topic-home-household	10	999	34110001.0	1514	1	1	0	1512	none	topic_default
3510.00.01	#topic-home-household	10	999	35100001.0	1515	2	2	0	1513	none	topic_default
3561.00.01	#topic-home-household	10	999	35610001.0	1517	2	1	0	1514	none	topic_default
3660.00.02	#topic-home-household	10	999	36600002.0	1518	2	1	0	1515	none	topic_default
3687.00.01	#topic-home-household	10	999	36870001.0	1519	1	1	0	1516	none	topic_default
3691.00.01	#topic-home-household	10	999	36910001.0	1520	1	1	0	1517	none	topic_default
3761.00.01	#topic-home-household	10	999	37610001.0	1521	1	1	0	1518	none	topic_default
3764.00.01	#topic-home-household	10	999	37640001.0	1522	1	1	0	1519	none	topic_default
3781.00.01	#topic-home-household	10	999	37810001.0	1523	1	1	0	1520	none	topic_default
3841.00.01	#topic-home-household	10	999	38410001.0	1524	1	1	0	1521	none	topic_default
3866.00.01	#topic-home-household	10	999	38660001.0	1525	1	1	0	1522	none	topic_default
3882.00.01	#topic-home-household	10	999	38820001.0	1526	1	1	0	1523	none	topic_default
3903.00.01	#topic-home-household	10	999	39030001.0	1527	1	1	0	1524	none	topic_default
4008.00.01	#topic-home-household	10	999	40080001.0	1528	1	1	0	1525	none	topic_default
4032.00.02	#topic-home-household	10	999	40320002.0	1529	3	1	0	1526	none	topic_default
4038.00.01	#topic-home-household	10	999	40380001.0	1530	2	2	0	1527	none	topic_default
4047.00.01	#topic-home-household	10	999	40470001.0	1532	3	2	0	1528	none	topic_default
4052.00.01	#topic-home-household	10	999	40520001.0	1534	2	2	0	1529	none	topic_default
4082.00.01	#topic-home-household	10	999	40820001.0	1536	1	1	0	1530	none	topic_default
4104.00.02	#topic-home-household	10	999	41040002.0	1537	2	1	0	1531	none	topic_default
4168.00.01	#topic-home-household	10	999	41680001.0	1538	1	1	0	1532	none	topic_default
4218.00.01	#topic-home-household	10	999	42180001.0	1539	2	2	0	1533	none	topic_default
4234.00.01	#topic-home-household	10	999	42340001.0	1541	2	2	0	1534	none	topic_default
4255.00.01	#topic-home-household	10	999	42550001.0	1543	2	2	0	1535	none	topic_default
4263.00.01	#topic-home-household	10	999	42630001.0	1545	1	1	0	1536	none	topic_default
4264.00.01	#topic-home-household	10	999	42640001.0	1546	1	1	0	1537	none	topic_default
4266.00.01	#topic-home-household	10	999	42660001.0	1547	1	1	0	1538	none	topic_default
4283.00.01	#topic-home-household	10	999	42830001.0	1548	1	1	0	1539	none	topic_default
4297.00.01	#topic-home-household	10	999	42970001.0	1549	1	1	0	1540	none	topic_default
4348.00.01	#topic-home-household	10	999	43480001.0	1550	3	2	0	1541	none	topic_default
4465.00.01	#topic-home-household	10	999	44650001.0	1552	1	1	0	1542	none	topic_default
4467.00.01	#topic-home-household	10	999	44670001.0	1553	1	1	0	1543	none	topic_default
4490.00.01	#topic-home-household	10	999	44900001.0	1554	3	2	0	1544	none	topic_default
4599.00.02	#topic-home-household	10	999	45990002.0	1556	2	1	0	1545	none	topic_default
4605.00.01	#topic-home-household	10	999	46050001.0	1557	2	2	0	1546	none	topic_default
4612.00.01	#topic-home-household	10	999	46120001.0	1559	1	1	0	1547	none	topic_default
4634.00.01	#topic-home-household	10	999	46340001.0	1560	1	1	0	1548	none	topic_default
4643.00.01	#topic-home-household	10	999	46430001.0	1561	1	1	0	1549	none	topic_default
4673.00.01	#topic-home-household	10	999	46730001.0	1562	2	1	0	1550	none	topic_default
4687.00.01	#topic-home-household	10	999	46870001.0	1563	1	1	0	1551	none	topic_default
4693.00.01	#topic-home-household	10	999	46930001.0	1564	1	1	0	1552	none	topic_default
4927.00.01	#topic-home-household	10	999	49270001.0	1565	2	1	0	1553	none	topic_default
4938.00.01	#topic-home-household	10	999	49380001.0	1566	1	1	0	1554	none	topic_default
4948.00.01	#topic-home-household	10	999	49480001.0	1567	1	1	0	1555	none	topic_default
4959.00.01	#topic-home-household	10	999	49590001.0	1568	1	1	0	1556	none	topic_default
0503.00.02	#topic-home-household	10	999	5030002.0	1461	3	2	1	1557	none	topic_default
2603.00.03	#topic-home-household	10	999	26030003.0	1499	3	2	1	1558	none	topic_default
3510.00.02	#topic-home-household	10	999	35100002.0	1516	2	2	1	1559	none	topic_default
4038.00.02	#topic-home-household	10	999	40380002.0	1531	2	2	1	1560	none	topic_default
4047.00.02	#topic-home-household	10	999	40470002.0	1533	3	2	1	1561	none	topic_default
4052.00.02	#topic-home-household	10	999	40520002.0	1535	2	2	1	1562	none	topic_default
4218.00.02	#topic-home-household	10	999	42180002.0	1540	2	2	1	1563	none	topic_default
4234.00.02	#topic-home-household	10	999	42340002.0	1542	2	2	1	1564	none	topic_default
4255.00.02	#topic-home-household	10	999	42550002.0	1544	2	2	1	1565	none	topic_default
4348.00.03	#topic-home-household	10	999	43480003.0	1551	3	2	1	1566	none	topic_default
4490.00.02	#topic-home-household	10	999	44900002.0	1555	3	2	1	1567	none	topic_default
4605.00.02	#topic-home-household	10	999	46050002.0	1558	2	2	1	1568	none	topic_default
0020.00.01	#topic-daily-routines	11	999	200001.0	1569	1	1	0	1569	none	topic_default
0035.00.01	#topic-daily-routines	11	999	350001.0	1570	1	1	0	1570	none	topic_default
0090.00.01	#topic-daily-routines	11	999	900001.0	1571	1	1	0	1571	none	topic_default
0096.00.01	#topic-daily-routines	11	999	960001.0	1572	1	1	0	1572	none	topic_default
0101.00.01	#topic-daily-routines	11	999	1010001.0	1573	2	1	0	1573	none	topic_default
0113.00.02	#topic-daily-routines	11	999	1130002.0	1574	2	1	0	1574	none	topic_default
0147.00.01	#topic-daily-routines	11	999	1470001.0	1575	1	1	0	1575	none	topic_default
0148.00.01	#topic-daily-routines	11	999	1480001.0	1576	1	1	0	1576	none	topic_default
0155.00.01	#topic-daily-routines	11	999	1550001.0	1577	2	2	0	1577	none	topic_default
0156.00.01	#topic-daily-routines	11	999	1560001.0	1579	1	1	0	1578	none	topic_default
0161.00.01	#topic-daily-routines	11	999	1610001.0	1580	2	1	0	1579	none	topic_default
0174.00.01	#topic-daily-routines	11	999	1740001.0	1581	1	1	0	1580	none	topic_default
0185.00.01	#topic-daily-routines	11	999	1850001.0	1582	1	1	0	1581	none	topic_default
0192.00.01	#topic-daily-routines	11	999	1920001.0	1583	1	1	0	1582	none	topic_default
0196.00.01	#topic-daily-routines	11	999	1960001.0	1584	1	1	0	1583	none	topic_default
0216.00.01	#topic-daily-routines	11	999	2160001.0	1585	1	1	0	1584	none	topic_default
0226.00.01	#topic-daily-routines	11	999	2260001.0	1586	1	1	0	1585	none	topic_default
0230.00.01	#topic-daily-routines	11	999	2300001.0	1587	1	1	0	1586	none	topic_default
0245.00.01	#topic-daily-routines	11	999	2450001.0	1588	1	1	0	1587	none	topic_default
0260.00.01	#topic-daily-routines	11	999	2600001.0	1589	1	1	0	1588	none	topic_default
0297.00.01	#topic-daily-routines	11	999	2970001.0	1590	1	1	0	1589	none	topic_default
0307.00.01	#topic-daily-routines	11	999	3070001.0	1591	2	2	0	1590	none	topic_default
0357.00.01	#topic-daily-routines	11	999	3570001.0	1593	1	1	0	1591	none	topic_default
0360.00.01	#topic-daily-routines	11	999	3600001.0	1594	1	1	0	1592	none	topic_default
0373.00.01	#topic-daily-routines	11	999	3730001.0	1595	1	1	0	1593	none	topic_default
0405.00.01	#topic-daily-routines	11	999	4050001.0	1596	1	1	0	1594	none	topic_default
0453.00.01	#topic-daily-routines	11	999	4530001.0	1597	1	1	0	1595	none	topic_default
0484.00.01	#topic-daily-routines	11	999	4840001.0	1598	2	1	0	1596	none	topic_default
0510.00.01	#topic-daily-routines	11	999	5100001.0	1599	1	1	0	1597	none	topic_default
0523.00.01	#topic-daily-routines	11	999	5230001.0	1600	2	1	0	1598	none	topic_default
0543.00.01	#topic-daily-routines	11	999	5430001.0	1601	1	1	0	1599	none	topic_default
0609.00.01	#topic-daily-routines	11	999	6090001.0	1602	1	1	0	1600	none	topic_default
0633.00.01	#topic-daily-routines	11	999	6330001.0	1603	1	1	0	1601	none	topic_default
0652.00.01	#topic-daily-routines	11	999	6520001.0	1604	1	1	0	1602	none	topic_default
0688.00.01	#topic-daily-routines	11	999	6880001.0	1605	1	1	0	1603	none	topic_default
0747.00.01	#topic-daily-routines	11	999	7470001.0	1606	1	1	0	1604	none	topic_default
0753.00.01	#topic-daily-routines	11	999	7530001.0	1607	1	1	0	1605	none	topic_default
0782.00.01	#topic-daily-routines	11	999	7820001.0	1608	1	1	0	1606	none	topic_default
0814.00.01	#topic-daily-routines	11	999	8140001.0	1609	1	1	0	1607	none	topic_default
0815.00.01	#topic-daily-routines	11	999	8150001.0	1610	1	1	0	1608	none	topic_default
0837.00.01	#topic-daily-routines	11	999	8370001.0	1611	1	1	0	1609	none	topic_default
0894.00.01	#topic-daily-routines	11	999	8940001.0	1612	1	1	0	1610	none	topic_default
0910.00.01	#topic-daily-routines	11	999	9100001.0	1613	1	1	0	1611	none	topic_default
0918.00.01	#topic-daily-routines	11	999	9180001.0	1614	1	1	0	1612	none	topic_default
0954.00.01	#topic-daily-routines	11	999	9540001.0	1615	1	1	0	1613	none	topic_default
0970.00.01	#topic-daily-routines	11	999	9700001.0	1616	1	1	0	1614	none	topic_default
0972.00.01	#topic-daily-routines	11	999	9720001.0	1617	1	1	0	1615	none	topic_default
0980.00.01	#topic-daily-routines	11	999	9800001.0	1618	1	1	0	1616	none	topic_default
1015.00.01	#topic-daily-routines	11	999	10150001.0	1619	2	1	0	1617	none	topic_default
1057.00.01	#topic-daily-routines	11	999	10570001.0	1620	3	2	0	1618	none	topic_default
1079.00.01	#topic-daily-routines	11	999	10790001.0	1622	2	1	0	1619	none	topic_default
1080.00.01	#topic-daily-routines	11	999	10800001.0	1623	1	1	0	1620	none	topic_default
1110.00.01	#topic-daily-routines	11	999	11100001.0	1624	1	1	0	1621	none	topic_default
1115.00.01	#topic-daily-routines	11	999	11150001.0	1625	1	1	0	1622	none	topic_default
1154.00.01	#topic-daily-routines	11	999	11540001.0	1626	1	1	0	1623	none	topic_default
1215.00.01	#topic-daily-routines	11	999	12150001.0	1627	1	1	0	1624	none	topic_default
1261.00.01	#topic-daily-routines	11	999	12610001.0	1628	2	1	0	1625	none	topic_default
1270.00.01	#topic-daily-routines	11	999	12700001.0	1629	1	1	0	1626	none	topic_default
1312.00.01	#topic-daily-routines	11	999	13120001.0	1630	1	1	0	1627	none	topic_default
1335.00.01	#topic-daily-routines	11	999	13350001.0	1631	2	2	0	1628	none	topic_default
1345.00.01	#topic-daily-routines	11	999	13450001.0	1633	1	1	0	1629	none	topic_default
1367.00.01	#topic-daily-routines	11	999	13670001.0	1634	2	2	0	1630	none	topic_default
1406.00.01	#topic-daily-routines	11	999	14060001.0	1636	1	1	0	1631	none	topic_default
1476.00.01	#topic-daily-routines	11	999	14760001.0	1637	1	1	0	1632	none	topic_default
1539.00.01	#topic-daily-routines	11	999	15390001.0	1638	1	1	0	1633	none	topic_default
1568.00.01	#topic-daily-routines	11	999	15680001.0	1639	1	1	0	1634	none	topic_default
1574.00.01	#topic-daily-routines	11	999	15740001.0	1640	1	1	0	1635	none	topic_default
1603.00.01	#topic-daily-routines	11	999	16030001.0	1641	1	1	0	1636	none	topic_default
1652.00.01	#topic-daily-routines	11	999	16520001.0	1642	2	1	0	1637	none	topic_default
1692.00.01	#topic-daily-routines	11	999	16920001.0	1643	1	1	0	1638	none	topic_default
1699.00.01	#topic-daily-routines	11	999	16990001.0	1644	2	1	0	1639	none	topic_default
1733.00.01	#topic-daily-routines	11	999	17330001.0	1645	1	1	0	1640	none	topic_default
1784.00.01	#topic-daily-routines	11	999	17840001.0	1646	1	1	0	1641	none	topic_default
1896.00.01	#topic-daily-routines	11	999	18960001.0	1647	1	1	0	1642	none	topic_default
2012.00.01	#topic-daily-routines	11	999	20120001.0	1648	1	1	0	1643	none	topic_default
2025.00.02	#topic-daily-routines	11	999	20250002.0	1649	3	1	0	1644	none	topic_default
2119.00.03	#topic-daily-routines	11	999	21190003.0	1650	3	1	0	1645	none	topic_default
2164.00.01	#topic-daily-routines	11	999	21640001.0	1651	1	1	0	1646	none	topic_default
2190.00.01	#topic-daily-routines	11	999	21900001.0	1652	1	1	0	1647	none	topic_default
2196.00.01	#topic-daily-routines	11	999	21960001.0	1653	1	1	0	1648	none	topic_default
2211.00.02	#topic-daily-routines	11	999	22110002.0	1654	4	2	0	1649	none	topic_default
2244.00.01	#topic-daily-routines	11	999	22440001.0	1656	1	1	0	1650	none	topic_default
2312.00.01	#topic-daily-routines	11	999	23120001.0	1657	1	1	0	1651	none	topic_default
2323.00.01	#topic-daily-routines	11	999	23230001.0	1658	1	1	0	1652	none	topic_default
2364.00.03	#topic-daily-routines	11	999	23640003.0	1659	3	1	0	1653	none	topic_default
2394.00.01	#topic-daily-routines	11	999	23940001.0	1660	1	1	0	1654	none	topic_default
2400.00.02	#topic-daily-routines	11	999	24000002.0	1661	3	1	0	1655	none	topic_default
2514.00.01	#topic-daily-routines	11	999	25140001.0	1662	1	1	0	1656	none	topic_default
2563.00.01	#topic-daily-routines	11	999	25630001.0	1663	1	1	0	1657	none	topic_default
2601.00.01	#topic-daily-routines	11	999	26010001.0	1664	1	1	0	1658	none	topic_default
2680.00.01	#topic-daily-routines	11	999	26800001.0	1665	3	2	0	1659	none	topic_default
2727.00.01	#topic-daily-routines	11	999	27270001.0	1667	1	1	0	1660	none	topic_default
3085.00.01	#topic-daily-routines	11	999	30850001.0	1668	1	1	0	1661	none	topic_default
3143.00.01	#topic-daily-routines	11	999	31430001.0	1669	1	1	0	1662	none	topic_default
3185.00.01	#topic-daily-routines	11	999	31850001.0	1670	2	1	0	1663	none	topic_default
3214.00.01	#topic-daily-routines	11	999	32140001.0	1671	1	1	0	1664	none	topic_default
3265.00.01	#topic-daily-routines	11	999	32650001.0	1672	2	1	0	1665	none	topic_default
3296.00.01	#topic-daily-routines	11	999	32960001.0	1673	2	1	0	1666	none	topic_default
3298.00.01	#topic-daily-routines	11	999	32980001.0	1674	1	1	0	1667	none	topic_default
3309.00.01	#topic-daily-routines	11	999	33090001.0	1675	1	1	0	1668	none	topic_default
3387.00.01	#topic-daily-routines	11	999	33870001.0	1676	1	1	0	1669	none	topic_default
3388.00.01	#topic-daily-routines	11	999	33880001.0	1677	1	1	0	1670	none	topic_default
3458.00.01	#topic-daily-routines	11	999	34580001.0	1678	1	1	0	1671	none	topic_default
3498.00.01	#topic-daily-routines	11	999	34980001.0	1679	1	1	0	1672	none	topic_default
3565.00.01	#topic-daily-routines	11	999	35650001.0	1680	1	1	0	1673	none	topic_default
3597.00.01	#topic-daily-routines	11	999	35970001.0	1681	2	1	0	1674	none	topic_default
3640.00.01	#topic-daily-routines	11	999	36400001.0	1682	1	1	0	1675	none	topic_default
3667.00.01	#topic-daily-routines	11	999	36670001.0	1683	1	1	0	1676	none	topic_default
3700.00.01	#topic-daily-routines	11	999	37000001.0	1684	1	1	0	1677	none	topic_default
3721.00.01	#topic-daily-routines	11	999	37210001.0	1685	1	1	0	1678	none	topic_default
3744.00.01	#topic-daily-routines	11	999	37440001.0	1686	1	1	0	1679	none	topic_default
3824.00.01	#topic-daily-routines	11	999	38240001.0	1687	1	1	0	1680	none	topic_default
3983.00.01	#topic-daily-routines	11	999	39830001.0	1688	1	1	0	1681	none	topic_default
3990.00.01	#topic-daily-routines	11	999	39900001.0	1689	1	1	0	1682	none	topic_default
4130.00.02	#topic-daily-routines	11	999	41300002.0	1690	3	1	0	1683	none	topic_default
4159.00.01	#topic-daily-routines	11	999	41590001.0	1691	1	1	0	1684	none	topic_default
4216.00.01	#topic-daily-routines	11	999	42160001.0	1692	1	1	0	1685	none	topic_default
4318.00.01	#topic-daily-routines	11	999	43180001.0	1693	1	1	0	1686	none	topic_default
4336.00.01	#topic-daily-routines	11	999	43360001.0	1694	1	1	0	1687	none	topic_default
4379.00.01	#topic-daily-routines	11	999	43790001.0	1695	1	1	0	1688	none	topic_default
4397.00.01	#topic-daily-routines	11	999	43970001.0	1696	1	1	0	1689	none	topic_default
4455.00.01	#topic-daily-routines	11	999	44550001.0	1697	1	1	0	1690	none	topic_default
4546.00.01	#topic-daily-routines	11	999	45460001.0	1698	1	1	0	1691	none	topic_default
4574.00.02	#topic-daily-routines	11	999	45740002.0	1699	2	1	0	1692	none	topic_default
4602.00.01	#topic-daily-routines	11	999	46020001.0	1700	1	1	0	1693	none	topic_default
4747.00.01	#topic-daily-routines	11	999	47470001.0	1701	1	1	0	1694	none	topic_default
4768.00.01	#topic-daily-routines	11	999	47680001.0	1702	1	1	0	1695	none	topic_default
4792.00.01	#topic-daily-routines	11	999	47920001.0	1703	1	1	0	1696	none	topic_default
4794.00.01	#topic-daily-routines	11	999	47940001.0	1704	1	1	0	1697	none	topic_default
4801.00.01	#topic-daily-routines	11	999	48010001.0	1705	1	1	0	1698	none	topic_default
4949.00.01	#topic-daily-routines	11	999	49490001.0	1706	1	1	0	1699	none	topic_default
0155.00.02	#topic-daily-routines	11	999	1550002.0	1578	2	2	1	1700	none	topic_default
0307.00.02	#topic-daily-routines	11	999	3070002.0	1592	2	2	1	1701	none	topic_default
1057.00.02	#topic-daily-routines	11	999	10570002.0	1621	3	2	1	1702	none	topic_default
1335.00.02	#topic-daily-routines	11	999	13350002.0	1632	2	2	1	1703	none	topic_default
1367.00.02	#topic-daily-routines	11	999	13670002.0	1635	2	2	1	1704	none	topic_default
2211.00.03	#topic-daily-routines	11	999	22110003.0	1655	4	2	1	1705	none	topic_default
2680.00.03	#topic-daily-routines	11	999	26800003.0	1666	3	2	1	1706	none	topic_default
0697.00.01	#topic-clothing-style	12	999	6970001.0	1707	1	1	0	1707	none	topic_default
1031.00.01	#topic-clothing-style	12	999	10310001.0	1708	1	1	0	1708	none	topic_default
1049.00.02	#topic-clothing-style	12	999	10490002.0	1709	2	1	0	1709	none	topic_default
1123.00.01	#topic-clothing-style	12	999	11230001.0	1710	1	1	0	1710	none	topic_default
1164.00.01	#topic-clothing-style	12	999	11640001.0	1711	1	1	0	1711	none	topic_default
1169.00.01	#topic-clothing-style	12	999	11690001.0	1712	1	1	0	1712	none	topic_default
1709.00.02	#topic-clothing-style	12	999	17090002.0	1713	2	1	0	1713	none	topic_default
1931.00.01	#topic-clothing-style	12	999	19310001.0	1714	1	1	0	1714	none	topic_default
2068.00.01	#topic-clothing-style	12	999	20680001.0	1715	2	1	0	1715	none	topic_default
2121.00.01	#topic-clothing-style	12	999	21210001.0	1716	1	1	0	1716	none	topic_default
2148.00.01	#topic-clothing-style	12	999	21480001.0	1717	1	1	0	1717	none	topic_default
2211.00.04	#topic-clothing-style	12	999	22110004.0	1718	4	1	0	1718	none	topic_default
2233.00.01	#topic-clothing-style	12	999	22330001.0	1719	1	1	0	1719	none	topic_default
2405.00.01	#topic-clothing-style	12	999	24050001.0	1720	1	1	0	1720	none	topic_default
2428.00.01	#topic-clothing-style	12	999	24280001.0	1721	1	1	0	1721	none	topic_default
2578.00.01	#topic-clothing-style	12	999	25780001.0	1722	1	1	0	1722	none	topic_default
2654.00.01	#topic-clothing-style	12	999	26540001.0	1723	1	1	0	1723	none	topic_default
2700.00.01	#topic-clothing-style	12	999	27000001.0	1724	1	1	0	1724	none	topic_default
2782.00.01	#topic-clothing-style	12	999	27820001.0	1725	1	1	0	1725	none	topic_default
2871.00.02	#topic-clothing-style	12	999	28710002.0	1726	2	1	0	1726	none	topic_default
2993.00.01	#topic-clothing-style	12	999	29930001.0	1727	2	1	0	1727	none	topic_default
3065.00.01	#topic-clothing-style	12	999	30650001.0	1728	1	1	0	1728	none	topic_default
3371.00.01	#topic-clothing-style	12	999	33710001.0	1729	1	1	0	1729	none	topic_default
3500.00.01	#topic-clothing-style	12	999	35000001.0	1730	1	1	0	1730	none	topic_default
3654.00.02	#topic-clothing-style	12	999	36540002.0	1731	3	2	0	1731	none	topic_default
3664.00.01	#topic-clothing-style	12	999	36640001.0	1733	3	1	0	1732	none	topic_default
3682.00.01	#topic-clothing-style	12	999	36820001.0	1734	1	1	0	1733	none	topic_default
3842.00.01	#topic-clothing-style	12	999	38420001.0	1735	2	2	0	1734	none	topic_default
4141.00.01	#topic-clothing-style	12	999	41410001.0	1737	1	1	0	1735	none	topic_default
4352.00.01	#topic-clothing-style	12	999	43520001.0	1738	1	1	0	1736	none	topic_default
4375.00.01	#topic-clothing-style	12	999	43750001.0	1739	1	1	0	1737	none	topic_default
4514.00.03	#topic-clothing-style	12	999	45140003.0	1740	3	1	0	1738	none	topic_default
4600.00.01	#topic-clothing-style	12	999	46000001.0	1741	2	1	0	1739	none	topic_default
4648.00.01	#topic-clothing-style	12	999	46480001.0	1742	1	1	0	1740	none	topic_default
4761.00.01	#topic-clothing-style	12	999	47610001.0	1743	1	1	0	1741	none	topic_default
4841.00.01	#topic-clothing-style	12	999	48410001.0	1744	1	1	0	1742	none	topic_default
4890.00.01	#topic-clothing-style	12	999	48900001.0	1745	1	1	0	1743	none	topic_default
4924.00.01	#topic-clothing-style	12	999	49240001.0	1746	2	2	0	1744	none	topic_default
4969.00.01	#topic-clothing-style	12	999	49690001.0	1748	1	1	0	1745	none	topic_default
3654.00.03	#topic-clothing-style	12	999	36540003.0	1732	3	2	1	1746	none	topic_default
3842.00.02	#topic-clothing-style	12	999	38420002.0	1736	2	2	1	1747	none	topic_default
4924.00.02	#topic-clothing-style	12	999	49240002.0	1747	2	2	1	1748	none	topic_default
0221.00.01	#topic-shopping-services	13	999	2210001.0	1749	1	1	0	1749	none	topic_default
0332.00.01	#topic-shopping-services	13	999	3320001.0	1750	1	1	0	1750	none	topic_default
0427.00.01	#topic-shopping-services	13	999	4270001.0	1751	1	1	0	1751	none	topic_default
0463.00.01	#topic-shopping-services	13	999	4630001.0	1752	1	1	0	1752	none	topic_default
0559.00.01	#topic-shopping-services	13	999	5590001.0	1753	1	1	0	1753	none	topic_default
0622.00.01	#topic-shopping-services	13	999	6220001.0	1754	1	1	0	1754	none	topic_default
0701.00.02	#topic-shopping-services	13	999	7010002.0	1755	2	1	0	1755	none	topic_default
0807.00.01	#topic-shopping-services	13	999	8070001.0	1756	1	1	0	1756	none	topic_default
0838.00.02	#topic-shopping-services	13	999	8380002.0	1757	2	1	0	1757	none	topic_default
0979.00.01	#topic-shopping-services	13	999	9790001.0	1758	2	1	0	1758	none	topic_default
1017.00.01	#topic-shopping-services	13	999	10170001.0	1759	1	1	0	1759	none	topic_default
1118.00.01	#topic-shopping-services	13	999	11180001.0	1760	1	1	0	1760	none	topic_default
1145.00.01	#topic-shopping-services	13	999	11450001.0	1761	1	1	0	1761	none	topic_default
1222.00.01	#topic-shopping-services	13	999	12220001.0	1762	1	1	0	1762	none	topic_default
1264.00.01	#topic-shopping-services	13	999	12640001.0	1763	1	1	0	1763	none	topic_default
1313.00.01	#topic-shopping-services	13	999	13130001.0	1764	1	1	0	1764	none	topic_default
1433.00.01	#topic-shopping-services	13	999	14330001.0	1765	2	2	0	1765	none	topic_default
1628.00.01	#topic-shopping-services	13	999	16280001.0	1767	1	1	0	1766	none	topic_default
1650.00.02	#topic-shopping-services	13	999	16500002.0	1768	2	1	0	1767	none	topic_default
1831.00.01	#topic-shopping-services	13	999	18310001.0	1769	1	1	0	1768	none	topic_default
1860.00.02	#topic-shopping-services	13	999	18600002.0	1770	2	1	0	1769	none	topic_default
1917.00.02	#topic-shopping-services	13	999	19170002.0	1771	2	1	0	1770	none	topic_default
2206.00.01	#topic-shopping-services	13	999	22060001.0	1772	1	1	0	1771	none	topic_default
2383.00.02	#topic-shopping-services	13	999	23830002.0	1773	2	1	0	1772	none	topic_default
2392.00.01	#topic-shopping-services	13	999	23920001.0	1774	1	1	0	1773	none	topic_default
2575.00.01	#topic-shopping-services	13	999	25750001.0	1775	1	1	0	1774	none	topic_default
2585.00.01	#topic-shopping-services	13	999	25850001.0	1776	1	1	0	1775	none	topic_default
2696.00.02	#topic-shopping-services	13	999	26960002.0	1777	2	1	0	1776	none	topic_default
2726.00.01	#topic-shopping-services	13	999	27260001.0	1778	1	1	0	1777	none	topic_default
2936.00.01	#topic-shopping-services	13	999	29360001.0	1779	1	1	0	1778	none	topic_default
2990.00.01	#topic-shopping-services	13	999	29900001.0	1780	1	1	0	1779	none	topic_default
3029.00.02	#topic-shopping-services	13	999	30290002.0	1781	2	1	0	1780	none	topic_default
3135.00.01	#topic-shopping-services	13	999	31350001.0	1782	1	1	0	1781	none	topic_default
3139.00.01	#topic-shopping-services	13	999	31390001.0	1783	2	2	0	1782	none	topic_default
3163.00.01	#topic-shopping-services	13	999	31630001.0	1785	1	1	0	1783	none	topic_default
3240.00.01	#topic-shopping-services	13	999	32400001.0	1786	1	1	0	1784	none	topic_default
3253.00.01	#topic-shopping-services	13	999	32530001.0	1787	1	1	0	1785	none	topic_default
3390.00.01	#topic-shopping-services	13	999	33900001.0	1788	1	1	0	1786	none	topic_default
3590.00.01	#topic-shopping-services	13	999	35900001.0	1789	2	1	0	1787	none	topic_default
3633.00.01	#topic-shopping-services	13	999	36330001.0	1790	2	1	0	1788	none	topic_default
3757.00.01	#topic-shopping-services	13	999	37570001.0	1791	1	1	0	1789	none	topic_default
4053.00.01	#topic-shopping-services	13	999	40530001.0	1792	1	1	0	1790	none	topic_default
4085.00.01	#topic-shopping-services	13	999	40850001.0	1793	1	1	0	1791	none	topic_default
4298.00.01	#topic-shopping-services	13	999	42980001.0	1794	1	1	0	1792	none	topic_default
4548.00.01	#topic-shopping-services	13	999	45480001.0	1795	2	1	0	1793	none	topic_default
4549.00.01	#topic-shopping-services	13	999	45490001.0	1796	1	1	0	1794	none	topic_default
4650.00.01	#topic-shopping-services	13	999	46500001.0	1797	1	1	0	1795	none	topic_default
1433.00.02	#topic-shopping-services	13	999	14330002.0	1766	2	2	1	1796	none	topic_default
3139.00.02	#topic-shopping-services	13	999	31390002.0	1784	2	2	1	1797	none	topic_default
0084.00.01	#topic-work-jobs	14	999	840001.0	1798	1	1	0	1798	none	topic_default
0113.00.01	#topic-work-jobs	14	999	1130001.0	1799	2	1	0	1799	none	topic_default
0162.00.01	#topic-work-jobs	14	999	1620001.0	1800	1	1	0	1800	none	topic_default
0165.00.01	#topic-work-jobs	14	999	1650001.0	1801	1	1	0	1801	none	topic_default
0252.00.02	#topic-work-jobs	14	999	2520002.0	1802	2	1	0	1802	none	topic_default
0342.00.01	#topic-work-jobs	14	999	3420001.0	1803	3	1	0	1803	none	topic_default
0348.00.02	#topic-work-jobs	14	999	3480002.0	1804	2	1	0	1804	none	topic_default
0352.00.01	#topic-work-jobs	14	999	3520001.0	1805	2	2	0	1805	none	topic_default
0354.00.01	#topic-work-jobs	14	999	3540001.0	1807	1	1	0	1806	none	topic_default
0386.00.01	#topic-work-jobs	14	999	3860001.0	1808	1	1	0	1807	none	topic_default
0449.00.01	#topic-work-jobs	14	999	4490001.0	1809	1	1	0	1808	none	topic_default
0478.00.02	#topic-work-jobs	14	999	4780002.0	1810	2	1	0	1809	none	topic_default
0485.00.01	#topic-work-jobs	14	999	4850001.0	1811	1	1	0	1810	none	topic_default
0518.00.01	#topic-work-jobs	14	999	5180001.0	1812	1	1	0	1811	none	topic_default
0558.00.01	#topic-work-jobs	14	999	5580001.0	1813	1	1	0	1812	none	topic_default
0560.00.01	#topic-work-jobs	14	999	5600001.0	1814	1	1	0	1813	none	topic_default
0564.00.01	#topic-work-jobs	14	999	5640001.0	1815	2	2	0	1814	none	topic_default
0574.00.01	#topic-work-jobs	14	999	5740001.0	1817	1	1	0	1815	none	topic_default
0583.00.01	#topic-work-jobs	14	999	5830001.0	1818	1	1	0	1816	none	topic_default
0588.00.01	#topic-work-jobs	14	999	5880001.0	1819	1	1	0	1817	none	topic_default
0604.00.03	#topic-work-jobs	14	999	6040003.0	1820	3	1	0	1818	none	topic_default
0619.00.01	#topic-work-jobs	14	999	6190001.0	1821	1	1	0	1819	none	topic_default
0624.00.01	#topic-work-jobs	14	999	6240001.0	1822	2	1	0	1820	none	topic_default
0639.00.01	#topic-work-jobs	14	999	6390001.0	1823	1	1	0	1821	none	topic_default
0672.00.01	#topic-work-jobs	14	999	6720001.0	1824	1	1	0	1822	none	topic_default
0673.00.02	#topic-work-jobs	14	999	6730002.0	1825	3	1	0	1823	none	topic_default
0675.00.01	#topic-work-jobs	14	999	6750001.0	1826	1	1	0	1824	none	topic_default
0720.00.01	#topic-work-jobs	14	999	7200001.0	1827	1	1	0	1825	none	topic_default
0734.00.01	#topic-work-jobs	14	999	7340001.0	1828	2	1	0	1826	none	topic_default
0764.00.01	#topic-work-jobs	14	999	7640001.0	1829	1	1	0	1827	none	topic_default
0792.00.01	#topic-work-jobs	14	999	7920001.0	1830	1	1	0	1828	none	topic_default
0797.00.01	#topic-work-jobs	14	999	7970001.0	1831	1	1	0	1829	none	topic_default
0800.00.01	#topic-work-jobs	14	999	8000001.0	1832	1	1	0	1830	none	topic_default
0823.00.03	#topic-work-jobs	14	999	8230003.0	1833	3	1	0	1831	none	topic_default
0840.00.01	#topic-work-jobs	14	999	8400001.0	1834	1	1	0	1832	none	topic_default
0848.00.01	#topic-work-jobs	14	999	8480001.0	1835	1	1	0	1833	none	topic_default
0851.00.02	#topic-work-jobs	14	999	8510002.0	1836	2	1	0	1834	none	topic_default
0883.00.01	#topic-work-jobs	14	999	8830001.0	1837	1	1	0	1835	none	topic_default
0886.00.01	#topic-work-jobs	14	999	8860001.0	1838	1	1	0	1836	none	topic_default
0897.00.01	#topic-work-jobs	14	999	8970001.0	1839	1	1	0	1837	none	topic_default
0899.00.02	#topic-work-jobs	14	999	8990002.0	1840	2	1	0	1838	none	topic_default
0902.00.01	#topic-work-jobs	14	999	9020001.0	1841	1	1	0	1839	none	topic_default
0937.00.01	#topic-work-jobs	14	999	9370001.0	1842	2	1	0	1840	none	topic_default
0968.00.01	#topic-work-jobs	14	999	9680001.0	1843	1	1	0	1841	none	topic_default
0997.00.01	#topic-work-jobs	14	999	9970001.0	1844	1	1	0	1842	none	topic_default
1030.00.01	#topic-work-jobs	14	999	10300001.0	1845	1	1	0	1843	none	topic_default
1083.00.01	#topic-work-jobs	14	999	10830001.0	1846	1	1	0	1844	none	topic_default
1089.00.01	#topic-work-jobs	14	999	10890001.0	1847	1	1	0	1845	none	topic_default
1091.00.01	#topic-work-jobs	14	999	10910001.0	1848	2	1	0	1846	none	topic_default
1095.00.01	#topic-work-jobs	14	999	10950001.0	1849	1	1	0	1847	none	topic_default
1109.00.01	#topic-work-jobs	14	999	11090001.0	1850	1	1	0	1848	none	topic_default
1122.00.01	#topic-work-jobs	14	999	11220001.0	1851	2	2	0	1849	none	topic_default
1130.00.01	#topic-work-jobs	14	999	11300001.0	1853	1	1	0	1850	none	topic_default
1175.00.01	#topic-work-jobs	14	999	11750001.0	1854	1	1	0	1851	none	topic_default
1184.00.01	#topic-work-jobs	14	999	11840001.0	1855	1	1	0	1852	none	topic_default
1290.00.01	#topic-work-jobs	14	999	12900001.0	1856	1	1	0	1853	none	topic_default
1299.00.01	#topic-work-jobs	14	999	12990001.0	1857	1	1	0	1854	none	topic_default
1331.00.01	#topic-work-jobs	14	999	13310001.0	1858	1	1	0	1855	none	topic_default
1343.00.01	#topic-work-jobs	14	999	13430001.0	1859	1	1	0	1856	none	topic_default
1347.00.01	#topic-work-jobs	14	999	13470001.0	1860	1	1	0	1857	none	topic_default
1366.00.01	#topic-work-jobs	14	999	13660001.0	1861	1	1	0	1858	none	topic_default
1374.00.01	#topic-work-jobs	14	999	13740001.0	1862	1	1	0	1859	none	topic_default
1385.00.01	#topic-work-jobs	14	999	13850001.0	1863	1	1	0	1860	none	topic_default
1388.00.01	#topic-work-jobs	14	999	13880001.0	1864	1	1	0	1861	none	topic_default
1397.00.01	#topic-work-jobs	14	999	13970001.0	1865	1	1	0	1862	none	topic_default
1404.00.01	#topic-work-jobs	14	999	14040001.0	1866	2	1	0	1863	none	topic_default
1405.00.01	#topic-work-jobs	14	999	14050001.0	1867	1	1	0	1864	none	topic_default
1445.00.01	#topic-work-jobs	14	999	14450001.0	1868	1	1	0	1865	none	topic_default
1464.00.01	#topic-work-jobs	14	999	14640001.0	1869	1	1	0	1866	none	topic_default
1484.00.01	#topic-work-jobs	14	999	14840001.0	1870	1	1	0	1867	none	topic_default
1521.00.01	#topic-work-jobs	14	999	15210001.0	1871	2	1	0	1868	none	topic_default
1540.00.01	#topic-work-jobs	14	999	15400001.0	1872	1	1	0	1869	none	topic_default
1548.00.01	#topic-work-jobs	14	999	15480001.0	1873	1	1	0	1870	none	topic_default
1573.00.01	#topic-work-jobs	14	999	15730001.0	1874	2	2	0	1871	none	topic_default
1587.00.01	#topic-work-jobs	14	999	15870001.0	1876	1	1	0	1872	none	topic_default
1604.00.01	#topic-work-jobs	14	999	16040001.0	1877	1	1	0	1873	none	topic_default
1625.00.02	#topic-work-jobs	14	999	16250002.0	1878	2	1	0	1874	none	topic_default
1629.00.01	#topic-work-jobs	14	999	16290001.0	1879	1	1	0	1875	none	topic_default
1636.00.01	#topic-work-jobs	14	999	16360001.0	1880	1	1	0	1876	none	topic_default
1642.00.01	#topic-work-jobs	14	999	16420001.0	1881	1	1	0	1877	none	topic_default
1652.00.02	#topic-work-jobs	14	999	16520002.0	1882	2	1	0	1878	none	topic_default
1659.00.01	#topic-work-jobs	14	999	16590001.0	1883	1	1	0	1879	none	topic_default
1664.00.01	#topic-work-jobs	14	999	16640001.0	1884	1	1	0	1880	none	topic_default
1689.00.01	#topic-work-jobs	14	999	16890001.0	1885	1	1	0	1881	none	topic_default
1690.00.01	#topic-work-jobs	14	999	16900001.0	1886	1	1	0	1882	none	topic_default
1700.00.01	#topic-work-jobs	14	999	17000001.0	1887	1	1	0	1883	none	topic_default
1749.00.01	#topic-work-jobs	14	999	17490001.0	1888	1	1	0	1884	none	topic_default
1777.00.01	#topic-work-jobs	14	999	17770001.0	1889	1	1	0	1885	none	topic_default
1779.00.03	#topic-work-jobs	14	999	17790003.0	1890	3	1	0	1886	none	topic_default
1805.00.01	#topic-work-jobs	14	999	18050001.0	1891	1	1	0	1887	none	topic_default
1812.00.01	#topic-work-jobs	14	999	18120001.0	1892	1	1	0	1888	none	topic_default
1833.00.02	#topic-work-jobs	14	999	18330002.0	1893	2	1	0	1889	none	topic_default
1836.00.01	#topic-work-jobs	14	999	18360001.0	1894	1	1	0	1890	none	topic_default
1843.00.01	#topic-work-jobs	14	999	18430001.0	1895	2	1	0	1891	none	topic_default
1865.00.01	#topic-work-jobs	14	999	18650001.0	1896	1	1	0	1892	none	topic_default
1875.00.01	#topic-work-jobs	14	999	18750001.0	1897	1	1	0	1893	none	topic_default
1893.00.01	#topic-work-jobs	14	999	18930001.0	1898	2	2	0	1894	none	topic_default
1914.00.02	#topic-work-jobs	14	999	19140002.0	1900	3	1	0	1895	none	topic_default
1924.00.01	#topic-work-jobs	14	999	19240001.0	1901	1	1	0	1896	none	topic_default
1925.00.01	#topic-work-jobs	14	999	19250001.0	1902	2	1	0	1897	none	topic_default
1929.00.01	#topic-work-jobs	14	999	19290001.0	1903	1	1	0	1898	none	topic_default
1944.00.01	#topic-work-jobs	14	999	19440001.0	1904	1	1	0	1899	none	topic_default
1964.00.01	#topic-work-jobs	14	999	19640001.0	1905	1	1	0	1900	none	topic_default
1968.00.01	#topic-work-jobs	14	999	19680001.0	1906	1	1	0	1901	none	topic_default
1972.00.01	#topic-work-jobs	14	999	19720001.0	1907	1	1	0	1902	none	topic_default
2001.00.02	#topic-work-jobs	14	999	20010002.0	1908	2	1	0	1903	none	topic_default
2018.00.01	#topic-work-jobs	14	999	20180001.0	1909	3	1	0	1904	none	topic_default
2020.00.01	#topic-work-jobs	14	999	20200001.0	1910	1	1	0	1905	none	topic_default
2048.00.01	#topic-work-jobs	14	999	20480001.0	1911	1	1	0	1906	none	topic_default
2049.00.01	#topic-work-jobs	14	999	20490001.0	1912	1	1	0	1907	none	topic_default
2051.00.01	#topic-work-jobs	14	999	20510001.0	1913	1	1	0	1908	none	topic_default
2052.00.01	#topic-work-jobs	14	999	20520001.0	1914	1	1	0	1909	none	topic_default
2064.00.02	#topic-work-jobs	14	999	20640002.0	1915	2	1	0	1910	none	topic_default
2067.00.01	#topic-work-jobs	14	999	20670001.0	1916	1	1	0	1911	none	topic_default
2076.00.01	#topic-work-jobs	14	999	20760001.0	1917	1	1	0	1912	none	topic_default
2078.00.01	#topic-work-jobs	14	999	20780001.0	1918	1	1	0	1913	none	topic_default
2102.00.01	#topic-work-jobs	14	999	21020001.0	1919	1	1	0	1914	none	topic_default
2104.00.01	#topic-work-jobs	14	999	21040001.0	1920	1	1	0	1915	none	topic_default
2117.00.01	#topic-work-jobs	14	999	21170001.0	1921	1	1	0	1916	none	topic_default
2126.00.01	#topic-work-jobs	14	999	21260001.0	1922	1	1	0	1917	none	topic_default
2143.00.01	#topic-work-jobs	14	999	21430001.0	1923	1	1	0	1918	none	topic_default
2160.00.01	#topic-work-jobs	14	999	21600001.0	1924	1	1	0	1919	none	topic_default
2166.00.01	#topic-work-jobs	14	999	21660001.0	1925	2	1	0	1920	none	topic_default
2188.00.01	#topic-work-jobs	14	999	21880001.0	1926	1	1	0	1921	none	topic_default
2194.00.01	#topic-work-jobs	14	999	21940001.0	1927	1	1	0	1922	none	topic_default
2195.00.01	#topic-work-jobs	14	999	21950001.0	1928	1	1	0	1923	none	topic_default
2205.00.01	#topic-work-jobs	14	999	22050001.0	1929	1	1	0	1924	none	topic_default
2220.00.01	#topic-work-jobs	14	999	22200001.0	1930	1	1	0	1925	none	topic_default
2277.00.01	#topic-work-jobs	14	999	22770001.0	1931	1	1	0	1926	none	topic_default
2288.00.01	#topic-work-jobs	14	999	22880001.0	1932	1	1	0	1927	none	topic_default
2302.00.01	#topic-work-jobs	14	999	23020001.0	1933	1	1	0	1928	none	topic_default
2303.00.01	#topic-work-jobs	14	999	23030001.0	1934	1	1	0	1929	none	topic_default
2310.00.01	#topic-work-jobs	14	999	23100001.0	1935	1	1	0	1930	none	topic_default
2315.00.01	#topic-work-jobs	14	999	23150001.0	1936	1	1	0	1931	none	topic_default
2330.00.01	#topic-work-jobs	14	999	23300001.0	1937	2	1	0	1932	none	topic_default
2344.00.01	#topic-work-jobs	14	999	23440001.0	1938	1	1	0	1933	none	topic_default
2348.00.01	#topic-work-jobs	14	999	23480001.0	1939	1	1	0	1934	none	topic_default
2365.00.01	#topic-work-jobs	14	999	23650001.0	1940	1	1	0	1935	none	topic_default
2376.00.01	#topic-work-jobs	14	999	23760001.0	1941	2	1	0	1936	none	topic_default
2400.00.01	#topic-work-jobs	14	999	24000001.0	1942	3	1	0	1937	none	topic_default
2401.00.01	#topic-work-jobs	14	999	24010001.0	1943	1	1	0	1938	none	topic_default
2413.00.01	#topic-work-jobs	14	999	24130001.0	1944	1	1	0	1939	none	topic_default
2437.00.01	#topic-work-jobs	14	999	24370001.0	1945	1	1	0	1940	none	topic_default
2459.00.01	#topic-work-jobs	14	999	24590001.0	1946	1	1	0	1941	none	topic_default
2508.00.01	#topic-work-jobs	14	999	25080001.0	1947	2	2	0	1942	none	topic_default
2533.00.01	#topic-work-jobs	14	999	25330001.0	1949	2	2	0	1943	none	topic_default
2637.00.01	#topic-work-jobs	14	999	26370001.0	1951	1	1	0	1944	none	topic_default
2641.00.01	#topic-work-jobs	14	999	26410001.0	1952	1	1	0	1945	none	topic_default
2665.00.01	#topic-work-jobs	14	999	26650001.0	1953	1	1	0	1946	none	topic_default
2679.00.01	#topic-work-jobs	14	999	26790001.0	1954	1	1	0	1947	none	topic_default
2688.00.01	#topic-work-jobs	14	999	26880001.0	1955	1	1	0	1948	none	topic_default
2696.00.01	#topic-work-jobs	14	999	26960001.0	1956	2	1	0	1949	none	topic_default
2706.00.01	#topic-work-jobs	14	999	27060001.0	1957	1	1	0	1950	none	topic_default
2715.00.01	#topic-work-jobs	14	999	27150001.0	1958	2	2	0	1951	none	topic_default
2735.00.01	#topic-work-jobs	14	999	27350001.0	1960	1	1	0	1952	none	topic_default
2742.00.01	#topic-work-jobs	14	999	27420001.0	1961	1	1	0	1953	none	topic_default
2764.00.02	#topic-work-jobs	14	999	27640002.0	1962	2	1	0	1954	none	topic_default
2767.00.01	#topic-work-jobs	14	999	27670001.0	1963	1	1	0	1955	none	topic_default
2774.00.01	#topic-work-jobs	14	999	27740001.0	1964	3	1	0	1956	none	topic_default
2779.00.01	#topic-work-jobs	14	999	27790001.0	1965	1	1	0	1957	none	topic_default
2781.00.01	#topic-work-jobs	14	999	27810001.0	1966	1	1	0	1958	none	topic_default
2786.00.01	#topic-work-jobs	14	999	27860001.0	1967	1	1	0	1959	none	topic_default
2799.00.01	#topic-work-jobs	14	999	27990001.0	1968	1	1	0	1960	none	topic_default
2800.00.01	#topic-work-jobs	14	999	28000001.0	1969	1	1	0	1961	none	topic_default
2857.00.02	#topic-work-jobs	14	999	28570002.0	1970	2	1	0	1962	none	topic_default
2876.00.01	#topic-work-jobs	14	999	28760001.0	1971	2	1	0	1963	none	topic_default
2932.00.01	#topic-work-jobs	14	999	29320001.0	1972	1	1	0	1964	none	topic_default
2958.00.01	#topic-work-jobs	14	999	29580001.0	1973	1	1	0	1965	none	topic_default
2970.00.01	#topic-work-jobs	14	999	29700001.0	1974	1	1	0	1966	none	topic_default
2982.00.01	#topic-work-jobs	14	999	29820001.0	1975	1	1	0	1967	none	topic_default
2987.00.01	#topic-work-jobs	14	999	29870001.0	1976	1	1	0	1968	none	topic_default
2992.00.01	#topic-work-jobs	14	999	29920001.0	1977	1	1	0	1969	none	topic_default
3043.00.01	#topic-work-jobs	14	999	30430001.0	1978	1	1	0	1970	none	topic_default
3045.00.01	#topic-work-jobs	14	999	30450001.0	1979	1	1	0	1971	none	topic_default
3055.00.01	#topic-work-jobs	14	999	30550001.0	1980	1	1	0	1972	none	topic_default
3095.00.01	#topic-work-jobs	14	999	30950001.0	1981	1	1	0	1973	none	topic_default
3149.00.01	#topic-work-jobs	14	999	31490001.0	1982	1	1	0	1974	none	topic_default
3153.00.01	#topic-work-jobs	14	999	31530001.0	1983	1	1	0	1975	none	topic_default
3170.00.01	#topic-work-jobs	14	999	31700001.0	1984	1	1	0	1976	none	topic_default
3229.00.01	#topic-work-jobs	14	999	32290001.0	1985	1	1	0	1977	none	topic_default
3235.00.01	#topic-work-jobs	14	999	32350001.0	1986	1	1	0	1978	none	topic_default
3243.00.01	#topic-work-jobs	14	999	32430001.0	1987	1	1	0	1979	none	topic_default
3248.00.01	#topic-work-jobs	14	999	32480001.0	1988	1	1	0	1980	none	topic_default
3250.00.01	#topic-work-jobs	14	999	32500001.0	1989	2	1	0	1981	none	topic_default
3257.00.01	#topic-work-jobs	14	999	32570001.0	1990	1	1	0	1982	none	topic_default
3262.00.02	#topic-work-jobs	14	999	32620002.0	1991	2	1	0	1983	none	topic_default
3293.00.01	#topic-work-jobs	14	999	32930001.0	1992	2	2	0	1984	none	topic_default
3295.00.01	#topic-work-jobs	14	999	32950001.0	1994	1	1	0	1985	none	topic_default
3301.00.01	#topic-work-jobs	14	999	33010001.0	1995	1	1	0	1986	none	topic_default
3329.00.01	#topic-work-jobs	14	999	33290001.0	1996	2	2	0	1987	none	topic_default
3344.00.02	#topic-work-jobs	14	999	33440002.0	1998	3	2	0	1988	none	topic_default
3375.00.01	#topic-work-jobs	14	999	33750001.0	2000	1	1	0	1989	none	topic_default
3398.00.01	#topic-work-jobs	14	999	33980001.0	2001	1	1	0	1990	none	topic_default
3413.00.01	#topic-work-jobs	14	999	34130001.0	2002	2	2	0	1991	none	topic_default
3465.00.01	#topic-work-jobs	14	999	34650001.0	2004	1	1	0	1992	none	topic_default
3503.00.01	#topic-work-jobs	14	999	35030001.0	2005	1	1	0	1993	none	topic_default
3504.00.01	#topic-work-jobs	14	999	35040001.0	2006	1	1	0	1994	none	topic_default
3520.00.01	#topic-work-jobs	14	999	35200001.0	2007	1	1	0	1995	none	topic_default
3522.00.01	#topic-work-jobs	14	999	35220001.0	2008	1	1	0	1996	none	topic_default
3597.00.02	#topic-work-jobs	14	999	35970002.0	2009	2	1	0	1997	none	topic_default
3607.00.01	#topic-work-jobs	14	999	36070001.0	2010	1	1	0	1998	none	topic_default
3611.00.01	#topic-work-jobs	14	999	36110001.0	2011	1	1	0	1999	none	topic_default
3631.00.01	#topic-work-jobs	14	999	36310001.0	2012	1	1	0	2000	none	topic_default
3681.00.01	#topic-work-jobs	14	999	36810001.0	2013	1	1	0	2001	none	topic_default
3796.00.01	#topic-work-jobs	14	999	37960001.0	2014	2	2	0	2002	none	topic_default
3806.00.02	#topic-work-jobs	14	999	38060002.0	2016	2	1	0	2003	none	topic_default
3889.00.01	#topic-work-jobs	14	999	38890001.0	2017	1	1	0	2004	none	topic_default
3898.00.01	#topic-work-jobs	14	999	38980001.0	2018	2	2	0	2005	none	topic_default
3947.00.01	#topic-work-jobs	14	999	39470001.0	2020	1	1	0	2006	none	topic_default
3951.00.01	#topic-work-jobs	14	999	39510001.0	2021	1	1	0	2007	none	topic_default
3962.00.01	#topic-work-jobs	14	999	39620001.0	2022	1	1	0	2008	none	topic_default
3964.00.01	#topic-work-jobs	14	999	39640001.0	2023	1	1	0	2009	none	topic_default
3968.00.01	#topic-work-jobs	14	999	39680001.0	2024	1	1	0	2010	none	topic_default
4027.00.01	#topic-work-jobs	14	999	40270001.0	2025	1	1	0	2011	none	topic_default
4071.00.01	#topic-work-jobs	14	999	40710001.0	2026	1	1	0	2012	none	topic_default
4104.00.01	#topic-work-jobs	14	999	41040001.0	2027	2	1	0	2013	none	topic_default
4131.00.01	#topic-work-jobs	14	999	41310001.0	2028	1	1	0	2014	none	topic_default
4201.00.01	#topic-work-jobs	14	999	42010001.0	2029	2	2	0	2015	none	topic_default
4206.00.01	#topic-work-jobs	14	999	42060001.0	2031	1	1	0	2016	none	topic_default
4209.00.01	#topic-work-jobs	14	999	42090001.0	2032	2	1	0	2017	none	topic_default
4219.00.01	#topic-work-jobs	14	999	42190001.0	2033	1	1	0	2018	none	topic_default
4224.00.01	#topic-work-jobs	14	999	42240001.0	2034	1	1	0	2019	none	topic_default
4261.00.01	#topic-work-jobs	14	999	42610001.0	2035	1	1	0	2020	none	topic_default
4312.00.01	#topic-work-jobs	14	999	43120001.0	2036	1	1	0	2021	none	topic_default
4319.00.01	#topic-work-jobs	14	999	43190001.0	2037	1	1	0	2022	none	topic_default
4347.00.01	#topic-work-jobs	14	999	43470001.0	2038	1	1	0	2023	none	topic_default
4385.00.01	#topic-work-jobs	14	999	43850001.0	2039	1	1	0	2024	none	topic_default
4391.00.01	#topic-work-jobs	14	999	43910001.0	2040	1	1	0	2025	none	topic_default
4405.00.01	#topic-work-jobs	14	999	44050001.0	2041	1	1	0	2026	none	topic_default
4440.00.01	#topic-work-jobs	14	999	44400001.0	2042	1	1	0	2027	none	topic_default
4468.00.01	#topic-work-jobs	14	999	44680001.0	2043	1	1	0	2028	none	topic_default
4497.00.01	#topic-work-jobs	14	999	44970001.0	2044	1	1	0	2029	none	topic_default
4556.00.01	#topic-work-jobs	14	999	45560001.0	2045	1	1	0	2030	none	topic_default
4578.00.01	#topic-work-jobs	14	999	45780001.0	2046	1	1	0	2031	none	topic_default
4590.00.01	#topic-work-jobs	14	999	45900001.0	2047	1	1	0	2032	none	topic_default
4626.00.01	#topic-work-jobs	14	999	46260001.0	2048	1	1	0	2033	none	topic_default
4630.00.01	#topic-work-jobs	14	999	46300001.0	2049	1	1	0	2034	none	topic_default
4656.00.01	#topic-work-jobs	14	999	46560001.0	2050	1	1	0	2035	none	topic_default
4667.00.01	#topic-work-jobs	14	999	46670001.0	2051	1	1	0	2036	none	topic_default
4678.00.01	#topic-work-jobs	14	999	46780001.0	2052	1	1	0	2037	none	topic_default
4685.00.01	#topic-work-jobs	14	999	46850001.0	2053	1	1	0	2038	none	topic_default
4710.00.01	#topic-work-jobs	14	999	47100001.0	2054	1	1	0	2039	none	topic_default
4719.00.01	#topic-work-jobs	14	999	47190001.0	2055	1	1	0	2040	none	topic_default
4738.00.01	#topic-work-jobs	14	999	47380001.0	2056	1	1	0	2041	none	topic_default
4754.00.01	#topic-work-jobs	14	999	47540001.0	2057	1	1	0	2042	none	topic_default
4786.00.01	#topic-work-jobs	14	999	47860001.0	2058	1	1	0	2043	none	topic_default
4824.00.01	#topic-work-jobs	14	999	48240001.0	2059	1	1	0	2044	none	topic_default
4843.00.01	#topic-work-jobs	14	999	48430001.0	2060	1	1	0	2045	none	topic_default
4873.00.01	#topic-work-jobs	14	999	48730001.0	2061	1	1	0	2046	none	topic_default
4888.00.02	#topic-work-jobs	14	999	48880002.0	2062	2	1	0	2047	none	topic_default
4892.00.01	#topic-work-jobs	14	999	48920001.0	2063	1	1	0	2048	none	topic_default
4919.00.01	#topic-work-jobs	14	999	49190001.0	2064	1	1	0	2049	none	topic_default
4941.00.01	#topic-work-jobs	14	999	49410001.0	2065	2	1	0	2050	none	topic_default
4952.00.01	#topic-work-jobs	14	999	49520001.0	2066	1	1	0	2051	none	topic_default
0352.00.02	#topic-work-jobs	14	999	3520002.0	1806	2	2	1	2052	none	topic_default
0564.00.02	#topic-work-jobs	14	999	5640002.0	1816	2	2	1	2053	none	topic_default
1122.00.02	#topic-work-jobs	14	999	11220002.0	1852	2	2	1	2054	none	topic_default
1573.00.02	#topic-work-jobs	14	999	15730002.0	1875	2	2	1	2055	none	topic_default
1893.00.02	#topic-work-jobs	14	999	18930002.0	1899	2	2	1	2056	none	topic_default
2508.00.02	#topic-work-jobs	14	999	25080002.0	1948	2	2	1	2057	none	topic_default
2533.00.02	#topic-work-jobs	14	999	25330002.0	1950	2	2	1	2058	none	topic_default
2715.00.02	#topic-work-jobs	14	999	27150002.0	1959	2	2	1	2059	none	topic_default
3293.00.02	#topic-work-jobs	14	999	32930002.0	1993	2	2	1	2060	none	topic_default
3329.00.02	#topic-work-jobs	14	999	33290002.0	1997	2	2	1	2061	none	topic_default
3344.00.03	#topic-work-jobs	14	999	33440003.0	1999	3	2	1	2062	none	topic_default
3413.00.02	#topic-work-jobs	14	999	34130002.0	2003	2	2	1	2063	none	topic_default
3796.00.02	#topic-work-jobs	14	999	37960002.0	2015	2	2	1	2064	none	topic_default
3898.00.02	#topic-work-jobs	14	999	38980002.0	2019	2	2	1	2065	none	topic_default
4201.00.02	#topic-work-jobs	14	999	42010002.0	2030	2	2	1	2066	none	topic_default
0056.00.02	#topic-money	15	999	560002.0	2067	2	1	0	2067	none	topic_default
0200.00.03	#topic-money	15	999	2000003.0	2068	3	1	0	2068	none	topic_default
0232.00.01	#topic-money	15	999	2320001.0	2069	2	2	0	2069	none	topic_default
0255.00.03	#topic-money	15	999	2550003.0	2071	3	1	0	2070	none	topic_default
0269.00.01	#topic-money	15	999	2690001.0	2072	1	1	0	2071	none	topic_default
0272.00.01	#topic-money	15	999	2720001.0	2073	1	1	0	2072	none	topic_default
0299.00.01	#topic-money	15	999	2990001.0	2074	1	1	0	2073	none	topic_default
0328.00.01	#topic-money	15	999	3280001.0	2075	2	1	0	2074	none	topic_default
0384.00.01	#topic-money	15	999	3840001.0	2076	1	1	0	2075	none	topic_default
0406.00.02	#topic-money	15	999	4060002.0	2077	2	1	0	2076	none	topic_default
0408.00.01	#topic-money	15	999	4080001.0	2078	2	1	0	2077	none	topic_default
0498.00.01	#topic-money	15	999	4980001.0	2079	1	1	0	2078	none	topic_default
0549.00.01	#topic-money	15	999	5490001.0	2080	1	1	0	2079	none	topic_default
0725.00.01	#topic-money	15	999	7250001.0	2081	2	2	0	2080	none	topic_default
0726.00.01	#topic-money	15	999	7260001.0	2083	1	1	0	2081	none	topic_default
0847.00.01	#topic-money	15	999	8470001.0	2084	1	1	0	2082	none	topic_default
0900.00.02	#topic-money	15	999	9000002.0	2085	2	1	0	2083	none	topic_default
0906.00.01	#topic-money	15	999	9060001.0	2086	1	1	0	2084	none	topic_default
0942.00.01	#topic-money	15	999	9420001.0	2087	1	1	0	2085	none	topic_default
1001.00.01	#topic-money	15	999	10010001.0	2088	1	1	0	2086	none	topic_default
1016.00.01	#topic-money	15	999	10160001.0	2089	1	1	0	2087	none	topic_default
1019.00.01	#topic-money	15	999	10190001.0	2090	2	1	0	2088	none	topic_default
1127.00.01	#topic-money	15	999	11270001.0	2091	1	1	0	2089	none	topic_default
1218.00.01	#topic-money	15	999	12180001.0	2092	1	1	0	2090	none	topic_default
1259.00.01	#topic-money	15	999	12590001.0	2093	1	1	0	2091	none	topic_default
1267.00.01	#topic-money	15	999	12670001.0	2094	2	2	0	2092	none	topic_default
1308.00.02	#topic-money	15	999	13080002.0	2096	2	1	0	2093	none	topic_default
1326.00.01	#topic-money	15	999	13260001.0	2097	1	1	0	2094	none	topic_default
1341.00.01	#topic-money	15	999	13410001.0	2098	1	1	0	2095	none	topic_default
1427.00.01	#topic-money	15	999	14270001.0	2099	1	1	0	2096	none	topic_default
1447.00.01	#topic-money	15	999	14470001.0	2100	1	1	0	2097	none	topic_default
1466.00.01	#topic-money	15	999	14660001.0	2101	1	1	0	2098	none	topic_default
1471.00.01	#topic-money	15	999	14710001.0	2102	2	1	0	2099	none	topic_default
1490.00.01	#topic-money	15	999	14900001.0	2103	1	1	0	2100	none	topic_default
1502.00.01	#topic-money	15	999	15020001.0	2104	2	1	0	2101	none	topic_default
1511.00.01	#topic-money	15	999	15110001.0	2105	1	1	0	2102	none	topic_default
1612.00.01	#topic-money	15	999	16120001.0	2106	1	1	0	2103	none	topic_default
1630.00.01	#topic-money	15	999	16300001.0	2107	1	1	0	2104	none	topic_default
1675.00.02	#topic-money	15	999	16750002.0	2108	2	1	0	2105	none	topic_default
1703.00.01	#topic-money	15	999	17030001.0	2109	1	1	0	2106	none	topic_default
1714.00.01	#topic-money	15	999	17140001.0	2110	2	1	0	2107	none	topic_default
1740.00.01	#topic-money	15	999	17400001.0	2111	1	1	0	2108	none	topic_default
1756.00.01	#topic-money	15	999	17560001.0	2112	2	1	0	2109	none	topic_default
1779.00.01	#topic-money	15	999	17790001.0	2113	3	2	0	2110	none	topic_default
1904.00.01	#topic-money	15	999	19040001.0	2115	1	1	0	2111	none	topic_default
1928.00.01	#topic-money	15	999	19280001.0	2116	1	1	0	2112	none	topic_default
1938.00.01	#topic-money	15	999	19380001.0	2117	1	1	0	2113	none	topic_default
1995.00.01	#topic-money	15	999	19950001.0	2118	1	1	0	2114	none	topic_default
2001.00.01	#topic-money	15	999	20010001.0	2119	2	1	0	2115	none	topic_default
2082.00.01	#topic-money	15	999	20820001.0	2120	1	1	0	2116	none	topic_default
2118.00.01	#topic-money	15	999	21180001.0	2121	1	1	0	2117	none	topic_default
2181.00.01	#topic-money	15	999	21810001.0	2122	1	1	0	2118	none	topic_default
2236.00.01	#topic-money	15	999	22360001.0	2123	1	1	0	2119	none	topic_default
2248.00.01	#topic-money	15	999	22480001.0	2124	1	1	0	2120	none	topic_default
2254.00.01	#topic-money	15	999	22540001.0	2125	2	1	0	2121	none	topic_default
2285.00.01	#topic-money	15	999	22850001.0	2126	1	1	0	2122	none	topic_default
2380.00.02	#topic-money	15	999	23800002.0	2127	2	1	0	2123	none	topic_default
2415.00.01	#topic-money	15	999	24150001.0	2128	1	1	0	2124	none	topic_default
2423.00.02	#topic-money	15	999	24230002.0	2129	3	2	0	2125	none	topic_default
2432.00.02	#topic-money	15	999	24320002.0	2131	2	1	0	2126	none	topic_default
2516.00.01	#topic-money	15	999	25160001.0	2132	1	1	0	2127	none	topic_default
2524.00.01	#topic-money	15	999	25240001.0	2133	1	1	0	2128	none	topic_default
2552.00.01	#topic-money	15	999	25520001.0	2134	1	1	0	2129	none	topic_default
2556.00.01	#topic-money	15	999	25560001.0	2135	1	1	0	2130	none	topic_default
2581.00.01	#topic-money	15	999	25810001.0	2136	1	1	0	2131	none	topic_default
2658.00.01	#topic-money	15	999	26580001.0	2137	1	1	0	2132	none	topic_default
2687.00.01	#topic-money	15	999	26870001.0	2138	1	1	0	2133	none	topic_default
2692.00.01	#topic-money	15	999	26920001.0	2139	1	1	0	2134	none	topic_default
2824.00.01	#topic-money	15	999	28240001.0	2140	1	1	0	2135	none	topic_default
2853.00.01	#topic-money	15	999	28530001.0	2141	1	1	0	2136	none	topic_default
2908.00.01	#topic-money	15	999	29080001.0	2142	1	1	0	2137	none	topic_default
2964.00.01	#topic-money	15	999	29640001.0	2143	1	1	0	2138	none	topic_default
3079.00.01	#topic-money	15	999	30790001.0	2144	1	1	0	2139	none	topic_default
3096.00.01	#topic-money	15	999	30960001.0	2145	1	1	0	2140	none	topic_default
3119.00.01	#topic-money	15	999	31190001.0	2146	1	1	0	2141	none	topic_default
3285.00.01	#topic-money	15	999	32850001.0	2147	1	1	0	2142	none	topic_default
3304.00.01	#topic-money	15	999	33040001.0	2148	1	1	0	2143	none	topic_default
3362.00.01	#topic-money	15	999	33620001.0	2149	1	1	0	2144	none	topic_default
3422.00.01	#topic-money	15	999	34220001.0	2150	1	1	0	2145	none	topic_default
3562.00.01	#topic-money	15	999	35620001.0	2151	1	1	0	2146	none	topic_default
3662.00.01	#topic-money	15	999	36620001.0	2152	2	2	0	2147	none	topic_default
3675.00.01	#topic-money	15	999	36750001.0	2154	1	1	0	2148	none	topic_default
3737.00.01	#topic-money	15	999	37370001.0	2155	1	1	0	2149	none	topic_default
3750.00.02	#topic-money	15	999	37500002.0	2156	2	1	0	2150	none	topic_default
3797.00.01	#topic-money	15	999	37970001.0	2157	1	1	0	2151	none	topic_default
3897.00.01	#topic-money	15	999	38970001.0	2158	1	1	0	2152	none	topic_default
3912.00.01	#topic-money	15	999	39120001.0	2159	1	1	0	2153	none	topic_default
3928.00.01	#topic-money	15	999	39280001.0	2160	2	1	0	2154	none	topic_default
4074.00.01	#topic-money	15	999	40740001.0	2161	1	1	0	2155	none	topic_default
4137.00.02	#topic-money	15	999	41370002.0	2162	2	1	0	2156	none	topic_default
4177.00.01	#topic-money	15	999	41770001.0	2163	1	1	0	2157	none	topic_default
4207.00.01	#topic-money	15	999	42070001.0	2164	3	1	0	2158	none	topic_default
4209.00.02	#topic-money	15	999	42090002.0	2165	2	1	0	2159	none	topic_default
4306.00.01	#topic-money	15	999	43060001.0	2166	1	1	0	2160	none	topic_default
4317.00.01	#topic-money	15	999	43170001.0	2167	2	2	0	2161	none	topic_default
4348.00.02	#topic-money	15	999	43480002.0	2169	3	1	0	2162	none	topic_default
4365.00.01	#topic-money	15	999	43650001.0	2170	2	2	0	2163	none	topic_default
4418.00.01	#topic-money	15	999	44180001.0	2172	1	1	0	2164	none	topic_default
4434.00.01	#topic-money	15	999	44340001.0	2173	1	1	0	2165	none	topic_default
4482.00.01	#topic-money	15	999	44820001.0	2174	1	1	0	2166	none	topic_default
4516.00.01	#topic-money	15	999	45160001.0	2175	2	2	0	2167	none	topic_default
4570.00.01	#topic-money	15	999	45700001.0	2177	1	1	0	2168	none	topic_default
4611.00.01	#topic-money	15	999	46110001.0	2178	1	1	0	2169	none	topic_default
4618.00.01	#topic-money	15	999	46180001.0	2179	1	1	0	2170	none	topic_default
4641.00.01	#topic-money	15	999	46410001.0	2180	2	1	0	2171	none	topic_default
4660.00.01	#topic-money	15	999	46600001.0	2181	1	1	0	2172	none	topic_default
4665.00.01	#topic-money	15	999	46650001.0	2182	1	1	0	2173	none	topic_default
4737.00.01	#topic-money	15	999	47370001.0	2183	1	1	0	2174	none	topic_default
4802.00.02	#topic-money	15	999	48020002.0	2184	2	1	0	2175	none	topic_default
4929.00.02	#topic-money	15	999	49290002.0	2185	2	1	0	2176	none	topic_default
0232.00.02	#topic-money	15	999	2320002.0	2070	2	2	1	2177	none	topic_default
0725.00.02	#topic-money	15	999	7250002.0	2082	2	2	1	2178	none	topic_default
1267.00.02	#topic-money	15	999	12670002.0	2095	2	2	1	2179	none	topic_default
1779.00.02	#topic-money	15	999	17790002.0	2114	3	2	1	2180	none	topic_default
2423.00.03	#topic-money	15	999	24230003.0	2130	3	2	1	2181	none	topic_default
3662.00.02	#topic-money	15	999	36620002.0	2153	2	2	1	2182	none	topic_default
4317.00.02	#topic-money	15	999	43170002.0	2168	2	2	1	2183	none	topic_default
4365.00.02	#topic-money	15	999	43650002.0	2171	2	2	1	2184	none	topic_default
4516.00.02	#topic-money	15	999	45160002.0	2176	2	2	1	2185	none	topic_default
0342.00.02	#topic-economy	16	999	3420002.0	2186	3	1	0	2186	none	topic_default
0546.00.01	#topic-economy	16	999	5460001.0	2187	1	1	0	2187	none	topic_default
0594.00.01	#topic-economy	16	999	5940001.0	2188	1	1	0	2188	none	topic_default
0602.00.01	#topic-economy	16	999	6020001.0	2189	1	1	0	2189	none	topic_default
0604.00.01	#topic-economy	16	999	6040001.0	2190	3	1	0	2190	none	topic_default
0640.00.01	#topic-economy	16	999	6400001.0	2191	1	1	0	2191	none	topic_default
0686.00.01	#topic-economy	16	999	6860001.0	2192	1	1	0	2192	none	topic_default
0700.00.01	#topic-economy	16	999	7000001.0	2193	1	1	0	2193	none	topic_default
0785.00.01	#topic-economy	16	999	7850001.0	2194	1	1	0	2194	none	topic_default
0822.00.01	#topic-economy	16	999	8220001.0	2195	1	1	0	2195	none	topic_default
0870.00.02	#topic-economy	16	999	8700002.0	2196	2	1	0	2196	none	topic_default
0880.00.01	#topic-economy	16	999	8800001.0	2197	1	1	0	2197	none	topic_default
0929.00.02	#topic-economy	16	999	9290002.0	2198	2	1	0	2198	none	topic_default
1027.00.01	#topic-economy	16	999	10270001.0	2199	1	1	0	2199	none	topic_default
1187.00.01	#topic-economy	16	999	11870001.0	2200	1	1	0	2200	none	topic_default
1280.00.01	#topic-economy	16	999	12800001.0	2201	1	1	0	2201	none	topic_default
1308.00.01	#topic-economy	16	999	13080001.0	2202	2	1	0	2202	none	topic_default
1324.00.01	#topic-economy	16	999	13240001.0	2203	1	1	0	2203	none	topic_default
1375.00.02	#topic-economy	16	999	13750002.0	2204	3	1	0	2204	none	topic_default
1401.00.01	#topic-economy	16	999	14010001.0	2205	2	1	0	2205	none	topic_default
1498.00.01	#topic-economy	16	999	14980001.0	2206	1	1	0	2206	none	topic_default
1714.00.02	#topic-economy	16	999	17140002.0	2207	2	1	0	2207	none	topic_default
1731.00.01	#topic-economy	16	999	17310001.0	2208	1	1	0	2208	none	topic_default
1791.00.01	#topic-economy	16	999	17910001.0	2209	1	1	0	2209	none	topic_default
1860.00.01	#topic-economy	16	999	18600001.0	2210	2	1	0	2210	none	topic_default
1897.00.01	#topic-economy	16	999	18970001.0	2211	2	1	0	2211	none	topic_default
1909.00.01	#topic-economy	16	999	19090001.0	2212	1	1	0	2212	none	topic_default
2026.00.01	#topic-economy	16	999	20260001.0	2213	1	1	0	2213	none	topic_default
2079.00.01	#topic-economy	16	999	20790001.0	2214	1	1	0	2214	none	topic_default
2107.00.01	#topic-economy	16	999	21070001.0	2215	1	1	0	2215	none	topic_default
2136.00.01	#topic-economy	16	999	21360001.0	2216	1	1	0	2216	none	topic_default
2184.00.01	#topic-economy	16	999	21840001.0	2217	1	1	0	2217	none	topic_default
2200.00.01	#topic-economy	16	999	22000001.0	2218	1	1	0	2218	none	topic_default
2209.00.01	#topic-economy	16	999	22090001.0	2219	1	1	0	2219	none	topic_default
2282.00.03	#topic-economy	16	999	22820003.0	2220	3	1	0	2220	none	topic_default
2283.00.01	#topic-economy	16	999	22830001.0	2221	1	1	0	2221	none	topic_default
2442.00.01	#topic-economy	16	999	24420001.0	2222	1	1	0	2222	none	topic_default
2473.00.01	#topic-economy	16	999	24730001.0	2223	1	1	0	2223	none	topic_default
2503.00.02	#topic-economy	16	999	25030002.0	2224	2	1	0	2224	none	topic_default
2530.00.01	#topic-economy	16	999	25300001.0	2225	1	1	0	2225	none	topic_default
2584.00.01	#topic-economy	16	999	25840001.0	2226	3	1	0	2226	none	topic_default
2594.00.01	#topic-economy	16	999	25940001.0	2227	1	1	0	2227	none	topic_default
2689.00.01	#topic-economy	16	999	26890001.0	2228	1	1	0	2228	none	topic_default
2730.00.01	#topic-economy	16	999	27300001.0	2229	1	1	0	2229	none	topic_default
2823.00.01	#topic-economy	16	999	28230001.0	2230	1	1	0	2230	none	topic_default
2858.00.01	#topic-economy	16	999	28580001.0	2231	1	1	0	2231	none	topic_default
2859.00.01	#topic-economy	16	999	28590001.0	2232	1	1	0	2232	none	topic_default
3000.00.01	#topic-economy	16	999	30000001.0	2233	1	1	0	2233	none	topic_default
3116.00.01	#topic-economy	16	999	31160001.0	2234	1	1	0	2234	none	topic_default
3181.00.01	#topic-economy	16	999	31810001.0	2235	1	1	0	2235	none	topic_default
3193.00.01	#topic-economy	16	999	31930001.0	2236	1	1	0	2236	none	topic_default
3199.00.01	#topic-economy	16	999	31990001.0	2237	1	1	0	2237	none	topic_default
3261.00.02	#topic-economy	16	999	32610002.0	2238	2	1	0	2238	none	topic_default
3272.00.01	#topic-economy	16	999	32720001.0	2239	1	1	0	2239	none	topic_default
3330.00.01	#topic-economy	16	999	33300001.0	2240	1	1	0	2240	none	topic_default
3408.00.01	#topic-economy	16	999	34080001.0	2241	1	1	0	2241	none	topic_default
3480.00.01	#topic-economy	16	999	34800001.0	2242	1	1	0	2242	none	topic_default
3544.00.01	#topic-economy	16	999	35440001.0	2243	1	1	0	2243	none	topic_default
3587.00.01	#topic-economy	16	999	35870001.0	2244	1	1	0	2244	none	topic_default
3613.00.01	#topic-economy	16	999	36130001.0	2245	1	1	0	2245	none	topic_default
3656.00.01	#topic-economy	16	999	36560001.0	2246	1	1	0	2246	none	topic_default
3668.00.01	#topic-economy	16	999	36680001.0	2247	2	2	0	2247	none	topic_default
3753.00.03	#topic-economy	16	999	37530003.0	2249	3	1	0	2248	none	topic_default
3855.00.01	#topic-economy	16	999	38550001.0	2250	1	1	0	2249	none	topic_default
3892.00.01	#topic-economy	16	999	38920001.0	2251	1	1	0	2250	none	topic_default
3928.00.02	#topic-economy	16	999	39280002.0	2252	2	1	0	2251	none	topic_default
3936.00.01	#topic-economy	16	999	39360001.0	2253	2	2	0	2252	none	topic_default
3943.00.01	#topic-economy	16	999	39430001.0	2255	1	1	0	2253	none	topic_default
3948.00.01	#topic-economy	16	999	39480001.0	2256	1	1	0	2254	none	topic_default
4029.00.01	#topic-economy	16	999	40290001.0	2257	1	1	0	2255	none	topic_default
4070.00.01	#topic-economy	16	999	40700001.0	2258	1	1	0	2256	none	topic_default
4137.00.01	#topic-economy	16	999	41370001.0	2259	2	1	0	2257	none	topic_default
4165.00.01	#topic-economy	16	999	41650001.0	2260	1	1	0	2258	none	topic_default
4170.00.01	#topic-economy	16	999	41700001.0	2261	1	1	0	2259	none	topic_default
4189.00.01	#topic-economy	16	999	41890001.0	2262	1	1	0	2260	none	topic_default
4237.00.01	#topic-economy	16	999	42370001.0	2263	1	1	0	2261	none	topic_default
4246.00.01	#topic-economy	16	999	42460001.0	2264	1	1	0	2262	none	topic_default
4275.00.01	#topic-economy	16	999	42750001.0	2265	1	1	0	2263	none	topic_default
4280.00.01	#topic-economy	16	999	42800001.0	2266	1	1	0	2264	none	topic_default
4373.00.02	#topic-economy	16	999	43730002.0	2267	2	1	0	2265	none	topic_default
4389.00.01	#topic-economy	16	999	43890001.0	2268	1	1	0	2266	none	topic_default
4420.00.01	#topic-economy	16	999	44200001.0	2269	1	1	0	2267	none	topic_default
4472.00.02	#topic-economy	16	999	44720002.0	2270	2	1	0	2268	none	topic_default
4474.00.01	#topic-economy	16	999	44740001.0	2271	1	1	0	2269	none	topic_default
4487.00.01	#topic-economy	16	999	44870001.0	2272	2	1	0	2270	none	topic_default
4520.00.01	#topic-economy	16	999	45200001.0	2273	1	1	0	2271	none	topic_default
4644.00.01	#topic-economy	16	999	46440001.0	2274	2	1	0	2272	none	topic_default
4649.00.01	#topic-economy	16	999	46490001.0	2275	1	1	0	2273	none	topic_default
4699.00.01	#topic-economy	16	999	46990001.0	2276	1	1	0	2274	none	topic_default
4712.00.01	#topic-economy	16	999	47120001.0	2277	1	1	0	2275	none	topic_default
4716.00.01	#topic-economy	16	999	47160001.0	2278	1	1	0	2276	none	topic_default
4806.00.01	#topic-economy	16	999	48060001.0	2279	1	1	0	2277	none	topic_default
3668.00.02	#topic-economy	16	999	36680002.0	2248	2	2	1	2278	none	topic_default
3936.00.02	#topic-economy	16	999	39360002.0	2254	2	2	1	2279	none	topic_default
0093.00.01	#topic-law-rules	17	999	930001.0	2280	1	1	0	2280	none	topic_default
0144.00.01	#topic-law-rules	17	999	1440001.0	2281	2	2	0	2281	none	topic_default
0222.00.01	#topic-law-rules	17	999	2220001.0	2283	1	1	0	2282	none	topic_default
0278.00.01	#topic-law-rules	17	999	2780001.0	2284	1	1	0	2283	none	topic_default
0319.00.01	#topic-law-rules	17	999	3190001.0	2285	1	1	0	2284	none	topic_default
0341.00.01	#topic-law-rules	17	999	3410001.0	2286	1	1	0	2285	none	topic_default
0358.00.01	#topic-law-rules	17	999	3580001.0	2287	1	1	0	2286	none	topic_default
0359.00.01	#topic-law-rules	17	999	3590001.0	2288	1	1	0	2287	none	topic_default
0434.00.01	#topic-law-rules	17	999	4340001.0	2289	2	1	0	2288	none	topic_default
0481.00.01	#topic-law-rules	17	999	4810001.0	2290	1	1	0	2289	none	topic_default
0501.00.01	#topic-law-rules	17	999	5010001.0	2291	1	1	0	2290	none	topic_default
0532.00.01	#topic-law-rules	17	999	5320001.0	2292	1	1	0	2291	none	topic_default
0539.00.01	#topic-law-rules	17	999	5390001.0	2293	1	1	0	2292	none	topic_default
0545.00.01	#topic-law-rules	17	999	5450001.0	2294	2	2	0	2293	none	topic_default
0565.00.02	#topic-law-rules	17	999	5650002.0	2296	2	1	0	2294	none	topic_default
0576.00.01	#topic-law-rules	17	999	5760001.0	2297	1	1	0	2295	none	topic_default
0580.00.01	#topic-law-rules	17	999	5800001.0	2298	1	1	0	2296	none	topic_default
0591.00.01	#topic-law-rules	17	999	5910001.0	2299	2	2	0	2297	none	topic_default
0599.00.01	#topic-law-rules	17	999	5990001.0	2301	1	1	0	2298	none	topic_default
0606.00.01	#topic-law-rules	17	999	6060001.0	2302	3	2	0	2299	none	topic_default
0656.00.01	#topic-law-rules	17	999	6560001.0	2304	1	1	0	2300	none	topic_default
0682.00.01	#topic-law-rules	17	999	6820001.0	2305	1	1	0	2301	none	topic_default
0690.00.01	#topic-law-rules	17	999	6900001.0	2306	1	1	0	2302	none	topic_default
0715.00.01	#topic-law-rules	17	999	7150001.0	2307	1	1	0	2303	none	topic_default
0744.00.01	#topic-law-rules	17	999	7440001.0	2308	1	1	0	2304	none	topic_default
0835.00.01	#topic-law-rules	17	999	8350001.0	2309	1	1	0	2305	none	topic_default
0836.00.01	#topic-law-rules	17	999	8360001.0	2310	1	1	0	2306	none	topic_default
0877.00.01	#topic-law-rules	17	999	8770001.0	2311	1	1	0	2307	none	topic_default
0984.00.01	#topic-law-rules	17	999	9840001.0	2312	1	1	0	2308	none	topic_default
0999.00.01	#topic-law-rules	17	999	9990001.0	2313	2	1	0	2309	none	topic_default
1019.00.02	#topic-law-rules	17	999	10190002.0	2314	2	1	0	2310	none	topic_default
1033.00.01	#topic-law-rules	17	999	10330001.0	2315	1	1	0	2311	none	topic_default
1036.00.01	#topic-law-rules	17	999	10360001.0	2316	1	1	0	2312	none	topic_default
1085.00.01	#topic-law-rules	17	999	10850001.0	2317	1	1	0	2313	none	topic_default
1101.00.01	#topic-law-rules	17	999	11010001.0	2318	1	1	0	2314	none	topic_default
1111.00.01	#topic-law-rules	17	999	11110001.0	2319	1	1	0	2315	none	topic_default
1120.00.01	#topic-law-rules	17	999	11200001.0	2320	1	1	0	2316	none	topic_default
1125.00.01	#topic-law-rules	17	999	11250001.0	2321	2	2	0	2317	none	topic_default
1162.00.01	#topic-law-rules	17	999	11620001.0	2323	3	1	0	2318	none	topic_default
1177.00.01	#topic-law-rules	17	999	11770001.0	2324	1	1	0	2319	none	topic_default
1193.00.01	#topic-law-rules	17	999	11930001.0	2325	1	1	0	2320	none	topic_default
1236.00.01	#topic-law-rules	17	999	12360001.0	2326	3	1	0	2321	none	topic_default
1241.00.01	#topic-law-rules	17	999	12410001.0	2327	1	1	0	2322	none	topic_default
1257.00.01	#topic-law-rules	17	999	12570001.0	2328	1	1	0	2323	none	topic_default
1282.00.01	#topic-law-rules	17	999	12820001.0	2329	1	1	0	2324	none	topic_default
1295.00.01	#topic-law-rules	17	999	12950001.0	2330	1	1	0	2325	none	topic_default
1316.00.01	#topic-law-rules	17	999	13160001.0	2331	1	1	0	2326	none	topic_default
1325.00.01	#topic-law-rules	17	999	13250001.0	2332	1	1	0	2327	none	topic_default
1329.00.01	#topic-law-rules	17	999	13290001.0	2333	1	1	0	2328	none	topic_default
1351.00.01	#topic-law-rules	17	999	13510001.0	2334	1	1	0	2329	none	topic_default
1368.00.01	#topic-law-rules	17	999	13680001.0	2335	1	1	0	2330	none	topic_default
1434.00.01	#topic-law-rules	17	999	14340001.0	2336	2	1	0	2331	none	topic_default
1446.00.01	#topic-law-rules	17	999	14460001.0	2337	1	1	0	2332	none	topic_default
1459.00.01	#topic-law-rules	17	999	14590001.0	2338	1	1	0	2333	none	topic_default
1473.00.01	#topic-law-rules	17	999	14730001.0	2339	2	2	0	2334	none	topic_default
1523.00.01	#topic-law-rules	17	999	15230001.0	2341	1	1	0	2335	none	topic_default
1529.00.01	#topic-law-rules	17	999	15290001.0	2342	1	1	0	2336	none	topic_default
1550.00.01	#topic-law-rules	17	999	15500001.0	2343	1	1	0	2337	none	topic_default
1562.00.01	#topic-law-rules	17	999	15620001.0	2344	1	1	0	2338	none	topic_default
1589.00.01	#topic-law-rules	17	999	15890001.0	2345	1	1	0	2339	none	topic_default
1679.00.01	#topic-law-rules	17	999	16790001.0	2346	1	1	0	2340	none	topic_default
1696.00.02	#topic-law-rules	17	999	16960002.0	2347	2	1	0	2341	none	topic_default
1710.00.01	#topic-law-rules	17	999	17100001.0	2348	1	1	0	2342	none	topic_default
1712.00.01	#topic-law-rules	17	999	17120001.0	2349	1	1	0	2343	none	topic_default
1728.00.01	#topic-law-rules	17	999	17280001.0	2350	1	1	0	2344	none	topic_default
1729.00.01	#topic-law-rules	17	999	17290001.0	2351	1	1	0	2345	none	topic_default
1774.00.01	#topic-law-rules	17	999	17740001.0	2352	1	1	0	2346	none	topic_default
1798.00.01	#topic-law-rules	17	999	17980001.0	2353	1	1	0	2347	none	topic_default
1808.00.01	#topic-law-rules	17	999	18080001.0	2354	1	1	0	2348	none	topic_default
1815.00.01	#topic-law-rules	17	999	18150001.0	2355	1	1	0	2349	none	topic_default
1827.00.01	#topic-law-rules	17	999	18270001.0	2356	1	1	0	2350	none	topic_default
1880.00.01	#topic-law-rules	17	999	18800001.0	2357	1	1	0	2351	none	topic_default
1913.00.01	#topic-law-rules	17	999	19130001.0	2358	1	1	0	2352	none	topic_default
1915.00.01	#topic-law-rules	17	999	19150001.0	2359	1	1	0	2353	none	topic_default
1942.00.01	#topic-law-rules	17	999	19420001.0	2360	1	1	0	2354	none	topic_default
1957.00.01	#topic-law-rules	17	999	19570001.0	2361	2	1	0	2355	none	topic_default
1966.00.01	#topic-law-rules	17	999	19660001.0	2362	1	1	0	2356	none	topic_default
1975.00.01	#topic-law-rules	17	999	19750001.0	2363	1	1	0	2357	none	topic_default
2013.00.01	#topic-law-rules	17	999	20130001.0	2364	1	1	0	2358	none	topic_default
2039.00.01	#topic-law-rules	17	999	20390001.0	2365	1	1	0	2359	none	topic_default
2042.00.01	#topic-law-rules	17	999	20420001.0	2366	2	1	0	2360	none	topic_default
2042.01.01	#topic-law-rules	17	999	20420101.0	2367	1	1	0	2361	none	topic_default
2055.00.01	#topic-law-rules	17	999	20550001.0	2368	1	1	0	2362	none	topic_default
2060.00.01	#topic-law-rules	17	999	20600001.0	2369	1	1	0	2363	none	topic_default
2074.00.01	#topic-law-rules	17	999	20740001.0	2370	1	1	0	2364	none	topic_default
2124.00.02	#topic-law-rules	17	999	21240002.0	2371	2	1	0	2365	none	topic_default
2162.00.03	#topic-law-rules	17	999	21620003.0	2372	3	1	0	2366	none	topic_default
2175.00.01	#topic-law-rules	17	999	21750001.0	2373	1	1	0	2367	none	topic_default
2180.00.01	#topic-law-rules	17	999	21800001.0	2374	1	1	0	2368	none	topic_default
2212.00.01	#topic-law-rules	17	999	22120001.0	2375	1	1	0	2369	none	topic_default
2253.00.01	#topic-law-rules	17	999	22530001.0	2376	1	1	0	2370	none	topic_default
2276.00.01	#topic-law-rules	17	999	22760001.0	2377	1	1	0	2371	none	topic_default
2319.00.01	#topic-law-rules	17	999	23190001.0	2378	1	1	0	2372	none	topic_default
2332.00.01	#topic-law-rules	17	999	23320001.0	2379	1	1	0	2373	none	topic_default
2343.00.01	#topic-law-rules	17	999	23430001.0	2380	1	1	0	2374	none	topic_default
2353.00.01	#topic-law-rules	17	999	23530001.0	2381	1	1	0	2375	none	topic_default
2357.00.01	#topic-law-rules	17	999	23570001.0	2382	1	1	0	2376	none	topic_default
2364.00.02	#topic-law-rules	17	999	23640002.0	2383	3	1	0	2377	none	topic_default
2383.00.01	#topic-law-rules	17	999	23830001.0	2384	2	1	0	2378	none	topic_default
2417.00.01	#topic-law-rules	17	999	24170001.0	2385	1	1	0	2379	none	topic_default
2419.00.01	#topic-law-rules	17	999	24190001.0	2386	1	1	0	2380	none	topic_default
2424.00.01	#topic-law-rules	17	999	24240001.0	2387	1	1	0	2381	none	topic_default
2448.00.01	#topic-law-rules	17	999	24480001.0	2388	2	2	0	2382	none	topic_default
2494.00.02	#topic-law-rules	17	999	24940002.0	2390	2	1	0	2383	none	topic_default
2527.00.01	#topic-law-rules	17	999	25270001.0	2391	1	1	0	2384	none	topic_default
2543.00.01	#topic-law-rules	17	999	25430001.0	2392	1	1	0	2385	none	topic_default
2558.00.01	#topic-law-rules	17	999	25580001.0	2393	2	1	0	2386	none	topic_default
2576.00.01	#topic-law-rules	17	999	25760001.0	2394	1	1	0	2387	none	topic_default
2577.00.01	#topic-law-rules	17	999	25770001.0	2395	1	1	0	2388	none	topic_default
2606.00.01	#topic-law-rules	17	999	26060001.0	2396	1	1	0	2389	none	topic_default
2666.00.01	#topic-law-rules	17	999	26660001.0	2397	3	2	0	2390	none	topic_default
2669.00.02	#topic-law-rules	17	999	26690002.0	2399	2	1	0	2391	none	topic_default
2675.00.02	#topic-law-rules	17	999	26750002.0	2400	3	1	0	2392	none	topic_default
2698.00.01	#topic-law-rules	17	999	26980001.0	2401	1	1	0	2393	none	topic_default
2725.00.01	#topic-law-rules	17	999	27250001.0	2402	1	1	0	2394	none	topic_default
2732.00.02	#topic-law-rules	17	999	27320002.0	2403	2	1	0	2395	none	topic_default
2745.00.01	#topic-law-rules	17	999	27450001.0	2404	1	1	0	2396	none	topic_default
2784.00.01	#topic-law-rules	17	999	27840001.0	2405	1	1	0	2397	none	topic_default
2814.00.01	#topic-law-rules	17	999	28140001.0	2406	1	1	0	2398	none	topic_default
2827.00.01	#topic-law-rules	17	999	28270001.0	2407	1	1	0	2399	none	topic_default
2830.00.01	#topic-law-rules	17	999	28300001.0	2408	1	1	0	2400	none	topic_default
2844.00.01	#topic-law-rules	17	999	28440001.0	2409	1	1	0	2401	none	topic_default
2887.00.01	#topic-law-rules	17	999	28870001.0	2410	1	1	0	2402	none	topic_default
2918.00.01	#topic-law-rules	17	999	29180001.0	2411	1	1	0	2403	none	topic_default
2935.00.01	#topic-law-rules	17	999	29350001.0	2412	1	1	0	2404	none	topic_default
2951.00.01	#topic-law-rules	17	999	29510001.0	2413	2	1	0	2405	none	topic_default
2985.00.01	#topic-law-rules	17	999	29850001.0	2414	1	1	0	2406	none	topic_default
2996.00.02	#topic-law-rules	17	999	29960002.0	2415	2	1	0	2407	none	topic_default
3015.00.01	#topic-law-rules	17	999	30150001.0	2416	2	1	0	2408	none	topic_default
3027.00.01	#topic-law-rules	17	999	30270001.0	2417	1	1	0	2409	none	topic_default
3048.00.01	#topic-law-rules	17	999	30480001.0	2418	1	1	0	2410	none	topic_default
3062.00.01	#topic-law-rules	17	999	30620001.0	2419	1	1	0	2411	none	topic_default
3064.00.02	#topic-law-rules	17	999	30640002.0	2420	2	1	0	2412	none	topic_default
3069.00.01	#topic-law-rules	17	999	30690001.0	2421	1	1	0	2413	none	topic_default
3089.00.01	#topic-law-rules	17	999	30890001.0	2422	1	1	0	2414	none	topic_default
3146.00.01	#topic-law-rules	17	999	31460001.0	2423	1	1	0	2415	none	topic_default
3169.00.01	#topic-law-rules	17	999	31690001.0	2424	1	1	0	2416	none	topic_default
3173.00.01	#topic-law-rules	17	999	31730001.0	2425	1	1	0	2417	none	topic_default
3273.00.01	#topic-law-rules	17	999	32730001.0	2426	1	1	0	2418	none	topic_default
3280.00.01	#topic-law-rules	17	999	32800001.0	2427	1	1	0	2419	none	topic_default
3291.00.01	#topic-law-rules	17	999	32910001.0	2428	1	1	0	2420	none	topic_default
3297.00.01	#topic-law-rules	17	999	32970001.0	2429	1	1	0	2421	none	topic_default
3307.00.01	#topic-law-rules	17	999	33070001.0	2430	1	1	0	2422	none	topic_default
3337.00.01	#topic-law-rules	17	999	33370001.0	2431	1	1	0	2423	none	topic_default
3353.00.01	#topic-law-rules	17	999	33530001.0	2432	1	1	0	2424	none	topic_default
3383.00.01	#topic-law-rules	17	999	33830001.0	2433	1	1	0	2425	none	topic_default
3399.00.01	#topic-law-rules	17	999	33990001.0	2434	1	1	0	2426	none	topic_default
3402.00.01	#topic-law-rules	17	999	34020001.0	2435	1	1	0	2427	none	topic_default
3404.00.01	#topic-law-rules	17	999	34040001.0	2436	1	1	0	2428	none	topic_default
3409.00.01	#topic-law-rules	17	999	34090001.0	2437	1	1	0	2429	none	topic_default
3412.00.01	#topic-law-rules	17	999	34120001.0	2438	1	1	0	2430	none	topic_default
3414.00.01	#topic-law-rules	17	999	34140001.0	2439	1	1	0	2431	none	topic_default
3454.00.01	#topic-law-rules	17	999	34540001.0	2440	1	1	0	2432	none	topic_default
3479.00.01	#topic-law-rules	17	999	34790001.0	2441	1	1	0	2433	none	topic_default
3552.00.01	#topic-law-rules	17	999	35520001.0	2442	1	1	0	2434	none	topic_default
3558.00.01	#topic-law-rules	17	999	35580001.0	2443	1	1	0	2435	none	topic_default
3566.00.01	#topic-law-rules	17	999	35660001.0	2444	1	1	0	2436	none	topic_default
3584.00.01	#topic-law-rules	17	999	35840001.0	2445	1	1	0	2437	none	topic_default
3621.00.01	#topic-law-rules	17	999	36210001.0	2446	1	1	0	2438	none	topic_default
3622.00.01	#topic-law-rules	17	999	36220001.0	2447	1	1	0	2439	none	topic_default
3643.00.01	#topic-law-rules	17	999	36430001.0	2448	1	1	0	2440	none	topic_default
3647.00.01	#topic-law-rules	17	999	36470001.0	2449	1	1	0	2441	none	topic_default
3661.00.01	#topic-law-rules	17	999	36610001.0	2450	1	1	0	2442	none	topic_default
3669.00.01	#topic-law-rules	17	999	36690001.0	2451	1	1	0	2443	none	topic_default
3672.00.01	#topic-law-rules	17	999	36720001.0	2452	1	1	0	2444	none	topic_default
3694.00.01	#topic-law-rules	17	999	36940001.0	2453	1	1	0	2445	none	topic_default
3723.00.01	#topic-law-rules	17	999	37230001.0	2454	2	1	0	2446	none	topic_default
3779.00.01	#topic-law-rules	17	999	37790001.0	2455	1	1	0	2447	none	topic_default
3793.00.01	#topic-law-rules	17	999	37930001.0	2456	1	1	0	2448	none	topic_default
3853.00.01	#topic-law-rules	17	999	38530001.0	2457	1	1	0	2449	none	topic_default
3856.00.02	#topic-law-rules	17	999	38560002.0	2458	2	1	0	2450	none	topic_default
3860.00.02	#topic-law-rules	17	999	38600002.0	2459	2	1	0	2451	none	topic_default
3873.00.01	#topic-law-rules	17	999	38730001.0	2460	1	1	0	2452	none	topic_default
3875.00.01	#topic-law-rules	17	999	38750001.0	2461	1	1	0	2453	none	topic_default
3877.00.01	#topic-law-rules	17	999	38770001.0	2462	1	1	0	2454	none	topic_default
3879.00.01	#topic-law-rules	17	999	38790001.0	2463	1	1	0	2455	none	topic_default
3973.00.01	#topic-law-rules	17	999	39730001.0	2464	2	2	0	2456	none	topic_default
3984.00.01	#topic-law-rules	17	999	39840001.0	2466	1	1	0	2457	none	topic_default
3993.00.01	#topic-law-rules	17	999	39930001.0	2467	1	1	0	2458	none	topic_default
4005.00.01	#topic-law-rules	17	999	40050001.0	2468	1	1	0	2459	none	topic_default
4035.00.01	#topic-law-rules	17	999	40350001.0	2469	1	1	0	2460	none	topic_default
4072.00.01	#topic-law-rules	17	999	40720001.0	2470	2	2	0	2461	none	topic_default
4076.00.01	#topic-law-rules	17	999	40760001.0	2472	1	1	0	2462	none	topic_default
4086.00.01	#topic-law-rules	17	999	40860001.0	2473	1	1	0	2463	none	topic_default
4088.00.01	#topic-law-rules	17	999	40880001.0	2474	1	1	0	2464	none	topic_default
4109.00.01	#topic-law-rules	17	999	41090001.0	2475	1	1	0	2465	none	topic_default
4146.00.01	#topic-law-rules	17	999	41460001.0	2476	1	1	0	2466	none	topic_default
4149.00.02	#topic-law-rules	17	999	41490002.0	2477	2	1	0	2467	none	topic_default
4154.00.02	#topic-law-rules	17	999	41540002.0	2478	2	1	0	2468	none	topic_default
4178.00.01	#topic-law-rules	17	999	41780001.0	2479	1	1	0	2469	none	topic_default
4198.00.01	#topic-law-rules	17	999	41980001.0	2480	1	1	0	2470	none	topic_default
4212.00.01	#topic-law-rules	17	999	42120001.0	2481	1	1	0	2471	none	topic_default
4299.00.01	#topic-law-rules	17	999	42990001.0	2482	1	1	0	2472	none	topic_default
4307.00.01	#topic-law-rules	17	999	43070001.0	2483	1	1	0	2473	none	topic_default
4342.00.01	#topic-law-rules	17	999	43420001.0	2484	1	1	0	2474	none	topic_default
4366.00.01	#topic-law-rules	17	999	43660001.0	2485	2	2	0	2475	none	topic_default
4403.00.01	#topic-law-rules	17	999	44030001.0	2487	1	1	0	2476	none	topic_default
4407.00.01	#topic-law-rules	17	999	44070001.0	2488	1	1	0	2477	none	topic_default
4432.00.01	#topic-law-rules	17	999	44320001.0	2489	1	1	0	2478	none	topic_default
4437.00.01	#topic-law-rules	17	999	44370001.0	2490	1	1	0	2479	none	topic_default
4438.00.01	#topic-law-rules	17	999	44380001.0	2491	1	1	0	2480	none	topic_default
4475.00.01	#topic-law-rules	17	999	44750001.0	2492	1	1	0	2481	none	topic_default
4491.00.01	#topic-law-rules	17	999	44910001.0	2493	1	1	0	2482	none	topic_default
4500.00.01	#topic-law-rules	17	999	45000001.0	2494	1	1	0	2483	none	topic_default
4508.00.01	#topic-law-rules	17	999	45080001.0	2495	1	1	0	2484	none	topic_default
4518.00.01	#topic-law-rules	17	999	45180001.0	2496	1	1	0	2485	none	topic_default
4524.00.01	#topic-law-rules	17	999	45240001.0	2497	1	1	0	2486	none	topic_default
4528.00.01	#topic-law-rules	17	999	45280001.0	2498	2	1	0	2487	none	topic_default
4530.00.01	#topic-law-rules	17	999	45300001.0	2499	1	1	0	2488	none	topic_default
4533.00.02	#topic-law-rules	17	999	45330002.0	2500	2	1	0	2489	none	topic_default
4536.00.01	#topic-law-rules	17	999	45360001.0	2501	1	1	0	2490	none	topic_default
4572.00.01	#topic-law-rules	17	999	45720001.0	2502	1	1	0	2491	none	topic_default
4599.00.01	#topic-law-rules	17	999	45990001.0	2503	2	1	0	2492	none	topic_default
4606.00.01	#topic-law-rules	17	999	46060001.0	2504	1	1	0	2493	none	topic_default
4640.00.01	#topic-law-rules	17	999	46400001.0	2505	1	1	0	2494	none	topic_default
4641.00.02	#topic-law-rules	17	999	46410002.0	2506	2	1	0	2495	none	topic_default
4642.00.01	#topic-law-rules	17	999	46420001.0	2507	1	1	0	2496	none	topic_default
4681.00.01	#topic-law-rules	17	999	46810001.0	2508	1	1	0	2497	none	topic_default
4822.00.01	#topic-law-rules	17	999	48220001.0	2509	1	1	0	2498	none	topic_default
4864.00.01	#topic-law-rules	17	999	48640001.0	2510	1	1	0	2499	none	topic_default
4868.00.01	#topic-law-rules	17	999	48680001.0	2511	1	1	0	2500	none	topic_default
4879.00.01	#topic-law-rules	17	999	48790001.0	2512	1	1	0	2501	none	topic_default
4883.00.01	#topic-law-rules	17	999	48830001.0	2513	2	2	0	2502	none	topic_default
4895.00.02	#topic-law-rules	17	999	48950002.0	2515	2	1	0	2503	none	topic_default
4900.00.01	#topic-law-rules	17	999	49000001.0	2516	1	1	0	2504	none	topic_default
4901.00.01	#topic-law-rules	17	999	49010001.0	2517	1	1	0	2505	none	topic_default
4939.00.01	#topic-law-rules	17	999	49390001.0	2518	1	1	0	2506	none	topic_default
0144.00.02	#topic-law-rules	17	999	1440002.0	2282	2	2	1	2507	none	topic_default
0545.00.02	#topic-law-rules	17	999	5450002.0	2295	2	2	1	2508	none	topic_default
0591.00.02	#topic-law-rules	17	999	5910002.0	2300	2	2	1	2509	none	topic_default
0606.00.03	#topic-law-rules	17	999	6060003.0	2303	3	2	1	2510	none	topic_default
1125.00.02	#topic-law-rules	17	999	11250002.0	2322	2	2	1	2511	none	topic_default
1473.00.02	#topic-law-rules	17	999	14730002.0	2340	2	2	1	2512	none	topic_default
2448.00.02	#topic-law-rules	17	999	24480002.0	2389	2	2	1	2513	none	topic_default
2666.00.02	#topic-law-rules	17	999	26660002.0	2398	3	2	1	2514	none	topic_default
3973.00.02	#topic-law-rules	17	999	39730002.0	2465	2	2	1	2515	none	topic_default
4072.00.02	#topic-law-rules	17	999	40720002.0	2471	2	2	1	2516	none	topic_default
4366.00.02	#topic-law-rules	17	999	43660002.0	2486	2	2	1	2517	none	topic_default
4883.00.02	#topic-law-rules	17	999	48830002.0	2514	2	2	1	2518	none	topic_default
0106.00.01	#topic-government-admin	18	999	1060001.0	2519	1	1	0	2519	none	topic_default
0111.00.01	#topic-government-admin	18	999	1110001.0	2520	1	1	0	2520	none	topic_default
0145.00.01	#topic-government-admin	18	999	1450001.0	2521	1	1	0	2521	none	topic_default
0200.00.02	#topic-government-admin	18	999	2000002.0	2522	3	1	0	2522	none	topic_default
0314.00.01	#topic-government-admin	18	999	3140001.0	2523	1	1	0	2523	none	topic_default
0370.00.01	#topic-government-admin	18	999	3700001.0	2524	1	1	0	2524	none	topic_default
0394.00.01	#topic-government-admin	18	999	3940001.0	2525	2	2	0	2525	none	topic_default
0428.00.01	#topic-government-admin	18	999	4280001.0	2527	1	1	0	2526	none	topic_default
0495.00.02	#topic-government-admin	18	999	4950002.0	2528	2	1	0	2527	none	topic_default
0553.00.01	#topic-government-admin	18	999	5530001.0	2529	1	1	0	2528	none	topic_default
0644.00.01	#topic-government-admin	18	999	6440001.0	2530	1	1	0	2529	none	topic_default
0649.00.01	#topic-government-admin	18	999	6490001.0	2531	1	1	0	2530	none	topic_default
0657.00.01	#topic-government-admin	18	999	6570001.0	2532	1	1	0	2531	none	topic_default
0730.00.01	#topic-government-admin	18	999	7300001.0	2533	1	1	0	2532	none	topic_default
0801.00.01	#topic-government-admin	18	999	8010001.0	2534	1	1	0	2533	none	topic_default
0811.00.01	#topic-government-admin	18	999	8110001.0	2535	1	1	0	2534	none	topic_default
0864.00.01	#topic-government-admin	18	999	8640001.0	2536	2	1	0	2535	none	topic_default
0885.00.01	#topic-government-admin	18	999	8850001.0	2537	1	1	0	2536	none	topic_default
0920.00.01	#topic-government-admin	18	999	9200001.0	2538	1	1	0	2537	none	topic_default
0921.00.02	#topic-government-admin	18	999	9210002.0	2539	2	1	0	2538	none	topic_default
0991.00.01	#topic-government-admin	18	999	9910001.0	2540	1	1	0	2539	none	topic_default
1058.00.01	#topic-government-admin	18	999	10580001.0	2541	1	1	0	2540	none	topic_default
1088.00.01	#topic-government-admin	18	999	10880001.0	2542	1	1	0	2541	none	topic_default
1092.00.01	#topic-government-admin	18	999	10920001.0	2543	2	1	0	2542	none	topic_default
1100.00.01	#topic-government-admin	18	999	11000001.0	2544	1	1	0	2543	none	topic_default
1132.00.01	#topic-government-admin	18	999	11320001.0	2545	1	1	0	2544	none	topic_default
1149.00.01	#topic-government-admin	18	999	11490001.0	2546	1	1	0	2545	none	topic_default
1181.00.01	#topic-government-admin	18	999	11810001.0	2547	1	1	0	2546	none	topic_default
1296.00.01	#topic-government-admin	18	999	12960001.0	2548	1	1	0	2547	none	topic_default
1297.00.01	#topic-government-admin	18	999	12970001.0	2549	1	1	0	2548	none	topic_default
1310.00.01	#topic-government-admin	18	999	13100001.0	2550	1	1	0	2549	none	topic_default
1338.00.01	#topic-government-admin	18	999	13380001.0	2551	1	1	0	2550	none	topic_default
1339.00.01	#topic-government-admin	18	999	13390001.0	2552	1	1	0	2551	none	topic_default
1376.00.01	#topic-government-admin	18	999	13760001.0	2553	1	1	0	2552	none	topic_default
1391.00.01	#topic-government-admin	18	999	13910001.0	2554	1	1	0	2553	none	topic_default
1503.00.01	#topic-government-admin	18	999	15030001.0	2555	1	1	0	2554	none	topic_default
1521.00.02	#topic-government-admin	18	999	15210002.0	2556	2	1	0	2555	none	topic_default
1533.00.01	#topic-government-admin	18	999	15330001.0	2557	1	1	0	2556	none	topic_default
1536.00.01	#topic-government-admin	18	999	15360001.0	2558	1	1	0	2557	none	topic_default
1546.00.01	#topic-government-admin	18	999	15460001.0	2559	1	1	0	2558	none	topic_default
1623.00.01	#topic-government-admin	18	999	16230001.0	2560	1	1	0	2559	none	topic_default
1646.00.01	#topic-government-admin	18	999	16460001.0	2561	1	1	0	2560	none	topic_default
1650.00.01	#topic-government-admin	18	999	16500001.0	2562	2	1	0	2561	none	topic_default
1743.00.01	#topic-government-admin	18	999	17430001.0	2563	1	1	0	2562	none	topic_default
1809.00.01	#topic-government-admin	18	999	18090001.0	2564	1	1	0	2563	none	topic_default
1856.00.01	#topic-government-admin	18	999	18560001.0	2565	1	1	0	2564	none	topic_default
1867.00.01	#topic-government-admin	18	999	18670001.0	2566	2	2	0	2565	none	topic_default
1958.00.01	#topic-government-admin	18	999	19580001.0	2568	2	2	0	2566	none	topic_default
1997.00.01	#topic-government-admin	18	999	19970001.0	2570	1	1	0	2567	none	topic_default
2003.00.02	#topic-government-admin	18	999	20030002.0	2571	3	1	0	2568	none	topic_default
2021.00.01	#topic-government-admin	18	999	20210001.0	2572	1	1	0	2569	none	topic_default
2025.00.01	#topic-government-admin	18	999	20250001.0	2573	3	1	0	2570	none	topic_default
2054.00.01	#topic-government-admin	18	999	20540001.0	2574	1	1	0	2571	none	topic_default
2056.00.01	#topic-government-admin	18	999	20560001.0	2575	1	1	0	2572	none	topic_default
2166.00.02	#topic-government-admin	18	999	21660002.0	2576	2	1	0	2573	none	topic_default
2282.00.02	#topic-government-admin	18	999	22820002.0	2577	3	1	0	2574	none	topic_default
2305.00.01	#topic-government-admin	18	999	23050001.0	2578	1	1	0	2575	none	topic_default
2322.00.01	#topic-government-admin	18	999	23220001.0	2579	1	1	0	2576	none	topic_default
2336.00.01	#topic-government-admin	18	999	23360001.0	2580	1	1	0	2577	none	topic_default
2371.00.01	#topic-government-admin	18	999	23710001.0	2581	1	1	0	2578	none	topic_default
2373.00.01	#topic-government-admin	18	999	23730001.0	2582	1	1	0	2579	none	topic_default
2380.00.01	#topic-government-admin	18	999	23800001.0	2583	2	1	0	2580	none	topic_default
2390.00.01	#topic-government-admin	18	999	23900001.0	2584	1	1	0	2581	none	topic_default
2433.00.01	#topic-government-admin	18	999	24330001.0	2585	1	1	0	2582	none	topic_default
2486.00.02	#topic-government-admin	18	999	24860002.0	2586	2	1	0	2583	none	topic_default
2541.00.01	#topic-government-admin	18	999	25410001.0	2587	1	1	0	2584	none	topic_default
2611.00.01	#topic-government-admin	18	999	26110001.0	2588	1	1	0	2585	none	topic_default
2652.00.01	#topic-government-admin	18	999	26520001.0	2589	1	1	0	2586	none	topic_default
2673.00.01	#topic-government-admin	18	999	26730001.0	2590	1	1	0	2587	none	topic_default
2675.00.03	#topic-government-admin	18	999	26750003.0	2591	3	1	0	2588	none	topic_default
2819.00.01	#topic-government-admin	18	999	28190001.0	2592	1	1	0	2589	none	topic_default
2880.00.02	#topic-government-admin	18	999	28800002.0	2593	2	1	0	2590	none	topic_default
2902.00.01	#topic-government-admin	18	999	29020001.0	2594	1	1	0	2591	none	topic_default
3023.00.01	#topic-government-admin	18	999	30230001.0	2595	1	1	0	2592	none	topic_default
3129.00.01	#topic-government-admin	18	999	31290001.0	2596	1	1	0	2593	none	topic_default
3130.00.01	#topic-government-admin	18	999	31300001.0	2597	1	1	0	2594	none	topic_default
3314.00.01	#topic-government-admin	18	999	33140001.0	2598	2	1	0	2595	none	topic_default
3376.00.01	#topic-government-admin	18	999	33760001.0	2599	1	1	0	2596	none	topic_default
3384.00.01	#topic-government-admin	18	999	33840001.0	2600	1	1	0	2597	none	topic_default
3495.00.01	#topic-government-admin	18	999	34950001.0	2601	2	2	0	2598	none	topic_default
3523.00.01	#topic-government-admin	18	999	35230001.0	2603	1	1	0	2599	none	topic_default
3610.00.01	#topic-government-admin	18	999	36100001.0	2604	1	1	0	2600	none	topic_default
3612.00.01	#topic-government-admin	18	999	36120001.0	2605	1	1	0	2601	none	topic_default
3632.00.01	#topic-government-admin	18	999	36320001.0	2606	1	1	0	2602	none	topic_default
3673.00.01	#topic-government-admin	18	999	36730001.0	2607	1	1	0	2603	none	topic_default
3707.00.01	#topic-government-admin	18	999	37070001.0	2608	1	1	0	2604	none	topic_default
3742.00.01	#topic-government-admin	18	999	37420001.0	2609	3	1	0	2605	none	topic_default
3747.00.01	#topic-government-admin	18	999	37470001.0	2610	1	1	0	2606	none	topic_default
3802.00.01	#topic-government-admin	18	999	38020001.0	2611	1	1	0	2607	none	topic_default
3851.00.01	#topic-government-admin	18	999	38510001.0	2612	1	1	0	2608	none	topic_default
3867.00.01	#topic-government-admin	18	999	38670001.0	2613	1	1	0	2609	none	topic_default
3869.00.01	#topic-government-admin	18	999	38690001.0	2614	2	2	0	2610	none	topic_default
3890.00.01	#topic-government-admin	18	999	38900001.0	2616	1	1	0	2611	none	topic_default
3914.00.01	#topic-government-admin	18	999	39140001.0	2617	1	1	0	2612	none	topic_default
3953.00.01	#topic-government-admin	18	999	39530001.0	2618	1	1	0	2613	none	topic_default
3995.00.01	#topic-government-admin	18	999	39950001.0	2619	1	1	0	2614	none	topic_default
4004.00.01	#topic-government-admin	18	999	40040001.0	2620	1	1	0	2615	none	topic_default
4043.00.01	#topic-government-admin	18	999	40430001.0	2621	1	1	0	2616	none	topic_default
4097.00.01	#topic-government-admin	18	999	40970001.0	2622	1	1	0	2617	none	topic_default
4098.00.01	#topic-government-admin	18	999	40980001.0	2623	1	1	0	2618	none	topic_default
4150.00.01	#topic-government-admin	18	999	41500001.0	2624	1	1	0	2619	none	topic_default
4155.00.01	#topic-government-admin	18	999	41550001.0	2625	1	1	0	2620	none	topic_default
4196.00.01	#topic-government-admin	18	999	41960001.0	2626	1	1	0	2621	none	topic_default
4313.00.01	#topic-government-admin	18	999	43130001.0	2627	1	1	0	2622	none	topic_default
4364.00.01	#topic-government-admin	18	999	43640001.0	2628	2	1	0	2623	none	topic_default
4466.00.01	#topic-government-admin	18	999	44660001.0	2629	1	1	0	2624	none	topic_default
4525.00.01	#topic-government-admin	18	999	45250001.0	2630	1	1	0	2625	none	topic_default
4532.00.01	#topic-government-admin	18	999	45320001.0	2631	1	1	0	2626	none	topic_default
4566.00.01	#topic-government-admin	18	999	45660001.0	2632	1	1	0	2627	none	topic_default
4589.00.03	#topic-government-admin	18	999	45890003.0	2633	3	1	0	2628	none	topic_default
4592.00.01	#topic-government-admin	18	999	45920001.0	2634	1	1	0	2629	none	topic_default
4666.00.01	#topic-government-admin	18	999	46660001.0	2635	1	1	0	2630	none	topic_default
4668.00.01	#topic-government-admin	18	999	46680001.0	2636	1	1	0	2631	none	topic_default
4669.00.01	#topic-government-admin	18	999	46690001.0	2637	1	1	0	2632	none	topic_default
4689.00.01	#topic-government-admin	18	999	46890001.0	2638	1	1	0	2633	none	topic_default
4692.00.01	#topic-government-admin	18	999	46920001.0	2639	1	1	0	2634	none	topic_default
4743.00.01	#topic-government-admin	18	999	47430001.0	2640	1	1	0	2635	none	topic_default
4777.00.01	#topic-government-admin	18	999	47770001.0	2641	1	1	0	2636	none	topic_default
4797.00.02	#topic-government-admin	18	999	47970002.0	2642	2	1	0	2637	none	topic_default
4845.00.01	#topic-government-admin	18	999	48450001.0	2643	1	1	0	2638	none	topic_default
4965.00.01	#topic-government-admin	18	999	49650001.0	2644	2	1	0	2639	none	topic_default
0394.00.02	#topic-government-admin	18	999	3940002.0	2526	2	2	1	2640	none	topic_default
1867.00.02	#topic-government-admin	18	999	18670002.0	2567	2	2	1	2641	none	topic_default
1958.00.02	#topic-government-admin	18	999	19580002.0	2569	2	2	1	2642	none	topic_default
3495.00.02	#topic-government-admin	18	999	34950002.0	2602	2	2	1	2643	none	topic_default
3869.00.02	#topic-government-admin	18	999	38690002.0	2615	2	2	1	2644	none	topic_default
0170.00.01	#topic-politics	19	999	1700001.0	2645	1	1	0	2645	none	topic_default
0176.00.01	#topic-politics	19	999	1760001.0	2646	1	1	0	2646	none	topic_default
0188.00.01	#topic-politics	19	999	1880001.0	2647	1	1	0	2647	none	topic_default
0225.00.01	#topic-politics	19	999	2250001.0	2648	1	1	0	2648	none	topic_default
0304.00.01	#topic-politics	19	999	3040001.0	2649	1	1	0	2649	none	topic_default
0327.00.01	#topic-politics	19	999	3270001.0	2650	2	2	0	2650	none	topic_default
0346.00.03	#topic-politics	19	999	3460003.0	2652	3	1	0	2651	none	topic_default
0552.00.01	#topic-politics	19	999	5520001.0	2653	1	1	0	2652	none	topic_default
0674.00.01	#topic-politics	19	999	6740001.0	2654	1	1	0	2653	none	topic_default
0770.00.01	#topic-politics	19	999	7700001.0	2655	1	1	0	2654	none	topic_default
0787.00.01	#topic-politics	19	999	7870001.0	2656	1	1	0	2655	none	topic_default
0843.00.01	#topic-politics	19	999	8430001.0	2657	1	1	0	2656	none	topic_default
0861.00.01	#topic-politics	19	999	8610001.0	2658	1	1	0	2657	none	topic_default
0888.00.01	#topic-politics	19	999	8880001.0	2659	1	1	0	2658	none	topic_default
0912.00.01	#topic-politics	19	999	9120001.0	2660	1	1	0	2659	none	topic_default
0926.00.01	#topic-politics	19	999	9260001.0	2661	2	1	0	2660	none	topic_default
1003.00.01	#topic-politics	19	999	10030001.0	2662	1	1	0	2661	none	topic_default
1029.00.01	#topic-politics	19	999	10290001.0	2663	1	1	0	2662	none	topic_default
1170.00.01	#topic-politics	19	999	11700001.0	2664	1	1	0	2663	none	topic_default
1233.00.01	#topic-politics	19	999	12330001.0	2665	2	1	0	2664	none	topic_default
1240.00.01	#topic-politics	19	999	12400001.0	2666	1	1	0	2665	none	topic_default
1285.00.01	#topic-politics	19	999	12850001.0	2667	1	1	0	2666	none	topic_default
1330.00.01	#topic-politics	19	999	13300001.0	2668	1	1	0	2667	none	topic_default
1372.00.01	#topic-politics	19	999	13720001.0	2669	1	1	0	2668	none	topic_default
1390.00.01	#topic-politics	19	999	13900001.0	2670	1	1	0	2669	none	topic_default
1396.00.01	#topic-politics	19	999	13960001.0	2671	1	1	0	2670	none	topic_default
1403.00.01	#topic-politics	19	999	14030001.0	2672	1	1	0	2671	none	topic_default
1431.00.01	#topic-politics	19	999	14310001.0	2673	1	1	0	2672	none	topic_default
1438.00.01	#topic-politics	19	999	14380001.0	2674	2	1	0	2673	none	topic_default
1463.00.01	#topic-politics	19	999	14630001.0	2675	1	1	0	2674	none	topic_default
1496.00.01	#topic-politics	19	999	14960001.0	2676	1	1	0	2675	none	topic_default
1522.00.01	#topic-politics	19	999	15220001.0	2677	1	1	0	2676	none	topic_default
1541.00.01	#topic-politics	19	999	15410001.0	2678	1	1	0	2677	none	topic_default
1610.00.01	#topic-politics	19	999	16100001.0	2679	1	1	0	2678	none	topic_default
1634.00.01	#topic-politics	19	999	16340001.0	2680	1	1	0	2679	none	topic_default
1638.00.01	#topic-politics	19	999	16380001.0	2681	1	1	0	2680	none	topic_default
1640.00.01	#topic-politics	19	999	16400001.0	2682	2	1	0	2681	none	topic_default
1670.00.01	#topic-politics	19	999	16700001.0	2683	1	1	0	2682	none	topic_default
1730.00.02	#topic-politics	19	999	17300002.0	2684	2	1	0	2683	none	topic_default
1761.00.01	#topic-politics	19	999	17610001.0	2685	1	1	0	2684	none	topic_default
1776.00.01	#topic-politics	19	999	17760001.0	2686	1	1	0	2685	none	topic_default
1826.00.01	#topic-politics	19	999	18260001.0	2687	1	1	0	2686	none	topic_default
1832.00.01	#topic-politics	19	999	18320001.0	2688	1	1	0	2687	none	topic_default
1965.00.01	#topic-politics	19	999	19650001.0	2689	1	1	0	2688	none	topic_default
1985.00.01	#topic-politics	19	999	19850001.0	2690	1	1	0	2689	none	topic_default
2007.00.01	#topic-politics	19	999	20070001.0	2691	1	1	0	2690	none	topic_default
2016.00.01	#topic-politics	19	999	20160001.0	2692	1	1	0	2691	none	topic_default
2027.00.01	#topic-politics	19	999	20270001.0	2693	1	1	0	2692	none	topic_default
2030.00.01	#topic-politics	19	999	20300001.0	2694	1	1	0	2693	none	topic_default
2081.00.01	#topic-politics	19	999	20810001.0	2695	1	1	0	2694	none	topic_default
2108.00.02	#topic-politics	19	999	21080002.0	2696	2	1	0	2695	none	topic_default
2152.00.01	#topic-politics	19	999	21520001.0	2697	1	1	0	2696	none	topic_default
2162.00.01	#topic-politics	19	999	21620001.0	2698	3	1	0	2697	none	topic_default
2198.00.01	#topic-politics	19	999	21980001.0	2699	1	1	0	2698	none	topic_default
2333.00.01	#topic-politics	19	999	23330001.0	2700	1	1	0	2699	none	topic_default
2340.00.01	#topic-politics	19	999	23400001.0	2701	2	2	0	2700	none	topic_default
2367.00.01	#topic-politics	19	999	23670001.0	2703	1	1	0	2701	none	topic_default
2377.00.01	#topic-politics	19	999	23770001.0	2704	1	1	0	2702	none	topic_default
2395.00.01	#topic-politics	19	999	23950001.0	2705	1	1	0	2703	none	topic_default
2429.00.01	#topic-politics	19	999	24290001.0	2706	2	1	0	2704	none	topic_default
2435.00.01	#topic-politics	19	999	24350001.0	2707	2	2	0	2705	none	topic_default
2490.00.01	#topic-politics	19	999	24900001.0	2709	1	1	0	2706	none	topic_default
2491.00.01	#topic-politics	19	999	24910001.0	2710	1	1	0	2707	none	topic_default
2493.00.01	#topic-politics	19	999	24930001.0	2711	1	1	0	2708	none	topic_default
2509.00.01	#topic-politics	19	999	25090001.0	2712	1	1	0	2709	none	topic_default
2560.00.01	#topic-politics	19	999	25600001.0	2713	1	1	0	2710	none	topic_default
2582.00.01	#topic-politics	19	999	25820001.0	2714	1	1	0	2711	none	topic_default
2729.00.01	#topic-politics	19	999	27290001.0	2715	1	1	0	2712	none	topic_default
2752.00.01	#topic-politics	19	999	27520001.0	2716	1	1	0	2713	none	topic_default
2760.00.01	#topic-politics	19	999	27600001.0	2717	1	1	0	2714	none	topic_default
2846.00.02	#topic-politics	19	999	28460002.0	2718	2	1	0	2715	none	topic_default
2923.00.01	#topic-politics	19	999	29230001.0	2719	1	1	0	2716	none	topic_default
2959.00.01	#topic-politics	19	999	29590001.0	2720	1	1	0	2717	none	topic_default
2968.00.01	#topic-politics	19	999	29680001.0	2721	1	1	0	2718	none	topic_default
3046.00.01	#topic-politics	19	999	30460001.0	2722	1	1	0	2719	none	topic_default
3064.00.01	#topic-politics	19	999	30640001.0	2723	2	1	0	2720	none	topic_default
3071.00.01	#topic-politics	19	999	30710001.0	2724	1	1	0	2721	none	topic_default
3080.00.01	#topic-politics	19	999	30800001.0	2725	3	3	0	2722	none	topic_default
3090.00.01	#topic-politics	19	999	30900001.0	2728	1	1	0	2723	none	topic_default
3123.00.01	#topic-politics	19	999	31230001.0	2729	1	1	0	2724	none	topic_default
3189.00.01	#topic-politics	19	999	31890001.0	2730	1	1	0	2725	none	topic_default
3197.00.01	#topic-politics	19	999	31970001.0	2731	1	1	0	2726	none	topic_default
3205.00.01	#topic-politics	19	999	32050001.0	2732	1	1	0	2727	none	topic_default
3215.00.01	#topic-politics	19	999	32150001.0	2733	1	1	0	2728	none	topic_default
3222.00.01	#topic-politics	19	999	32220001.0	2734	1	1	0	2729	none	topic_default
3277.00.01	#topic-politics	19	999	32770001.0	2735	1	1	0	2730	none	topic_default
3288.00.01	#topic-politics	19	999	32880001.0	2736	1	1	0	2731	none	topic_default
3319.00.01	#topic-politics	19	999	33190001.0	2737	1	1	0	2732	none	topic_default
3440.00.01	#topic-politics	19	999	34400001.0	2738	1	1	0	2733	none	topic_default
3469.00.01	#topic-politics	19	999	34690001.0	2739	1	1	0	2734	none	topic_default
3486.00.01	#topic-politics	19	999	34860001.0	2740	1	1	0	2735	none	topic_default
3505.00.01	#topic-politics	19	999	35050001.0	2741	1	1	0	2736	none	topic_default
3550.00.01	#topic-politics	19	999	35500001.0	2742	1	1	0	2737	none	topic_default
3561.00.02	#topic-politics	19	999	35610002.0	2743	2	1	0	2738	none	topic_default
3614.00.01	#topic-politics	19	999	36140001.0	2744	1	1	0	2739	none	topic_default
3698.00.01	#topic-politics	19	999	36980001.0	2745	1	1	0	2740	none	topic_default
3731.00.01	#topic-politics	19	999	37310001.0	2746	1	1	0	2741	none	topic_default
3790.00.01	#topic-politics	19	999	37900001.0	2747	1	1	0	2742	none	topic_default
3815.00.01	#topic-politics	19	999	38150001.0	2748	1	1	0	2743	none	topic_default
3846.00.01	#topic-politics	19	999	38460001.0	2749	1	1	0	2744	none	topic_default
3887.00.01	#topic-politics	19	999	38870001.0	2750	1	1	0	2745	none	topic_default
3967.00.01	#topic-politics	19	999	39670001.0	2751	1	1	0	2746	none	topic_default
3971.00.01	#topic-politics	19	999	39710001.0	2752	1	1	0	2747	none	topic_default
4020.00.01	#topic-politics	19	999	40200001.0	2753	1	1	0	2748	none	topic_default
4046.00.01	#topic-politics	19	999	40460001.0	2754	1	1	0	2749	none	topic_default
4055.00.01	#topic-politics	19	999	40550001.0	2755	1	1	0	2750	none	topic_default
4106.00.01	#topic-politics	19	999	41060001.0	2756	1	1	0	2751	none	topic_default
4174.00.01	#topic-politics	19	999	41740001.0	2757	1	1	0	2752	none	topic_default
4325.00.01	#topic-politics	19	999	43250001.0	2758	1	1	0	2753	none	topic_default
4344.00.01	#topic-politics	19	999	43440001.0	2759	1	1	0	2754	none	topic_default
4543.00.01	#topic-politics	19	999	45430001.0	2760	1	1	0	2755	none	topic_default
4632.00.01	#topic-politics	19	999	46320001.0	2761	1	1	0	2756	none	topic_default
4659.00.01	#topic-politics	19	999	46590001.0	2762	1	1	0	2757	none	topic_default
4674.00.01	#topic-politics	19	999	46740001.0	2763	1	1	0	2758	none	topic_default
4675.00.01	#topic-politics	19	999	46750001.0	2764	1	1	0	2759	none	topic_default
4701.00.01	#topic-politics	19	999	47010001.0	2765	1	1	0	2760	none	topic_default
4766.00.01	#topic-politics	19	999	47660001.0	2766	1	1	0	2761	none	topic_default
4783.00.01	#topic-politics	19	999	47830001.0	2767	1	1	0	2762	none	topic_default
4842.00.02	#topic-politics	19	999	48420002.0	2768	2	1	0	2763	none	topic_default
4914.00.01	#topic-politics	19	999	49140001.0	2769	1	1	0	2764	none	topic_default
4925.00.01	#topic-politics	19	999	49250001.0	2770	1	1	0	2765	none	topic_default
0327.00.02	#topic-politics	19	999	3270002.0	2651	2	2	1	2766	none	topic_default
2340.00.02	#topic-politics	19	999	23400002.0	2702	2	2	1	2767	none	topic_default
2435.00.02	#topic-politics	19	999	24350002.0	2708	2	2	1	2768	none	topic_default
3080.00.02	#topic-politics	19	999	30800002.0	2726	3	3	1	2769	none	topic_default
3080.00.03	#topic-politics	19	999	30800003.0	2727	3	3	2	2770	none	topic_default
0101.00.02	#topic-social-life	20	999	1010002.0	2771	2	1	0	2771	none	topic_default
0152.00.01	#topic-social-life	20	999	1520001.0	2772	1	1	0	2772	none	topic_default
0169.00.01	#topic-social-life	20	999	1690001.0	2773	1	1	0	2773	none	topic_default
0207.00.01	#topic-social-life	20	999	2070001.0	2774	1	1	0	2774	none	topic_default
0261.00.01	#topic-social-life	20	999	2610001.0	2775	1	1	0	2775	none	topic_default
0294.00.01	#topic-social-life	20	999	2940001.0	2776	1	1	0	2776	none	topic_default
0309.00.01	#topic-social-life	20	999	3090001.0	2777	1	1	0	2777	none	topic_default
0366.00.01	#topic-social-life	20	999	3660001.0	2778	1	1	0	2778	none	topic_default
0399.00.01	#topic-social-life	20	999	3990001.0	2779	1	1	0	2779	none	topic_default
0474.00.02	#topic-social-life	20	999	4740002.0	2780	2	1	0	2780	none	topic_default
0516.00.02	#topic-social-life	20	999	5160002.0	2781	2	1	0	2781	none	topic_default
0548.00.01	#topic-social-life	20	999	5480001.0	2782	1	1	0	2782	none	topic_default
0584.00.01	#topic-social-life	20	999	5840001.0	2783	1	1	0	2783	none	topic_default
0632.00.01	#topic-social-life	20	999	6320001.0	2784	1	1	0	2784	none	topic_default
0655.00.01	#topic-social-life	20	999	6550001.0	2785	1	1	0	2785	none	topic_default
0658.00.01	#topic-social-life	20	999	6580001.0	2786	1	1	0	2786	none	topic_default
0670.00.01	#topic-social-life	20	999	6700001.0	2787	1	1	0	2787	none	topic_default
0673.00.01	#topic-social-life	20	999	6730001.0	2788	3	2	0	2788	none	topic_default
0719.00.01	#topic-social-life	20	999	7190001.0	2790	1	1	0	2789	none	topic_default
0734.00.02	#topic-social-life	20	999	7340002.0	2791	2	1	0	2790	none	topic_default
0795.00.01	#topic-social-life	20	999	7950001.0	2792	1	1	0	2791	none	topic_default
0803.00.01	#topic-social-life	20	999	8030001.0	2793	1	1	0	2792	none	topic_default
0931.00.01	#topic-social-life	20	999	9310001.0	2794	1	1	0	2793	none	topic_default
0932.00.01	#topic-social-life	20	999	9320001.0	2795	1	1	0	2794	none	topic_default
0943.00.01	#topic-social-life	20	999	9430001.0	2796	1	1	0	2795	none	topic_default
0949.00.01	#topic-social-life	20	999	9490001.0	2797	1	1	0	2796	none	topic_default
0965.00.01	#topic-social-life	20	999	9650001.0	2798	1	1	0	2797	none	topic_default
0989.00.01	#topic-social-life	20	999	9890001.0	2799	1	1	0	2798	none	topic_default
0992.00.01	#topic-social-life	20	999	9920001.0	2800	1	1	0	2799	none	topic_default
1008.00.01	#topic-social-life	20	999	10080001.0	2801	1	1	0	2800	none	topic_default
1020.00.01	#topic-social-life	20	999	10200001.0	2802	1	1	0	2801	none	topic_default
1074.00.01	#topic-social-life	20	999	10740001.0	2803	1	1	0	2802	none	topic_default
1075.00.01	#topic-social-life	20	999	10750001.0	2804	1	1	0	2803	none	topic_default
1124.00.01	#topic-social-life	20	999	11240001.0	2805	1	1	0	2804	none	topic_default
1146.00.01	#topic-social-life	20	999	11460001.0	2806	1	1	0	2805	none	topic_default
1174.00.01	#topic-social-life	20	999	11740001.0	2807	1	1	0	2806	none	topic_default
1277.00.01	#topic-social-life	20	999	12770001.0	2808	1	1	0	2807	none	topic_default
1293.00.01	#topic-social-life	20	999	12930001.0	2809	1	1	0	2808	none	topic_default
1298.00.01	#topic-social-life	20	999	12980001.0	2810	1	1	0	2809	none	topic_default
1365.00.02	#topic-social-life	20	999	13650002.0	2811	2	1	0	2810	none	topic_default
1387.00.01	#topic-social-life	20	999	13870001.0	2812	1	1	0	2811	none	topic_default
1438.00.02	#topic-social-life	20	999	14380002.0	2813	2	1	0	2812	none	topic_default
1443.00.01	#topic-social-life	20	999	14430001.0	2814	1	1	0	2813	none	topic_default
1555.00.01	#topic-social-life	20	999	15550001.0	2815	1	1	0	2814	none	topic_default
1582.00.01	#topic-social-life	20	999	15820001.0	2816	1	1	0	2815	none	topic_default
1590.00.02	#topic-social-life	20	999	15900002.0	2817	2	1	0	2816	none	topic_default
1605.00.01	#topic-social-life	20	999	16050001.0	2818	2	1	0	2817	none	topic_default
1655.00.01	#topic-social-life	20	999	16550001.0	2819	1	1	0	2818	none	topic_default
1696.00.01	#topic-social-life	20	999	16960001.0	2820	2	1	0	2819	none	topic_default
1750.00.01	#topic-social-life	20	999	17500001.0	2821	1	1	0	2820	none	topic_default
1764.00.03	#topic-social-life	20	999	17640003.0	2822	3	1	0	2821	none	topic_default
1820.00.01	#topic-social-life	20	999	18200001.0	2823	1	1	0	2822	none	topic_default
1833.00.01	#topic-social-life	20	999	18330001.0	2824	2	1	0	2823	none	topic_default
1843.00.02	#topic-social-life	20	999	18430002.0	2825	2	1	0	2824	none	topic_default
1863.00.02	#topic-social-life	20	999	18630002.0	2826	2	1	0	2825	none	topic_default
1917.00.01	#topic-social-life	20	999	19170001.0	2827	2	1	0	2826	none	topic_default
1939.00.01	#topic-social-life	20	999	19390001.0	2828	1	1	0	2827	none	topic_default
1984.00.01	#topic-social-life	20	999	19840001.0	2829	1	1	0	2828	none	topic_default
1988.00.01	#topic-social-life	20	999	19880001.0	2830	1	1	0	2829	none	topic_default
2099.00.01	#topic-social-life	20	999	20990001.0	2831	1	1	0	2830	none	topic_default
2100.00.02	#topic-social-life	20	999	21000002.0	2832	2	1	0	2831	none	topic_default
2115.00.01	#topic-social-life	20	999	21150001.0	2833	1	1	0	2832	none	topic_default
2139.00.01	#topic-social-life	20	999	21390001.0	2834	1	1	0	2833	none	topic_default
2165.00.01	#topic-social-life	20	999	21650001.0	2835	1	1	0	2834	none	topic_default
2183.00.01	#topic-social-life	20	999	21830001.0	2836	1	1	0	2835	none	topic_default
2211.00.01	#topic-social-life	20	999	22110001.0	2837	4	1	0	2836	none	topic_default
2327.00.01	#topic-social-life	20	999	23270001.0	2838	1	1	0	2837	none	topic_default
2342.00.01	#topic-social-life	20	999	23420001.0	2839	1	1	0	2838	none	topic_default
2345.00.01	#topic-social-life	20	999	23450001.0	2840	1	1	0	2839	none	topic_default
2360.00.01	#topic-social-life	20	999	23600001.0	2841	1	1	0	2840	none	topic_default
2408.00.01	#topic-social-life	20	999	24080001.0	2842	1	1	0	2841	none	topic_default
2411.00.01	#topic-social-life	20	999	24110001.0	2843	1	1	0	2842	none	topic_default
2443.00.01	#topic-social-life	20	999	24430001.0	2844	1	1	0	2843	none	topic_default
2464.00.02	#topic-social-life	20	999	24640002.0	2845	2	1	0	2844	none	topic_default
2468.00.01	#topic-social-life	20	999	24680001.0	2846	1	1	0	2845	none	topic_default
2505.00.01	#topic-social-life	20	999	25050001.0	2847	1	1	0	2846	none	topic_default
2553.00.01	#topic-social-life	20	999	25530001.0	2848	1	1	0	2847	none	topic_default
2562.00.01	#topic-social-life	20	999	25620001.0	2849	1	1	0	2848	none	topic_default
2620.00.02	#topic-social-life	20	999	26200002.0	2850	2	1	0	2849	none	topic_default
2624.00.01	#topic-social-life	20	999	26240001.0	2851	1	1	0	2850	none	topic_default
2662.00.01	#topic-social-life	20	999	26620001.0	2852	1	1	0	2851	none	topic_default
2668.00.01	#topic-social-life	20	999	26680001.0	2853	1	1	0	2852	none	topic_default
2716.00.01	#topic-social-life	20	999	27160001.0	2854	1	1	0	2853	none	topic_default
2720.00.01	#topic-social-life	20	999	27200001.0	2855	2	2	0	2854	none	topic_default
2757.00.01	#topic-social-life	20	999	27570001.0	2857	1	1	0	2855	none	topic_default
2783.00.01	#topic-social-life	20	999	27830001.0	2858	1	1	0	2856	none	topic_default
2789.00.02	#topic-social-life	20	999	27890002.0	2859	2	1	0	2857	none	topic_default
2795.00.01	#topic-social-life	20	999	27950001.0	2860	1	1	0	2858	none	topic_default
2848.00.01	#topic-social-life	20	999	28480001.0	2861	2	1	0	2859	none	topic_default
2871.00.01	#topic-social-life	20	999	28710001.0	2862	2	1	0	2860	none	topic_default
2913.00.01	#topic-social-life	20	999	29130001.0	2863	1	1	0	2861	none	topic_default
2948.00.01	#topic-social-life	20	999	29480001.0	2864	1	1	0	2862	none	topic_default
2955.00.01	#topic-social-life	20	999	29550001.0	2865	2	2	0	2863	none	topic_default
2974.00.01	#topic-social-life	20	999	29740001.0	2867	1	1	0	2864	none	topic_default
3030.00.01	#topic-social-life	20	999	30300001.0	2868	1	1	0	2865	none	topic_default
3216.00.01	#topic-social-life	20	999	32160001.0	2869	1	1	0	2866	none	topic_default
3234.00.03	#topic-social-life	20	999	32340003.0	2870	3	1	0	2867	none	topic_default
3242.00.01	#topic-social-life	20	999	32420001.0	2871	1	1	0	2868	none	topic_default
3262.00.01	#topic-social-life	20	999	32620001.0	2872	2	1	0	2869	none	topic_default
3336.00.01	#topic-social-life	20	999	33360001.0	2873	1	1	0	2870	none	topic_default
3344.00.01	#topic-social-life	20	999	33440001.0	2874	3	1	0	2871	none	topic_default
3347.00.01	#topic-social-life	20	999	33470001.0	2875	1	1	0	2872	none	topic_default
3351.00.01	#topic-social-life	20	999	33510001.0	2876	1	1	0	2873	none	topic_default
3373.00.01	#topic-social-life	20	999	33730001.0	2877	1	1	0	2874	none	topic_default
3443.00.01	#topic-social-life	20	999	34430001.0	2878	2	2	0	2875	none	topic_default
3444.00.01	#topic-social-life	20	999	34440001.0	2880	1	1	0	2876	none	topic_default
3474.00.01	#topic-social-life	20	999	34740001.0	2881	1	1	0	2877	none	topic_default
3617.00.01	#topic-social-life	20	999	36170001.0	2882	1	1	0	2878	none	topic_default
3638.00.01	#topic-social-life	20	999	36380001.0	2883	1	1	0	2879	none	topic_default
3680.00.01	#topic-social-life	20	999	36800001.0	2884	1	1	0	2880	none	topic_default
3723.00.02	#topic-social-life	20	999	37230002.0	2885	2	1	0	2881	none	topic_default
3725.00.01	#topic-social-life	20	999	37250001.0	2886	2	1	0	2882	none	topic_default
3752.00.01	#topic-social-life	20	999	37520001.0	2887	1	1	0	2883	none	topic_default
3805.00.01	#topic-social-life	20	999	38050001.0	2888	2	1	0	2884	none	topic_default
3835.00.01	#topic-social-life	20	999	38350001.0	2889	1	1	0	2885	none	topic_default
3845.00.01	#topic-social-life	20	999	38450001.0	2890	1	1	0	2886	none	topic_default
3884.00.01	#topic-social-life	20	999	38840001.0	2891	1	1	0	2887	none	topic_default
3899.00.01	#topic-social-life	20	999	38990001.0	2892	1	1	0	2888	none	topic_default
3929.00.01	#topic-social-life	20	999	39290001.0	2893	1	1	0	2889	none	topic_default
3931.00.01	#topic-social-life	20	999	39310001.0	2894	1	1	0	2890	none	topic_default
4059.00.01	#topic-social-life	20	999	40590001.0	2895	1	1	0	2891	none	topic_default
4080.00.02	#topic-social-life	20	999	40800002.0	2896	2	1	0	2892	none	topic_default
4111.00.01	#topic-social-life	20	999	41110001.0	2897	1	1	0	2893	none	topic_default
4215.00.01	#topic-social-life	20	999	42150001.0	2898	1	1	0	2894	none	topic_default
4232.00.01	#topic-social-life	20	999	42320001.0	2899	1	1	0	2895	none	topic_default
4245.00.01	#topic-social-life	20	999	42450001.0	2900	2	1	0	2896	none	topic_default
4360.00.01	#topic-social-life	20	999	43600001.0	2901	1	1	0	2897	none	topic_default
4425.00.01	#topic-social-life	20	999	44250001.0	2902	1	1	0	2898	none	topic_default
4443.00.01	#topic-social-life	20	999	44430001.0	2903	1	1	0	2899	none	topic_default
4473.00.02	#topic-social-life	20	999	44730002.0	2904	2	1	0	2900	none	topic_default
4542.00.01	#topic-social-life	20	999	45420001.0	2905	1	1	0	2901	none	topic_default
4560.00.01	#topic-social-life	20	999	45600001.0	2906	1	1	0	2902	none	topic_default
4567.00.01	#topic-social-life	20	999	45670001.0	2907	1	1	0	2903	none	topic_default
4576.00.01	#topic-social-life	20	999	45760001.0	2908	1	1	0	2904	none	topic_default
4588.00.01	#topic-social-life	20	999	45880001.0	2909	1	1	0	2905	none	topic_default
4631.00.01	#topic-social-life	20	999	46310001.0	2910	1	1	0	2906	none	topic_default
4644.00.02	#topic-social-life	20	999	46440002.0	2911	2	1	0	2907	none	topic_default
4657.00.02	#topic-social-life	20	999	46570002.0	2912	2	1	0	2908	none	topic_default
4686.00.01	#topic-social-life	20	999	46860001.0	2913	1	1	0	2909	none	topic_default
4694.00.01	#topic-social-life	20	999	46940001.0	2914	1	1	0	2910	none	topic_default
4706.00.01	#topic-social-life	20	999	47060001.0	2915	1	1	0	2911	none	topic_default
4709.00.02	#topic-social-life	20	999	47090002.0	2916	2	1	0	2912	none	topic_default
4809.00.01	#topic-social-life	20	999	48090001.0	2917	1	1	0	2913	none	topic_default
4835.00.01	#topic-social-life	20	999	48350001.0	2918	1	1	0	2914	none	topic_default
4880.00.01	#topic-social-life	20	999	48800001.0	2919	1	1	0	2915	none	topic_default
4891.00.01	#topic-social-life	20	999	48910001.0	2920	2	1	0	2916	none	topic_default
4918.00.01	#topic-social-life	20	999	49180001.0	2921	1	1	0	2917	none	topic_default
4928.00.01	#topic-social-life	20	999	49280001.0	2922	1	1	0	2918	none	topic_default
0673.00.03	#topic-social-life	20	999	6730003.0	2789	3	2	1	2919	none	topic_default
2720.00.02	#topic-social-life	20	999	27200002.0	2856	2	2	1	2920	none	topic_default
2955.00.02	#topic-social-life	20	999	29550002.0	2866	2	2	1	2921	none	topic_default
3443.00.02	#topic-social-life	20	999	34430002.0	2879	2	2	1	2922	none	topic_default
0508.00.01	#topic-social-problems	21	999	5080001.0	2923	1	1	0	2923	none	topic_default
0550.00.01	#topic-social-problems	21	999	5500001.0	2924	1	1	0	2924	none	topic_default
0898.00.01	#topic-social-problems	21	999	8980001.0	2925	1	1	0	2925	none	topic_default
1065.00.02	#topic-social-problems	21	999	10650002.0	2926	2	1	0	2926	none	topic_default
1346.00.02	#topic-social-problems	21	999	13460002.0	2927	2	1	0	2927	none	topic_default
1886.00.02	#topic-social-problems	21	999	18860002.0	2928	2	1	0	2928	none	topic_default
1963.00.01	#topic-social-problems	21	999	19630001.0	2929	2	2	0	2929	none	topic_default
2046.00.01	#topic-social-problems	21	999	20460001.0	2931	1	1	0	2930	none	topic_default
2066.00.01	#topic-social-problems	21	999	20660001.0	2932	1	1	0	2931	none	topic_default
2105.00.01	#topic-social-problems	21	999	21050001.0	2933	1	1	0	2932	none	topic_default
2320.00.01	#topic-social-problems	21	999	23200001.0	2934	1	1	0	2933	none	topic_default
2597.00.01	#topic-social-problems	21	999	25970001.0	2935	1	1	0	2934	none	topic_default
2693.00.01	#topic-social-problems	21	999	26930001.0	2936	1	1	0	2935	none	topic_default
2840.00.01	#topic-social-problems	21	999	28400001.0	2937	1	1	0	2936	none	topic_default
2864.00.01	#topic-social-problems	21	999	28640001.0	2938	2	1	0	2937	none	topic_default
2920.00.01	#topic-social-problems	21	999	29200001.0	2939	1	1	0	2938	none	topic_default
2953.00.01	#topic-social-problems	21	999	29530001.0	2940	1	1	0	2939	none	topic_default
2999.00.01	#topic-social-problems	21	999	29990001.0	2941	1	1	0	2940	none	topic_default
3047.00.01	#topic-social-problems	21	999	30470001.0	2942	1	1	0	2941	none	topic_default
3056.00.01	#topic-social-problems	21	999	30560001.0	2943	1	1	0	2942	none	topic_default
3221.00.01	#topic-social-problems	21	999	32210001.0	2944	1	1	0	2943	none	topic_default
3227.00.01	#topic-social-problems	21	999	32270001.0	2945	1	1	0	2944	none	topic_default
3536.00.01	#topic-social-problems	21	999	35360001.0	2946	1	1	0	2945	none	topic_default
3591.00.01	#topic-social-problems	21	999	35910001.0	2947	1	1	0	2946	none	topic_default
3688.00.01	#topic-social-problems	21	999	36880001.0	2948	1	1	0	2947	none	topic_default
3778.00.01	#topic-social-problems	21	999	37780001.0	2949	1	1	0	2948	none	topic_default
3830.00.01	#topic-social-problems	21	999	38300001.0	2950	1	1	0	2949	none	topic_default
3900.00.01	#topic-social-problems	21	999	39000001.0	2951	1	1	0	2950	none	topic_default
4149.00.01	#topic-social-problems	21	999	41490001.0	2952	2	1	0	2951	none	topic_default
4302.00.01	#topic-social-problems	21	999	43020001.0	2953	1	1	0	2952	none	topic_default
4356.00.01	#topic-social-problems	21	999	43560001.0	2954	1	1	0	2953	none	topic_default
4412.00.01	#topic-social-problems	21	999	44120001.0	2955	1	1	0	2954	none	topic_default
4662.00.01	#topic-social-problems	21	999	46620001.0	2956	1	1	0	2955	none	topic_default
4673.00.02	#topic-social-problems	21	999	46730002.0	2957	2	1	0	2956	none	topic_default
4700.00.01	#topic-social-problems	21	999	47000001.0	2958	1	1	0	2957	none	topic_default
4968.00.01	#topic-social-problems	21	999	49680001.0	2959	1	1	0	2958	none	topic_default
4977.00.01	#topic-social-problems	21	999	49770001.0	2960	1	1	0	2959	none	topic_default
1963.00.02	#topic-social-problems	21	999	19630002.0	2930	2	2	1	2960	none	topic_default
0033.00.01	#topic-speech-language	22	999	330001.0	2961	1	1	0	2961	none	topic_default
0094.00.01	#topic-speech-language	22	999	940001.0	2962	1	1	0	2962	none	topic_default
0116.00.01	#topic-speech-language	22	999	1160001.0	2963	1	1	0	2963	none	topic_default
0124.00.01	#topic-speech-language	22	999	1240001.0	2964	1	1	0	2964	none	topic_default
0164.00.01	#topic-speech-language	22	999	1640001.0	2965	3	2	0	2965	none	topic_default
0194.00.01	#topic-speech-language	22	999	1940001.0	2967	1	1	0	2966	none	topic_default
0199.00.01	#topic-speech-language	22	999	1990001.0	2968	2	1	0	2967	none	topic_default
0201.00.01	#topic-speech-language	22	999	2010001.0	2969	1	1	0	2968	none	topic_default
0206.00.01	#topic-speech-language	22	999	2060001.0	2970	1	1	0	2969	none	topic_default
0233.00.01	#topic-speech-language	22	999	2330001.0	2971	1	1	0	2970	none	topic_default
0256.00.02	#topic-speech-language	22	999	2560002.0	2972	3	1	0	2971	none	topic_default
0275.00.01	#topic-speech-language	22	999	2750001.0	2973	1	1	0	2972	none	topic_default
0277.00.02	#topic-speech-language	22	999	2770002.0	2974	3	1	0	2973	none	topic_default
0311.00.01	#topic-speech-language	22	999	3110001.0	2975	1	1	0	2974	none	topic_default
0350.00.01	#topic-speech-language	22	999	3500001.0	2976	1	1	0	2975	none	topic_default
0362.00.01	#topic-speech-language	22	999	3620001.0	2977	1	1	0	2976	none	topic_default
0414.00.01	#topic-speech-language	22	999	4140001.0	2978	1	1	0	2977	none	topic_default
0418.00.01	#topic-speech-language	22	999	4180001.0	2979	1	1	0	2978	none	topic_default
0468.00.01	#topic-speech-language	22	999	4680001.0	2980	1	1	0	2979	none	topic_default
0478.00.01	#topic-speech-language	22	999	4780001.0	2981	2	1	0	2980	none	topic_default
0495.00.01	#topic-speech-language	22	999	4950001.0	2982	2	1	0	2981	none	topic_default
0500.00.01	#topic-speech-language	22	999	5000001.0	2983	1	1	0	2982	none	topic_default
0509.00.01	#topic-speech-language	22	999	5090001.0	2984	1	1	0	2983	none	topic_default
0516.00.01	#topic-speech-language	22	999	5160001.0	2985	2	1	0	2984	none	topic_default
0519.00.01	#topic-speech-language	22	999	5190001.0	2986	1	1	0	2985	none	topic_default
0566.00.01	#topic-speech-language	22	999	5660001.0	2987	1	1	0	2986	none	topic_default
0579.00.01	#topic-speech-language	22	999	5790001.0	2988	1	1	0	2987	none	topic_default
0661.00.01	#topic-speech-language	22	999	6610001.0	2989	3	2	0	2988	none	topic_default
0663.00.01	#topic-speech-language	22	999	6630001.0	2991	1	1	0	2989	none	topic_default
0691.00.01	#topic-speech-language	22	999	6910001.0	2992	2	1	0	2990	none	topic_default
0714.00.01	#topic-speech-language	22	999	7140001.0	2993	1	1	0	2991	none	topic_default
0716.00.01	#topic-speech-language	22	999	7160001.0	2994	1	1	0	2992	none	topic_default
0737.00.01	#topic-speech-language	22	999	7370001.0	2995	1	1	0	2993	none	topic_default
0740.00.01	#topic-speech-language	22	999	7400001.0	2996	1	1	0	2994	none	topic_default
0759.00.01	#topic-speech-language	22	999	7590001.0	2997	1	1	0	2995	none	topic_default
0761.00.01	#topic-speech-language	22	999	7610001.0	2998	1	1	0	2996	none	topic_default
0763.00.01	#topic-speech-language	22	999	7630001.0	2999	1	1	0	2997	none	topic_default
0776.00.01	#topic-speech-language	22	999	7760001.0	3000	1	1	0	2998	none	topic_default
0793.00.01	#topic-speech-language	22	999	7930001.0	3001	1	1	0	2999	none	topic_default
0831.00.01	#topic-speech-language	22	999	8310001.0	3002	1	1	0	3000	none	topic_default
0896.00.01	#topic-speech-language	22	999	8960001.0	3003	1	1	0	3001	none	topic_default
0904.00.01	#topic-speech-language	22	999	9040001.0	3004	1	1	0	3002	none	topic_default
1035.00.01	#topic-speech-language	22	999	10350001.0	3005	1	1	0	3003	none	topic_default
1086.00.01	#topic-speech-language	22	999	10860001.0	3006	1	1	0	3004	none	topic_default
1141.00.01	#topic-speech-language	22	999	11410001.0	3007	1	1	0	3005	none	topic_default
1142.00.01	#topic-speech-language	22	999	11420001.0	3008	1	1	0	3006	none	topic_default
1161.00.01	#topic-speech-language	22	999	11610001.0	3009	1	1	0	3007	none	topic_default
1203.00.01	#topic-speech-language	22	999	12030001.0	3010	1	1	0	3008	none	topic_default
1204.00.01	#topic-speech-language	22	999	12040001.0	3011	1	1	0	3009	none	topic_default
1207.00.01	#topic-speech-language	22	999	12070001.0	3012	1	1	0	3010	none	topic_default
1210.00.01	#topic-speech-language	22	999	12100001.0	3013	1	1	0	3011	none	topic_default
1231.00.01	#topic-speech-language	22	999	12310001.0	3014	1	1	0	3012	none	topic_default
1301.00.01	#topic-speech-language	22	999	13010001.0	3015	1	1	0	3013	none	topic_default
1328.00.01	#topic-speech-language	22	999	13280001.0	3016	1	1	0	3014	none	topic_default
1344.00.01	#topic-speech-language	22	999	13440001.0	3017	1	1	0	3015	none	topic_default
1379.00.01	#topic-speech-language	22	999	13790001.0	3018	1	1	0	3016	none	topic_default
1381.00.01	#topic-speech-language	22	999	13810001.0	3019	1	1	0	3017	none	topic_default
1400.00.01	#topic-speech-language	22	999	14000001.0	3020	1	1	0	3018	none	topic_default
1407.00.01	#topic-speech-language	22	999	14070001.0	3021	1	1	0	3019	none	topic_default
1408.00.01	#topic-speech-language	22	999	14080001.0	3022	1	1	0	3020	none	topic_default
1435.00.01	#topic-speech-language	22	999	14350001.0	3023	1	1	0	3021	none	topic_default
1469.00.01	#topic-speech-language	22	999	14690001.0	3024	1	1	0	3022	none	topic_default
1471.00.02	#topic-speech-language	22	999	14710002.0	3025	2	1	0	3023	none	topic_default
1487.00.01	#topic-speech-language	22	999	14870001.0	3026	1	1	0	3024	none	topic_default
1509.00.01	#topic-speech-language	22	999	15090001.0	3027	1	1	0	3025	none	topic_default
1543.00.01	#topic-speech-language	22	999	15430001.0	3028	1	1	0	3026	none	topic_default
1554.00.01	#topic-speech-language	22	999	15540001.0	3029	1	1	0	3027	none	topic_default
1601.00.01	#topic-speech-language	22	999	16010001.0	3030	1	1	0	3028	none	topic_default
1614.00.01	#topic-speech-language	22	999	16140001.0	3031	1	1	0	3029	none	topic_default
1637.00.01	#topic-speech-language	22	999	16370001.0	3032	2	1	0	3030	none	topic_default
1645.00.01	#topic-speech-language	22	999	16450001.0	3033	1	1	0	3031	none	topic_default
1662.00.01	#topic-speech-language	22	999	16620001.0	3034	1	1	0	3032	none	topic_default
1707.00.01	#topic-speech-language	22	999	17070001.0	3035	1	1	0	3033	none	topic_default
1814.00.01	#topic-speech-language	22	999	18140001.0	3036	1	1	0	3034	none	topic_default
1818.00.01	#topic-speech-language	22	999	18180001.0	3037	1	1	0	3035	none	topic_default
1824.00.01	#topic-speech-language	22	999	18240001.0	3038	1	1	0	3036	none	topic_default
1825.00.01	#topic-speech-language	22	999	18250001.0	3039	1	1	0	3037	none	topic_default
1871.00.02	#topic-speech-language	22	999	18710002.0	3040	2	1	0	3038	none	topic_default
1960.00.01	#topic-speech-language	22	999	19600001.0	3041	1	1	0	3039	none	topic_default
1969.00.01	#topic-speech-language	22	999	19690001.0	3042	1	1	0	3040	none	topic_default
1980.00.01	#topic-speech-language	22	999	19800001.0	3043	1	1	0	3041	none	topic_default
2005.00.01	#topic-speech-language	22	999	20050001.0	3044	1	1	0	3042	none	topic_default
2045.00.01	#topic-speech-language	22	999	20450001.0	3045	1	1	0	3043	none	topic_default
2070.00.01	#topic-speech-language	22	999	20700001.0	3046	1	1	0	3044	none	topic_default
2182.00.01	#topic-speech-language	22	999	21820001.0	3047	1	1	0	3045	none	topic_default
2230.00.01	#topic-speech-language	22	999	22300001.0	3048	1	1	0	3046	none	topic_default
2245.00.01	#topic-speech-language	22	999	22450001.0	3049	2	2	0	3047	none	topic_default
2250.00.01	#topic-speech-language	22	999	22500001.0	3051	1	1	0	3048	none	topic_default
2314.00.01	#topic-speech-language	22	999	23140001.0	3052	1	1	0	3049	none	topic_default
2388.00.01	#topic-speech-language	22	999	23880001.0	3053	1	1	0	3050	none	topic_default
2391.00.01	#topic-speech-language	22	999	23910001.0	3054	1	1	0	3051	none	topic_default
2393.00.01	#topic-speech-language	22	999	23930001.0	3055	1	1	0	3052	none	topic_default
2429.00.02	#topic-speech-language	22	999	24290002.0	3056	2	1	0	3053	none	topic_default
2449.00.01	#topic-speech-language	22	999	24490001.0	3057	1	1	0	3054	none	topic_default
2453.00.01	#topic-speech-language	22	999	24530001.0	3058	1	1	0	3055	none	topic_default
2483.00.01	#topic-speech-language	22	999	24830001.0	3059	1	1	0	3056	none	topic_default
2504.00.01	#topic-speech-language	22	999	25040001.0	3060	2	1	0	3057	none	topic_default
2595.00.01	#topic-speech-language	22	999	25950001.0	3061	1	1	0	3058	none	topic_default
2659.00.01	#topic-speech-language	22	999	26590001.0	3062	1	1	0	3059	none	topic_default
2664.00.01	#topic-speech-language	22	999	26640001.0	3063	1	1	0	3060	none	topic_default
2708.00.01	#topic-speech-language	22	999	27080001.0	3064	1	1	0	3061	none	topic_default
2755.00.01	#topic-speech-language	22	999	27550001.0	3065	1	1	0	3062	none	topic_default
2769.00.01	#topic-speech-language	22	999	27690001.0	3066	1	1	0	3063	none	topic_default
2772.00.01	#topic-speech-language	22	999	27720001.0	3067	2	2	0	3064	none	topic_default
2775.00.01	#topic-speech-language	22	999	27750001.0	3069	1	1	0	3065	none	topic_default
2801.00.01	#topic-speech-language	22	999	28010001.0	3070	1	1	0	3066	none	topic_default
2813.00.01	#topic-speech-language	22	999	28130001.0	3071	1	1	0	3067	none	topic_default
2884.00.01	#topic-speech-language	22	999	28840001.0	3072	1	1	0	3068	none	topic_default
2904.00.01	#topic-speech-language	22	999	29040001.0	3073	1	1	0	3069	none	topic_default
2926.00.01	#topic-speech-language	22	999	29260001.0	3074	1	1	0	3070	none	topic_default
2952.00.01	#topic-speech-language	22	999	29520001.0	3075	1	1	0	3071	none	topic_default
3025.00.01	#topic-speech-language	22	999	30250001.0	3076	1	1	0	3072	none	topic_default
3086.00.01	#topic-speech-language	22	999	30860001.0	3077	1	1	0	3073	none	topic_default
3092.00.01	#topic-speech-language	22	999	30920001.0	3078	1	1	0	3074	none	topic_default
3156.00.01	#topic-speech-language	22	999	31560001.0	3079	1	1	0	3075	none	topic_default
3185.00.02	#topic-speech-language	22	999	31850002.0	3080	2	1	0	3076	none	topic_default
3207.00.01	#topic-speech-language	22	999	32070001.0	3081	1	1	0	3077	none	topic_default
3220.00.01	#topic-speech-language	22	999	32200001.0	3082	1	1	0	3078	none	topic_default
3234.00.01	#topic-speech-language	22	999	32340001.0	3083	3	1	0	3079	none	topic_default
3263.00.01	#topic-speech-language	22	999	32630001.0	3084	1	1	0	3080	none	topic_default
3296.00.02	#topic-speech-language	22	999	32960002.0	3085	2	1	0	3081	none	topic_default
3360.00.01	#topic-speech-language	22	999	33600001.0	3086	1	1	0	3082	none	topic_default
3426.00.01	#topic-speech-language	22	999	34260001.0	3087	1	1	0	3083	none	topic_default
3464.00.01	#topic-speech-language	22	999	34640001.0	3088	1	1	0	3084	none	topic_default
3466.00.01	#topic-speech-language	22	999	34660001.0	3089	1	1	0	3085	none	topic_default
3487.00.01	#topic-speech-language	22	999	34870001.0	3090	1	1	0	3086	none	topic_default
3556.00.02	#topic-speech-language	22	999	35560002.0	3091	2	1	0	3087	none	topic_default
3583.00.01	#topic-speech-language	22	999	35830001.0	3092	1	1	0	3088	none	topic_default
3589.00.01	#topic-speech-language	22	999	35890001.0	3093	1	1	0	3089	none	topic_default
3604.00.01	#topic-speech-language	22	999	36040001.0	3094	1	1	0	3090	none	topic_default
3628.00.02	#topic-speech-language	22	999	36280002.0	3095	2	1	0	3091	none	topic_default
3670.00.01	#topic-speech-language	22	999	36700001.0	3096	1	1	0	3092	none	topic_default
3745.00.01	#topic-speech-language	22	999	37450001.0	3097	1	1	0	3093	none	topic_default
3772.00.01	#topic-speech-language	22	999	37720001.0	3098	1	1	0	3094	none	topic_default
3814.00.01	#topic-speech-language	22	999	38140001.0	3099	1	1	0	3095	none	topic_default
3849.00.01	#topic-speech-language	22	999	38490001.0	3100	1	1	0	3096	none	topic_default
3952.00.01	#topic-speech-language	22	999	39520001.0	3101	1	1	0	3097	none	topic_default
3954.00.01	#topic-speech-language	22	999	39540001.0	3102	1	1	0	3098	none	topic_default
3961.00.01	#topic-speech-language	22	999	39610001.0	3103	1	1	0	3099	none	topic_default
3965.00.01	#topic-speech-language	22	999	39650001.0	3104	1	1	0	3100	none	topic_default
3999.00.01	#topic-speech-language	22	999	39990001.0	3105	1	1	0	3101	none	topic_default
4011.00.01	#topic-speech-language	22	999	40110001.0	3106	1	1	0	3102	none	topic_default
4140.00.01	#topic-speech-language	22	999	41400001.0	3107	1	1	0	3103	none	topic_default
4254.00.01	#topic-speech-language	22	999	42540001.0	3108	1	1	0	3104	none	topic_default
4265.00.02	#topic-speech-language	22	999	42650002.0	3109	2	1	0	3105	none	topic_default
4309.00.01	#topic-speech-language	22	999	43090001.0	3110	1	1	0	3106	none	topic_default
4321.00.01	#topic-speech-language	22	999	43210001.0	3111	1	1	0	3107	none	topic_default
4409.00.01	#topic-speech-language	22	999	44090001.0	3112	1	1	0	3108	none	topic_default
4436.00.01	#topic-speech-language	22	999	44360001.0	3113	3	3	0	3109	none	topic_default
4496.00.01	#topic-speech-language	22	999	44960001.0	3116	1	1	0	3110	none	topic_default
4548.00.02	#topic-speech-language	22	999	45480002.0	3117	2	1	0	3111	none	topic_default
4617.00.01	#topic-speech-language	22	999	46170001.0	3118	1	1	0	3112	none	topic_default
4627.00.01	#topic-speech-language	22	999	46270001.0	3119	1	1	0	3113	none	topic_default
4628.00.01	#topic-speech-language	22	999	46280001.0	3120	1	1	0	3114	none	topic_default
4684.00.01	#topic-speech-language	22	999	46840001.0	3121	1	1	0	3115	none	topic_default
4787.00.01	#topic-speech-language	22	999	47870001.0	3122	1	1	0	3116	none	topic_default
4902.00.01	#topic-speech-language	22	999	49020001.0	3123	1	1	0	3117	none	topic_default
4941.00.02	#topic-speech-language	22	999	49410002.0	3124	2	1	0	3118	none	topic_default
0164.00.03	#topic-speech-language	22	999	1640003.0	2966	3	2	1	3119	none	topic_default
0661.00.02	#topic-speech-language	22	999	6610002.0	2990	3	2	1	3120	none	topic_default
2245.00.02	#topic-speech-language	22	999	22450002.0	3050	2	2	1	3121	none	topic_default
2772.00.02	#topic-speech-language	22	999	27720002.0	3068	2	2	1	3122	none	topic_default
4436.00.02	#topic-speech-language	22	999	44360002.0	3114	3	3	1	3123	none	topic_default
4436.00.03	#topic-speech-language	22	999	44360003.0	3115	3	3	2	3124	none	topic_default
0058.00.01	#topic-opinion-belief	23	999	580001.0	3125	1	1	0	3125	none	topic_default
0060.00.01	#topic-opinion-belief	23	999	600001.0	3126	1	1	0	3126	none	topic_default
0118.00.01	#topic-opinion-belief	23	999	1180001.0	3127	1	1	0	3127	none	topic_default
0121.00.01	#topic-opinion-belief	23	999	1210001.0	3128	1	1	0	3128	none	topic_default
0123.00.01	#topic-opinion-belief	23	999	1230001.0	3129	1	1	0	3129	none	topic_default
0136.00.01	#topic-opinion-belief	23	999	1360001.0	3130	1	1	0	3130	none	topic_default
0163.00.01	#topic-opinion-belief	23	999	1630001.0	3131	1	1	0	3131	none	topic_default
0166.00.01	#topic-opinion-belief	23	999	1660001.0	3132	2	1	0	3132	none	topic_default
0172.00.01	#topic-opinion-belief	23	999	1720001.0	3133	1	1	0	3133	none	topic_default
0175.00.01	#topic-opinion-belief	23	999	1750001.0	3134	1	1	0	3134	none	topic_default
0193.00.01	#topic-opinion-belief	23	999	1930001.0	3135	2	2	0	3135	none	topic_default
0215.00.02	#topic-opinion-belief	23	999	2150002.0	3137	2	1	0	3136	none	topic_default
0236.00.01	#topic-opinion-belief	23	999	2360001.0	3138	1	1	0	3137	none	topic_default
0246.00.01	#topic-opinion-belief	23	999	2460001.0	3139	1	1	0	3138	none	topic_default
0254.00.02	#topic-opinion-belief	23	999	2540002.0	3140	3	2	0	3139	none	topic_default
0273.00.01	#topic-opinion-belief	23	999	2730001.0	3142	1	1	0	3140	none	topic_default
0290.00.01	#topic-opinion-belief	23	999	2900001.0	3143	1	1	0	3141	none	topic_default
0292.00.01	#topic-opinion-belief	23	999	2920001.0	3144	1	1	0	3142	none	topic_default
0300.00.01	#topic-opinion-belief	23	999	3000001.0	3145	1	1	0	3143	none	topic_default
0305.00.01	#topic-opinion-belief	23	999	3050001.0	3146	1	1	0	3144	none	topic_default
0308.00.01	#topic-opinion-belief	23	999	3080001.0	3147	1	1	0	3145	none	topic_default
0333.00.01	#topic-opinion-belief	23	999	3330001.0	3148	1	1	0	3146	none	topic_default
0340.00.01	#topic-opinion-belief	23	999	3400001.0	3149	2	2	0	3147	none	topic_default
0346.00.01	#topic-opinion-belief	23	999	3460001.0	3151	3	2	0	3148	none	topic_default
0349.00.01	#topic-opinion-belief	23	999	3490001.0	3153	1	1	0	3149	none	topic_default
0356.00.01	#topic-opinion-belief	23	999	3560001.0	3154	1	1	0	3150	none	topic_default
0372.00.01	#topic-opinion-belief	23	999	3720001.0	3155	1	1	0	3151	none	topic_default
0388.00.01	#topic-opinion-belief	23	999	3880001.0	3156	2	1	0	3152	none	topic_default
0393.00.01	#topic-opinion-belief	23	999	3930001.0	3157	1	1	0	3153	none	topic_default
0412.00.01	#topic-opinion-belief	23	999	4120001.0	3158	1	1	0	3154	none	topic_default
0413.00.01	#topic-opinion-belief	23	999	4130001.0	3159	1	1	0	3155	none	topic_default
0415.00.01	#topic-opinion-belief	23	999	4150001.0	3160	1	1	0	3156	none	topic_default
0444.00.01	#topic-opinion-belief	23	999	4440001.0	3161	1	1	0	3157	none	topic_default
0446.00.01	#topic-opinion-belief	23	999	4460001.0	3162	1	1	0	3158	none	topic_default
0454.00.01	#topic-opinion-belief	23	999	4540001.0	3163	1	1	0	3159	none	topic_default
0482.00.01	#topic-opinion-belief	23	999	4820001.0	3164	1	1	0	3160	none	topic_default
0504.00.01	#topic-opinion-belief	23	999	5040001.0	3165	1	1	0	3161	none	topic_default
0506.00.01	#topic-opinion-belief	23	999	5060001.0	3166	1	1	0	3162	none	topic_default
0524.00.01	#topic-opinion-belief	23	999	5240001.0	3167	1	1	0	3163	none	topic_default
0555.00.01	#topic-opinion-belief	23	999	5550001.0	3168	1	1	0	3164	none	topic_default
0567.00.01	#topic-opinion-belief	23	999	5670001.0	3169	1	1	0	3165	none	topic_default
0597.00.01	#topic-opinion-belief	23	999	5970001.0	3170	1	1	0	3166	none	topic_default
0607.00.01	#topic-opinion-belief	23	999	6070001.0	3171	1	1	0	3167	none	topic_default
0616.00.01	#topic-opinion-belief	23	999	6160001.0	3172	1	1	0	3168	none	topic_default
0620.00.01	#topic-opinion-belief	23	999	6200001.0	3173	1	1	0	3169	none	topic_default
0665.00.01	#topic-opinion-belief	23	999	6650001.0	3174	1	1	0	3170	none	topic_default
0667.00.01	#topic-opinion-belief	23	999	6670001.0	3175	1	1	0	3171	none	topic_default
0680.00.01	#topic-opinion-belief	23	999	6800001.0	3176	2	2	0	3172	none	topic_default
0685.00.01	#topic-opinion-belief	23	999	6850001.0	3178	1	1	0	3173	none	topic_default
0698.00.01	#topic-opinion-belief	23	999	6980001.0	3179	1	1	0	3174	none	topic_default
0717.00.01	#topic-opinion-belief	23	999	7170001.0	3180	1	1	0	3175	none	topic_default
0749.00.01	#topic-opinion-belief	23	999	7490001.0	3181	1	1	0	3176	none	topic_default
0758.00.01	#topic-opinion-belief	23	999	7580001.0	3182	1	1	0	3177	none	topic_default
0765.00.01	#topic-opinion-belief	23	999	7650001.0	3183	1	1	0	3178	none	topic_default
0768.00.01	#topic-opinion-belief	23	999	7680001.0	3184	1	1	0	3179	none	topic_default
0783.00.01	#topic-opinion-belief	23	999	7830001.0	3185	1	1	0	3180	none	topic_default
0791.00.01	#topic-opinion-belief	23	999	7910001.0	3186	1	1	0	3181	none	topic_default
0805.00.01	#topic-opinion-belief	23	999	8050001.0	3187	1	1	0	3182	none	topic_default
0839.00.01	#topic-opinion-belief	23	999	8390001.0	3188	3	1	0	3183	none	topic_default
0849.00.01	#topic-opinion-belief	23	999	8490001.0	3189	1	1	0	3184	none	topic_default
0868.00.01	#topic-opinion-belief	23	999	8680001.0	3190	1	1	0	3185	none	topic_default
0870.00.01	#topic-opinion-belief	23	999	8700001.0	3191	2	1	0	3186	none	topic_default
0873.00.01	#topic-opinion-belief	23	999	8730001.0	3192	1	1	0	3187	none	topic_default
0876.00.01	#topic-opinion-belief	23	999	8760001.0	3193	1	1	0	3188	none	topic_default
0891.00.01	#topic-opinion-belief	23	999	8910001.0	3194	2	1	0	3189	none	topic_default
0966.00.02	#topic-opinion-belief	23	999	9660002.0	3195	2	1	0	3190	none	topic_default
0993.00.01	#topic-opinion-belief	23	999	9930001.0	3196	1	1	0	3191	none	topic_default
1037.00.01	#topic-opinion-belief	23	999	10370001.0	3197	1	1	0	3192	none	topic_default
1042.00.01	#topic-opinion-belief	23	999	10420001.0	3198	1	1	0	3193	none	topic_default
1050.00.01	#topic-opinion-belief	23	999	10500001.0	3199	1	1	0	3194	none	topic_default
1054.00.01	#topic-opinion-belief	23	999	10540001.0	3200	1	1	0	3195	none	topic_default
1097.00.01	#topic-opinion-belief	23	999	10970001.0	3201	1	1	0	3196	none	topic_default
1166.00.01	#topic-opinion-belief	23	999	11660001.0	3202	1	1	0	3197	none	topic_default
1186.00.01	#topic-opinion-belief	23	999	11860001.0	3203	1	1	0	3198	none	topic_default
1198.00.01	#topic-opinion-belief	23	999	11980001.0	3204	1	1	0	3199	none	topic_default
1220.00.01	#topic-opinion-belief	23	999	12200001.0	3205	1	1	0	3200	none	topic_default
1268.00.01	#topic-opinion-belief	23	999	12680001.0	3206	2	1	0	3201	none	topic_default
1304.00.01	#topic-opinion-belief	23	999	13040001.0	3207	1	1	0	3202	none	topic_default
1327.00.01	#topic-opinion-belief	23	999	13270001.0	3208	1	1	0	3203	none	topic_default
1364.00.01	#topic-opinion-belief	23	999	13640001.0	3209	2	1	0	3204	none	topic_default
1378.00.01	#topic-opinion-belief	23	999	13780001.0	3210	1	1	0	3205	none	topic_default
1384.00.01	#topic-opinion-belief	23	999	13840001.0	3211	1	1	0	3206	none	topic_default
1414.00.01	#topic-opinion-belief	23	999	14140001.0	3212	1	1	0	3207	none	topic_default
1468.00.01	#topic-opinion-belief	23	999	14680001.0	3213	1	1	0	3208	none	topic_default
1515.00.01	#topic-opinion-belief	23	999	15150001.0	3214	1	1	0	3209	none	topic_default
1526.00.01	#topic-opinion-belief	23	999	15260001.0	3215	1	1	0	3210	none	topic_default
1532.00.01	#topic-opinion-belief	23	999	15320001.0	3216	1	1	0	3211	none	topic_default
1549.00.01	#topic-opinion-belief	23	999	15490001.0	3217	1	1	0	3212	none	topic_default
1553.00.01	#topic-opinion-belief	23	999	15530001.0	3218	1	1	0	3213	none	topic_default
1567.00.01	#topic-opinion-belief	23	999	15670001.0	3219	2	1	0	3214	none	topic_default
1581.00.01	#topic-opinion-belief	23	999	15810001.0	3220	1	1	0	3215	none	topic_default
1593.00.01	#topic-opinion-belief	23	999	15930001.0	3221	1	1	0	3216	none	topic_default
1594.00.01	#topic-opinion-belief	23	999	15940001.0	3222	1	1	0	3217	none	topic_default
1615.00.01	#topic-opinion-belief	23	999	16150001.0	3223	1	1	0	3218	none	topic_default
1660.00.01	#topic-opinion-belief	23	999	16600001.0	3224	1	1	0	3219	none	topic_default
1732.00.01	#topic-opinion-belief	23	999	17320001.0	3225	1	1	0	3220	none	topic_default
1746.00.01	#topic-opinion-belief	23	999	17460001.0	3226	1	1	0	3221	none	topic_default
1760.00.01	#topic-opinion-belief	23	999	17600001.0	3227	1	1	0	3222	none	topic_default
1800.00.01	#topic-opinion-belief	23	999	18000001.0	3228	1	1	0	3223	none	topic_default
1828.00.01	#topic-opinion-belief	23	999	18280001.0	3229	1	1	0	3224	none	topic_default
1846.00.01	#topic-opinion-belief	23	999	18460001.0	3230	2	1	0	3225	none	topic_default
1853.00.01	#topic-opinion-belief	23	999	18530001.0	3231	1	1	0	3226	none	topic_default
1855.00.02	#topic-opinion-belief	23	999	18550002.0	3232	2	1	0	3227	none	topic_default
1863.00.01	#topic-opinion-belief	23	999	18630001.0	3233	2	1	0	3228	none	topic_default
1871.00.01	#topic-opinion-belief	23	999	18710001.0	3234	2	1	0	3229	none	topic_default
1877.00.01	#topic-opinion-belief	23	999	18770001.0	3235	1	1	0	3230	none	topic_default
1906.00.01	#topic-opinion-belief	23	999	19060001.0	3236	1	1	0	3231	none	topic_default
1926.00.01	#topic-opinion-belief	23	999	19260001.0	3237	1	1	0	3232	none	topic_default
1933.00.01	#topic-opinion-belief	23	999	19330001.0	3238	1	1	0	3233	none	topic_default
1990.00.01	#topic-opinion-belief	23	999	19900001.0	3239	1	1	0	3234	none	topic_default
1994.00.01	#topic-opinion-belief	23	999	19940001.0	3240	2	1	0	3235	none	topic_default
1998.00.01	#topic-opinion-belief	23	999	19980001.0	3241	1	1	0	3236	none	topic_default
1999.00.01	#topic-opinion-belief	23	999	19990001.0	3242	1	1	0	3237	none	topic_default
2019.00.01	#topic-opinion-belief	23	999	20190001.0	3243	1	1	0	3238	none	topic_default
2025.00.03	#topic-opinion-belief	23	999	20250003.0	3244	3	1	0	3239	none	topic_default
2071.00.01	#topic-opinion-belief	23	999	20710001.0	3245	1	1	0	3240	none	topic_default
2091.00.01	#topic-opinion-belief	23	999	20910001.0	3246	1	1	0	3241	none	topic_default
2129.00.01	#topic-opinion-belief	23	999	21290001.0	3247	1	1	0	3242	none	topic_default
2138.00.01	#topic-opinion-belief	23	999	21380001.0	3248	1	1	0	3243	none	topic_default
2140.00.01	#topic-opinion-belief	23	999	21400001.0	3249	1	1	0	3244	none	topic_default
2153.00.01	#topic-opinion-belief	23	999	21530001.0	3250	1	1	0	3245	none	topic_default
2159.00.01	#topic-opinion-belief	23	999	21590001.0	3251	1	1	0	3246	none	topic_default
2173.00.01	#topic-opinion-belief	23	999	21730001.0	3252	1	1	0	3247	none	topic_default
2176.00.01	#topic-opinion-belief	23	999	21760001.0	3253	1	1	0	3248	none	topic_default
2203.00.01	#topic-opinion-belief	23	999	22030001.0	3254	2	2	0	3249	none	topic_default
2214.00.01	#topic-opinion-belief	23	999	22140001.0	3256	1	1	0	3250	none	topic_default
2225.00.01	#topic-opinion-belief	23	999	22250001.0	3257	1	1	0	3251	none	topic_default
2249.00.01	#topic-opinion-belief	23	999	22490001.0	3258	1	1	0	3252	none	topic_default
2301.00.01	#topic-opinion-belief	23	999	23010001.0	3259	1	1	0	3253	none	topic_default
2321.00.01	#topic-opinion-belief	23	999	23210001.0	3260	1	1	0	3254	none	topic_default
2324.00.01	#topic-opinion-belief	23	999	23240001.0	3261	1	1	0	3255	none	topic_default
2325.00.01	#topic-opinion-belief	23	999	23250001.0	3262	1	1	0	3256	none	topic_default
2352.00.01	#topic-opinion-belief	23	999	23520001.0	3263	1	1	0	3257	none	topic_default
2364.00.01	#topic-opinion-belief	23	999	23640001.0	3264	3	1	0	3258	none	topic_default
2458.00.01	#topic-opinion-belief	23	999	24580001.0	3265	1	1	0	3259	none	topic_default
2469.00.01	#topic-opinion-belief	23	999	24690001.0	3266	1	1	0	3260	none	topic_default
2482.00.01	#topic-opinion-belief	23	999	24820001.0	3267	1	1	0	3261	none	topic_default
2520.00.01	#topic-opinion-belief	23	999	25200001.0	3268	1	1	0	3262	none	topic_default
2526.00.01	#topic-opinion-belief	23	999	25260001.0	3269	3	2	0	3263	none	topic_default
2557.00.01	#topic-opinion-belief	23	999	25570001.0	3271	1	1	0	3264	none	topic_default
2587.00.01	#topic-opinion-belief	23	999	25870001.0	3272	1	1	0	3265	none	topic_default
2614.00.01	#topic-opinion-belief	23	999	26140001.0	3273	1	1	0	3266	none	topic_default
2723.00.01	#topic-opinion-belief	23	999	27230001.0	3274	2	1	0	3267	none	topic_default
2750.00.01	#topic-opinion-belief	23	999	27500001.0	3275	1	1	0	3268	none	topic_default
2754.00.01	#topic-opinion-belief	23	999	27540001.0	3276	1	1	0	3269	none	topic_default
2787.00.01	#topic-opinion-belief	23	999	27870001.0	3277	1	1	0	3270	none	topic_default
2794.00.01	#topic-opinion-belief	23	999	27940001.0	3278	1	1	0	3271	none	topic_default
2803.00.01	#topic-opinion-belief	23	999	28030001.0	3279	1	1	0	3272	none	topic_default
2843.00.01	#topic-opinion-belief	23	999	28430001.0	3280	1	1	0	3273	none	topic_default
2862.00.01	#topic-opinion-belief	23	999	28620001.0	3281	1	1	0	3274	none	topic_default
2916.00.01	#topic-opinion-belief	23	999	29160001.0	3282	1	1	0	3275	none	topic_default
2928.00.01	#topic-opinion-belief	23	999	29280001.0	3283	1	1	0	3276	none	topic_default
2991.00.01	#topic-opinion-belief	23	999	29910001.0	3284	1	1	0	3277	none	topic_default
3029.00.01	#topic-opinion-belief	23	999	30290001.0	3285	2	1	0	3278	none	topic_default
3053.00.02	#topic-opinion-belief	23	999	30530002.0	3286	2	1	0	3279	none	topic_default
3070.00.01	#topic-opinion-belief	23	999	30700001.0	3287	1	1	0	3280	none	topic_default
3121.00.01	#topic-opinion-belief	23	999	31210001.0	3288	1	1	0	3281	none	topic_default
3142.00.01	#topic-opinion-belief	23	999	31420001.0	3289	1	1	0	3282	none	topic_default
3176.00.01	#topic-opinion-belief	23	999	31760001.0	3290	1	1	0	3283	none	topic_default
3184.00.01	#topic-opinion-belief	23	999	31840001.0	3291	1	1	0	3284	none	topic_default
3317.00.01	#topic-opinion-belief	23	999	33170001.0	3292	1	1	0	3285	none	topic_default
3356.00.01	#topic-opinion-belief	23	999	33560001.0	3293	1	1	0	3286	none	topic_default
3377.00.01	#topic-opinion-belief	23	999	33770001.0	3294	2	2	0	3287	none	topic_default
3389.00.02	#topic-opinion-belief	23	999	33890002.0	3296	2	1	0	3288	none	topic_default
3407.00.01	#topic-opinion-belief	23	999	34070001.0	3297	1	1	0	3289	none	topic_default
3437.00.02	#topic-opinion-belief	23	999	34370002.0	3298	3	1	0	3290	none	topic_default
3448.00.01	#topic-opinion-belief	23	999	34480001.0	3299	1	1	0	3291	none	topic_default
3460.00.01	#topic-opinion-belief	23	999	34600001.0	3300	1	1	0	3292	none	topic_default
3519.00.01	#topic-opinion-belief	23	999	35190001.0	3301	1	1	0	3293	none	topic_default
3521.00.01	#topic-opinion-belief	23	999	35210001.0	3302	1	1	0	3294	none	topic_default
3534.00.01	#topic-opinion-belief	23	999	35340001.0	3303	1	1	0	3295	none	topic_default
3579.00.01	#topic-opinion-belief	23	999	35790001.0	3304	1	1	0	3296	none	topic_default
3624.00.01	#topic-opinion-belief	23	999	36240001.0	3305	1	1	0	3297	none	topic_default
3630.00.01	#topic-opinion-belief	23	999	36300001.0	3306	2	1	0	3298	none	topic_default
3658.00.01	#topic-opinion-belief	23	999	36580001.0	3307	1	1	0	3299	none	topic_default
3692.00.02	#topic-opinion-belief	23	999	36920002.0	3308	2	1	0	3300	none	topic_default
3712.00.01	#topic-opinion-belief	23	999	37120001.0	3309	1	1	0	3301	none	topic_default
3743.00.01	#topic-opinion-belief	23	999	37430001.0	3310	1	1	0	3302	none	topic_default
3806.00.01	#topic-opinion-belief	23	999	38060001.0	3311	2	1	0	3303	none	topic_default
3828.00.01	#topic-opinion-belief	23	999	38280001.0	3312	1	1	0	3304	none	topic_default
3863.00.01	#topic-opinion-belief	23	999	38630001.0	3313	1	1	0	3305	none	topic_default
3883.00.01	#topic-opinion-belief	23	999	38830001.0	3314	1	1	0	3306	none	topic_default
3915.00.01	#topic-opinion-belief	23	999	39150001.0	3315	1	1	0	3307	none	topic_default
3919.00.01	#topic-opinion-belief	23	999	39190001.0	3316	1	1	0	3308	none	topic_default
3974.00.01	#topic-opinion-belief	23	999	39740001.0	3317	1	1	0	3309	none	topic_default
3987.00.01	#topic-opinion-belief	23	999	39870001.0	3318	1	1	0	3310	none	topic_default
4006.00.01	#topic-opinion-belief	23	999	40060001.0	3319	1	1	0	3311	none	topic_default
4036.00.01	#topic-opinion-belief	23	999	40360001.0	3320	1	1	0	3312	none	topic_default
4058.00.01	#topic-opinion-belief	23	999	40580001.0	3321	1	1	0	3313	none	topic_default
4092.00.01	#topic-opinion-belief	23	999	40920001.0	3322	1	1	0	3314	none	topic_default
4112.00.01	#topic-opinion-belief	23	999	41120001.0	3323	1	1	0	3315	none	topic_default
4118.00.01	#topic-opinion-belief	23	999	41180001.0	3324	1	1	0	3316	none	topic_default
4126.00.01	#topic-opinion-belief	23	999	41260001.0	3325	1	1	0	3317	none	topic_default
4130.00.03	#topic-opinion-belief	23	999	41300003.0	3326	3	1	0	3318	none	topic_default
4214.00.01	#topic-opinion-belief	23	999	42140001.0	3327	1	1	0	3319	none	topic_default
4233.00.01	#topic-opinion-belief	23	999	42330001.0	3328	1	1	0	3320	none	topic_default
4238.00.01	#topic-opinion-belief	23	999	42380001.0	3329	1	1	0	3321	none	topic_default
4257.00.01	#topic-opinion-belief	23	999	42570001.0	3330	1	1	0	3322	none	topic_default
4274.00.01	#topic-opinion-belief	23	999	42740001.0	3331	1	1	0	3323	none	topic_default
4293.00.01	#topic-opinion-belief	23	999	42930001.0	3332	1	1	0	3324	none	topic_default
4320.00.01	#topic-opinion-belief	23	999	43200001.0	3333	1	1	0	3325	none	topic_default
4338.00.01	#topic-opinion-belief	23	999	43380001.0	3334	1	1	0	3326	none	topic_default
4382.00.01	#topic-opinion-belief	23	999	43820001.0	3335	1	1	0	3327	none	topic_default
4422.00.01	#topic-opinion-belief	23	999	44220001.0	3336	1	1	0	3328	none	topic_default
4477.00.01	#topic-opinion-belief	23	999	44770001.0	3337	1	1	0	3329	none	topic_default
4503.00.01	#topic-opinion-belief	23	999	45030001.0	3338	1	1	0	3330	none	topic_default
4510.00.01	#topic-opinion-belief	23	999	45100001.0	3339	2	1	0	3331	none	topic_default
4513.00.01	#topic-opinion-belief	23	999	45130001.0	3340	1	1	0	3332	none	topic_default
4522.00.01	#topic-opinion-belief	23	999	45220001.0	3341	1	1	0	3333	none	topic_default
4555.00.01	#topic-opinion-belief	23	999	45550001.0	3342	1	1	0	3334	none	topic_default
4579.00.01	#topic-opinion-belief	23	999	45790001.0	3343	1	1	0	3335	none	topic_default
4587.00.01	#topic-opinion-belief	23	999	45870001.0	3344	1	1	0	3336	none	topic_default
4589.00.02	#topic-opinion-belief	23	999	45890002.0	3345	3	1	0	3337	none	topic_default
4593.00.01	#topic-opinion-belief	23	999	45930001.0	3346	1	1	0	3338	none	topic_default
4595.00.01	#topic-opinion-belief	23	999	45950001.0	3347	1	1	0	3339	none	topic_default
4629.00.01	#topic-opinion-belief	23	999	46290001.0	3348	2	1	0	3340	none	topic_default
4690.00.01	#topic-opinion-belief	23	999	46900001.0	3349	1	1	0	3341	none	topic_default
4721.00.01	#topic-opinion-belief	23	999	47210001.0	3350	1	1	0	3342	none	topic_default
4778.00.01	#topic-opinion-belief	23	999	47780001.0	3351	1	1	0	3343	none	topic_default
4797.00.01	#topic-opinion-belief	23	999	47970001.0	3352	2	1	0	3344	none	topic_default
4816.00.01	#topic-opinion-belief	23	999	48160001.0	3353	1	1	0	3345	none	topic_default
4834.00.01	#topic-opinion-belief	23	999	48340001.0	3354	1	1	0	3346	none	topic_default
4842.00.01	#topic-opinion-belief	23	999	48420001.0	3355	2	1	0	3347	none	topic_default
4853.00.01	#topic-opinion-belief	23	999	48530001.0	3356	1	1	0	3348	none	topic_default
4863.00.01	#topic-opinion-belief	23	999	48630001.0	3357	1	1	0	3349	none	topic_default
4875.00.01	#topic-opinion-belief	23	999	48750001.0	3358	1	1	0	3350	none	topic_default
4878.00.01	#topic-opinion-belief	23	999	48780001.0	3359	2	1	0	3351	none	topic_default
4895.00.01	#topic-opinion-belief	23	999	48950001.0	3360	2	1	0	3352	none	topic_default
4916.00.01	#topic-opinion-belief	23	999	49160001.0	3361	1	1	0	3353	none	topic_default
0193.00.02	#topic-opinion-belief	23	999	1930002.0	3136	2	2	1	3354	none	topic_default
0254.00.03	#topic-opinion-belief	23	999	2540003.0	3141	3	2	1	3355	none	topic_default
0340.00.02	#topic-opinion-belief	23	999	3400002.0	3150	2	2	1	3356	none	topic_default
0346.00.02	#topic-opinion-belief	23	999	3460002.0	3152	3	2	1	3357	none	topic_default
0680.00.02	#topic-opinion-belief	23	999	6800002.0	3177	2	2	1	3358	none	topic_default
2203.00.02	#topic-opinion-belief	23	999	22030002.0	3255	2	2	1	3359	none	topic_default
2526.00.02	#topic-opinion-belief	23	999	25260002.0	3270	3	2	1	3360	none	topic_default
3377.00.02	#topic-opinion-belief	23	999	33770002.0	3295	2	2	1	3361	none	topic_default
0151.00.02	#topic-learning-education	24	999	1510002.0	3362	2	1	0	3362	none	topic_default
0215.00.01	#topic-learning-education	24	999	2150001.0	3363	2	1	0	3363	none	topic_default
0235.00.01	#topic-learning-education	24	999	2350001.0	3364	1	1	0	3364	none	topic_default
0243.00.01	#topic-learning-education	24	999	2430001.0	3365	1	1	0	3365	none	topic_default
0249.00.01	#topic-learning-education	24	999	2490001.0	3366	1	1	0	3366	none	topic_default
0258.00.01	#topic-learning-education	24	999	2580001.0	3367	1	1	0	3367	none	topic_default
0288.00.01	#topic-learning-education	24	999	2880001.0	3368	1	1	0	3368	none	topic_default
0298.00.01	#topic-learning-education	24	999	2980001.0	3369	1	1	0	3369	none	topic_default
0336.00.01	#topic-learning-education	24	999	3360001.0	3370	1	1	0	3370	none	topic_default
0338.00.01	#topic-learning-education	24	999	3380001.0	3371	2	2	0	3371	none	topic_default
0365.00.01	#topic-learning-education	24	999	3650001.0	3373	1	1	0	3372	none	topic_default
0390.00.01	#topic-learning-education	24	999	3900001.0	3374	2	2	0	3373	none	topic_default
0417.00.01	#topic-learning-education	24	999	4170001.0	3376	1	1	0	3374	none	topic_default
0419.00.01	#topic-learning-education	24	999	4190001.0	3377	1	1	0	3375	none	topic_default
0441.00.01	#topic-learning-education	24	999	4410001.0	3378	3	1	0	3376	none	topic_default
0480.00.01	#topic-learning-education	24	999	4800001.0	3379	1	1	0	3377	none	topic_default
0494.00.01	#topic-learning-education	24	999	4940001.0	3380	1	1	0	3378	none	topic_default
0535.00.01	#topic-learning-education	24	999	5350001.0	3381	1	1	0	3379	none	topic_default
0541.00.01	#topic-learning-education	24	999	5410001.0	3382	1	1	0	3380	none	topic_default
0582.00.02	#topic-learning-education	24	999	5820002.0	3383	2	1	0	3381	none	topic_default
0593.00.01	#topic-learning-education	24	999	5930001.0	3384	1	1	0	3382	none	topic_default
0606.00.02	#topic-learning-education	24	999	6060002.0	3385	3	1	0	3383	none	topic_default
0613.00.01	#topic-learning-education	24	999	6130001.0	3386	1	1	0	3384	none	topic_default
0625.00.03	#topic-learning-education	24	999	6250003.0	3387	3	1	0	3385	none	topic_default
0631.00.01	#topic-learning-education	24	999	6310001.0	3388	1	1	0	3386	none	topic_default
0634.00.01	#topic-learning-education	24	999	6340001.0	3389	1	1	0	3387	none	topic_default
0635.00.02	#topic-learning-education	24	999	6350002.0	3390	2	1	0	3388	none	topic_default
0653.00.01	#topic-learning-education	24	999	6530001.0	3391	1	1	0	3389	none	topic_default
0676.00.01	#topic-learning-education	24	999	6760001.0	3392	1	1	0	3390	none	topic_default
0695.00.01	#topic-learning-education	24	999	6950001.0	3393	1	1	0	3391	none	topic_default
0718.00.01	#topic-learning-education	24	999	7180001.0	3394	1	1	0	3392	none	topic_default
0754.00.01	#topic-learning-education	24	999	7540001.0	3395	1	1	0	3393	none	topic_default
0755.00.01	#topic-learning-education	24	999	7550001.0	3396	1	1	0	3394	none	topic_default
0757.00.01	#topic-learning-education	24	999	7570001.0	3397	1	1	0	3395	none	topic_default
0771.00.01	#topic-learning-education	24	999	7710001.0	3398	3	1	0	3396	none	topic_default
0784.00.01	#topic-learning-education	24	999	7840001.0	3399	2	2	0	3397	none	topic_default
0789.00.01	#topic-learning-education	24	999	7890001.0	3401	1	1	0	3398	none	topic_default
0804.00.01	#topic-learning-education	24	999	8040001.0	3402	1	1	0	3399	none	topic_default
0809.00.01	#topic-learning-education	24	999	8090001.0	3403	1	1	0	3400	none	topic_default
0841.00.01	#topic-learning-education	24	999	8410001.0	3404	1	1	0	3401	none	topic_default
0844.00.01	#topic-learning-education	24	999	8440001.0	3405	2	2	0	3402	none	topic_default
0855.00.01	#topic-learning-education	24	999	8550001.0	3407	1	1	0	3403	none	topic_default
0901.00.01	#topic-learning-education	24	999	9010001.0	3408	1	1	0	3404	none	topic_default
0914.00.01	#topic-learning-education	24	999	9140001.0	3409	1	1	0	3405	none	topic_default
0917.00.01	#topic-learning-education	24	999	9170001.0	3410	1	1	0	3406	none	topic_default
0925.00.01	#topic-learning-education	24	999	9250001.0	3411	2	2	0	3407	none	topic_default
0927.00.01	#topic-learning-education	24	999	9270001.0	3413	1	1	0	3408	none	topic_default
0940.00.01	#topic-learning-education	24	999	9400001.0	3414	1	1	0	3409	none	topic_default
0974.00.01	#topic-learning-education	24	999	9740001.0	3415	1	1	0	3410	none	topic_default
1022.00.01	#topic-learning-education	24	999	10220001.0	3416	1	1	0	3411	none	topic_default
1024.00.01	#topic-learning-education	24	999	10240001.0	3417	1	1	0	3412	none	topic_default
1052.00.01	#topic-learning-education	24	999	10520001.0	3418	1	1	0	3413	none	topic_default
1065.00.01	#topic-learning-education	24	999	10650001.0	3419	2	1	0	3414	none	topic_default
1068.00.01	#topic-learning-education	24	999	10680001.0	3420	1	1	0	3415	none	topic_default
1072.00.01	#topic-learning-education	24	999	10720001.0	3421	1	1	0	3416	none	topic_default
1082.00.01	#topic-learning-education	24	999	10820001.0	3422	1	1	0	3417	none	topic_default
1091.00.02	#topic-learning-education	24	999	10910002.0	3423	2	1	0	3418	none	topic_default
1103.00.01	#topic-learning-education	24	999	11030001.0	3424	2	1	0	3419	none	topic_default
1105.00.02	#topic-learning-education	24	999	11050002.0	3425	2	1	0	3420	none	topic_default
1112.00.01	#topic-learning-education	24	999	11120001.0	3426	1	1	0	3421	none	topic_default
1121.00.01	#topic-learning-education	24	999	11210001.0	3427	1	1	0	3422	none	topic_default
1163.00.01	#topic-learning-education	24	999	11630001.0	3428	1	1	0	3423	none	topic_default
1183.00.01	#topic-learning-education	24	999	11830001.0	3429	1	1	0	3424	none	topic_default
1209.00.01	#topic-learning-education	24	999	12090001.0	3430	1	1	0	3425	none	topic_default
1227.00.01	#topic-learning-education	24	999	12270001.0	3431	1	1	0	3426	none	topic_default
1283.00.01	#topic-learning-education	24	999	12830001.0	3432	1	1	0	3427	none	topic_default
1302.00.01	#topic-learning-education	24	999	13020001.0	3433	1	1	0	3428	none	topic_default
1352.00.01	#topic-learning-education	24	999	13520001.0	3434	1	1	0	3429	none	topic_default
1354.00.01	#topic-learning-education	24	999	13540001.0	3435	1	1	0	3430	none	topic_default
1355.00.01	#topic-learning-education	24	999	13550001.0	3436	1	1	0	3431	none	topic_default
1371.00.02	#topic-learning-education	24	999	13710002.0	3437	2	1	0	3432	none	topic_default
1419.00.01	#topic-learning-education	24	999	14190001.0	3438	1	1	0	3433	none	topic_default
1424.00.01	#topic-learning-education	24	999	14240001.0	3439	1	1	0	3434	none	topic_default
1437.00.01	#topic-learning-education	24	999	14370001.0	3440	1	1	0	3435	none	topic_default
1481.00.01	#topic-learning-education	24	999	14810001.0	3441	1	1	0	3436	none	topic_default
1520.00.01	#topic-learning-education	24	999	15200001.0	3442	1	1	0	3437	none	topic_default
1537.00.01	#topic-learning-education	24	999	15370001.0	3443	1	1	0	3438	none	topic_default
1596.00.01	#topic-learning-education	24	999	15960001.0	3444	1	1	0	3439	none	topic_default
1605.00.02	#topic-learning-education	24	999	16050002.0	3445	2	1	0	3440	none	topic_default
1608.00.01	#topic-learning-education	24	999	16080001.0	3446	1	1	0	3441	none	topic_default
1616.00.01	#topic-learning-education	24	999	16160001.0	3447	1	1	0	3442	none	topic_default
1622.00.01	#topic-learning-education	24	999	16220001.0	3448	1	1	0	3443	none	topic_default
1702.00.01	#topic-learning-education	24	999	17020001.0	3449	1	1	0	3444	none	topic_default
1737.00.01	#topic-learning-education	24	999	17370001.0	3450	1	1	0	3445	none	topic_default
1758.00.01	#topic-learning-education	24	999	17580001.0	3451	1	1	0	3446	none	topic_default
1780.00.01	#topic-learning-education	24	999	17800001.0	3452	1	1	0	3447	none	topic_default
1792.00.01	#topic-learning-education	24	999	17920001.0	3453	1	1	0	3448	none	topic_default
1817.00.01	#topic-learning-education	24	999	18170001.0	3454	1	1	0	3449	none	topic_default
1823.00.01	#topic-learning-education	24	999	18230001.0	3455	1	1	0	3450	none	topic_default
1839.00.01	#topic-learning-education	24	999	18390001.0	3456	1	1	0	3451	none	topic_default
1868.00.01	#topic-learning-education	24	999	18680001.0	3457	1	1	0	3452	none	topic_default
1874.00.01	#topic-learning-education	24	999	18740001.0	3458	1	1	0	3453	none	topic_default
1876.00.02	#topic-learning-education	24	999	18760002.0	3459	2	1	0	3454	none	topic_default
1883.00.01	#topic-learning-education	24	999	18830001.0	3460	1	1	0	3455	none	topic_default
1890.00.01	#topic-learning-education	24	999	18900001.0	3461	1	1	0	3456	none	topic_default
1993.00.01	#topic-learning-education	24	999	19930001.0	3462	1	1	0	3457	none	topic_default
1994.00.02	#topic-learning-education	24	999	19940002.0	3463	2	1	0	3458	none	topic_default
2000.00.01	#topic-learning-education	24	999	20000001.0	3464	1	1	0	3459	none	topic_default
2040.00.01	#topic-learning-education	24	999	20400001.0	3465	2	2	0	3460	none	topic_default
2106.00.01	#topic-learning-education	24	999	21060001.0	3467	1	1	0	3461	none	topic_default
2122.00.01	#topic-learning-education	24	999	21220001.0	3468	2	1	0	3462	none	topic_default
2132.00.01	#topic-learning-education	24	999	21320001.0	3469	2	1	0	3463	none	topic_default
2222.00.01	#topic-learning-education	24	999	22220001.0	3470	1	1	0	3464	none	topic_default
2243.00.01	#topic-learning-education	24	999	22430001.0	3471	1	1	0	3465	none	topic_default
2270.00.01	#topic-learning-education	24	999	22700001.0	3472	1	1	0	3466	none	topic_default
2289.00.01	#topic-learning-education	24	999	22890001.0	3473	1	1	0	3467	none	topic_default
2296.00.01	#topic-learning-education	24	999	22960001.0	3474	1	1	0	3468	none	topic_default
2309.00.01	#topic-learning-education	24	999	23090001.0	3475	1	1	0	3469	none	topic_default
2313.00.01	#topic-learning-education	24	999	23130001.0	3476	1	1	0	3470	none	topic_default
2359.00.01	#topic-learning-education	24	999	23590001.0	3477	1	1	0	3471	none	topic_default
2386.00.02	#topic-learning-education	24	999	23860002.0	3478	2	1	0	3472	none	topic_default
2412.00.01	#topic-learning-education	24	999	24120001.0	3479	1	1	0	3473	none	topic_default
2441.00.02	#topic-learning-education	24	999	24410002.0	3480	2	1	0	3474	none	topic_default
2492.00.01	#topic-learning-education	24	999	24920001.0	3481	1	1	0	3475	none	topic_default
2503.00.01	#topic-learning-education	24	999	25030001.0	3482	2	1	0	3476	none	topic_default
2566.00.01	#topic-learning-education	24	999	25660001.0	3483	1	1	0	3477	none	topic_default
2570.00.01	#topic-learning-education	24	999	25700001.0	3484	1	1	0	3478	none	topic_default
2616.00.01	#topic-learning-education	24	999	26160001.0	3485	1	1	0	3479	none	topic_default
2617.00.01	#topic-learning-education	24	999	26170001.0	3486	1	1	0	3480	none	topic_default
2622.00.01	#topic-learning-education	24	999	26220001.0	3487	1	1	0	3481	none	topic_default
2625.00.01	#topic-learning-education	24	999	26250001.0	3488	1	1	0	3482	none	topic_default
2790.00.01	#topic-learning-education	24	999	27900001.0	3489	1	1	0	3483	none	topic_default
2804.00.01	#topic-learning-education	24	999	28040001.0	3490	1	1	0	3484	none	topic_default
2820.00.01	#topic-learning-education	24	999	28200001.0	3491	1	1	0	3485	none	topic_default
2826.00.01	#topic-learning-education	24	999	28260001.0	3492	1	1	0	3486	none	topic_default
2855.00.01	#topic-learning-education	24	999	28550001.0	3493	1	1	0	3487	none	topic_default
2882.00.01	#topic-learning-education	24	999	28820001.0	3494	1	1	0	3488	none	topic_default
2898.00.01	#topic-learning-education	24	999	28980001.0	3495	2	2	0	3489	none	topic_default
2901.00.01	#topic-learning-education	24	999	29010001.0	3497	1	1	0	3490	none	topic_default
2905.00.01	#topic-learning-education	24	999	29050001.0	3498	1	1	0	3491	none	topic_default
2941.00.01	#topic-learning-education	24	999	29410001.0	3499	1	1	0	3492	none	topic_default
2954.00.01	#topic-learning-education	24	999	29540001.0	3500	1	1	0	3493	none	topic_default
2956.00.01	#topic-learning-education	24	999	29560001.0	3501	1	1	0	3494	none	topic_default
3074.00.01	#topic-learning-education	24	999	30740001.0	3502	1	1	0	3495	none	topic_default
3100.00.01	#topic-learning-education	24	999	31000001.0	3503	1	1	0	3496	none	topic_default
3113.00.01	#topic-learning-education	24	999	31130001.0	3504	1	1	0	3497	none	topic_default
3137.00.01	#topic-learning-education	24	999	31370001.0	3505	1	1	0	3498	none	topic_default
3180.00.01	#topic-learning-education	24	999	31800001.0	3506	1	1	0	3499	none	topic_default
3194.00.01	#topic-learning-education	24	999	31940001.0	3507	1	1	0	3500	none	topic_default
3226.00.01	#topic-learning-education	24	999	32260001.0	3508	1	1	0	3501	none	topic_default
3228.00.01	#topic-learning-education	24	999	32280001.0	3509	1	1	0	3502	none	topic_default
3230.00.01	#topic-learning-education	24	999	32300001.0	3510	1	1	0	3503	none	topic_default
3289.00.01	#topic-learning-education	24	999	32890001.0	3511	1	1	0	3504	none	topic_default
3302.00.01	#topic-learning-education	24	999	33020001.0	3512	1	1	0	3505	none	topic_default
3305.00.01	#topic-learning-education	24	999	33050001.0	3513	1	1	0	3506	none	topic_default
3355.00.03	#topic-learning-education	24	999	33550003.0	3514	3	1	0	3507	none	topic_default
3429.00.01	#topic-learning-education	24	999	34290001.0	3515	1	1	0	3508	none	topic_default
3463.00.01	#topic-learning-education	24	999	34630001.0	3516	1	1	0	3509	none	topic_default
3484.00.01	#topic-learning-education	24	999	34840001.0	3517	1	1	0	3510	none	topic_default
3530.00.01	#topic-learning-education	24	999	35300001.0	3518	1	1	0	3511	none	topic_default
3543.00.01	#topic-learning-education	24	999	35430001.0	3519	1	1	0	3512	none	topic_default
3556.00.01	#topic-learning-education	24	999	35560001.0	3520	2	1	0	3513	none	topic_default
3559.00.01	#topic-learning-education	24	999	35590001.0	3521	1	1	0	3514	none	topic_default
3570.00.01	#topic-learning-education	24	999	35700001.0	3522	1	1	0	3515	none	topic_default
3660.00.01	#topic-learning-education	24	999	36600001.0	3523	2	1	0	3516	none	topic_default
3663.00.01	#topic-learning-education	24	999	36630001.0	3524	1	1	0	3517	none	topic_default
3695.00.01	#topic-learning-education	24	999	36950001.0	3525	1	1	0	3518	none	topic_default
3711.00.01	#topic-learning-education	24	999	37110001.0	3526	3	1	0	3519	none	topic_default
3795.00.01	#topic-learning-education	24	999	37950001.0	3527	1	1	0	3520	none	topic_default
3858.00.01	#topic-learning-education	24	999	38580001.0	3528	1	1	0	3521	none	topic_default
3865.00.01	#topic-learning-education	24	999	38650001.0	3529	1	1	0	3522	none	topic_default
3891.00.01	#topic-learning-education	24	999	38910001.0	3530	1	1	0	3523	none	topic_default
3904.00.01	#topic-learning-education	24	999	39040001.0	3531	1	1	0	3524	none	topic_default
3917.00.01	#topic-learning-education	24	999	39170001.0	3532	1	1	0	3525	none	topic_default
3927.00.01	#topic-learning-education	24	999	39270001.0	3533	1	1	0	3526	none	topic_default
3938.00.01	#topic-learning-education	24	999	39380001.0	3534	1	1	0	3527	none	topic_default
3950.00.01	#topic-learning-education	24	999	39500001.0	3535	1	1	0	3528	none	topic_default
3988.00.01	#topic-learning-education	24	999	39880001.0	3536	1	1	0	3529	none	topic_default
3991.00.01	#topic-learning-education	24	999	39910001.0	3537	1	1	0	3530	none	topic_default
4007.00.01	#topic-learning-education	24	999	40070001.0	3538	1	1	0	3531	none	topic_default
4018.00.01	#topic-learning-education	24	999	40180001.0	3539	1	1	0	3532	none	topic_default
4081.00.01	#topic-learning-education	24	999	40810001.0	3540	1	1	0	3533	none	topic_default
4091.00.01	#topic-learning-education	24	999	40910001.0	3541	1	1	0	3534	none	topic_default
4169.00.01	#topic-learning-education	24	999	41690001.0	3542	1	1	0	3535	none	topic_default
4176.00.01	#topic-learning-education	24	999	41760001.0	3543	2	2	0	3536	none	topic_default
4186.00.01	#topic-learning-education	24	999	41860001.0	3545	1	1	0	3537	none	topic_default
4203.00.01	#topic-learning-education	24	999	42030001.0	3546	1	1	0	3538	none	topic_default
4240.00.01	#topic-learning-education	24	999	42400001.0	3547	1	1	0	3539	none	topic_default
4314.00.01	#topic-learning-education	24	999	43140001.0	3548	1	1	0	3540	none	topic_default
4323.00.02	#topic-learning-education	24	999	43230002.0	3549	2	1	0	3541	none	topic_default
4363.00.01	#topic-learning-education	24	999	43630001.0	3550	1	1	0	3542	none	topic_default
4427.00.01	#topic-learning-education	24	999	44270001.0	3551	1	1	0	3543	none	topic_default
4431.00.01	#topic-learning-education	24	999	44310001.0	3552	1	1	0	3544	none	topic_default
4451.00.01	#topic-learning-education	24	999	44510001.0	3553	1	1	0	3545	none	topic_default
4454.00.01	#topic-learning-education	24	999	44540001.0	3554	2	1	0	3546	none	topic_default
4480.00.01	#topic-learning-education	24	999	44800001.0	3555	1	1	0	3547	none	topic_default
4489.00.01	#topic-learning-education	24	999	44890001.0	3556	1	1	0	3548	none	topic_default
4528.00.02	#topic-learning-education	24	999	45280002.0	3557	2	1	0	3549	none	topic_default
4529.00.01	#topic-learning-education	24	999	45290001.0	3558	1	1	0	3550	none	topic_default
4533.00.01	#topic-learning-education	24	999	45330001.0	3559	2	1	0	3551	none	topic_default
4581.00.01	#topic-learning-education	24	999	45810001.0	3560	1	1	0	3552	none	topic_default
4589.00.01	#topic-learning-education	24	999	45890001.0	3561	3	1	0	3553	none	topic_default
4604.00.01	#topic-learning-education	24	999	46040001.0	3562	1	1	0	3554	none	topic_default
4639.00.01	#topic-learning-education	24	999	46390001.0	3563	1	1	0	3555	none	topic_default
4671.00.01	#topic-learning-education	24	999	46710001.0	3564	1	1	0	3556	none	topic_default
4672.00.02	#topic-learning-education	24	999	46720002.0	3565	2	1	0	3557	none	topic_default
4713.00.01	#topic-learning-education	24	999	47130001.0	3566	1	1	0	3558	none	topic_default
4725.00.01	#topic-learning-education	24	999	47250001.0	3567	1	1	0	3559	none	topic_default
4734.00.02	#topic-learning-education	24	999	47340002.0	3568	2	1	0	3560	none	topic_default
4803.00.01	#topic-learning-education	24	999	48030001.0	3569	1	1	0	3561	none	topic_default
4846.00.01	#topic-learning-education	24	999	48460001.0	3570	1	1	0	3562	none	topic_default
4907.00.01	#topic-learning-education	24	999	49070001.0	3571	1	1	0	3563	none	topic_default
4975.00.01	#topic-learning-education	24	999	49750001.0	3572	1	1	0	3564	none	topic_default
0338.00.02	#topic-learning-education	24	999	3380002.0	3372	2	2	1	3565	none	topic_default
0390.00.02	#topic-learning-education	24	999	3900002.0	3375	2	2	1	3566	none	topic_default
0784.00.02	#topic-learning-education	24	999	7840002.0	3400	2	2	1	3567	none	topic_default
0844.00.02	#topic-learning-education	24	999	8440002.0	3406	2	2	1	3568	none	topic_default
0925.00.02	#topic-learning-education	24	999	9250002.0	3412	2	2	1	3569	none	topic_default
2040.00.02	#topic-learning-education	24	999	20400002.0	3466	2	2	1	3570	none	topic_default
2898.00.02	#topic-learning-education	24	999	28980002.0	3496	2	2	1	3571	none	topic_default
4176.00.02	#topic-learning-education	24	999	41760002.0	3544	2	2	1	3572	none	topic_default
0125.00.01	#topic-science	25	999	1250001.0	3573	1	1	0	3573	none	topic_default
0441.00.02	#topic-science	25	999	4410002.0	3574	3	1	0	3574	none	topic_default
0459.00.01	#topic-science	25	999	4590001.0	3575	1	1	0	3575	none	topic_default
0526.00.01	#topic-science	25	999	5260001.0	3576	2	2	0	3576	none	topic_default
0563.00.01	#topic-science	25	999	5630001.0	3578	1	1	0	3577	none	topic_default
0669.00.01	#topic-science	25	999	6690001.0	3579	1	1	0	3578	none	topic_default
0703.00.01	#topic-science	25	999	7030001.0	3580	1	1	0	3579	none	topic_default
0724.00.01	#topic-science	25	999	7240001.0	3581	1	1	0	3580	none	topic_default
0748.00.01	#topic-science	25	999	7480001.0	3582	2	1	0	3581	none	topic_default
0813.00.01	#topic-science	25	999	8130001.0	3583	1	1	0	3582	none	topic_default
0823.00.01	#topic-science	25	999	8230001.0	3584	3	1	0	3583	none	topic_default
0853.00.02	#topic-science	25	999	8530002.0	3585	2	1	0	3584	none	topic_default
0892.00.01	#topic-science	25	999	8920001.0	3586	1	1	0	3585	none	topic_default
0895.00.01	#topic-science	25	999	8950001.0	3587	1	1	0	3586	none	topic_default
1060.00.01	#topic-science	25	999	10600001.0	3588	1	1	0	3587	none	topic_default
1067.00.01	#topic-science	25	999	10670001.0	3589	1	1	0	3588	none	topic_default
1070.00.01	#topic-science	25	999	10700001.0	3590	1	1	0	3589	none	topic_default
1081.00.01	#topic-science	25	999	10810001.0	3591	1	1	0	3590	none	topic_default
1114.00.01	#topic-science	25	999	11140001.0	3592	1	1	0	3591	none	topic_default
1162.00.03	#topic-science	25	999	11620003.0	3593	3	1	0	3592	none	topic_default
1197.00.01	#topic-science	25	999	11970001.0	3594	1	1	0	3593	none	topic_default
1213.00.01	#topic-science	25	999	12130001.0	3595	1	1	0	3594	none	topic_default
1234.00.01	#topic-science	25	999	12340001.0	3596	1	1	0	3595	none	topic_default
1311.00.01	#topic-science	25	999	13110001.0	3597	1	1	0	3596	none	topic_default
1361.00.01	#topic-science	25	999	13610001.0	3598	1	1	0	3597	none	topic_default
1643.00.01	#topic-science	25	999	16430001.0	3599	1	1	0	3598	none	topic_default
1657.00.01	#topic-science	25	999	16570001.0	3600	1	1	0	3599	none	topic_default
1663.00.01	#topic-science	25	999	16630001.0	3601	1	1	0	3600	none	topic_default
1720.00.01	#topic-science	25	999	17200001.0	3602	1	1	0	3601	none	topic_default
1730.00.01	#topic-science	25	999	17300001.0	3603	2	1	0	3602	none	topic_default
1840.00.01	#topic-science	25	999	18400001.0	3604	1	1	0	3603	none	topic_default
1876.00.01	#topic-science	25	999	18760001.0	3605	2	1	0	3604	none	topic_default
1886.00.01	#topic-science	25	999	18860001.0	3606	2	1	0	3605	none	topic_default
1897.00.02	#topic-science	25	999	18970002.0	3607	2	1	0	3606	none	topic_default
1925.00.02	#topic-science	25	999	19250002.0	3608	2	1	0	3607	none	topic_default
1989.00.01	#topic-science	25	999	19890001.0	3609	1	1	0	3608	none	topic_default
2178.00.01	#topic-science	25	999	21780001.0	3610	3	1	0	3609	none	topic_default
2267.00.01	#topic-science	25	999	22670001.0	3611	1	1	0	3610	none	topic_default
2326.00.01	#topic-science	25	999	23260001.0	3612	1	1	0	3611	none	topic_default
2398.00.01	#topic-science	25	999	23980001.0	3613	1	1	0	3612	none	topic_default
2427.00.01	#topic-science	25	999	24270001.0	3614	1	1	0	3613	none	topic_default
2465.00.01	#topic-science	25	999	24650001.0	3615	1	1	0	3614	none	topic_default
2485.00.01	#topic-science	25	999	24850001.0	3616	1	1	0	3615	none	topic_default
2510.00.01	#topic-science	25	999	25100001.0	3617	1	1	0	3616	none	topic_default
2521.00.02	#topic-science	25	999	25210002.0	3618	2	1	0	3617	none	topic_default
2568.00.01	#topic-science	25	999	25680001.0	3619	1	1	0	3618	none	topic_default
2608.00.01	#topic-science	25	999	26080001.0	3620	1	1	0	3619	none	topic_default
2618.00.01	#topic-science	25	999	26180001.0	3621	1	1	0	3620	none	topic_default
2643.00.01	#topic-science	25	999	26430001.0	3622	1	1	0	3621	none	topic_default
2669.00.01	#topic-science	25	999	26690001.0	3623	2	1	0	3622	none	topic_default
2671.00.01	#topic-science	25	999	26710001.0	3624	1	1	0	3623	none	topic_default
2709.00.01	#topic-science	25	999	27090001.0	3625	1	1	0	3624	none	topic_default
2900.00.01	#topic-science	25	999	29000001.0	3626	1	1	0	3625	none	topic_default
2972.00.01	#topic-science	25	999	29720001.0	3627	1	1	0	3626	none	topic_default
3028.00.01	#topic-science	25	999	30280001.0	3628	1	1	0	3627	none	topic_default
3108.00.01	#topic-science	25	999	31080001.0	3629	1	1	0	3628	none	topic_default
3166.00.01	#topic-science	25	999	31660001.0	3630	1	1	0	3629	none	topic_default
3178.00.01	#topic-science	25	999	31780001.0	3631	1	1	0	3630	none	topic_default
3191.00.01	#topic-science	25	999	31910001.0	3632	2	1	0	3631	none	topic_default
3237.00.01	#topic-science	25	999	32370001.0	3633	1	1	0	3632	none	topic_default
3246.00.01	#topic-science	25	999	32460001.0	3634	1	1	0	3633	none	topic_default
3320.00.01	#topic-science	25	999	33200001.0	3635	1	1	0	3634	none	topic_default
3374.00.01	#topic-science	25	999	33740001.0	3636	1	1	0	3635	none	topic_default
3416.00.01	#topic-science	25	999	34160001.0	3637	1	1	0	3636	none	topic_default
3461.00.01	#topic-science	25	999	34610001.0	3638	1	1	0	3637	none	topic_default
3499.00.01	#topic-science	25	999	34990001.0	3639	1	1	0	3638	none	topic_default
3502.00.01	#topic-science	25	999	35020001.0	3640	1	1	0	3639	none	topic_default
3525.00.01	#topic-science	25	999	35250001.0	3641	1	1	0	3640	none	topic_default
3555.00.01	#topic-science	25	999	35550001.0	3642	1	1	0	3641	none	topic_default
3571.00.01	#topic-science	25	999	35710001.0	3643	1	1	0	3642	none	topic_default
3635.00.01	#topic-science	25	999	36350001.0	3644	2	2	0	3643	none	topic_default
3685.00.01	#topic-science	25	999	36850001.0	3646	1	1	0	3644	none	topic_default
3696.00.02	#topic-science	25	999	36960002.0	3647	3	1	0	3645	none	topic_default
3719.00.01	#topic-science	25	999	37190001.0	3648	1	1	0	3646	none	topic_default
3746.00.01	#topic-science	25	999	37460001.0	3649	1	1	0	3647	none	topic_default
3817.00.01	#topic-science	25	999	38170001.0	3650	1	1	0	3648	none	topic_default
3825.00.01	#topic-science	25	999	38250001.0	3651	1	1	0	3649	none	topic_default
3843.00.01	#topic-science	25	999	38430001.0	3652	1	1	0	3650	none	topic_default
3895.00.01	#topic-science	25	999	38950001.0	3653	1	1	0	3651	none	topic_default
3942.00.01	#topic-science	25	999	39420001.0	3654	1	1	0	3652	none	topic_default
3944.00.01	#topic-science	25	999	39440001.0	3655	1	1	0	3653	none	topic_default
4002.00.01	#topic-science	25	999	40020001.0	3656	2	1	0	3654	none	topic_default
4028.00.01	#topic-science	25	999	40280001.0	3657	1	1	0	3655	none	topic_default
4062.00.01	#topic-science	25	999	40620001.0	3658	1	1	0	3656	none	topic_default
4090.00.01	#topic-science	25	999	40900001.0	3659	3	1	0	3657	none	topic_default
4291.00.01	#topic-science	25	999	42910001.0	3660	1	1	0	3658	none	topic_default
4295.00.01	#topic-science	25	999	42950001.0	3661	1	1	0	3659	none	topic_default
4351.00.01	#topic-science	25	999	43510001.0	3662	1	1	0	3660	none	topic_default
4415.00.01	#topic-science	25	999	44150001.0	3663	1	1	0	3661	none	topic_default
4499.00.01	#topic-science	25	999	44990001.0	3664	1	1	0	3662	none	topic_default
4506.00.01	#topic-science	25	999	45060001.0	3665	1	1	0	3663	none	topic_default
4523.00.01	#topic-science	25	999	45230001.0	3666	1	1	0	3664	none	topic_default
4553.00.01	#topic-science	25	999	45530001.0	3667	1	1	0	3665	none	topic_default
4664.00.01	#topic-science	25	999	46640001.0	3668	1	1	0	3666	none	topic_default
4728.00.01	#topic-science	25	999	47280001.0	3669	2	1	0	3667	none	topic_default
4740.00.02	#topic-science	25	999	47400002.0	3670	2	1	0	3668	none	topic_default
4790.00.01	#topic-science	25	999	47900001.0	3671	1	1	0	3669	none	topic_default
4833.00.01	#topic-science	25	999	48330001.0	3672	2	1	0	3670	none	topic_default
4856.00.01	#topic-science	25	999	48560001.0	3673	1	1	0	3671	none	topic_default
4882.00.01	#topic-science	25	999	48820001.0	3674	1	1	0	3672	none	topic_default
4915.00.01	#topic-science	25	999	49150001.0	3675	1	1	0	3673	none	topic_default
4923.00.01	#topic-science	25	999	49230001.0	3676	1	1	0	3674	none	topic_default
4926.00.01	#topic-science	25	999	49260001.0	3677	1	1	0	3675	none	topic_default
4936.00.01	#topic-science	25	999	49360001.0	3678	1	1	0	3676	none	topic_default
4983.00.01	#topic-science	25	999	49830001.0	3679	1	1	0	3677	none	topic_default
0526.00.02	#topic-science	25	999	5260002.0	3577	2	2	1	3678	none	topic_default
3635.00.02	#topic-science	25	999	36350002.0	3645	2	2	1	3679	none	topic_default
0171.00.01	#topic-media-technology	26	999	1710001.0	3680	1	1	0	3680	none	topic_default
0282.00.01	#topic-media-technology	26	999	2820001.0	3681	1	1	0	3681	none	topic_default
0291.00.01	#topic-media-technology	26	999	2910001.0	3682	1	1	0	3682	none	topic_default
0451.00.01	#topic-media-technology	26	999	4510001.0	3683	1	1	0	3683	none	topic_default
0462.00.01	#topic-media-technology	26	999	4620001.0	3684	1	1	0	3684	none	topic_default
0490.00.01	#topic-media-technology	26	999	4900001.0	3685	1	1	0	3685	none	topic_default
0497.00.01	#topic-media-technology	26	999	4970001.0	3686	1	1	0	3686	none	topic_default
0551.00.02	#topic-media-technology	26	999	5510002.0	3687	3	1	0	3687	none	topic_default
0600.00.01	#topic-media-technology	26	999	6000001.0	3688	1	1	0	3688	none	topic_default
0614.00.01	#topic-media-technology	26	999	6140001.0	3689	1	1	0	3689	none	topic_default
0648.00.01	#topic-media-technology	26	999	6480001.0	3690	1	1	0	3690	none	topic_default
0650.00.01	#topic-media-technology	26	999	6500001.0	3691	2	2	0	3691	none	topic_default
0662.00.01	#topic-media-technology	26	999	6620001.0	3693	1	1	0	3692	none	topic_default
0684.00.01	#topic-media-technology	26	999	6840001.0	3694	1	1	0	3693	none	topic_default
0691.00.02	#topic-media-technology	26	999	6910002.0	3695	2	1	0	3694	none	topic_default
0694.00.01	#topic-media-technology	26	999	6940001.0	3696	2	1	0	3695	none	topic_default
0860.00.01	#topic-media-technology	26	999	8600001.0	3697	1	1	0	3696	none	topic_default
0891.00.02	#topic-media-technology	26	999	8910002.0	3698	2	1	0	3697	none	topic_default
0913.00.01	#topic-media-technology	26	999	9130001.0	3699	3	1	0	3698	none	topic_default
0934.00.01	#topic-media-technology	26	999	9340001.0	3700	1	1	0	3699	none	topic_default
0962.00.01	#topic-media-technology	26	999	9620001.0	3701	1	1	0	3700	none	topic_default
0985.00.01	#topic-media-technology	26	999	9850001.0	3702	2	2	0	3701	none	topic_default
0995.00.01	#topic-media-technology	26	999	9950001.0	3704	1	1	0	3702	none	topic_default
1039.00.01	#topic-media-technology	26	999	10390001.0	3705	1	1	0	3703	none	topic_default
1053.00.01	#topic-media-technology	26	999	10530001.0	3706	1	1	0	3704	none	topic_default
1062.00.01	#topic-media-technology	26	999	10620001.0	3707	1	1	0	3705	none	topic_default
1128.00.01	#topic-media-technology	26	999	11280001.0	3708	1	1	0	3706	none	topic_default
1140.00.01	#topic-media-technology	26	999	11400001.0	3709	1	1	0	3707	none	topic_default
1211.00.01	#topic-media-technology	26	999	12110001.0	3710	1	1	0	3708	none	topic_default
1246.00.01	#topic-media-technology	26	999	12460001.0	3711	1	1	0	3709	none	topic_default
1279.00.01	#topic-media-technology	26	999	12790001.0	3712	1	1	0	3710	none	topic_default
1318.00.01	#topic-media-technology	26	999	13180001.0	3713	2	1	0	3711	none	topic_default
1353.00.01	#topic-media-technology	26	999	13530001.0	3714	1	1	0	3712	none	topic_default
1450.00.01	#topic-media-technology	26	999	14500001.0	3715	2	1	0	3713	none	topic_default
1453.00.01	#topic-media-technology	26	999	14530001.0	3716	1	1	0	3714	none	topic_default
1513.00.01	#topic-media-technology	26	999	15130001.0	3717	1	1	0	3715	none	topic_default
1525.00.01	#topic-media-technology	26	999	15250001.0	3718	1	1	0	3716	none	topic_default
1609.00.01	#topic-media-technology	26	999	16090001.0	3719	1	1	0	3717	none	topic_default
1691.00.01	#topic-media-technology	26	999	16910001.0	3720	1	1	0	3718	none	topic_default
1717.00.01	#topic-media-technology	26	999	17170001.0	3721	1	1	0	3719	none	topic_default
1725.00.01	#topic-media-technology	26	999	17250001.0	3722	1	1	0	3720	none	topic_default
1751.00.01	#topic-media-technology	26	999	17510001.0	3723	1	1	0	3721	none	topic_default
1763.00.03	#topic-media-technology	26	999	17630003.0	3724	3	1	0	3722	none	topic_default
1769.00.01	#topic-media-technology	26	999	17690001.0	3725	1	1	0	3723	none	topic_default
1770.00.01	#topic-media-technology	26	999	17700001.0	3726	1	1	0	3724	none	topic_default
1772.00.01	#topic-media-technology	26	999	17720001.0	3727	1	1	0	3725	none	topic_default
1785.00.01	#topic-media-technology	26	999	17850001.0	3728	2	1	0	3726	none	topic_default
1899.00.01	#topic-media-technology	26	999	18990001.0	3729	1	1	0	3727	none	topic_default
1955.00.01	#topic-media-technology	26	999	19550001.0	3730	1	1	0	3728	none	topic_default
2003.00.03	#topic-media-technology	26	999	20030003.0	3731	3	1	0	3729	none	topic_default
2004.00.01	#topic-media-technology	26	999	20040001.0	3732	1	1	0	3730	none	topic_default
2038.00.01	#topic-media-technology	26	999	20380001.0	3733	2	2	0	3731	none	topic_default
2096.00.01	#topic-media-technology	26	999	20960001.0	3735	1	1	0	3732	none	topic_default
2132.00.02	#topic-media-technology	26	999	21320002.0	3736	2	1	0	3733	none	topic_default
2145.00.01	#topic-media-technology	26	999	21450001.0	3737	1	1	0	3734	none	topic_default
2149.00.01	#topic-media-technology	26	999	21490001.0	3738	1	1	0	3735	none	topic_default
2251.00.01	#topic-media-technology	26	999	22510001.0	3739	2	2	0	3736	none	topic_default
2268.00.01	#topic-media-technology	26	999	22680001.0	3741	1	1	0	3737	none	topic_default
2308.00.02	#topic-media-technology	26	999	23080002.0	3742	2	1	0	3738	none	topic_default
2376.00.02	#topic-media-technology	26	999	23760002.0	3743	2	1	0	3739	none	topic_default
2471.00.01	#topic-media-technology	26	999	24710001.0	3744	1	1	0	3740	none	topic_default
2488.00.01	#topic-media-technology	26	999	24880001.0	3745	1	1	0	3741	none	topic_default
2500.00.01	#topic-media-technology	26	999	25000001.0	3746	1	1	0	3742	none	topic_default
2534.00.01	#topic-media-technology	26	999	25340001.0	3747	1	1	0	3743	none	topic_default
2558.00.02	#topic-media-technology	26	999	25580002.0	3748	2	1	0	3744	none	topic_default
2559.00.01	#topic-media-technology	26	999	25590001.0	3749	1	1	0	3745	none	topic_default
2569.00.01	#topic-media-technology	26	999	25690001.0	3750	1	1	0	3746	none	topic_default
2593.00.01	#topic-media-technology	26	999	25930001.0	3751	1	1	0	3747	none	topic_default
2677.00.01	#topic-media-technology	26	999	26770001.0	3752	1	1	0	3748	none	topic_default
2748.00.01	#topic-media-technology	26	999	27480001.0	3753	1	1	0	3749	none	topic_default
2793.00.01	#topic-media-technology	26	999	27930001.0	3754	1	1	0	3750	none	topic_default
2817.00.01	#topic-media-technology	26	999	28170001.0	3755	1	1	0	3751	none	topic_default
2841.00.01	#topic-media-technology	26	999	28410001.0	3756	1	1	0	3752	none	topic_default
2849.00.01	#topic-media-technology	26	999	28490001.0	3757	1	1	0	3753	none	topic_default
2881.00.01	#topic-media-technology	26	999	28810001.0	3758	1	1	0	3754	none	topic_default
2909.00.01	#topic-media-technology	26	999	29090001.0	3759	1	1	0	3755	none	topic_default
2981.00.01	#topic-media-technology	26	999	29810001.0	3760	1	1	0	3756	none	topic_default
3057.00.01	#topic-media-technology	26	999	30570001.0	3761	1	1	0	3757	none	topic_default
3255.00.01	#topic-media-technology	26	999	32550001.0	3762	1	1	0	3758	none	topic_default
3306.00.01	#topic-media-technology	26	999	33060001.0	3763	1	1	0	3759	none	topic_default
3324.00.01	#topic-media-technology	26	999	33240001.0	3764	1	1	0	3760	none	topic_default
3350.00.01	#topic-media-technology	26	999	33500001.0	3765	1	1	0	3761	none	topic_default
3361.00.01	#topic-media-technology	26	999	33610001.0	3766	2	2	0	3762	none	topic_default
3395.00.01	#topic-media-technology	26	999	33950001.0	3768	1	1	0	3763	none	topic_default
3401.00.01	#topic-media-technology	26	999	34010001.0	3769	1	1	0	3764	none	topic_default
3417.00.01	#topic-media-technology	26	999	34170001.0	3770	1	1	0	3765	none	topic_default
3445.00.01	#topic-media-technology	26	999	34450001.0	3771	1	1	0	3766	none	topic_default
3457.00.01	#topic-media-technology	26	999	34570001.0	3772	1	1	0	3767	none	topic_default
3467.00.01	#topic-media-technology	26	999	34670001.0	3773	1	1	0	3768	none	topic_default
3470.00.01	#topic-media-technology	26	999	34700001.0	3774	1	1	0	3769	none	topic_default
3490.00.01	#topic-media-technology	26	999	34900001.0	3775	1	1	0	3770	none	topic_default
3592.00.01	#topic-media-technology	26	999	35920001.0	3776	1	1	0	3771	none	topic_default
3608.00.01	#topic-media-technology	26	999	36080001.0	3777	1	1	0	3772	none	topic_default
3634.00.01	#topic-media-technology	26	999	36340001.0	3778	1	1	0	3773	none	topic_default
3671.00.01	#topic-media-technology	26	999	36710001.0	3779	1	1	0	3774	none	topic_default
3735.00.01	#topic-media-technology	26	999	37350001.0	3780	2	1	0	3775	none	topic_default
3792.00.01	#topic-media-technology	26	999	37920001.0	3781	1	1	0	3776	none	topic_default
3820.00.01	#topic-media-technology	26	999	38200001.0	3782	1	1	0	3777	none	topic_default
3864.00.01	#topic-media-technology	26	999	38640001.0	3783	1	1	0	3778	none	topic_default
3909.00.01	#topic-media-technology	26	999	39090001.0	3784	1	1	0	3779	none	topic_default
3966.00.01	#topic-media-technology	26	999	39660001.0	3785	1	1	0	3780	none	topic_default
3979.00.01	#topic-media-technology	26	999	39790001.0	3786	1	1	0	3781	none	topic_default
3992.00.01	#topic-media-technology	26	999	39920001.0	3787	1	1	0	3782	none	topic_default
4130.00.01	#topic-media-technology	26	999	41300001.0	3788	3	1	0	3783	none	topic_default
4193.00.01	#topic-media-technology	26	999	41930001.0	3789	1	1	0	3784	none	topic_default
4195.00.01	#topic-media-technology	26	999	41950001.0	3790	1	1	0	3785	none	topic_default
4226.00.01	#topic-media-technology	26	999	42260001.0	3791	1	1	0	3786	none	topic_default
4228.00.01	#topic-media-technology	26	999	42280001.0	3792	2	1	0	3787	none	topic_default
4258.00.01	#topic-media-technology	26	999	42580001.0	3793	1	1	0	3788	none	topic_default
4276.00.01	#topic-media-technology	26	999	42760001.0	3794	1	1	0	3789	none	topic_default
4308.00.01	#topic-media-technology	26	999	43080001.0	3795	1	1	0	3790	none	topic_default
4335.00.01	#topic-media-technology	26	999	43350001.0	3796	1	1	0	3791	none	topic_default
4353.00.01	#topic-media-technology	26	999	43530001.0	3797	1	1	0	3792	none	topic_default
4361.00.01	#topic-media-technology	26	999	43610001.0	3798	2	2	0	3793	none	topic_default
4395.00.01	#topic-media-technology	26	999	43950001.0	3800	1	1	0	3794	none	topic_default
4402.00.01	#topic-media-technology	26	999	44020001.0	3801	1	1	0	3795	none	topic_default
4459.00.02	#topic-media-technology	26	999	44590002.0	3802	2	1	0	3796	none	topic_default
4464.00.01	#topic-media-technology	26	999	44640001.0	3803	2	2	0	3797	none	topic_default
4554.00.01	#topic-media-technology	26	999	45540001.0	3805	1	1	0	3798	none	topic_default
4563.00.01	#topic-media-technology	26	999	45630001.0	3806	1	1	0	3799	none	topic_default
4755.00.01	#topic-media-technology	26	999	47550001.0	3807	1	1	0	3800	none	topic_default
4819.00.01	#topic-media-technology	26	999	48190001.0	3808	1	1	0	3801	none	topic_default
4840.00.01	#topic-media-technology	26	999	48400001.0	3809	1	1	0	3802	none	topic_default
4850.00.01	#topic-media-technology	26	999	48500001.0	3810	1	1	0	3803	none	topic_default
4860.00.01	#topic-media-technology	26	999	48600001.0	3811	1	1	0	3804	none	topic_default
4886.00.01	#topic-media-technology	26	999	48860001.0	3812	1	1	0	3805	none	topic_default
4930.00.01	#topic-media-technology	26	999	49300001.0	3813	1	1	0	3806	none	topic_default
4955.00.01	#topic-media-technology	26	999	49550001.0	3814	1	1	0	3807	none	topic_default
4965.00.02	#topic-media-technology	26	999	49650002.0	3815	2	1	0	3808	none	topic_default
4979.00.01	#topic-media-technology	26	999	49790001.0	3816	1	1	0	3809	none	topic_default
0650.00.02	#topic-media-technology	26	999	6500002.0	3692	2	2	1	3810	none	topic_default
0985.00.02	#topic-media-technology	26	999	9850002.0	3703	2	2	1	3811	none	topic_default
2038.00.02	#topic-media-technology	26	999	20380002.0	3734	2	2	1	3812	none	topic_default
2251.00.02	#topic-media-technology	26	999	22510002.0	3740	2	2	1	3813	none	topic_default
3361.00.02	#topic-media-technology	26	999	33610002.0	3767	2	2	1	3814	none	topic_default
4361.00.02	#topic-media-technology	26	999	43610002.0	3799	2	2	1	3815	none	topic_default
4464.00.02	#topic-media-technology	26	999	44640002.0	3804	2	2	1	3816	none	topic_default
0151.00.01	#topic-culture-art	27	999	1510001.0	3817	2	1	0	3817	none	topic_default
0180.00.01	#topic-culture-art	27	999	1800001.0	3818	1	1	0	3818	none	topic_default
0240.00.01	#topic-culture-art	27	999	2400001.0	3819	1	1	0	3819	none	topic_default
0251.00.01	#topic-culture-art	27	999	2510001.0	3820	1	1	0	3820	none	topic_default
0315.00.01	#topic-culture-art	27	999	3150001.0	3821	1	1	0	3821	none	topic_default
0381.00.03	#topic-culture-art	27	999	3810003.0	3822	3	1	0	3822	none	topic_default
0389.00.01	#topic-culture-art	27	999	3890001.0	3823	1	1	0	3823	none	topic_default
0403.00.01	#topic-culture-art	27	999	4030001.0	3824	1	1	0	3824	none	topic_default
0406.00.01	#topic-culture-art	27	999	4060001.0	3825	2	1	0	3825	none	topic_default
0411.00.01	#topic-culture-art	27	999	4110001.0	3826	1	1	0	3826	none	topic_default
0457.00.01	#topic-culture-art	27	999	4570001.0	3827	1	1	0	3827	none	topic_default
0470.00.01	#topic-culture-art	27	999	4700001.0	3828	1	1	0	3828	none	topic_default
0483.00.01	#topic-culture-art	27	999	4830001.0	3829	3	2	0	3829	none	topic_default
0484.00.02	#topic-culture-art	27	999	4840002.0	3831	2	1	0	3830	none	topic_default
0499.00.01	#topic-culture-art	27	999	4990001.0	3832	1	1	0	3831	none	topic_default
0507.00.01	#topic-culture-art	27	999	5070001.0	3833	1	1	0	3832	none	topic_default
0570.00.01	#topic-culture-art	27	999	5700001.0	3834	1	1	0	3833	none	topic_default
0628.00.01	#topic-culture-art	27	999	6280001.0	3835	1	1	0	3834	none	topic_default
0630.00.01	#topic-culture-art	27	999	6300001.0	3836	2	2	0	3835	none	topic_default
0661.00.03	#topic-culture-art	27	999	6610003.0	3838	3	1	0	3836	none	topic_default
0679.00.01	#topic-culture-art	27	999	6790001.0	3839	1	1	0	3837	none	topic_default
0729.00.01	#topic-culture-art	27	999	7290001.0	3840	2	2	0	3838	none	topic_default
0746.00.01	#topic-culture-art	27	999	7460001.0	3842	1	1	0	3839	none	topic_default
0752.00.01	#topic-culture-art	27	999	7520001.0	3843	1	1	0	3840	none	topic_default
0778.00.01	#topic-culture-art	27	999	7780001.0	3844	1	1	0	3841	none	topic_default
0796.00.01	#topic-culture-art	27	999	7960001.0	3845	1	1	0	3842	none	topic_default
0799.00.01	#topic-culture-art	27	999	7990001.0	3846	1	1	0	3843	none	topic_default
0818.00.01	#topic-culture-art	27	999	8180001.0	3847	1	1	0	3844	none	topic_default
0850.00.01	#topic-culture-art	27	999	8500001.0	3848	1	1	0	3845	none	topic_default
0878.00.01	#topic-culture-art	27	999	8780001.0	3849	1	1	0	3846	none	topic_default
0889.00.01	#topic-culture-art	27	999	8890001.0	3850	2	1	0	3847	none	topic_default
0908.00.01	#topic-culture-art	27	999	9080001.0	3851	2	2	0	3848	none	topic_default
0915.00.01	#topic-culture-art	27	999	9150001.0	3853	1	1	0	3849	none	topic_default
0969.00.01	#topic-culture-art	27	999	9690001.0	3854	1	1	0	3850	none	topic_default
0971.00.01	#topic-culture-art	27	999	9710001.0	3855	1	1	0	3851	none	topic_default
1000.00.01	#topic-culture-art	27	999	10000001.0	3856	1	1	0	3852	none	topic_default
1026.00.01	#topic-culture-art	27	999	10260001.0	3857	1	1	0	3853	none	topic_default
1038.00.01	#topic-culture-art	27	999	10380001.0	3858	1	1	0	3854	none	topic_default
1040.00.01	#topic-culture-art	27	999	10400001.0	3859	1	1	0	3855	none	topic_default
1069.00.01	#topic-culture-art	27	999	10690001.0	3860	1	1	0	3856	none	topic_default
1189.00.01	#topic-culture-art	27	999	11890001.0	3861	1	1	0	3857	none	topic_default
1190.00.01	#topic-culture-art	27	999	11900001.0	3862	1	1	0	3858	none	topic_default
1244.00.01	#topic-culture-art	27	999	12440001.0	3863	1	1	0	3859	none	topic_default
1256.00.01	#topic-culture-art	27	999	12560001.0	3864	1	1	0	3860	none	topic_default
1271.00.01	#topic-culture-art	27	999	12710001.0	3865	1	1	0	3861	none	topic_default
1278.00.01	#topic-culture-art	27	999	12780001.0	3866	1	1	0	3862	none	topic_default
1287.00.01	#topic-culture-art	27	999	12870001.0	3867	1	1	0	3863	none	topic_default
1318.00.02	#topic-culture-art	27	999	13180002.0	3868	2	1	0	3864	none	topic_default
1320.00.01	#topic-culture-art	27	999	13200001.0	3869	1	1	0	3865	none	topic_default
1322.00.01	#topic-culture-art	27	999	13220001.0	3870	1	1	0	3866	none	topic_default
1356.00.01	#topic-culture-art	27	999	13560001.0	3871	2	1	0	3867	none	topic_default
1364.00.02	#topic-culture-art	27	999	13640002.0	3872	2	1	0	3868	none	topic_default
1382.00.01	#topic-culture-art	27	999	13820001.0	3873	1	1	0	3869	none	topic_default
1395.00.01	#topic-culture-art	27	999	13950001.0	3874	1	1	0	3870	none	topic_default
1399.00.01	#topic-culture-art	27	999	13990001.0	3875	2	2	0	3871	none	topic_default
1410.00.01	#topic-culture-art	27	999	14100001.0	3877	3	1	0	3872	none	topic_default
1441.00.01	#topic-culture-art	27	999	14410001.0	3878	1	1	0	3873	none	topic_default
1451.00.01	#topic-culture-art	27	999	14510001.0	3879	1	1	0	3874	none	topic_default
1542.00.01	#topic-culture-art	27	999	15420001.0	3880	1	1	0	3875	none	topic_default
1627.00.01	#topic-culture-art	27	999	16270001.0	3881	1	1	0	3876	none	topic_default
1635.00.01	#topic-culture-art	27	999	16350001.0	3882	1	1	0	3877	none	topic_default
1671.00.01	#topic-culture-art	27	999	16710001.0	3883	1	1	0	3878	none	topic_default
1680.00.01	#topic-culture-art	27	999	16800001.0	3884	1	1	0	3879	none	topic_default
1684.00.01	#topic-culture-art	27	999	16840001.0	3885	1	1	0	3880	none	topic_default
1708.00.01	#topic-culture-art	27	999	17080001.0	3886	2	2	0	3881	none	topic_default
1718.00.01	#topic-culture-art	27	999	17180001.0	3888	1	1	0	3882	none	topic_default
1734.00.01	#topic-culture-art	27	999	17340001.0	3889	1	1	0	3883	none	topic_default
1736.00.01	#topic-culture-art	27	999	17360001.0	3890	2	2	0	3884	none	topic_default
1754.00.01	#topic-culture-art	27	999	17540001.0	3892	1	1	0	3885	none	topic_default
1755.00.01	#topic-culture-art	27	999	17550001.0	3893	1	1	0	3886	none	topic_default
1785.00.02	#topic-culture-art	27	999	17850002.0	3894	2	1	0	3887	none	topic_default
1790.00.02	#topic-culture-art	27	999	17900002.0	3895	2	1	0	3888	none	topic_default
1811.00.01	#topic-culture-art	27	999	18110001.0	3896	1	1	0	3889	none	topic_default
1844.00.01	#topic-culture-art	27	999	18440001.0	3897	1	1	0	3890	none	topic_default
1851.00.01	#topic-culture-art	27	999	18510001.0	3898	1	1	0	3891	none	topic_default
1852.00.01	#topic-culture-art	27	999	18520001.0	3899	1	1	0	3892	none	topic_default
1854.00.01	#topic-culture-art	27	999	18540001.0	3900	1	1	0	3893	none	topic_default
1855.00.01	#topic-culture-art	27	999	18550001.0	3901	2	1	0	3894	none	topic_default
1859.00.01	#topic-culture-art	27	999	18590001.0	3902	1	1	0	3895	none	topic_default
1900.00.01	#topic-culture-art	27	999	19000001.0	3903	1	1	0	3896	none	topic_default
1922.00.01	#topic-culture-art	27	999	19220001.0	3904	1	1	0	3897	none	topic_default
1936.00.01	#topic-culture-art	27	999	19360001.0	3905	1	1	0	3898	none	topic_default
1954.00.01	#topic-culture-art	27	999	19540001.0	3906	1	1	0	3899	none	topic_default
1971.00.01	#topic-culture-art	27	999	19710001.0	3907	1	1	0	3900	none	topic_default
1973.00.01	#topic-culture-art	27	999	19730001.0	3908	1	1	0	3901	none	topic_default
1978.00.01	#topic-culture-art	27	999	19780001.0	3909	1	1	0	3902	none	topic_default
2009.00.02	#topic-culture-art	27	999	20090002.0	3910	3	1	0	3903	none	topic_default
2043.00.01	#topic-culture-art	27	999	20430001.0	3911	3	1	0	3904	none	topic_default
2044.00.01	#topic-culture-art	27	999	20440001.0	3912	1	1	0	3905	none	topic_default
2050.00.02	#topic-culture-art	27	999	20500002.0	3913	2	1	0	3906	none	topic_default
2065.00.01	#topic-culture-art	27	999	20650001.0	3914	1	1	0	3907	none	topic_default
2087.00.01	#topic-culture-art	27	999	20870001.0	3915	1	1	0	3908	none	topic_default
2103.00.01	#topic-culture-art	27	999	21030001.0	3916	1	1	0	3909	none	topic_default
2122.00.02	#topic-culture-art	27	999	21220002.0	3917	2	1	0	3910	none	topic_default
2128.00.01	#topic-culture-art	27	999	21280001.0	3918	2	1	0	3911	none	topic_default
2155.00.01	#topic-culture-art	27	999	21550001.0	3919	1	1	0	3912	none	topic_default
2197.00.01	#topic-culture-art	27	999	21970001.0	3920	1	1	0	3913	none	topic_default
2237.00.01	#topic-culture-art	27	999	22370001.0	3921	2	1	0	3914	none	topic_default
2239.00.01	#topic-culture-art	27	999	22390001.0	3922	1	1	0	3915	none	topic_default
2271.00.01	#topic-culture-art	27	999	22710001.0	3923	1	1	0	3916	none	topic_default
2290.00.01	#topic-culture-art	27	999	22900001.0	3924	1	1	0	3917	none	topic_default
2331.00.01	#topic-culture-art	27	999	23310001.0	3925	1	1	0	3918	none	topic_default
2341.00.01	#topic-culture-art	27	999	23410001.0	3926	1	1	0	3919	none	topic_default
2358.00.01	#topic-culture-art	27	999	23580001.0	3927	1	1	0	3920	none	topic_default
2375.00.01	#topic-culture-art	27	999	23750001.0	3928	1	1	0	3921	none	topic_default
2384.00.01	#topic-culture-art	27	999	23840001.0	3929	1	1	0	3922	none	topic_default
2399.00.01	#topic-culture-art	27	999	23990001.0	3930	1	1	0	3923	none	topic_default
2444.00.01	#topic-culture-art	27	999	24440001.0	3931	1	1	0	3924	none	topic_default
2461.00.01	#topic-culture-art	27	999	24610001.0	3932	1	1	0	3925	none	topic_default
2513.00.01	#topic-culture-art	27	999	25130001.0	3933	1	1	0	3926	none	topic_default
2526.00.03	#topic-culture-art	27	999	25260003.0	3934	3	1	0	3927	none	topic_default
2565.00.01	#topic-culture-art	27	999	25650001.0	3935	1	1	0	3928	none	topic_default
2574.00.01	#topic-culture-art	27	999	25740001.0	3936	1	1	0	3929	none	topic_default
2583.00.02	#topic-culture-art	27	999	25830002.0	3937	2	1	0	3930	none	topic_default
2591.00.01	#topic-culture-art	27	999	25910001.0	3938	1	1	0	3931	none	topic_default
2607.00.01	#topic-culture-art	27	999	26070001.0	3939	1	1	0	3932	none	topic_default
2628.00.01	#topic-culture-art	27	999	26280001.0	3940	1	1	0	3933	none	topic_default
2646.00.01	#topic-culture-art	27	999	26460001.0	3941	1	1	0	3934	none	topic_default
2647.00.01	#topic-culture-art	27	999	26470001.0	3942	1	1	0	3935	none	topic_default
2660.00.01	#topic-culture-art	27	999	26600001.0	3943	1	1	0	3936	none	topic_default
2695.00.01	#topic-culture-art	27	999	26950001.0	3944	1	1	0	3937	none	topic_default
2703.00.01	#topic-culture-art	27	999	27030001.0	3945	1	1	0	3938	none	topic_default
2802.00.01	#topic-culture-art	27	999	28020001.0	3946	3	1	0	3939	none	topic_default
2835.00.02	#topic-culture-art	27	999	28350002.0	3947	2	1	0	3940	none	topic_default
2839.00.01	#topic-culture-art	27	999	28390001.0	3948	1	1	0	3941	none	topic_default
2888.00.01	#topic-culture-art	27	999	28880001.0	3949	1	1	0	3942	none	topic_default
2915.00.01	#topic-culture-art	27	999	29150001.0	3950	1	1	0	3943	none	topic_default
3012.00.01	#topic-culture-art	27	999	30120001.0	3951	1	1	0	3944	none	topic_default
3013.00.01	#topic-culture-art	27	999	30130001.0	3952	1	1	0	3945	none	topic_default
3015.00.02	#topic-culture-art	27	999	30150002.0	3953	2	1	0	3946	none	topic_default
3017.00.01	#topic-culture-art	27	999	30170001.0	3954	1	1	0	3947	none	topic_default
3063.00.01	#topic-culture-art	27	999	30630001.0	3955	1	1	0	3948	none	topic_default
3068.00.01	#topic-culture-art	27	999	30680001.0	3956	1	1	0	3949	none	topic_default
3099.00.01	#topic-culture-art	27	999	30990001.0	3957	1	1	0	3950	none	topic_default
3134.00.01	#topic-culture-art	27	999	31340001.0	3958	1	1	0	3951	none	topic_default
3141.00.01	#topic-culture-art	27	999	31410001.0	3959	1	1	0	3952	none	topic_default
3155.00.01	#topic-culture-art	27	999	31550001.0	3960	1	1	0	3953	none	topic_default
3168.00.01	#topic-culture-art	27	999	31680001.0	3961	1	1	0	3954	none	topic_default
3186.00.01	#topic-culture-art	27	999	31860001.0	3962	2	1	0	3955	none	topic_default
3200.00.01	#topic-culture-art	27	999	32000001.0	3963	1	1	0	3956	none	topic_default
3217.00.01	#topic-culture-art	27	999	32170001.0	3964	1	1	0	3957	none	topic_default
3265.00.02	#topic-culture-art	27	999	32650002.0	3965	2	1	0	3958	none	topic_default
3287.00.01	#topic-culture-art	27	999	32870001.0	3966	2	1	0	3959	none	topic_default
3316.00.01	#topic-culture-art	27	999	33160001.0	3967	1	1	0	3960	none	topic_default
3381.00.01	#topic-culture-art	27	999	33810001.0	3968	2	2	0	3961	none	topic_default
3403.00.01	#topic-culture-art	27	999	34030001.0	3970	1	1	0	3962	none	topic_default
3423.00.01	#topic-culture-art	27	999	34230001.0	3971	1	1	0	3963	none	topic_default
3427.00.01	#topic-culture-art	27	999	34270001.0	3972	1	1	0	3964	none	topic_default
3438.00.01	#topic-culture-art	27	999	34380001.0	3973	1	1	0	3965	none	topic_default
3450.00.01	#topic-culture-art	27	999	34500001.0	3974	1	1	0	3966	none	topic_default
3475.00.01	#topic-culture-art	27	999	34750001.0	3975	1	1	0	3967	none	topic_default
3482.00.01	#topic-culture-art	27	999	34820001.0	3976	1	1	0	3968	none	topic_default
3506.00.01	#topic-culture-art	27	999	35060001.0	3977	2	1	0	3969	none	topic_default
3572.00.01	#topic-culture-art	27	999	35720001.0	3978	1	1	0	3970	none	topic_default
3578.00.01	#topic-culture-art	27	999	35780001.0	3979	1	1	0	3971	none	topic_default
3628.00.01	#topic-culture-art	27	999	36280001.0	3980	2	1	0	3972	none	topic_default
3651.00.01	#topic-culture-art	27	999	36510001.0	3981	1	1	0	3973	none	topic_default
3692.00.01	#topic-culture-art	27	999	36920001.0	3982	2	1	0	3974	none	topic_default
3696.00.01	#topic-culture-art	27	999	36960001.0	3983	3	1	0	3975	none	topic_default
3701.00.01	#topic-culture-art	27	999	37010001.0	3984	1	1	0	3976	none	topic_default
3708.00.01	#topic-culture-art	27	999	37080001.0	3985	1	1	0	3977	none	topic_default
3717.00.01	#topic-culture-art	27	999	37170001.0	3986	1	1	0	3978	none	topic_default
3722.00.01	#topic-culture-art	27	999	37220001.0	3987	1	1	0	3979	none	topic_default
3727.00.01	#topic-culture-art	27	999	37270001.0	3988	1	1	0	3980	none	topic_default
3733.00.01	#topic-culture-art	27	999	37330001.0	3989	1	1	0	3981	none	topic_default
3735.00.02	#topic-culture-art	27	999	37350002.0	3990	2	1	0	3982	none	topic_default
3739.00.01	#topic-culture-art	27	999	37390001.0	3991	1	1	0	3983	none	topic_default
3742.00.02	#topic-culture-art	27	999	37420002.0	3992	3	2	0	3984	none	topic_default
3771.00.01	#topic-culture-art	27	999	37710001.0	3994	1	1	0	3985	none	topic_default
3907.00.01	#topic-culture-art	27	999	39070001.0	3995	1	1	0	3986	none	topic_default
3933.00.01	#topic-culture-art	27	999	39330001.0	3996	1	1	0	3987	none	topic_default
3946.00.02	#topic-culture-art	27	999	39460002.0	3997	2	1	0	3988	none	topic_default
3975.00.01	#topic-culture-art	27	999	39750001.0	3998	1	1	0	3989	none	topic_default
4016.00.01	#topic-culture-art	27	999	40160001.0	3999	1	1	0	3990	none	topic_default
4048.00.01	#topic-culture-art	27	999	40480001.0	4000	1	1	0	3991	none	topic_default
4056.00.01	#topic-culture-art	27	999	40560001.0	4001	1	1	0	3992	none	topic_default
4065.00.01	#topic-culture-art	27	999	40650001.0	4002	2	2	0	3993	none	topic_default
4107.00.01	#topic-culture-art	27	999	41070001.0	4004	1	1	0	3994	none	topic_default
4115.00.01	#topic-culture-art	27	999	41150001.0	4005	1	1	0	3995	none	topic_default
4129.00.01	#topic-culture-art	27	999	41290001.0	4006	1	1	0	3996	none	topic_default
4132.00.01	#topic-culture-art	27	999	41320001.0	4007	1	1	0	3997	none	topic_default
4136.00.01	#topic-culture-art	27	999	41360001.0	4008	1	1	0	3998	none	topic_default
4211.00.01	#topic-culture-art	27	999	42110001.0	4009	1	1	0	3999	none	topic_default
4252.00.01	#topic-culture-art	27	999	42520001.0	4010	1	1	0	4000	none	topic_default
4259.00.01	#topic-culture-art	27	999	42590001.0	4011	1	1	0	4001	none	topic_default
4388.00.03	#topic-culture-art	27	999	43880003.0	4012	3	1	0	4002	none	topic_default
4399.00.01	#topic-culture-art	27	999	43990001.0	4013	1	1	0	4003	none	topic_default
4461.00.01	#topic-culture-art	27	999	44610001.0	4014	1	1	0	4004	none	topic_default
4494.00.01	#topic-culture-art	27	999	44940001.0	4015	1	1	0	4005	none	topic_default
4507.00.01	#topic-culture-art	27	999	45070001.0	4016	1	1	0	4006	none	topic_default
4527.00.01	#topic-culture-art	27	999	45270001.0	4017	1	1	0	4007	none	topic_default
4541.00.01	#topic-culture-art	27	999	45410001.0	4018	1	1	0	4008	none	topic_default
4580.00.01	#topic-culture-art	27	999	45800001.0	4019	1	1	0	4009	none	topic_default
4582.00.01	#topic-culture-art	27	999	45820001.0	4020	1	1	0	4010	none	topic_default
4585.00.01	#topic-culture-art	27	999	45850001.0	4021	1	1	0	4011	none	topic_default
4596.00.01	#topic-culture-art	27	999	45960001.0	4022	1	1	0	4012	none	topic_default
4646.00.01	#topic-culture-art	27	999	46460001.0	4023	1	1	0	4013	none	topic_default
4654.00.01	#topic-culture-art	27	999	46540001.0	4024	1	1	0	4014	none	topic_default
4663.00.01	#topic-culture-art	27	999	46630001.0	4025	1	1	0	4015	none	topic_default
4799.00.01	#topic-culture-art	27	999	47990001.0	4026	1	1	0	4016	none	topic_default
4833.00.02	#topic-culture-art	27	999	48330002.0	4027	2	1	0	4017	none	topic_default
4855.00.01	#topic-culture-art	27	999	48550001.0	4028	1	1	0	4018	none	topic_default
4894.00.01	#topic-culture-art	27	999	48940001.0	4029	1	1	0	4019	none	topic_default
4908.00.01	#topic-culture-art	27	999	49080001.0	4030	1	1	0	4020	none	topic_default
0483.00.03	#topic-culture-art	27	999	4830003.0	3830	3	2	1	4021	none	topic_default
0630.00.02	#topic-culture-art	27	999	6300002.0	3837	2	2	1	4022	none	topic_default
0729.00.02	#topic-culture-art	27	999	7290002.0	3841	2	2	1	4023	none	topic_default
0908.00.02	#topic-culture-art	27	999	9080002.0	3852	2	2	1	4024	none	topic_default
1399.00.02	#topic-culture-art	27	999	13990002.0	3876	2	2	1	4025	none	topic_default
1708.00.02	#topic-culture-art	27	999	17080002.0	3887	2	2	1	4026	none	topic_default
1736.00.02	#topic-culture-art	27	999	17360002.0	3891	2	2	1	4027	none	topic_default
3381.00.02	#topic-culture-art	27	999	33810002.0	3969	2	2	1	4028	none	topic_default
3742.00.03	#topic-culture-art	27	999	37420003.0	3993	3	2	1	4029	none	topic_default
4065.00.02	#topic-culture-art	27	999	40650002.0	4003	2	2	1	4030	none	topic_default
0279.00.01	#topic-religion-belief	28	999	2790001.0	4031	1	1	0	4031	none	topic_default
0318.00.01	#topic-religion-belief	28	999	3180001.0	4032	1	1	0	4032	none	topic_default
0337.00.01	#topic-religion-belief	28	999	3370001.0	4033	1	1	0	4033	none	topic_default
0458.00.01	#topic-religion-belief	28	999	4580001.0	4034	1	1	0	4034	none	topic_default
0527.00.01	#topic-religion-belief	28	999	5270001.0	4035	2	1	0	4035	none	topic_default
0537.00.01	#topic-religion-belief	28	999	5370001.0	4036	1	1	0	4036	none	topic_default
0874.00.01	#topic-religion-belief	28	999	8740001.0	4037	1	1	0	4037	none	topic_default
0926.00.02	#topic-religion-belief	28	999	9260002.0	4038	2	1	0	4038	none	topic_default
0928.00.01	#topic-religion-belief	28	999	9280001.0	4039	1	1	0	4039	none	topic_default
0948.00.01	#topic-religion-belief	28	999	9480001.0	4040	1	1	0	4040	none	topic_default
1014.00.02	#topic-religion-belief	28	999	10140002.0	4041	2	1	0	4041	none	topic_default
1051.00.01	#topic-religion-belief	28	999	10510001.0	4042	1	1	0	4042	none	topic_default
1061.00.01	#topic-religion-belief	28	999	10610001.0	4043	1	1	0	4043	none	topic_default
1113.00.01	#topic-religion-belief	28	999	11130001.0	4044	1	1	0	4044	none	topic_default
1319.00.01	#topic-religion-belief	28	999	13190001.0	4045	1	1	0	4045	none	topic_default
1386.00.01	#topic-religion-belief	28	999	13860001.0	4046	1	1	0	4046	none	topic_default
1715.00.01	#topic-religion-belief	28	999	17150001.0	4047	1	1	0	4047	none	topic_default
1759.00.01	#topic-religion-belief	28	999	17590001.0	4048	1	1	0	4048	none	topic_default
1866.00.01	#topic-religion-belief	28	999	18660001.0	4049	1	1	0	4049	none	topic_default
1905.00.01	#topic-religion-belief	28	999	19050001.0	4050	3	2	0	4050	none	topic_default
1947.00.01	#topic-religion-belief	28	999	19470001.0	4052	1	1	0	4051	none	topic_default
2011.00.01	#topic-religion-belief	28	999	20110001.0	4053	1	1	0	4052	none	topic_default
2022.00.01	#topic-religion-belief	28	999	20220001.0	4054	1	1	0	4053	none	topic_default
2167.00.01	#topic-religion-belief	28	999	21670001.0	4055	1	1	0	4054	none	topic_default
2255.00.01	#topic-religion-belief	28	999	22550001.0	4056	1	1	0	4055	none	topic_default
2273.00.01	#topic-religion-belief	28	999	22730001.0	4057	1	1	0	4056	none	topic_default
2278.00.01	#topic-religion-belief	28	999	22780001.0	4058	2	1	0	4057	none	topic_default
2441.00.01	#topic-religion-belief	28	999	24410001.0	4059	2	1	0	4058	none	topic_default
2486.00.01	#topic-religion-belief	28	999	24860001.0	4060	2	1	0	4059	none	topic_default
2537.00.01	#topic-religion-belief	28	999	25370001.0	4061	1	1	0	4060	none	topic_default
2542.00.01	#topic-religion-belief	28	999	25420001.0	4062	2	1	0	4061	none	topic_default
2619.00.01	#topic-religion-belief	28	999	26190001.0	4063	1	1	0	4062	none	topic_default
2638.00.01	#topic-religion-belief	28	999	26380001.0	4064	1	1	0	4063	none	topic_default
2655.00.01	#topic-religion-belief	28	999	26550001.0	4065	1	1	0	4064	none	topic_default
2791.00.01	#topic-religion-belief	28	999	27910001.0	4066	1	1	0	4065	none	topic_default
2805.00.01	#topic-religion-belief	28	999	28050001.0	4067	1	1	0	4066	none	topic_default
2807.00.01	#topic-religion-belief	28	999	28070001.0	4068	1	1	0	4067	none	topic_default
2854.00.01	#topic-religion-belief	28	999	28540001.0	4069	1	1	0	4068	none	topic_default
2890.00.01	#topic-religion-belief	28	999	28900001.0	4070	1	1	0	4069	none	topic_default
2897.00.01	#topic-religion-belief	28	999	28970001.0	4071	1	1	0	4070	none	topic_default
2911.00.01	#topic-religion-belief	28	999	29110001.0	4072	1	1	0	4071	none	topic_default
2933.00.01	#topic-religion-belief	28	999	29330001.0	4073	1	1	0	4072	none	topic_default
2946.00.01	#topic-religion-belief	28	999	29460001.0	4074	1	1	0	4073	none	topic_default
2951.00.02	#topic-religion-belief	28	999	29510002.0	4075	2	1	0	4074	none	topic_default
3087.00.01	#topic-religion-belief	28	999	30870001.0	4076	2	2	0	4075	none	topic_default
3111.00.01	#topic-religion-belief	28	999	31110001.0	4078	1	1	0	4076	none	topic_default
3160.00.02	#topic-religion-belief	28	999	31600002.0	4079	2	1	0	4077	none	topic_default
3268.00.01	#topic-religion-belief	28	999	32680001.0	4080	1	1	0	4078	none	topic_default
3321.00.01	#topic-religion-belief	28	999	33210001.0	4081	1	1	0	4079	none	topic_default
3332.00.01	#topic-religion-belief	28	999	33320001.0	4082	1	1	0	4080	none	topic_default
3348.00.01	#topic-religion-belief	28	999	33480001.0	4083	2	1	0	4081	none	topic_default
3527.00.01	#topic-religion-belief	28	999	35270001.0	4084	1	1	0	4082	none	topic_default
3545.00.01	#topic-religion-belief	28	999	35450001.0	4085	1	1	0	4083	none	topic_default
3573.00.01	#topic-religion-belief	28	999	35730001.0	4086	1	1	0	4084	none	topic_default
3655.00.01	#topic-religion-belief	28	999	36550001.0	4087	1	1	0	4085	none	topic_default
3678.00.01	#topic-religion-belief	28	999	36780001.0	4088	1	1	0	4086	none	topic_default
3725.00.02	#topic-religion-belief	28	999	37250002.0	4089	2	1	0	4087	none	topic_default
3741.00.01	#topic-religion-belief	28	999	37410001.0	4090	1	1	0	4088	none	topic_default
3754.00.01	#topic-religion-belief	28	999	37540001.0	4091	1	1	0	4089	none	topic_default
3860.00.01	#topic-religion-belief	28	999	38600001.0	4092	2	1	0	4090	none	topic_default
3905.00.01	#topic-religion-belief	28	999	39050001.0	4093	1	1	0	4091	none	topic_default
3923.00.01	#topic-religion-belief	28	999	39230001.0	4094	2	1	0	4092	none	topic_default
4044.00.01	#topic-religion-belief	28	999	40440001.0	4095	1	1	0	4093	none	topic_default
4050.00.01	#topic-religion-belief	28	999	40500001.0	4096	1	1	0	4094	none	topic_default
4125.00.01	#topic-religion-belief	28	999	41250001.0	4097	1	1	0	4095	none	topic_default
4172.00.01	#topic-religion-belief	28	999	41720001.0	4098	1	1	0	4096	none	topic_default
4192.00.01	#topic-religion-belief	28	999	41920001.0	4099	1	1	0	4097	none	topic_default
4207.00.02	#topic-religion-belief	28	999	42070002.0	4100	3	1	0	4098	none	topic_default
4247.00.01	#topic-religion-belief	28	999	42470001.0	4101	1	1	0	4099	none	topic_default
4249.00.02	#topic-religion-belief	28	999	42490002.0	4102	2	1	0	4100	none	topic_default
4267.00.01	#topic-religion-belief	28	999	42670001.0	4103	1	1	0	4101	none	topic_default
4322.00.01	#topic-religion-belief	28	999	43220001.0	4104	1	1	0	4102	none	topic_default
4332.00.01	#topic-religion-belief	28	999	43320001.0	4105	1	1	0	4103	none	topic_default
4452.00.01	#topic-religion-belief	28	999	44520001.0	4106	1	1	0	4104	none	topic_default
4509.00.01	#topic-religion-belief	28	999	45090001.0	4107	1	1	0	4105	none	topic_default
4531.00.01	#topic-religion-belief	28	999	45310001.0	4108	1	1	0	4106	none	topic_default
4559.00.01	#topic-religion-belief	28	999	45590001.0	4109	1	1	0	4107	none	topic_default
4637.00.01	#topic-religion-belief	28	999	46370001.0	4110	1	1	0	4108	none	topic_default
4741.00.01	#topic-religion-belief	28	999	47410001.0	4111	1	1	0	4109	none	topic_default
4757.00.01	#topic-religion-belief	28	999	47570001.0	4112	1	1	0	4110	none	topic_default
4764.00.01	#topic-religion-belief	28	999	47640001.0	4113	1	1	0	4111	none	topic_default
4791.00.01	#topic-religion-belief	28	999	47910001.0	4114	1	1	0	4112	none	topic_default
4795.00.01	#topic-religion-belief	28	999	47950001.0	4115	1	1	0	4113	none	topic_default
4852.00.01	#topic-religion-belief	28	999	48520001.0	4116	1	1	0	4114	none	topic_default
4854.00.01	#topic-religion-belief	28	999	48540001.0	4117	1	1	0	4115	none	topic_default
4877.00.01	#topic-religion-belief	28	999	48770001.0	4118	1	1	0	4116	none	topic_default
4905.00.01	#topic-religion-belief	28	999	49050001.0	4119	1	1	0	4117	none	topic_default
4912.00.03	#topic-religion-belief	28	999	49120003.0	4120	3	1	0	4118	none	topic_default
4922.00.02	#topic-religion-belief	28	999	49220002.0	4121	2	1	0	4119	none	topic_default
4927.00.02	#topic-religion-belief	28	999	49270002.0	4122	2	1	0	4120	none	topic_default
1905.00.02	#topic-religion-belief	28	999	19050002.0	4051	3	2	1	4121	none	topic_default
3087.00.02	#topic-religion-belief	28	999	30870002.0	4077	2	2	1	4122	none	topic_default
0082.00.01	#topic-time-calendar	29	0	0.0	4123	1	1	0	4123	none	bucket:now / today / yesterday / tomorrow
0098.00.01	#topic-time-calendar	29	0	1.0	4124	1	1	0	4124	none	bucket:now / today / yesterday / tomorrow
1688.00.01	#topic-time-calendar	29	0	2.0	4125	1	1	0	4125	none	bucket:now / today / yesterday / tomorrow
2023.00.01	#topic-time-calendar	29	0	3.0	4126	1	1	0	4126	none	bucket:now / today / yesterday / tomorrow
0032.00.01	#topic-time-calendar	29	0	4.0	4127	1	1	0	4127	none	bucket:now / today / yesterday / tomorrow
0042.00.01	#topic-time-calendar	29	0	5.0	4128	1	1	0	4128	none	bucket:now / today / yesterday / tomorrow
0211.00.01	#topic-time-calendar	29	0	6.0	4129	1	1	0	4129	none	bucket:now / today / yesterday / tomorrow
0939.00.01	#topic-time-calendar	29	0	7.0	4130	1	1	0	4130	none	bucket:now / today / yesterday / tomorrow
0687.00.01	#topic-time-calendar	29	0	8.0	4131	1	1	0	4131	none	bucket:now / today / yesterday / tomorrow
1147.00.01	#topic-time-calendar	29	0	9.0	4132	1	1	0	4132	none	bucket:now / today / yesterday / tomorrow
0721.00.01	#topic-time-calendar	29	1	0.0	4133	1	1	0	4133	none	bucket:parts of the day
0259.00.01	#topic-time-calendar	29	1	1.0	4134	2	2	0	4134	none	bucket:parts of the day
0284.00.01	#topic-time-calendar	29	1	2.0	4136	1	1	0	4135	none	bucket:parts of the day
2361.00.01	#topic-time-calendar	29	1	3.0	4137	1	1	0	4136	none	bucket:parts of the day
4069.00.01	#topic-time-calendar	29	1	4.0	4138	1	1	0	4137	none	bucket:parts of the day
4760.00.01	#topic-time-calendar	29	1	5.0	4139	1	1	0	4138	none	bucket:parts of the day
0779.00.01	#topic-time-calendar	29	2	0.0	4140	1	1	0	4139	none	bucket:core time units
0153.00.01	#topic-time-calendar	29	2	1.0	4141	1	1	0	4140	none	bucket:core time units
0050.00.01	#topic-time-calendar	29	2	2.0	4142	1	1	0	4141	none	bucket:core time units
0344.00.01	#topic-time-calendar	29	2	3.0	4143	1	1	0	4142	none	bucket:core time units
0182.00.01	#topic-time-calendar	29	2	4.0	4144	1	1	0	4143	none	bucket:core time units
0034.00.01	#topic-time-calendar	29	2	5.0	4145	1	1	0	4144	none	bucket:core time units
1461.00.01	#topic-time-calendar	29	2	6.0	4146	1	1	0	4145	none	bucket:core time units
0296.00.01	#topic-time-calendar	29	2	7.0	4147	1	1	0	4146	none	bucket:core time units
0858.00.01	#topic-time-calendar	29	2	8.0	4148	1	1	0	4147	none	bucket:core time units
1921.00.01	#topic-time-calendar	29	3	0.0	4149	1	1	0	4148	none	bucket:calendar words
3760.00.01	#topic-time-calendar	29	3	1.0	4150	1	1	0	4149	none	bucket:calendar words
4243.00.01	#topic-time-calendar	29	3	2.0	4151	1	1	0	4150	none	bucket:calendar words
4290.00.01	#topic-time-calendar	29	3	3.0	4152	1	1	0	4151	none	bucket:calendar words
3872.00.01	#topic-time-calendar	29	3	4.0	4153	1	1	0	4152	none	bucket:calendar words
3473.00.01	#topic-time-calendar	29	3	5.0	4154	1	1	0	4153	none	bucket:calendar words
4756.00.01	#topic-time-calendar	29	3	6.0	4155	1	1	0	4154	none	bucket:calendar words
0893.00.01	#topic-time-calendar	29	3	7.0	4156	1	1	0	4155	none	bucket:calendar words
4213.00.01	#topic-time-calendar	29	3	8.0	4157	1	1	0	4156	none	bucket:calendar words
1047.00.01	#topic-time-calendar	29	3	9.0	4158	2	1	0	4157	none	bucket:calendar words
3075.00.01	#topic-time-calendar	29	3	10.0	4159	1	1	0	4158	none	bucket:calendar words
1765.00.01	#topic-time-calendar	29	3	11.0	4160	1	1	0	4159	none	bucket:calendar words
1873.00.01	#topic-time-calendar	29	3	12.0	4161	1	1	0	4160	none	bucket:calendar words
0073.00.01	#topic-time-calendar	29	4	0.0	4162	1	1	0	4161	none	bucket:frequency
0158.00.01	#topic-time-calendar	29	4	1.0	4163	1	1	0	4162	none	bucket:frequency
1411.00.01	#topic-time-calendar	29	4	2.0	4164	1	1	0	4163	none	bucket:frequency
1430.00.01	#topic-time-calendar	29	4	3.0	4165	1	1	0	4164	none	bucket:frequency
1262.00.01	#topic-time-calendar	29	4	4.0	4166	1	1	0	4165	none	bucket:frequency
2472.00.01	#topic-time-calendar	29	4	5.0	4167	1	1	0	4166	none	bucket:frequency
2741.00.01	#topic-time-calendar	29	4	6.0	4168	1	1	0	4167	none	bucket:frequency
2995.00.01	#topic-time-calendar	29	4	7.0	4169	1	1	0	4168	none	bucket:frequency
3491.00.01	#topic-time-calendar	29	4	8.0	4170	1	1	0	4169	none	bucket:frequency
4913.00.01	#topic-time-calendar	29	4	9.0	4171	1	1	0	4170	none	bucket:frequency
3318.00.01	#topic-time-calendar	29	4	10.0	4172	1	1	0	4171	none	bucket:frequency
4287.00.01	#topic-time-calendar	29	4	11.0	4173	1	1	0	4172	none	bucket:frequency
3144.00.01	#topic-time-calendar	29	4	12.0	4174	1	1	0	4173	none	bucket:frequency
3810.00.01	#topic-time-calendar	29	4	13.0	4175	1	1	0	4174	none	bucket:frequency
0890.00.01	#topic-time-calendar	29	4	14.0	4176	1	1	0	4175	none	bucket:frequency
2032.00.01	#topic-time-calendar	29	4	15.0	4177	1	1	0	4176	none	bucket:frequency
1015.00.02	#topic-time-calendar	29	4	16.0	4178	2	1	0	4177	none	bucket:frequency
2445.00.01	#topic-time-calendar	29	4	17.0	4179	1	1	0	4178	none	bucket:frequency
3340.00.01	#topic-time-calendar	29	4	18.0	4180	1	1	0	4179	none	bucket:frequency
4723.00.01	#topic-time-calendar	29	4	19.0	4181	1	1	0	4180	none	bucket:frequency
4228.00.02	#topic-time-calendar	29	4	20.0	4182	2	1	0	4181	none	bucket:frequency
0126.00.01	#topic-time-calendar	29	5	0.0	4183	1	1	0	4182	none	bucket:sequence
0048.00.01	#topic-time-calendar	29	5	1.0	4184	1	1	0	4183	none	bucket:sequence
0522.00.01	#topic-time-calendar	29	5	2.0	4185	1	1	0	4184	none	bucket:sequence
3171.00.01	#topic-time-calendar	29	5	3.0	4186	1	1	0	4185	none	bucket:sequence
0310.00.01	#topic-time-calendar	29	5	4.0	4187	1	1	0	4186	none	bucket:sequence
0224.00.01	#topic-time-calendar	29	5	5.0	4188	2	1	0	4187	none	bucket:sequence
0132.00.01	#topic-time-calendar	29	5	6.0	4189	1	1	0	4188	none	bucket:sequence
2771.00.01	#topic-time-calendar	29	5	7.0	4190	1	1	0	4189	none	bucket:sequence
2997.00.01	#topic-time-calendar	29	5	8.0	4191	1	1	0	4190	none	bucket:sequence
4406.00.01	#topic-time-calendar	29	5	9.0	4192	1	1	0	4191	none	bucket:sequence
1822.00.01	#topic-time-calendar	29	5	10.0	4193	1	1	0	4192	none	bucket:sequence
0973.00.01	#topic-time-calendar	29	5	11.0	4194	2	2	0	4193	none	bucket:sequence
1071.00.01	#topic-time-calendar	29	5	12.0	4196	1	1	0	4194	none	bucket:sequence
1133.00.01	#topic-time-calendar	29	5	13.0	4197	1	1	0	4195	none	bucket:sequence
1260.00.01	#topic-time-calendar	29	5	14.0	4198	2	1	0	4196	none	bucket:sequence
0513.00.02	#topic-time-calendar	29	5	15.0	4199	2	1	0	4197	none	bucket:sequence
1674.00.01	#topic-time-calendar	29	5	16.0	4200	1	1	0	4198	none	bucket:sequence
1674.01.01	#topic-time-calendar	29	5	17.0	4201	1	1	0	4199	none	bucket:sequence
1261.00.02	#topic-time-calendar	29	5	18.0	4202	2	1	0	4200	none	bucket:sequence
4210.00.01	#topic-time-calendar	29	5	19.0	4203	1	1	0	4201	none	bucket:sequence
4658.00.01	#topic-time-calendar	29	5	20.0	4204	1	1	0	4202	none	bucket:sequence
1268.00.02	#topic-time-calendar	29	5	21.0	4205	2	1	0	4203	none	bucket:sequence
4367.00.01	#topic-time-calendar	29	5	22.0	4206	1	1	0	4204	none	bucket:sequence
2438.00.01	#topic-time-calendar	29	5	23.0	4207	1	1	0	4205	none	bucket:sequence
2686.00.01	#topic-time-calendar	29	5	24.0	4208	1	1	0	4206	none	bucket:sequence
2701.00.01	#topic-time-calendar	29	5	25.0	4209	1	1	0	4207	none	bucket:sequence
4110.00.01	#topic-time-calendar	29	5	26.0	4210	1	1	0	4208	none	bucket:sequence
3532.00.01	#topic-time-calendar	29	5	27.0	4211	1	1	0	4209	none	bucket:sequence
3122.00.01	#topic-time-calendar	29	5	28.0	4212	1	1	0	4210	none	bucket:sequence
2470.00.01	#topic-time-calendar	29	5	29.0	4213	1	1	0	4211	none	bucket:sequence
1131.00.01	#topic-time-calendar	29	5	30.0	4214	1	1	0	4212	none	bucket:sequence
4844.00.01	#topic-time-calendar	29	5	31.0	4215	1	1	0	4213	none	bucket:sequence
2329.00.01	#topic-time-calendar	29	5	32.0	4216	1	1	0	4214	none	bucket:sequence
2329.01.01	#topic-time-calendar	29	5	33.0	4217	1	1	0	4215	none	bucket:sequence
1576.00.01	#topic-time-calendar	29	5	34.0	4218	1	1	0	4216	none	bucket:sequence
4767.00.01	#topic-time-calendar	29	5	35.0	4219	1	1	0	4217	none	bucket:sequence
3489.00.01	#topic-time-calendar	29	5	36.0	4220	1	1	0	4218	none	bucket:sequence
0525.00.01	#topic-time-calendar	29	6	0.0	4221	1	1	0	4219	none	bucket:beginning / end / deadline
1398.00.01	#topic-time-calendar	29	6	1.0	4222	1	1	0	4220	none	bucket:beginning / end / deadline
0388.00.02	#topic-time-calendar	29	6	2.0	4223	2	1	0	4221	none	bucket:beginning / end / deadline
0166.00.02	#topic-time-calendar	29	6	3.0	4224	2	1	0	4222	none	bucket:beginning / end / deadline
0289.00.01	#topic-time-calendar	29	6	4.0	4225	1	1	0	4223	none	bucket:beginning / end / deadline
0953.00.01	#topic-time-calendar	29	6	5.0	4226	2	2	0	4224	none	bucket:beginning / end / deadline
3750.00.01	#topic-time-calendar	29	6	6.0	4228	2	1	0	4225	none	bucket:beginning / end / deadline
0903.00.01	#topic-time-calendar	29	6	7.0	4229	1	1	0	4226	none	bucket:beginning / end / deadline
1362.00.01	#topic-time-calendar	29	6	8.0	4230	1	1	0	4227	none	bucket:beginning / end / deadline
1699.00.02	#topic-time-calendar	29	6	9.0	4231	2	1	0	4228	none	bucket:beginning / end / deadline
4849.00.01	#topic-time-calendar	29	6	10.0	4232	1	1	0	4229	none	bucket:beginning / end / deadline
2116.00.01	#topic-time-calendar	29	6	11.0	4233	1	1	0	4230	none	bucket:beginning / end / deadline
1284.00.01	#topic-time-calendar	29	6	12.0	4234	2	1	0	4231	none	bucket:beginning / end / deadline
2050.00.01	#topic-time-calendar	29	6	13.0	4235	2	1	0	4232	none	bucket:beginning / end / deadline
0274.00.01	#topic-time-calendar	29	7	0.0	4236	3	2	0	4233	none	bucket:age / era / past & future
0572.00.01	#topic-time-calendar	29	7	1.0	4238	1	1	0	4234	none	bucket:age / era / past & future
0323.00.01	#topic-time-calendar	29	7	2.0	4239	1	1	0	4235	none	bucket:age / era / past & future
0542.00.01	#topic-time-calendar	29	7	3.0	4240	1	1	0	4236	none	bucket:age / era / past & future
0474.00.01	#topic-time-calendar	29	7	4.0	4241	2	1	0	4237	none	bucket:age / era / past & future
1126.00.01	#topic-time-calendar	29	7	5.0	4242	1	1	0	4238	none	bucket:age / era / past & future
0283.00.01	#topic-time-calendar	29	7	6.0	4243	1	1	0	4239	none	bucket:age / era / past & future
0265.00.02	#topic-time-calendar	29	7	7.0	4244	2	1	0	4240	none	bucket:age / era / past & future
0473.00.01	#topic-time-calendar	29	7	8.0	4245	1	1	0	4241	none	bucket:age / era / past & future
0173.00.01	#topic-time-calendar	29	7	9.0	4246	1	1	0	4242	none	bucket:age / era / past & future
1935.00.01	#topic-time-calendar	29	7	10.0	4247	1	1	0	4243	none	bucket:age / era / past & future
0045.00.01	#topic-time-calendar	29	7	11.0	4248	2	2	0	4244	none	bucket:age / era / past & future
0065.00.01	#topic-time-calendar	29	7	12.0	4250	2	1	0	4245	none	bucket:age / era / past & future
0575.00.01	#topic-time-calendar	29	7	13.0	4251	2	1	0	4246	none	bucket:age / era / past & future
0575.01.01	#topic-time-calendar	29	7	14.0	4252	2	2	0	4247	none	bucket:age / era / past & future
1861.00.01	#topic-time-calendar	29	7	15.0	4254	1	1	0	4248	none	bucket:age / era / past & future
3091.00.01	#topic-time-calendar	29	7	16.0	4255	1	1	0	4249	none	bucket:age / era / past & future
3956.00.01	#topic-time-calendar	29	7	17.0	4256	1	1	0	4250	none	bucket:age / era / past & future
2238.00.01	#topic-time-calendar	29	7	18.0	4257	1	1	0	4251	none	bucket:age / era / past & future
3334.00.01	#topic-time-calendar	29	7	19.0	4258	2	1	0	4252	none	bucket:age / era / past & future
4485.00.01	#topic-time-calendar	29	7	20.0	4259	1	1	0	4253	none	bucket:age / era / past & future
3103.00.01	#topic-time-calendar	29	7	21.0	4260	1	1	0	4254	none	bucket:age / era / past & future
2330.00.02	#topic-time-calendar	29	7	22.0	4261	2	1	0	4255	none	bucket:age / era / past & future
2651.00.01	#topic-time-calendar	29	7	23.0	4262	1	1	0	4256	none	bucket:age / era / past & future
2548.00.01	#topic-time-calendar	29	7	24.0	4263	1	1	0	4257	none	bucket:age / era / past & future
1474.00.01	#topic-time-calendar	29	7	25.0	4264	1	1	0	4258	none	bucket:age / era / past & future
1470.00.01	#topic-time-calendar	29	7	26.0	4265	1	1	0	4259	none	bucket:age / era / past & future
0057.00.02	#topic-time-calendar	29	7	27.0	4266	2	1	0	4260	none	bucket:age / era / past & future
0259.00.02	#topic-time-calendar	29	1	1.0	4135	2	2	1	4261	none	bucket:parts of the day
0973.00.02	#topic-time-calendar	29	5	11.0	4195	2	2	1	4262	none	bucket:sequence
0953.00.02	#topic-time-calendar	29	6	5.0	4227	2	2	1	4263	none	bucket:beginning / end / deadline
0274.00.03	#topic-time-calendar	29	7	0.0	4237	3	2	1	4264	none	bucket:age / era / past & future
0045.00.02	#topic-time-calendar	29	7	11.0	4249	2	2	1	4265	none	bucket:age / era / past & future
0575.01.02	#topic-time-calendar	29	7	14.0	4253	2	2	1	4266	none	bucket:age / era / past & future
2246.00.01	#topic-numbers	30	0	0.0	4267	1	1	0	4267	none	bucket:small cardinals (0-10)
0041.00.01	#topic-numbers	30	0	1.0	4268	1	1	0	4268	none	bucket:small cardinals (0-10)
0100.00.01	#topic-numbers	30	0	2.0	4269	1	1	0	4269	none	bucket:small cardinals (0-10)
0195.00.01	#topic-numbers	30	0	3.0	4270	1	1	0	4270	none	bucket:small cardinals (0-10)
0234.00.01	#topic-numbers	30	0	4.0	4271	1	1	0	4271	none	bucket:small cardinals (0-10)
0353.00.01	#topic-numbers	30	0	5.0	4272	1	1	0	4272	none	bucket:small cardinals (0-10)
0475.00.01	#topic-numbers	30	0	6.0	4273	1	1	0	4273	none	bucket:small cardinals (0-10)
0455.00.01	#topic-numbers	30	0	7.0	4274	1	1	0	4274	none	bucket:small cardinals (0-10)
0875.00.01	#topic-numbers	30	0	8.0	4275	1	1	0	4275	none	bucket:small cardinals (0-10)
0369.00.01	#topic-numbers	30	0	9.0	4276	1	1	0	4276	none	bucket:small cardinals (0-10)
2097.00.01	#topic-numbers	30	1	0.0	4277	1	1	0	4277	none	bucket:teens, tens & hundreds
1454.00.01	#topic-numbers	30	1	1.0	4278	1	1	0	4278	none	bucket:teens, tens & hundreds
3684.00.01	#topic-numbers	30	1	2.0	4279	1	1	0	4279	none	bucket:teens, tens & hundreds
4782.00.01	#topic-numbers	30	1	3.0	4280	1	1	0	4280	none	bucket:teens, tens & hundreds
1195.00.01	#topic-numbers	30	1	4.0	4281	1	1	0	4281	none	bucket:teens, tens & hundreds
3260.00.01	#topic-numbers	30	1	5.0	4282	1	1	0	4282	none	bucket:teens, tens & hundreds
0502.00.01	#topic-numbers	30	1	6.0	4283	1	1	0	4283	none	bucket:teens, tens & hundreds
0760.00.01	#topic-numbers	30	1	7.0	4284	1	1	0	4284	none	bucket:teens, tens & hundreds
1458.00.01	#topic-numbers	30	1	8.0	4285	1	1	0	4285	none	bucket:teens, tens & hundreds
1462.00.01	#topic-numbers	30	1	9.0	4286	1	1	0	4286	none	bucket:teens, tens & hundreds
2187.00.01	#topic-numbers	30	1	10.0	4287	1	1	0	4287	none	bucket:teens, tens & hundreds
2810.00.01	#topic-numbers	30	1	11.0	4288	1	1	0	4288	none	bucket:teens, tens & hundreds
3196.00.01	#topic-numbers	30	1	12.0	4289	1	1	0	4289	none	bucket:teens, tens & hundreds
3477.00.01	#topic-numbers	30	1	13.0	4290	1	1	0	4290	none	bucket:teens, tens & hundreds
1219.00.01	#topic-numbers	30	1	14.0	4291	1	1	0	4291	none	bucket:teens, tens & hundreds
2645.00.01	#topic-numbers	30	1	15.0	4292	1	1	0	4292	none	bucket:teens, tens & hundreds
3906.00.01	#topic-numbers	30	1	16.0	4293	1	1	0	4293	none	bucket:teens, tens & hundreds
3729.00.01	#topic-numbers	30	1	17.0	4294	1	1	0	4294	none	bucket:teens, tens & hundreds
0189.00.01	#topic-numbers	30	2	0.0	4295	1	1	0	4295	none	bucket:thousands, millions & up
0447.00.01	#topic-numbers	30	2	1.0	4296	1	1	0	4296	none	bucket:thousands, millions & up
2496.00.01	#topic-numbers	30	2	2.0	4297	1	1	0	4297	none	bucket:thousands, millions & up
0054.00.01	#topic-numbers	30	3	0.0	4298	1	1	0	4298	none	bucket:ordinals
0107.00.01	#topic-numbers	30	3	1.0	4299	2	1	0	4299	none	bucket:ordinals
0426.00.01	#topic-numbers	30	3	2.0	4300	1	1	0	4300	none	bucket:ordinals
0503.00.03	#topic-numbers	30	3	3.0	4301	3	1	0	4301	none	bucket:ordinals
1116.00.01	#topic-numbers	30	3	4.0	4302	1	1	0	4302	none	bucket:ordinals
2487.00.01	#topic-numbers	30	3	5.0	4303	1	1	0	4303	none	bucket:ordinals
3876.00.01	#topic-numbers	30	3	6.0	4304	1	1	0	4304	none	bucket:ordinals
4392.00.01	#topic-numbers	30	3	7.0	4305	1	1	0	4305	none	bucket:ordinals
4019.00.01	#topic-numbers	30	3	8.0	4306	2	2	0	4306	none	bucket:ordinals
2202.00.01	#topic-numbers	30	4	0.0	4308	1	1	0	4307	none	bucket:fractions
4562.00.01	#topic-numbers	30	4	1.0	4309	2	1	0	4308	none	bucket:fractions
0257.00.01	#topic-numbers	30	5	0.0	4310	1	1	0	4309	none	bucket:numeric concepts & operations
0199.00.02	#topic-numbers	30	5	1.0	4311	2	1	0	4310	none	bucket:numeric concepts & operations
4769.00.01	#topic-numbers	30	5	2.0	4312	1	1	0	4311	none	bucket:numeric concepts & operations
3132.00.01	#topic-numbers	30	5	3.0	4313	1	1	0	4312	none	bucket:numeric concepts & operations
2642.00.01	#topic-numbers	30	5	4.0	4314	1	1	0	4313	none	bucket:numeric concepts & operations
1294.00.01	#topic-numbers	30	5	5.0	4315	1	1	0	4314	none	bucket:numeric concepts & operations
3128.00.01	#topic-numbers	30	5	6.0	4316	1	1	0	4315	none	bucket:numeric concepts & operations
1961.00.02	#topic-numbers	30	5	7.0	4317	2	1	0	4316	none	bucket:numeric concepts & operations
1976.00.01	#topic-numbers	30	5	8.0	4318	1	1	0	4317	none	bucket:numeric concepts & operations
2068.00.02	#topic-numbers	30	5	9.0	4319	2	1	0	4318	none	bucket:numeric concepts & operations
3425.00.01	#topic-numbers	30	5	10.0	4320	1	1	0	4319	none	bucket:numeric concepts & operations
3183.00.01	#topic-numbers	30	5	11.0	4321	1	1	0	4320	none	bucket:numeric concepts & operations
2169.00.01	#topic-numbers	30	5	12.0	4322	1	1	0	4321	none	bucket:numeric concepts & operations
1706.00.01	#topic-numbers	30	5	13.0	4323	1	1	0	4322	none	bucket:numeric concepts & operations
1255.00.01	#topic-numbers	30	5	14.0	4324	1	1	0	4323	none	bucket:numeric concepts & operations
4019.00.02	#topic-numbers	30	3	8.0	4307	2	2	1	4324	none	bucket:ordinals
0018.00.01	#topic-measurement	31	0	0.0	4325	1	1	0	4325	none	bucket:quantity & degree
0027.00.01	#topic-measurement	31	0	1.0	4326	1	1	0	4326	none	bucket:quantity & degree
0077.00.01	#topic-measurement	31	0	2.0	4327	1	1	0	4327	none	bucket:quantity & degree
0110.00.01	#topic-measurement	31	0	3.0	4328	1	1	0	4328	none	bucket:quantity & degree
0114.00.01	#topic-measurement	31	0	4.0	4329	2	2	0	4329	none	bucket:quantity & degree
0138.00.01	#topic-measurement	31	0	5.0	4331	1	1	0	4330	none	bucket:quantity & degree
0167.00.01	#topic-measurement	31	0	6.0	4332	1	1	0	4331	none	bucket:quantity & degree
0347.00.01	#topic-measurement	31	0	7.0	4333	2	2	0	4332	none	bucket:quantity & degree
0493.00.01	#topic-measurement	31	0	8.0	4335	1	1	0	4333	none	bucket:quantity & degree
0556.00.01	#topic-measurement	31	0	9.0	4336	1	1	0	4334	none	bucket:quantity & degree
1898.00.01	#topic-measurement	31	0	10.0	4337	1	1	0	4335	none	bucket:quantity & degree
0856.00.01	#topic-measurement	31	0	11.0	4338	1	1	0	4336	none	bucket:quantity & degree
0668.00.01	#topic-measurement	31	0	12.0	4339	1	1	0	4337	none	bucket:quantity & degree
0693.00.01	#topic-measurement	31	0	13.0	4340	1	1	0	4338	none	bucket:quantity & degree
1744.00.01	#topic-measurement	31	0	14.0	4341	1	1	0	4339	none	bucket:quantity & degree
1457.00.01	#topic-measurement	31	0	15.0	4342	2	1	0	4340	none	bucket:quantity & degree
3548.00.01	#topic-measurement	31	0	16.0	4343	1	1	0	4341	none	bucket:quantity & degree
3335.00.01	#topic-measurement	31	0	17.0	4344	1	1	0	4342	none	bucket:quantity & degree
4416.00.01	#topic-measurement	31	0	18.0	4345	1	1	0	4343	none	bucket:quantity & degree
2886.00.01	#topic-measurement	31	0	19.0	4346	1	1	0	4344	none	bucket:quantity & degree
3105.00.01	#topic-measurement	31	0	20.0	4347	1	1	0	4345	none	bucket:quantity & degree
0177.00.01	#topic-measurement	31	0	21.0	4348	1	1	0	4346	none	bucket:quantity & degree
1773.00.01	#topic-measurement	31	0	22.0	4349	1	1	0	4347	none	bucket:quantity & degree
2346.00.01	#topic-measurement	31	0	23.0	4350	1	1	0	4348	none	bucket:quantity & degree
3114.00.01	#topic-measurement	31	0	24.0	4351	1	1	0	4349	none	bucket:quantity & degree
3775.00.01	#topic-measurement	31	0	25.0	4352	1	1	0	4350	none	bucket:quantity & degree
0092.00.01	#topic-measurement	31	1	0.0	4353	1	1	0	4351	none	bucket:size & extent
0430.00.01	#topic-measurement	31	1	1.0	4354	1	1	0	4352	none	bucket:size & extent
0244.00.01	#topic-measurement	31	1	2.0	4355	1	1	0	4353	none	bucket:size & extent
0265.00.01	#topic-measurement	31	1	3.0	4356	2	1	0	4354	none	bucket:size & extent
0316.00.01	#topic-measurement	31	1	4.0	4357	1	1	0	4355	none	bucket:size & extent
0382.00.01	#topic-measurement	31	1	5.0	4358	1	1	0	4356	none	bucket:size & extent
0854.00.01	#topic-measurement	31	1	6.0	4359	1	1	0	4357	none	bucket:size & extent
0950.00.01	#topic-measurement	31	1	7.0	4360	1	1	0	4358	none	bucket:size & extent
1432.00.01	#topic-measurement	31	1	8.0	4361	1	1	0	4359	none	bucket:size & extent
1766.00.01	#topic-measurement	31	1	9.0	4362	2	2	0	4360	none	bucket:size & extent
2478.00.01	#topic-measurement	31	1	10.0	4364	1	1	0	4361	none	bucket:size & extent
3352.00.01	#topic-measurement	31	1	11.0	4365	1	1	0	4362	none	bucket:size & extent
4103.00.01	#topic-measurement	31	1	12.0	4366	1	1	0	4363	none	bucket:size & extent
3767.00.01	#topic-measurement	31	1	13.0	4367	1	1	0	4364	none	bucket:size & extent
2036.00.01	#topic-measurement	31	1	14.0	4368	1	1	0	4365	none	bucket:size & extent
2423.00.01	#topic-measurement	31	1	15.0	4369	3	1	0	4366	none	bucket:size & extent
2599.00.02	#topic-measurement	31	1	16.0	4370	2	1	0	4367	none	bucket:size & extent
0536.00.01	#topic-measurement	31	1	17.0	4371	1	1	0	4368	none	bucket:size & extent
1245.00.01	#topic-measurement	31	1	18.0	4372	1	1	0	4369	none	bucket:size & extent
1578.00.01	#topic-measurement	31	1	19.0	4373	1	1	0	4370	none	bucket:size & extent
2009.00.01	#topic-measurement	31	1	20.0	4374	3	1	0	4371	none	bucket:size & extent
0612.00.01	#topic-measurement	31	2	0.0	4375	2	1	0	4372	none	bucket:units
1291.00.01	#topic-measurement	31	2	1.0	4376	1	1	0	4373	none	bucket:units
2037.00.01	#topic-measurement	31	2	2.0	4377	1	1	0	4374	none	bucket:units
3177.00.01	#topic-measurement	31	2	3.0	4378	1	1	0	4375	none	bucket:units
1911.00.01	#topic-measurement	31	2	4.0	4379	1	1	0	4376	none	bucket:units
3333.00.02	#topic-measurement	31	2	5.0	4380	2	1	0	4377	none	bucket:units
2613.00.01	#topic-measurement	31	2	6.0	4381	1	1	0	4378	none	bucket:units
3893.00.01	#topic-measurement	31	2	7.0	4382	1	1	0	4379	none	bucket:units
3844.00.01	#topic-measurement	31	2	8.0	4383	1	1	0	4380	none	bucket:units
3925.00.01	#topic-measurement	31	2	9.0	4384	1	1	0	4381	none	bucket:units
1106.00.01	#topic-measurement	31	2	10.0	4385	1	1	0	4382	none	bucket:units
1150.00.01	#topic-measurement	31	2	11.0	4386	1	1	0	4383	none	bucket:units
0659.00.01	#topic-measurement	31	3	0.0	4387	1	1	0	4384	none	bucket:percent, fraction & proportion
0659.01.01	#topic-measurement	31	3	1.0	4388	1	1	0	4385	none	bucket:percent, fraction & proportion
3709.00.01	#topic-measurement	31	3	2.0	4389	1	1	0	4386	none	bucket:percent, fraction & proportion
0828.00.01	#topic-measurement	31	3	3.0	4390	1	1	0	4387	none	bucket:percent, fraction & proportion
0102.00.03	#topic-measurement	31	3	4.0	4391	3	1	0	4388	none	bucket:percent, fraction & proportion
0929.00.01	#topic-measurement	31	3	5.0	4392	2	1	0	4389	none	bucket:percent, fraction & proportion
1858.00.01	#topic-measurement	31	3	6.0	4393	1	1	0	4390	none	bucket:percent, fraction & proportion
4544.00.01	#topic-measurement	31	3	7.0	4394	1	1	0	4391	none	bucket:percent, fraction & proportion
4562.00.02	#topic-measurement	31	3	8.0	4395	2	1	0	4392	none	bucket:percent, fraction & proportion
4358.00.01	#topic-measurement	31	3	9.0	4396	1	1	0	4393	none	bucket:percent, fraction & proportion
2896.00.01	#topic-measurement	31	3	10.0	4397	1	1	0	4394	none	bucket:percent, fraction & proportion
1063.00.01	#topic-measurement	31	3	11.0	4398	1	1	0	4395	none	bucket:percent, fraction & proportion
3557.00.01	#topic-measurement	31	3	12.0	4399	1	1	0	4396	none	bucket:percent, fraction & proportion
0392.00.01	#topic-measurement	31	4	0.0	4400	1	1	0	4397	none	bucket:increase / decrease / variation
1077.00.01	#topic-measurement	31	4	1.0	4401	1	1	0	4398	none	bucket:increase / decrease / variation
3097.00.01	#topic-measurement	31	4	2.0	4402	1	1	0	4399	none	bucket:increase / decrease / variation
1626.00.01	#topic-measurement	31	4	3.0	4403	1	1	0	4400	none	bucket:increase / decrease / variation
2477.00.01	#topic-measurement	31	4	4.0	4404	1	1	0	4401	none	bucket:increase / decrease / variation
3714.00.01	#topic-measurement	31	4	5.0	4405	1	1	0	4402	none	bucket:increase / decrease / variation
3834.00.01	#topic-measurement	31	4	6.0	4406	2	1	0	4403	none	bucket:increase / decrease / variation
4726.00.01	#topic-measurement	31	4	7.0	4407	1	1	0	4404	none	bucket:increase / decrease / variation
4812.00.01	#topic-measurement	31	4	8.0	4408	1	1	0	4405	none	bucket:increase / decrease / variation
3599.00.01	#topic-measurement	31	4	9.0	4409	1	1	0	4406	none	bucket:increase / decrease / variation
0741.00.01	#topic-measurement	31	5	0.0	4410	1	1	0	4407	none	bucket:scale, limit, capacity & measuring
0806.00.01	#topic-measurement	31	5	1.0	4411	1	1	0	4408	none	bucket:scale, limit, capacity & measuring
0798.00.01	#topic-measurement	31	5	2.0	4412	1	1	0	4409	none	bucket:scale, limit, capacity & measuring
1775.00.01	#topic-measurement	31	5	3.0	4413	1	1	0	4410	none	bucket:scale, limit, capacity & measuring
1641.00.01	#topic-measurement	31	5	4.0	4414	2	1	0	4411	none	bucket:scale, limit, capacity & measuring
0722.00.01	#topic-measurement	31	5	5.0	4415	1	1	0	4412	none	bucket:scale, limit, capacity & measuring
0810.00.01	#topic-measurement	31	5	6.0	4416	1	1	0	4413	none	bucket:scale, limit, capacity & measuring
1547.00.01	#topic-measurement	31	5	7.0	4417	1	1	0	4414	none	bucket:scale, limit, capacity & measuring
0990.00.01	#topic-measurement	31	5	8.0	4418	1	1	0	4415	none	bucket:scale, limit, capacity & measuring
2878.00.01	#topic-measurement	31	5	9.0	4419	1	1	0	4416	none	bucket:scale, limit, capacity & measuring
4010.00.01	#topic-measurement	31	5	10.0	4420	1	1	0	4417	none	bucket:scale, limit, capacity & measuring
2691.00.01	#topic-measurement	31	5	11.0	4421	1	1	0	4418	none	bucket:scale, limit, capacity & measuring
1076.00.01	#topic-measurement	31	5	12.0	4422	1	1	0	4419	none	bucket:scale, limit, capacity & measuring
0398.00.01	#topic-measurement	31	5	13.0	4423	1	1	0	4420	none	bucket:scale, limit, capacity & measuring
0562.00.01	#topic-measurement	31	5	14.0	4424	1	1	0	4421	none	bucket:scale, limit, capacity & measuring
1669.00.01	#topic-measurement	31	5	15.0	4425	1	1	0	4422	none	bucket:scale, limit, capacity & measuring
1722.00.01	#topic-measurement	31	5	16.0	4426	1	1	0	4423	none	bucket:scale, limit, capacity & measuring
2144.00.01	#topic-measurement	31	5	17.0	4427	1	1	0	4424	none	bucket:scale, limit, capacity & measuring
2600.00.01	#topic-measurement	31	5	18.0	4428	1	1	0	4425	none	bucket:scale, limit, capacity & measuring
1494.00.01	#topic-measurement	31	5	19.0	4429	1	1	0	4426	none	bucket:scale, limit, capacity & measuring
3533.00.01	#topic-measurement	31	5	20.0	4430	1	1	0	4427	none	bucket:scale, limit, capacity & measuring
2142.00.01	#topic-measurement	31	5	21.0	4431	1	1	0	4428	none	bucket:scale, limit, capacity & measuring
2910.00.01	#topic-measurement	31	5	22.0	4432	1	1	0	4429	none	bucket:scale, limit, capacity & measuring
2822.00.01	#topic-measurement	31	5	23.0	4433	1	1	0	4430	none	bucket:scale, limit, capacity & measuring
4265.00.01	#topic-measurement	31	5	24.0	4434	2	1	0	4431	none	bucket:scale, limit, capacity & measuring
4808.00.01	#topic-measurement	31	5	25.0	4435	1	1	0	4432	none	bucket:scale, limit, capacity & measuring
0780.00.03	#topic-measurement	31	5	26.0	4436	3	1	0	4433	none	bucket:scale, limit, capacity & measuring
0114.00.02	#topic-measurement	31	0	4.0	4330	2	2	1	4434	none	bucket:quantity & degree
0347.00.02	#topic-measurement	31	0	7.0	4334	2	2	1	4435	none	bucket:quantity & degree
1766.00.02	#topic-measurement	31	1	9.0	4363	2	2	1	4436	none	bucket:size & extent
0209.00.02	#topic-colors	32	999	2090002.0	4437	2	1	0	4437	none	topic_default
0248.00.01	#topic-colors	32	999	2480001.0	4438	1	1	0	4438	none	topic_default
0435.00.01	#topic-colors	32	999	4350001.0	4439	1	1	0	4439	none	topic_default
0534.00.01	#topic-colors	32	999	5340001.0	4440	2	1	0	4440	none	topic_default
0711.00.01	#topic-colors	32	999	7110001.0	4441	1	1	0	4441	none	topic_default
0817.00.01	#topic-colors	32	999	8170001.0	4442	1	1	0	4442	none	topic_default
0945.00.01	#topic-colors	32	999	9450001.0	4443	1	1	0	4443	none	topic_default
1212.00.01	#topic-colors	32	999	12120001.0	4444	1	1	0	4444	none	topic_default
1377.00.02	#topic-colors	32	999	13770002.0	4445	2	1	0	4445	none	topic_default
1420.00.01	#topic-colors	32	999	14200001.0	4446	1	1	0	4446	none	topic_default
2295.00.01	#topic-colors	32	999	22950001.0	4447	1	1	0	4447	none	topic_default
2785.00.02	#topic-colors	32	999	27850002.0	4448	2	1	0	4448	none	topic_default
2815.00.01	#topic-colors	32	999	28150001.0	4449	1	1	0	4449	none	topic_default
2825.00.01	#topic-colors	32	999	28250001.0	4450	1	1	0	4450	none	topic_default
3008.00.01	#topic-colors	32	999	30080001.0	4451	1	1	0	4451	none	topic_default
3040.00.01	#topic-colors	32	999	30400001.0	4452	1	1	0	4452	none	topic_default
3076.00.01	#topic-colors	32	999	30760001.0	4453	1	1	0	4453	none	topic_default
4463.00.01	#topic-colors	32	999	44630001.0	4454	1	1	0	4454	none	topic_default
4609.00.02	#topic-colors	32	999	46090002.0	4455	2	1	0	4455	none	topic_default
4619.00.01	#topic-colors	32	999	46190001.0	4456	1	1	0	4456	none	topic_default
0164.00.02	#topic-shapes	33	999	1640002.0	4457	3	1	0	4457	none	topic_default
0460.00.01	#topic-shapes	33	999	4600001.0	4458	1	1	0	4458	none	topic_default
1552.00.01	#topic-shapes	33	999	15520001.0	4459	1	1	0	4459	none	topic_default
1639.00.01	#topic-shapes	33	999	16390001.0	4460	1	1	0	4460	none	topic_default
1678.00.01	#topic-shapes	33	999	16780001.0	4461	1	1	0	4461	none	topic_default
1799.00.01	#topic-shapes	33	999	17990001.0	4462	1	1	0	4462	none	topic_default
1941.00.01	#topic-shapes	33	999	19410001.0	4463	1	1	0	4463	none	topic_default
1943.00.01	#topic-shapes	33	999	19430001.0	4464	1	1	0	4464	none	topic_default
2043.00.03	#topic-shapes	33	999	20430003.0	4465	3	1	0	4465	none	topic_default
2621.00.01	#topic-shapes	33	999	26210001.0	4466	1	1	0	4466	none	topic_default
2702.00.01	#topic-shapes	33	999	27020001.0	4467	2	1	0	4467	none	topic_default
2846.00.01	#topic-shapes	33	999	28460001.0	4468	2	1	0	4468	none	topic_default
2847.00.01	#topic-shapes	33	999	28470001.0	4469	1	1	0	4469	none	topic_default
3452.00.02	#topic-shapes	33	999	34520002.0	4470	2	1	0	4470	none	topic_default
3518.00.01	#topic-shapes	33	999	35180001.0	4471	1	1	0	4471	none	topic_default
3826.00.01	#topic-shapes	33	999	38260001.0	4472	1	1	0	4472	none	topic_default
4014.00.01	#topic-shapes	33	999	40140001.0	4473	1	1	0	4473	none	topic_default
4446.00.01	#topic-shapes	33	999	44460001.0	4474	1	1	0	4474	none	topic_default
0306.00.01	#topic-sound	34	999	3060001.0	4475	1	1	0	4475	none	topic_default
0517.00.01	#topic-sound	34	999	5170001.0	4476	1	1	0	4476	none	topic_default
0598.00.01	#topic-sound	34	999	5980001.0	4477	1	1	0	4477	none	topic_default
0987.00.01	#topic-sound	34	999	9870001.0	4478	1	1	0	4478	none	topic_default
1025.00.01	#topic-sound	34	999	10250001.0	4479	1	1	0	4479	none	topic_default
1191.00.02	#topic-sound	34	999	11910002.0	4480	2	1	0	4480	none	topic_default
1508.00.01	#topic-sound	34	999	15080001.0	4481	1	1	0	4481	none	topic_default
1803.00.01	#topic-sound	34	999	18030001.0	4482	1	1	0	4482	none	topic_default
2101.00.02	#topic-sound	34	999	21010002.0	4483	2	1	0	4483	none	topic_default
2274.00.01	#topic-sound	34	999	22740001.0	4484	1	1	0	4484	none	topic_default
2299.00.01	#topic-sound	34	999	22990001.0	4485	1	1	0	4485	none	topic_default
2439.00.01	#topic-sound	34	999	24390001.0	4486	1	1	0	4486	none	topic_default
2623.00.01	#topic-sound	34	999	26230001.0	4487	1	1	0	4487	none	topic_default
2663.00.01	#topic-sound	34	999	26630001.0	4488	1	1	0	4488	none	topic_default
2873.00.01	#topic-sound	34	999	28730001.0	4489	1	1	0	4489	none	topic_default
3083.00.01	#topic-sound	34	999	30830001.0	4490	1	1	0	4490	none	topic_default
3581.00.01	#topic-sound	34	999	35810001.0	4491	1	1	0	4491	none	topic_default
3659.00.01	#topic-sound	34	999	36590001.0	4492	1	1	0	4492	none	topic_default
3666.00.01	#topic-sound	34	999	36660001.0	4493	1	1	0	4493	none	topic_default
3896.00.01	#topic-sound	34	999	38960001.0	4494	1	1	0	4494	none	topic_default
3957.00.01	#topic-sound	34	999	39570001.0	4495	1	1	0	4495	none	topic_default
4242.00.01	#topic-sound	34	999	42420001.0	4496	1	1	0	4496	none	topic_default
4476.00.01	#topic-sound	34	999	44760001.0	4497	1	1	0	4497	none	topic_default
4947.00.01	#topic-sound	34	999	49470001.0	4498	1	1	0	4498	none	topic_default
0103.00.01	#topic-movement-position	35	0	0.0	4499	1	1	0	4499	none	bucket:static location
0135.00.01	#topic-movement-position	35	0	1.0	4500	1	1	0	4500	none	bucket:static location
0208.00.01	#topic-movement-position	35	0	2.0	4501	1	1	0	4501	none	bucket:static location
0129.00.01	#topic-movement-position	35	0	3.0	4502	1	1	0	4502	none	bucket:static location
1263.00.01	#topic-movement-position	35	0	4.0	4503	1	1	0	4503	none	bucket:static location
0505.00.01	#topic-movement-position	35	0	5.0	4504	1	1	0	4504	none	bucket:static location
0812.00.01	#topic-movement-position	35	0	6.0	4505	1	1	0	4505	none	bucket:static location
1566.00.01	#topic-movement-position	35	0	7.0	4506	1	1	0	4506	none	bucket:static location
0224.00.02	#topic-movement-position	35	0	8.0	4507	2	1	0	4507	none	bucket:static location
0178.00.01	#topic-movement-position	35	0	9.0	4508	1	1	0	4508	none	bucket:static location
0324.00.01	#topic-movement-position	35	0	10.0	4509	1	1	0	4509	none	bucket:static location
0115.00.01	#topic-movement-position	35	0	11.0	4510	1	1	0	4510	none	bucket:static location
0228.00.01	#topic-movement-position	35	0	12.0	4511	1	1	0	4511	none	bucket:static location
0255.00.02	#topic-movement-position	35	0	13.0	4512	3	1	0	4512	none	bucket:static location
0377.00.01	#topic-movement-position	35	0	14.0	4513	1	1	0	4513	none	bucket:static location
0983.00.01	#topic-movement-position	35	0	15.0	4514	1	1	0	4514	none	bucket:static location
2086.00.01	#topic-movement-position	35	0	16.0	4515	1	1	0	4515	none	bucket:static location
2753.00.01	#topic-movement-position	35	0	17.0	4516	1	1	0	4516	none	bucket:static location
0102.00.02	#topic-movement-position	35	0	18.0	4517	3	1	0	4517	none	bucket:static location
0329.00.01	#topic-movement-position	35	0	19.0	4518	1	1	0	4518	none	bucket:static location
0367.00.01	#topic-movement-position	35	0	20.0	4519	1	1	0	4519	none	bucket:static location
0334.00.01	#topic-movement-position	35	0	21.0	4520	1	1	0	4520	none	bucket:static location
0363.00.01	#topic-movement-position	35	0	22.0	4521	1	1	0	4521	none	bucket:static location
0626.00.01	#topic-movement-position	35	0	23.0	4522	1	1	0	4522	none	bucket:static location
2554.00.01	#topic-movement-position	35	0	24.0	4523	1	1	0	4523	none	bucket:static location
0432.00.01	#topic-movement-position	35	0	25.0	4524	1	1	0	4524	none	bucket:static location
1930.00.01	#topic-movement-position	35	0	26.0	4525	1	1	0	4525	none	bucket:static location
4614.00.01	#topic-movement-position	35	0	27.0	4526	1	1	0	4526	none	bucket:static location
3348.00.02	#topic-movement-position	35	0	28.0	4527	2	1	0	4527	none	bucket:static location
2704.00.01	#topic-movement-position	35	0	29.0	4528	1	1	0	4528	none	bucket:static location
2224.00.01	#topic-movement-position	35	0	30.0	4529	1	1	0	4529	none	bucket:static location
2224.01.01	#topic-movement-position	35	0	31.0	4530	1	1	0	4530	none	bucket:static location
2224.02.01	#topic-movement-position	35	0	32.0	4531	1	1	0	4531	none	bucket:static location
2172.00.01	#topic-movement-position	35	0	33.0	4532	1	1	0	4532	none	bucket:static location
4084.00.01	#topic-movement-position	35	0	34.0	4533	1	1	0	4533	none	bucket:static location
3881.00.01	#topic-movement-position	35	0	35.0	4534	1	1	0	4534	none	bucket:static location
2370.00.01	#topic-movement-position	35	0	36.0	4535	1	1	0	4535	none	bucket:static location
2661.00.01	#topic-movement-position	35	0	37.0	4536	1	1	0	4536	none	bucket:static location
4727.00.01	#topic-movement-position	35	0	38.0	4537	1	1	0	4537	none	bucket:static location
4727.01.01	#topic-movement-position	35	0	39.0	4538	1	1	0	4538	none	bucket:static location
0159.00.01	#topic-movement-position	35	1	0.0	4539	1	1	0	4539	none	bucket:spatial relations
0615.00.01	#topic-movement-position	35	1	1.0	4540	1	1	0	4540	none	bucket:spatial relations
0907.00.01	#topic-movement-position	35	1	2.0	4541	1	1	0	4541	none	bucket:spatial relations
4441.00.01	#topic-movement-position	35	1	3.0	4542	1	1	0	4542	none	bucket:spatial relations
0513.00.01	#topic-movement-position	35	1	4.0	4543	2	1	0	4543	none	bucket:spatial relations
1357.00.01	#topic-movement-position	35	1	5.0	4544	1	1	0	4544	none	bucket:spatial relations
2422.00.03	#topic-movement-position	35	1	6.0	4545	3	1	0	4545	none	bucket:spatial relations
3840.00.01	#topic-movement-position	35	1	7.0	4546	1	1	0	4546	none	bucket:spatial relations
3800.00.01	#topic-movement-position	35	1	8.0	4547	1	1	0	4547	none	bucket:spatial relations
0029.00.01	#topic-movement-position	35	2	0.0	4548	1	1	0	4548	none	bucket:core movement verbs
0064.00.01	#topic-movement-position	35	2	1.0	4549	1	1	0	4549	none	bucket:core movement verbs
0075.00.01	#topic-movement-position	35	2	2.0	4550	1	1	0	4550	none	bucket:core movement verbs
0112.00.01	#topic-movement-position	35	2	3.0	4551	1	1	0	4551	none	bucket:core movement verbs
0154.00.01	#topic-movement-position	35	2	4.0	4552	1	1	0	4552	none	bucket:core movement verbs
0146.00.01	#topic-movement-position	35	2	5.0	4553	1	1	0	4553	none	bucket:core movement verbs
0160.00.01	#topic-movement-position	35	2	6.0	4554	1	1	0	4554	none	bucket:core movement verbs
1023.00.01	#topic-movement-position	35	2	7.0	4555	1	1	0	4555	none	bucket:core movement verbs
1910.00.01	#topic-movement-position	35	2	8.0	4556	1	1	0	4556	none	bucket:core movement verbs
0057.00.01	#topic-movement-position	35	2	9.0	4557	2	1	0	4557	none	bucket:core movement verbs
0395.00.01	#topic-movement-position	35	2	10.0	4558	1	1	0	4558	none	bucket:core movement verbs
1482.00.01	#topic-movement-position	35	2	11.0	4559	1	1	0	4559	none	bucket:core movement verbs
4292.00.01	#topic-movement-position	35	2	12.0	4560	1	1	0	4560	none	bucket:core movement verbs
0213.00.01	#topic-movement-position	35	2	13.0	4561	1	1	0	4561	none	bucket:core movement verbs
0702.00.01	#topic-movement-position	35	2	14.0	4562	1	1	0	4562	none	bucket:core movement verbs
2275.00.01	#topic-movement-position	35	2	15.0	4563	1	1	0	4563	none	bucket:core movement verbs
0646.00.01	#topic-movement-position	35	2	16.0	4564	1	1	0	4564	none	bucket:core movement verbs
1094.00.01	#topic-movement-position	35	2	17.0	4565	1	1	0	4565	none	bucket:core movement verbs
3848.00.01	#topic-movement-position	35	2	18.0	4566	1	1	0	4566	none	bucket:core movement verbs
0286.00.01	#topic-movement-position	35	2	19.0	4567	1	1	0	4567	none	bucket:core movement verbs
1006.00.01	#topic-movement-position	35	2	20.0	4568	1	1	0	4568	none	bucket:core movement verbs
0477.00.01	#topic-movement-position	35	2	21.0	4569	2	2	0	4569	none	bucket:core movement verbs
0596.00.01	#topic-movement-position	35	2	22.0	4571	1	1	0	4570	none	bucket:core movement verbs
1500.00.01	#topic-movement-position	35	2	23.0	4572	1	1	0	4571	none	bucket:core movement verbs
0959.00.01	#topic-movement-position	35	2	24.0	4573	1	1	0	4572	none	bucket:core movement verbs
2347.00.01	#topic-movement-position	35	2	25.0	4574	1	1	0	4573	none	bucket:core movement verbs
1485.00.01	#topic-movement-position	35	2	26.0	4575	1	1	0	4574	none	bucket:core movement verbs
2776.00.01	#topic-movement-position	35	2	27.0	4576	1	1	0	4575	none	bucket:core movement verbs
0899.00.01	#topic-movement-position	35	2	28.0	4577	2	1	0	4576	none	bucket:core movement verbs
2447.00.01	#topic-movement-position	35	2	29.0	4578	1	1	0	4577	none	bucket:core movement verbs
2460.00.01	#topic-movement-position	35	2	30.0	4579	1	1	0	4578	none	bucket:core movement verbs
3162.00.01	#topic-movement-position	35	2	31.0	4580	1	1	0	4579	none	bucket:core movement verbs
2141.00.01	#topic-movement-position	35	2	32.0	4581	2	2	0	4580	none	bucket:core movement verbs
4025.00.02	#topic-movement-position	35	2	33.0	4583	2	1	0	4581	none	bucket:core movement verbs
4974.00.01	#topic-movement-position	35	2	34.0	4584	1	1	0	4582	none	bucket:core movement verbs
4373.00.01	#topic-movement-position	35	2	35.0	4585	2	1	0	4583	none	bucket:core movement verbs
1849.00.01	#topic-movement-position	35	2	36.0	4586	1	1	0	4584	none	bucket:core movement verbs
1337.00.01	#topic-movement-position	35	2	37.0	4587	1	1	0	4585	none	bucket:core movement verbs
2498.00.01	#topic-movement-position	35	2	38.0	4588	1	1	0	4586	none	bucket:core movement verbs
1544.00.01	#topic-movement-position	35	2	39.0	4589	2	1	0	4587	none	bucket:core movement verbs
2006.00.01	#topic-movement-position	35	2	40.0	4590	3	2	0	4588	none	bucket:core movement verbs
3977.00.01	#topic-movement-position	35	2	41.0	4592	1	1	0	4589	none	bucket:core movement verbs
3985.00.01	#topic-movement-position	35	2	42.0	4593	1	1	0	4590	none	bucket:core movement verbs
1764.00.01	#topic-movement-position	35	2	43.0	4594	3	2	0	4591	none	bucket:core movement verbs
0088.00.01	#topic-movement-position	35	2	44.0	4596	2	1	0	4592	none	bucket:core movement verbs
0611.00.01	#topic-movement-position	35	2	45.0	4597	1	1	0	4593	none	bucket:core movement verbs
1901.00.01	#topic-movement-position	35	2	46.0	4598	1	1	0	4594	none	bucket:core movement verbs
2063.00.01	#topic-movement-position	35	2	47.0	4599	3	3	0	4595	none	bucket:core movement verbs
3540.00.01	#topic-movement-position	35	2	48.0	4602	1	1	0	4596	none	bucket:core movement verbs
0150.00.01	#topic-movement-position	35	3	0.0	4603	1	1	0	4597	none	bucket:placement & manipulation verbs
0231.00.01	#topic-movement-position	35	3	1.0	4604	1	1	0	4598	none	bucket:placement & manipulation verbs
2231.00.01	#topic-movement-position	35	3	2.0	4605	1	1	0	4599	none	bucket:placement & manipulation verbs
1590.00.01	#topic-movement-position	35	3	3.0	4606	2	1	0	4600	none	bucket:placement & manipulation verbs
3649.00.01	#topic-movement-position	35	3	4.0	4607	1	1	0	4601	none	bucket:placement & manipulation verbs
2818.00.01	#topic-movement-position	35	3	5.0	4608	1	1	0	4602	none	bucket:placement & manipulation verbs
4657.00.01	#topic-movement-position	35	3	6.0	4609	2	1	0	4603	none	bucket:placement & manipulation verbs
0376.00.01	#topic-movement-position	35	3	7.0	4610	1	1	0	4604	none	bucket:placement & manipulation verbs
0773.00.01	#topic-movement-position	35	3	8.0	4611	1	1	0	4605	none	bucket:placement & manipulation verbs
4419.00.01	#topic-movement-position	35	3	9.0	4612	1	1	0	4606	none	bucket:placement & manipulation verbs
0086.00.01	#topic-movement-position	35	3	10.0	4613	1	1	0	4607	none	bucket:placement & manipulation verbs
0523.00.02	#topic-movement-position	35	3	11.0	4614	2	1	0	4608	none	bucket:placement & manipulation verbs
1155.00.01	#topic-movement-position	35	3	12.0	4615	1	1	0	4609	none	bucket:placement & manipulation verbs
1472.00.01	#topic-movement-position	35	3	13.0	4616	1	1	0	4610	none	bucket:placement & manipulation verbs
2571.00.01	#topic-movement-position	35	3	14.0	4617	1	1	0	4611	none	bucket:placement & manipulation verbs
2014.00.01	#topic-movement-position	35	3	15.0	4618	1	1	0	4612	none	bucket:placement & manipulation verbs
2369.00.01	#topic-movement-position	35	3	16.0	4619	2	1	0	4613	none	bucket:placement & manipulation verbs
2047.00.01	#topic-movement-position	35	3	17.0	4620	1	1	0	4614	none	bucket:placement & manipulation verbs
2119.00.01	#topic-movement-position	35	3	18.0	4621	3	2	0	4615	none	bucket:placement & manipulation verbs
0743.00.01	#topic-movement-position	35	3	19.0	4623	1	1	0	4616	none	bucket:placement & manipulation verbs
1363.00.01	#topic-movement-position	35	3	20.0	4624	1	1	0	4617	none	bucket:placement & manipulation verbs
2241.00.01	#topic-movement-position	35	3	21.0	4625	3	3	0	4618	none	bucket:placement & manipulation verbs
0988.00.01	#topic-movement-position	35	3	22.0	4628	1	1	0	4619	none	bucket:placement & manipulation verbs
4143.00.01	#topic-movement-position	35	3	23.0	4629	1	1	0	4620	none	bucket:placement & manipulation verbs
2008.00.01	#topic-movement-position	35	3	24.0	4630	1	1	0	4621	none	bucket:placement & manipulation verbs
4026.00.01	#topic-movement-position	35	3	25.0	4631	1	1	0	4622	none	bucket:placement & manipulation verbs
3994.00.01	#topic-movement-position	35	3	26.0	4632	1	1	0	4623	none	bucket:placement & manipulation verbs
4823.00.01	#topic-movement-position	35	3	27.0	4633	1	1	0	4624	none	bucket:placement & manipulation verbs
4272.00.01	#topic-movement-position	35	3	28.0	4634	1	1	0	4625	none	bucket:placement & manipulation verbs
4061.00.01	#topic-movement-position	35	3	29.0	4635	1	1	0	4626	none	bucket:placement & manipulation verbs
1307.00.01	#topic-movement-position	35	3	30.0	4636	1	1	0	4627	none	bucket:placement & manipulation verbs
4785.00.01	#topic-movement-position	35	3	31.0	4637	1	1	0	4628	none	bucket:placement & manipulation verbs
2018.00.02	#topic-movement-position	35	3	32.0	4638	3	1	0	4629	none	bucket:placement & manipulation verbs
4933.00.01	#topic-movement-position	35	3	33.0	4639	1	1	0	4630	none	bucket:placement & manipulation verbs
0229.00.01	#topic-movement-position	35	4	0.0	4640	1	1	0	4631	none	bucket:appearance, reach & abstract movement
0339.00.01	#topic-movement-position	35	4	1.0	4641	1	1	0	4632	none	bucket:appearance, reach & abstract movement
0935.00.01	#topic-movement-position	35	4	2.0	4642	1	1	0	4633	none	bucket:appearance, reach & abstract movement
3585.00.01	#topic-movement-position	35	4	3.0	4643	1	1	0	4634	none	bucket:appearance, reach & abstract movement
3580.00.01	#topic-movement-position	35	4	4.0	4644	1	1	0	4635	none	bucket:appearance, reach & abstract movement
2869.00.01	#topic-movement-position	35	4	5.0	4645	1	1	0	4636	none	bucket:appearance, reach & abstract movement
3508.00.01	#topic-movement-position	35	4	6.0	4646	1	1	0	4637	none	bucket:appearance, reach & abstract movement
3009.00.01	#topic-movement-position	35	4	7.0	4647	1	1	0	4638	none	bucket:appearance, reach & abstract movement
0514.00.01	#topic-movement-position	35	4	8.0	4648	1	1	0	4639	none	bucket:appearance, reach & abstract movement
0916.00.01	#topic-movement-position	35	4	9.0	4649	1	1	0	4640	none	bucket:appearance, reach & abstract movement
0603.00.01	#topic-movement-position	35	4	10.0	4650	1	1	0	4641	none	bucket:appearance, reach & abstract movement
0871.00.01	#topic-movement-position	35	4	11.0	4651	1	1	0	4642	none	bucket:appearance, reach & abstract movement
0827.00.01	#topic-movement-position	35	4	12.0	4652	1	1	0	4643	none	bucket:appearance, reach & abstract movement
0857.00.01	#topic-movement-position	35	4	13.0	4653	1	1	0	4644	none	bucket:appearance, reach & abstract movement
2517.00.01	#topic-movement-position	35	4	14.0	4654	2	2	0	4645	none	bucket:appearance, reach & abstract movement
4401.00.01	#topic-movement-position	35	4	15.0	4656	1	1	0	4646	none	bucket:appearance, reach & abstract movement
0816.00.01	#topic-movement-position	35	4	16.0	4657	1	1	0	4647	none	bucket:appearance, reach & abstract movement
2539.00.01	#topic-movement-position	35	4	17.0	4658	1	1	0	4648	none	bucket:appearance, reach & abstract movement
0967.00.01	#topic-movement-position	35	4	18.0	4659	1	1	0	4649	none	bucket:appearance, reach & abstract movement
2108.00.01	#topic-movement-position	35	4	19.0	4660	2	1	0	4650	none	bucket:appearance, reach & abstract movement
3834.00.02	#topic-movement-position	35	4	20.0	4661	2	1	0	4651	none	bucket:appearance, reach & abstract movement
2724.00.01	#topic-movement-position	35	4	21.0	4662	1	1	0	4652	none	bucket:appearance, reach & abstract movement
2316.00.01	#topic-movement-position	35	4	22.0	4663	1	1	0	4653	none	bucket:appearance, reach & abstract movement
4944.00.01	#topic-movement-position	35	4	23.0	4664	1	1	0	4654	none	bucket:appearance, reach & abstract movement
1375.00.01	#topic-movement-position	35	4	24.0	4665	3	1	0	4655	none	bucket:appearance, reach & abstract movement
1598.00.01	#topic-movement-position	35	4	25.0	4666	1	1	0	4656	none	bucket:appearance, reach & abstract movement
1676.00.01	#topic-movement-position	35	4	26.0	4667	1	1	0	4657	none	bucket:appearance, reach & abstract movement
1719.00.01	#topic-movement-position	35	4	27.0	4668	1	1	0	4658	none	bucket:appearance, reach & abstract movement
1753.00.01	#topic-movement-position	35	4	28.0	4669	2	2	0	4659	none	bucket:appearance, reach & abstract movement
2170.00.01	#topic-movement-position	35	4	29.0	4671	1	1	0	4660	none	bucket:appearance, reach & abstract movement
2189.00.01	#topic-movement-position	35	4	30.0	4672	1	1	0	4661	none	bucket:appearance, reach & abstract movement
2229.00.01	#topic-movement-position	35	4	31.0	4673	1	1	0	4662	none	bucket:appearance, reach & abstract movement
3850.00.01	#topic-movement-position	35	4	32.0	4674	1	1	0	4663	none	bucket:appearance, reach & abstract movement
3878.00.02	#topic-movement-position	35	4	33.0	4675	2	1	0	4664	none	bucket:appearance, reach & abstract movement
3650.00.01	#topic-movement-position	35	4	34.0	4676	1	1	0	4665	none	bucket:appearance, reach & abstract movement
3644.00.01	#topic-movement-position	35	4	35.0	4677	1	1	0	4666	none	bucket:appearance, reach & abstract movement
3358.00.01	#topic-movement-position	35	4	36.0	4678	1	1	0	4667	none	bucket:appearance, reach & abstract movement
4127.00.01	#topic-movement-position	35	4	37.0	4679	1	1	0	4668	none	bucket:appearance, reach & abstract movement
4473.00.01	#topic-movement-position	35	4	38.0	4680	2	1	0	4669	none	bucket:appearance, reach & abstract movement
0320.00.01	#topic-movement-position	35	4	39.0	4681	1	1	0	4670	none	bucket:appearance, reach & abstract movement
0039.00.01	#topic-movement-position	35	4	40.0	4682	1	1	0	4671	none	bucket:appearance, reach & abstract movement
0254.00.01	#topic-movement-position	35	4	41.0	4683	3	1	0	4672	none	bucket:appearance, reach & abstract movement
0312.00.01	#topic-movement-position	35	4	42.0	4684	1	1	0	4673	none	bucket:appearance, reach & abstract movement
0055.00.01	#topic-movement-position	35	4	43.0	4685	3	3	0	4674	none	bucket:appearance, reach & abstract movement
0142.00.01	#topic-movement-position	35	4	44.0	4688	1	1	0	4675	none	bucket:appearance, reach & abstract movement
0975.00.01	#topic-movement-position	35	4	45.0	4689	1	1	0	4676	none	bucket:appearance, reach & abstract movement
1349.00.01	#topic-movement-position	35	4	46.0	4690	1	1	0	4677	none	bucket:appearance, reach & abstract movement
0383.00.01	#topic-movement-position	35	4	47.0	4691	1	1	0	4678	none	bucket:appearance, reach & abstract movement
1188.00.01	#topic-movement-position	35	4	48.0	4692	1	1	0	4679	none	bucket:appearance, reach & abstract movement
2939.00.01	#topic-movement-position	35	4	49.0	4693	1	1	0	4680	none	bucket:appearance, reach & abstract movement
2425.00.01	#topic-movement-position	35	4	50.0	4694	1	1	0	4681	none	bucket:appearance, reach & abstract movement
2535.00.01	#topic-movement-position	35	4	51.0	4695	1	1	0	4682	none	bucket:appearance, reach & abstract movement
0247.00.01	#topic-movement-position	35	4	52.0	4696	1	1	0	4683	none	bucket:appearance, reach & abstract movement
3546.00.01	#topic-movement-position	35	4	53.0	4697	1	1	0	4684	none	bucket:appearance, reach & abstract movement
4683.00.01	#topic-movement-position	35	4	54.0	4698	1	1	0	4685	none	bucket:appearance, reach & abstract movement
2304.00.01	#topic-movement-position	35	4	55.0	4699	1	1	0	4686	none	bucket:appearance, reach & abstract movement
1439.00.02	#topic-movement-position	35	4	56.0	4700	2	1	0	4687	none	bucket:appearance, reach & abstract movement
1056.00.01	#topic-movement-position	35	4	57.0	4701	1	1	0	4688	none	bucket:appearance, reach & abstract movement
3182.00.01	#topic-movement-position	35	4	58.0	4702	1	1	0	4689	none	bucket:appearance, reach & abstract movement
1835.00.01	#topic-movement-position	35	4	59.0	4703	1	1	0	4690	none	bucket:appearance, reach & abstract movement
3924.00.01	#topic-movement-position	35	4	60.0	4704	1	1	0	4691	none	bucket:appearance, reach & abstract movement
4394.00.01	#topic-movement-position	35	4	61.0	4705	1	1	0	4692	none	bucket:appearance, reach & abstract movement
1502.00.02	#topic-movement-position	35	4	62.0	4706	2	1	0	4693	none	bucket:appearance, reach & abstract movement
1516.00.02	#topic-movement-position	35	4	63.0	4707	2	1	0	4694	none	bucket:appearance, reach & abstract movement
1421.00.02	#topic-movement-position	35	4	64.0	4708	2	1	0	4695	none	bucket:appearance, reach & abstract movement
3512.00.01	#topic-movement-position	35	4	65.0	4709	1	1	0	4696	none	bucket:appearance, reach & abstract movement
3751.00.01	#topic-movement-position	35	4	66.0	4710	1	1	0	4697	none	bucket:appearance, reach & abstract movement
3762.00.01	#topic-movement-position	35	4	67.0	4711	1	1	0	4698	none	bucket:appearance, reach & abstract movement
4357.00.01	#topic-movement-position	35	4	68.0	4712	1	1	0	4699	none	bucket:appearance, reach & abstract movement
4369.00.01	#topic-movement-position	35	4	69.0	4713	1	1	0	4700	none	bucket:appearance, reach & abstract movement
4889.00.02	#topic-movement-position	35	4	70.0	4714	2	1	0	4701	none	bucket:appearance, reach & abstract movement
4286.00.01	#topic-movement-position	35	4	71.0	4715	1	1	0	4702	none	bucket:appearance, reach & abstract movement
4804.00.01	#topic-movement-position	35	4	72.0	4716	1	1	0	4703	none	bucket:appearance, reach & abstract movement
3913.00.01	#topic-movement-position	35	4	73.0	4717	1	1	0	4704	none	bucket:appearance, reach & abstract movement
4652.00.01	#topic-movement-position	35	4	74.0	4718	1	1	0	4705	none	bucket:appearance, reach & abstract movement
4488.00.01	#topic-movement-position	35	4	75.0	4719	1	1	0	4706	none	bucket:appearance, reach & abstract movement
3888.00.01	#topic-movement-position	35	4	76.0	4720	1	1	0	4707	none	bucket:appearance, reach & abstract movement
4182.00.01	#topic-movement-position	35	4	77.0	4721	1	1	0	4708	none	bucket:appearance, reach & abstract movement
4603.00.01	#topic-movement-position	35	4	78.0	4722	1	1	0	4709	none	bucket:appearance, reach & abstract movement
1570.00.02	#topic-movement-position	35	4	79.0	4723	2	1	0	4710	none	bucket:appearance, reach & abstract movement
0477.00.02	#topic-movement-position	35	2	21.0	4570	2	2	1	4711	none	bucket:core movement verbs
2141.00.02	#topic-movement-position	35	2	32.0	4582	2	2	1	4712	none	bucket:core movement verbs
2006.00.02	#topic-movement-position	35	2	40.0	4591	3	2	1	4713	none	bucket:core movement verbs
1764.00.02	#topic-movement-position	35	2	43.0	4595	3	2	1	4714	none	bucket:core movement verbs
2063.00.02	#topic-movement-position	35	2	47.0	4600	3	3	1	4715	none	bucket:core movement verbs
2119.00.02	#topic-movement-position	35	3	18.0	4622	3	2	1	4716	none	bucket:placement & manipulation verbs
2241.00.02	#topic-movement-position	35	3	21.0	4626	3	3	1	4717	none	bucket:placement & manipulation verbs
2517.00.02	#topic-movement-position	35	4	14.0	4655	2	2	1	4718	none	bucket:appearance, reach & abstract movement
1753.00.02	#topic-movement-position	35	4	28.0	4670	2	2	1	4719	none	bucket:appearance, reach & abstract movement
0055.00.02	#topic-movement-position	35	4	43.0	4686	3	3	1	4720	none	bucket:appearance, reach & abstract movement
2063.00.03	#topic-movement-position	35	2	47.0	4601	3	3	2	4721	none	bucket:core movement verbs
2241.00.03	#topic-movement-position	35	3	21.0	4627	3	3	2	4722	none	bucket:placement & manipulation verbs
0055.00.03	#topic-movement-position	35	4	43.0	4687	3	3	2	4723	none	bucket:appearance, reach & abstract movement
0102.00.01	#topic-transport	36	999	1020001.0	4724	3	1	0	4724	none	topic_default
0313.00.01	#topic-transport	36	999	3130001.0	4725	1	1	0	4725	none	topic_default
0343.00.01	#topic-transport	36	999	3430001.0	4726	1	1	0	4726	none	topic_default
0381.00.01	#topic-transport	36	999	3810001.0	4727	3	2	0	4727	none	topic_default
0396.00.01	#topic-transport	36	999	3960001.0	4729	1	1	0	4728	none	topic_default
0439.00.01	#topic-transport	36	999	4390001.0	4730	2	2	0	4729	none	topic_default
0483.00.02	#topic-transport	36	999	4830002.0	4732	3	1	0	4730	none	topic_default
0589.00.01	#topic-transport	36	999	5890001.0	4733	1	1	0	4731	none	topic_default
0604.00.02	#topic-transport	36	999	6040002.0	4734	3	1	0	4732	none	topic_default
0612.00.02	#topic-transport	36	999	6120002.0	4735	2	1	0	4733	none	topic_default
0617.00.01	#topic-transport	36	999	6170001.0	4736	1	1	0	4734	none	topic_default
0762.00.01	#topic-transport	36	999	7620001.0	4737	2	2	0	4735	none	topic_default
0859.00.01	#topic-transport	36	999	8590001.0	4739	1	1	0	4736	none	topic_default
0865.00.01	#topic-transport	36	999	8650001.0	4740	1	1	0	4737	none	topic_default
0887.00.01	#topic-transport	36	999	8870001.0	4741	1	1	0	4738	none	topic_default
0938.00.01	#topic-transport	36	999	9380001.0	4742	1	1	0	4739	none	topic_default
1009.00.01	#topic-transport	36	999	10090001.0	4743	1	1	0	4740	none	topic_default
1044.00.01	#topic-transport	36	999	10440001.0	4744	1	1	0	4741	none	topic_default
1047.00.02	#topic-transport	36	999	10470002.0	4745	2	1	0	4742	none	topic_default
1055.00.01	#topic-transport	36	999	10550001.0	4746	3	2	0	4743	none	topic_default
1090.00.01	#topic-transport	36	999	10900001.0	4748	1	1	0	4744	none	topic_default
1192.00.01	#topic-transport	36	999	11920001.0	4749	1	1	0	4745	none	topic_default
1238.00.01	#topic-transport	36	999	12380001.0	4750	1	1	0	4746	none	topic_default
1317.00.01	#topic-transport	36	999	13170001.0	4751	1	1	0	4747	none	topic_default
1375.00.03	#topic-transport	36	999	13750003.0	4752	3	1	0	4748	none	topic_default
1380.00.01	#topic-transport	36	999	13800001.0	4753	2	2	0	4749	none	topic_default
1439.00.01	#topic-transport	36	999	14390001.0	4755	2	1	0	4750	none	topic_default
1444.00.01	#topic-transport	36	999	14440001.0	4756	1	1	0	4751	none	topic_default
1499.00.01	#topic-transport	36	999	14990001.0	4757	1	1	0	4752	none	topic_default
1644.00.01	#topic-transport	36	999	16440001.0	4758	1	1	0	4753	none	topic_default
1685.00.01	#topic-transport	36	999	16850001.0	4759	1	1	0	4754	none	topic_default
1687.00.01	#topic-transport	36	999	16870001.0	4760	1	1	0	4755	none	topic_default
1742.00.01	#topic-transport	36	999	17420001.0	4761	3	1	0	4756	none	topic_default
1793.00.01	#topic-transport	36	999	17930001.0	4762	1	1	0	4757	none	topic_default
1838.00.01	#topic-transport	36	999	18380001.0	4763	1	1	0	4758	none	topic_default
1889.00.01	#topic-transport	36	999	18890001.0	4764	1	1	0	4759	none	topic_default
2018.00.03	#topic-transport	36	999	20180003.0	4765	3	1	0	4760	none	topic_default
2053.00.01	#topic-transport	36	999	20530001.0	4766	2	1	0	4761	none	topic_default
2094.00.01	#topic-transport	36	999	20940001.0	4767	1	1	0	4762	none	topic_default
2120.00.03	#topic-transport	36	999	21200003.0	4768	4	2	0	4763	none	topic_default
2161.00.01	#topic-transport	36	999	21610001.0	4770	1	1	0	4764	none	topic_default
2178.00.02	#topic-transport	36	999	21780002.0	4771	3	1	0	4765	none	topic_default
2186.00.03	#topic-transport	36	999	21860003.0	4772	3	1	0	4766	none	topic_default
2218.00.01	#topic-transport	36	999	22180001.0	4773	1	1	0	4767	none	topic_default
2379.00.01	#topic-transport	36	999	23790001.0	4774	1	1	0	4768	none	topic_default
2455.00.01	#topic-transport	36	999	24550001.0	4775	1	1	0	4769	none	topic_default
2545.00.01	#topic-transport	36	999	25450001.0	4776	1	1	0	4770	none	topic_default
2592.00.01	#topic-transport	36	999	25920001.0	4777	1	1	0	4771	none	topic_default
2604.00.01	#topic-transport	36	999	26040001.0	4778	1	1	0	4772	none	topic_default
2650.00.01	#topic-transport	36	999	26500001.0	4779	1	1	0	4773	none	topic_default
2681.00.01	#topic-transport	36	999	26810001.0	4780	1	1	0	4774	none	topic_default
2699.00.01	#topic-transport	36	999	26990001.0	4781	1	1	0	4775	none	topic_default
2702.00.02	#topic-transport	36	999	27020002.0	4782	2	1	0	4776	none	topic_default
2707.00.01	#topic-transport	36	999	27070001.0	4783	1	1	0	4777	none	topic_default
2714.00.01	#topic-transport	36	999	27140001.0	4784	1	1	0	4778	none	topic_default
2765.00.01	#topic-transport	36	999	27650001.0	4785	1	1	0	4779	none	topic_default
2835.00.01	#topic-transport	36	999	28350001.0	4786	2	1	0	4780	none	topic_default
2874.00.01	#topic-transport	36	999	28740001.0	4787	1	1	0	4781	none	topic_default
2877.00.01	#topic-transport	36	999	28770001.0	4788	1	1	0	4782	none	topic_default
2921.00.01	#topic-transport	36	999	29210001.0	4789	1	1	0	4783	none	topic_default
2984.00.01	#topic-transport	36	999	29840001.0	4790	1	1	0	4784	none	topic_default
3036.00.01	#topic-transport	36	999	30360001.0	4791	1	1	0	4785	none	topic_default
3117.00.01	#topic-transport	36	999	31170001.0	4792	1	1	0	4786	none	topic_default
3190.00.01	#topic-transport	36	999	31900001.0	4793	1	1	0	4787	none	topic_default
3234.00.02	#topic-transport	36	999	32340002.0	4794	3	1	0	4788	none	topic_default
3313.00.01	#topic-transport	36	999	33130001.0	4795	1	1	0	4789	none	topic_default
3357.00.01	#topic-transport	36	999	33570001.0	4796	1	1	0	4790	none	topic_default
3366.00.01	#topic-transport	36	999	33660001.0	4797	1	1	0	4791	none	topic_default
3400.00.01	#topic-transport	36	999	34000001.0	4798	1	1	0	4792	none	topic_default
3405.00.01	#topic-transport	36	999	34050001.0	4799	1	1	0	4793	none	topic_default
3406.00.01	#topic-transport	36	999	34060001.0	4800	1	1	0	4794	none	topic_default
3511.00.01	#topic-transport	36	999	35110001.0	4801	1	1	0	4795	none	topic_default
3529.00.01	#topic-transport	36	999	35290001.0	4802	1	1	0	4796	none	topic_default
3603.00.01	#topic-transport	36	999	36030001.0	4803	1	1	0	4797	none	topic_default
3679.00.01	#topic-transport	36	999	36790001.0	4804	1	1	0	4798	none	topic_default
3696.00.03	#topic-transport	36	999	36960003.0	4805	3	1	0	4799	none	topic_default
3724.00.01	#topic-transport	36	999	37240001.0	4806	1	1	0	4800	none	topic_default
3783.00.01	#topic-transport	36	999	37830001.0	4807	1	1	0	4801	none	topic_default
3794.00.01	#topic-transport	36	999	37940001.0	4808	1	1	0	4802	none	topic_default
3818.00.01	#topic-transport	36	999	38180001.0	4809	1	1	0	4803	none	topic_default
3878.00.01	#topic-transport	36	999	38780001.0	4810	2	1	0	4804	none	topic_default
3885.00.01	#topic-transport	36	999	38850001.0	4811	1	1	0	4805	none	topic_default
4013.00.01	#topic-transport	36	999	40130001.0	4812	1	1	0	4806	none	topic_default
4031.00.01	#topic-transport	36	999	40310001.0	4813	1	1	0	4807	none	topic_default
4041.00.01	#topic-transport	36	999	40410001.0	4814	1	1	0	4808	none	topic_default
4066.00.01	#topic-transport	36	999	40660001.0	4815	1	1	0	4809	none	topic_default
4285.00.01	#topic-transport	36	999	42850001.0	4816	1	1	0	4810	none	topic_default
4339.00.01	#topic-transport	36	999	43390001.0	4817	1	1	0	4811	none	topic_default
4343.00.01	#topic-transport	36	999	43430001.0	4818	2	1	0	4812	none	topic_default
4371.00.01	#topic-transport	36	999	43710001.0	4819	1	1	0	4813	none	topic_default
4393.00.02	#topic-transport	36	999	43930002.0	4820	2	1	0	4814	none	topic_default
4456.00.01	#topic-transport	36	999	44560001.0	4821	1	1	0	4815	none	topic_default
4479.00.01	#topic-transport	36	999	44790001.0	4822	1	1	0	4816	none	topic_default
4616.00.01	#topic-transport	36	999	46160001.0	4823	1	1	0	4817	none	topic_default
4625.00.01	#topic-transport	36	999	46250001.0	4824	2	2	0	4818	none	topic_default
4680.00.01	#topic-transport	36	999	46800001.0	4826	1	1	0	4819	none	topic_default
4714.00.01	#topic-transport	36	999	47140001.0	4827	1	1	0	4820	none	topic_default
4736.00.01	#topic-transport	36	999	47360001.0	4828	1	1	0	4821	none	topic_default
4789.00.01	#topic-transport	36	999	47890001.0	4829	1	1	0	4822	none	topic_default
4958.00.01	#topic-transport	36	999	49580001.0	4830	1	1	0	4823	none	topic_default
4962.00.01	#topic-transport	36	999	49620001.0	4831	1	1	0	4824	none	topic_default
0381.00.02	#topic-transport	36	999	3810002.0	4728	3	2	1	4825	none	topic_default
0439.00.02	#topic-transport	36	999	4390002.0	4731	2	2	1	4826	none	topic_default
0762.00.02	#topic-transport	36	999	7620002.0	4738	2	2	1	4827	none	topic_default
1055.00.02	#topic-transport	36	999	10550002.0	4747	3	2	1	4828	none	topic_default
1380.00.02	#topic-transport	36	999	13800002.0	4754	2	2	1	4829	none	topic_default
2120.00.04	#topic-transport	36	999	21200004.0	4769	4	2	1	4830	none	topic_default
4625.00.02	#topic-transport	36	999	46250002.0	4825	2	2	1	4831	none	topic_default
0266.00.01	#topic-travel	37	999	2660001.0	4832	2	1	0	4832	none	topic_default
0301.00.01	#topic-travel	37	999	3010001.0	4833	2	1	0	4833	none	topic_default
0400.00.01	#topic-travel	37	999	4000001.0	4834	1	1	0	4834	none	topic_default
0786.00.01	#topic-travel	37	999	7860001.0	4835	1	1	0	4835	none	topic_default
0829.00.01	#topic-travel	37	999	8290001.0	4836	1	1	0	4836	none	topic_default
0977.00.01	#topic-travel	37	999	9770001.0	4837	1	1	0	4837	none	topic_default
1032.00.01	#topic-travel	37	999	10320001.0	4838	1	1	0	4838	none	topic_default
1055.00.03	#topic-travel	37	999	10550003.0	4839	3	1	0	4839	none	topic_default
1253.00.01	#topic-travel	37	999	12530001.0	4840	1	1	0	4840	none	topic_default
1404.00.02	#topic-travel	37	999	14040002.0	4841	2	1	0	4841	none	topic_default
1580.00.01	#topic-travel	37	999	15800001.0	4842	1	1	0	4842	none	topic_default
1585.00.01	#topic-travel	37	999	15850001.0	4843	1	1	0	4843	none	topic_default
1651.00.01	#topic-travel	37	999	16510001.0	4844	1	1	0	4844	none	topic_default
1694.00.01	#topic-travel	37	999	16940001.0	4845	1	1	0	4845	none	topic_default
1813.00.01	#topic-travel	37	999	18130001.0	4846	1	1	0	4846	none	topic_default
1841.00.01	#topic-travel	37	999	18410001.0	4847	1	1	0	4847	none	topic_default
1847.00.01	#topic-travel	37	999	18470001.0	4848	1	1	0	4848	none	topic_default
2053.00.02	#topic-travel	37	999	20530002.0	4849	2	1	0	4849	none	topic_default
2077.00.02	#topic-travel	37	999	20770002.0	4850	3	1	0	4850	none	topic_default
2355.00.01	#topic-travel	37	999	23550001.0	4851	1	1	0	4851	none	topic_default
2385.00.01	#topic-travel	37	999	23850001.0	4852	1	1	0	4852	none	topic_default
2432.00.01	#topic-travel	37	999	24320001.0	4853	2	1	0	4853	none	topic_default
2436.00.01	#topic-travel	37	999	24360001.0	4854	1	1	0	4854	none	topic_default
2467.00.01	#topic-travel	37	999	24670001.0	4855	1	1	0	4855	none	topic_default
2511.00.01	#topic-travel	37	999	25110001.0	4856	1	1	0	4856	none	topic_default
2605.00.01	#topic-travel	37	999	26050001.0	4857	1	1	0	4857	none	topic_default
2633.00.01	#topic-travel	37	999	26330001.0	4858	1	1	0	4858	none	topic_default
2639.00.01	#topic-travel	37	999	26390001.0	4859	1	1	0	4859	none	topic_default
2774.00.02	#topic-travel	37	999	27740002.0	4860	3	1	0	4860	none	topic_default
2802.00.02	#topic-travel	37	999	28020002.0	4861	3	2	0	4861	none	topic_default
2806.00.01	#topic-travel	37	999	28060001.0	4863	1	1	0	4862	none	topic_default
2917.00.01	#topic-travel	37	999	29170001.0	4864	1	1	0	4863	none	topic_default
3033.00.01	#topic-travel	37	999	30330001.0	4865	1	1	0	4864	none	topic_default
3179.00.01	#topic-travel	37	999	31790001.0	4866	1	1	0	4865	none	topic_default
3219.00.01	#topic-travel	37	999	32190001.0	4867	1	1	0	4866	none	topic_default
3364.00.01	#topic-travel	37	999	33640001.0	4868	1	1	0	4867	none	topic_default
3616.00.01	#topic-travel	37	999	36160001.0	4869	1	1	0	4868	none	topic_default
3630.00.02	#topic-travel	37	999	36300002.0	4870	2	1	0	4869	none	topic_default
3641.00.01	#topic-travel	37	999	36410001.0	4871	1	1	0	4870	none	topic_default
3697.00.01	#topic-travel	37	999	36970001.0	4872	1	1	0	4871	none	topic_default
3763.00.01	#topic-travel	37	999	37630001.0	4873	1	1	0	4872	none	topic_default
3930.00.01	#topic-travel	37	999	39300001.0	4874	1	1	0	4873	none	topic_default
4068.00.01	#topic-travel	37	999	40680001.0	4875	1	1	0	4874	none	topic_default
4223.00.01	#topic-travel	37	999	42230001.0	4876	1	1	0	4875	none	topic_default
4384.00.01	#topic-travel	37	999	43840001.0	4877	1	1	0	4876	none	topic_default
4591.00.01	#topic-travel	37	999	45910001.0	4878	1	1	0	4877	none	topic_default
4707.00.01	#topic-travel	37	999	47070001.0	4879	1	1	0	4878	none	topic_default
4750.00.01	#topic-travel	37	999	47500001.0	4880	1	1	0	4879	none	topic_default
4765.00.01	#topic-travel	37	999	47650001.0	4881	1	1	0	4880	none	topic_default
4906.00.01	#topic-travel	37	999	49060001.0	4882	1	1	0	4881	none	topic_default
2802.00.03	#topic-travel	37	999	28020003.0	4862	3	2	1	4882	none	topic_default
0109.00.01	#topic-city-places	38	999	1090001.0	4883	1	1	0	4883	none	topic_default
0263.00.02	#topic-city-places	38	999	2630002.0	4884	2	1	0	4884	none	topic_default
0303.00.01	#topic-city-places	38	999	3030001.0	4885	2	2	0	4885	none	topic_default
0328.00.02	#topic-city-places	38	999	3280002.0	4887	2	1	0	4886	none	topic_default
0330.00.01	#topic-city-places	38	999	3300001.0	4888	1	1	0	4887	none	topic_default
0408.00.02	#topic-city-places	38	999	4080002.0	4889	2	1	0	4888	none	topic_default
0433.00.02	#topic-city-places	38	999	4330002.0	4890	2	1	0	4889	none	topic_default
0577.00.01	#topic-city-places	38	999	5770001.0	4891	1	1	0	4890	none	topic_default
0590.00.01	#topic-city-places	38	999	5900001.0	4892	1	1	0	4891	none	topic_default
0666.00.01	#topic-city-places	38	999	6660001.0	4893	1	1	0	4892	none	topic_default
0694.00.02	#topic-city-places	38	999	6940002.0	4894	2	1	0	4893	none	topic_default
0723.00.01	#topic-city-places	38	999	7230001.0	4895	1	1	0	4894	none	topic_default
0790.00.01	#topic-city-places	38	999	7900001.0	4896	1	1	0	4895	none	topic_default
0862.00.01	#topic-city-places	38	999	8620001.0	4897	1	1	0	4896	none	topic_default
0913.00.02	#topic-city-places	38	999	9130002.0	4898	3	1	0	4897	none	topic_default
1011.00.01	#topic-city-places	38	999	10110001.0	4899	1	1	0	4898	none	topic_default
1041.00.01	#topic-city-places	38	999	10410001.0	4900	1	1	0	4899	none	topic_default
1108.00.01	#topic-city-places	38	999	11080001.0	4901	1	1	0	4900	none	topic_default
1208.00.01	#topic-city-places	38	999	12080001.0	4902	1	1	0	4901	none	topic_default
1226.00.01	#topic-city-places	38	999	12260001.0	4903	1	1	0	4902	none	topic_default
1235.00.01	#topic-city-places	38	999	12350001.0	4904	1	1	0	4903	none	topic_default
1333.00.01	#topic-city-places	38	999	13330001.0	4905	1	1	0	4904	none	topic_default
1480.00.01	#topic-city-places	38	999	14800001.0	4906	1	1	0	4905	none	topic_default
1558.00.01	#topic-city-places	38	999	15580001.0	4907	1	1	0	4906	none	topic_default
1640.00.02	#topic-city-places	38	999	16400002.0	4908	2	1	0	4907	none	topic_default
1742.00.03	#topic-city-places	38	999	17420003.0	4909	3	1	0	4908	none	topic_default
1745.00.01	#topic-city-places	38	999	17450001.0	4910	1	1	0	4909	none	topic_default
1830.00.01	#topic-city-places	38	999	18300001.0	4911	3	3	0	4910	none	topic_default
1845.00.01	#topic-city-places	38	999	18450001.0	4914	1	1	0	4911	none	topic_default
1967.00.01	#topic-city-places	38	999	19670001.0	4915	1	1	0	4912	none	topic_default
2024.00.02	#topic-city-places	38	999	20240002.0	4916	2	1	0	4913	none	topic_default
2043.00.02	#topic-city-places	38	999	20430002.0	4917	3	1	0	4914	none	topic_default
2089.00.01	#topic-city-places	38	999	20890001.0	4918	1	1	0	4915	none	topic_default
2178.00.03	#topic-city-places	38	999	21780003.0	4919	3	1	0	4916	none	topic_default
2284.00.01	#topic-city-places	38	999	22840001.0	4920	2	1	0	4917	none	topic_default
2293.00.02	#topic-city-places	38	999	22930002.0	4921	2	1	0	4918	none	topic_default
2368.00.01	#topic-city-places	38	999	23680001.0	4922	1	1	0	4919	none	topic_default
2451.00.01	#topic-city-places	38	999	24510001.0	4923	1	1	0	4920	none	topic_default
2746.00.01	#topic-city-places	38	999	27460001.0	4924	1	1	0	4921	none	topic_default
2768.00.01	#topic-city-places	38	999	27680001.0	4925	1	1	0	4922	none	topic_default
2789.00.01	#topic-city-places	38	999	27890001.0	4926	2	1	0	4923	none	topic_default
2851.00.01	#topic-city-places	38	999	28510001.0	4927	1	1	0	4924	none	topic_default
2863.00.01	#topic-city-places	38	999	28630001.0	4928	1	1	0	4925	none	topic_default
3004.00.01	#topic-city-places	38	999	30040001.0	4929	1	1	0	4926	none	topic_default
3011.00.01	#topic-city-places	38	999	30110001.0	4930	1	1	0	4927	none	topic_default
3018.00.01	#topic-city-places	38	999	30180001.0	4931	1	1	0	4928	none	topic_default
3187.00.01	#topic-city-places	38	999	31870001.0	4932	1	1	0	4929	none	topic_default
3270.00.01	#topic-city-places	38	999	32700001.0	4933	1	1	0	4930	none	topic_default
3343.00.01	#topic-city-places	38	999	33430001.0	4934	1	1	0	4931	none	topic_default
3355.00.01	#topic-city-places	38	999	33550001.0	4935	3	2	0	4932	none	topic_default
3365.00.01	#topic-city-places	38	999	33650001.0	4937	2	1	0	4933	none	topic_default
3410.00.01	#topic-city-places	38	999	34100001.0	4938	2	2	0	4934	none	topic_default
3419.00.01	#topic-city-places	38	999	34190001.0	4940	2	1	0	4935	none	topic_default
3462.00.01	#topic-city-places	38	999	34620001.0	4941	1	1	0	4936	none	topic_default
3493.00.01	#topic-city-places	38	999	34930001.0	4942	1	1	0	4937	none	topic_default
3538.00.01	#topic-city-places	38	999	35380001.0	4943	1	1	0	4938	none	topic_default
3593.00.01	#topic-city-places	38	999	35930001.0	4944	1	1	0	4939	none	topic_default
3812.00.02	#topic-city-places	38	999	38120002.0	4945	2	1	0	4940	none	topic_default
3831.00.01	#topic-city-places	38	999	38310001.0	4946	1	1	0	4941	none	topic_default
3986.00.01	#topic-city-places	38	999	39860001.0	4947	1	1	0	4942	none	topic_default
4057.00.01	#topic-city-places	38	999	40570001.0	4948	1	1	0	4943	none	topic_default
4101.00.01	#topic-city-places	38	999	41010001.0	4949	2	2	0	4944	none	topic_default
4229.00.01	#topic-city-places	38	999	42290001.0	4951	1	1	0	4945	none	topic_default
4273.00.01	#topic-city-places	38	999	42730001.0	4952	1	1	0	4946	none	topic_default
4294.00.01	#topic-city-places	38	999	42940001.0	4953	1	1	0	4947	none	topic_default
4323.00.01	#topic-city-places	38	999	43230001.0	4954	2	1	0	4948	none	topic_default
4370.00.01	#topic-city-places	38	999	43700001.0	4955	1	1	0	4949	none	topic_default
4610.00.01	#topic-city-places	38	999	46100001.0	4956	1	1	0	4950	none	topic_default
4655.00.01	#topic-city-places	38	999	46550001.0	4957	2	1	0	4951	none	topic_default
4676.00.01	#topic-city-places	38	999	46760001.0	4958	1	1	0	4952	none	topic_default
4732.00.01	#topic-city-places	38	999	47320001.0	4959	1	1	0	4953	none	topic_default
4912.00.01	#topic-city-places	38	999	49120001.0	4960	3	2	0	4954	none	topic_default
4964.00.01	#topic-city-places	38	999	49640001.0	4962	2	2	0	4955	none	topic_default
0303.00.02	#topic-city-places	38	999	3030002.0	4886	2	2	1	4956	none	topic_default
1830.00.02	#topic-city-places	38	999	18300002.0	4912	3	3	1	4957	none	topic_default
3355.00.02	#topic-city-places	38	999	33550002.0	4936	3	2	1	4958	none	topic_default
3410.00.02	#topic-city-places	38	999	34100002.0	4939	2	2	1	4959	none	topic_default
4101.00.02	#topic-city-places	38	999	41010002.0	4950	2	2	1	4960	none	topic_default
4912.00.02	#topic-city-places	38	999	49120002.0	4961	3	2	1	4961	none	topic_default
4964.00.02	#topic-city-places	38	999	49640002.0	4963	2	2	1	4962	none	topic_default
1830.00.03	#topic-city-places	38	999	18300003.0	4913	3	3	2	4963	none	topic_default
0913.00.03	#topic-countryside	39	999	9130003.0	4964	3	1	0	4964	none	topic_default
1049.00.01	#topic-countryside	39	999	10490001.0	4965	2	1	0	4965	none	topic_default
1171.00.01	#topic-countryside	39	999	11710001.0	4966	1	1	0	4966	none	topic_default
1422.00.01	#topic-countryside	39	999	14220001.0	4967	1	1	0	4967	none	topic_default
1428.00.01	#topic-countryside	39	999	14280001.0	4968	1	1	0	4968	none	topic_default
1488.00.01	#topic-countryside	39	999	14880001.0	4969	1	1	0	4969	none	topic_default
1560.00.01	#topic-countryside	39	999	15600001.0	4970	1	1	0	4970	none	topic_default
1565.00.01	#topic-countryside	39	999	15650001.0	4971	1	1	0	4971	none	topic_default
2670.00.01	#topic-countryside	39	999	26700001.0	4972	1	1	0	4972	none	topic_default
2749.00.01	#topic-countryside	39	999	27490001.0	4973	1	1	0	4973	none	topic_default
2816.00.01	#topic-countryside	39	999	28160001.0	4974	1	1	0	4974	none	topic_default
2821.00.01	#topic-countryside	39	999	28210001.0	4975	1	1	0	4975	none	topic_default
2914.00.01	#topic-countryside	39	999	29140001.0	4976	1	1	0	4976	none	topic_default
3202.00.01	#topic-countryside	39	999	32020001.0	4977	1	1	0	4977	none	topic_default
3208.00.01	#topic-countryside	39	999	32080001.0	4978	1	1	0	4978	none	topic_default
3264.00.02	#topic-countryside	39	999	32640002.0	4979	2	1	0	4979	none	topic_default
3439.00.01	#topic-countryside	39	999	34390001.0	4980	1	1	0	4980	none	topic_default
3706.00.01	#topic-countryside	39	999	37060001.0	4981	1	1	0	4981	none	topic_default
4148.00.01	#topic-countryside	39	999	41480001.0	4982	1	1	0	4982	none	topic_default
4180.00.01	#topic-countryside	39	999	41800001.0	4983	1	1	0	4983	none	topic_default
4208.00.01	#topic-countryside	39	999	42080001.0	4984	1	1	0	4984	none	topic_default
4410.00.02	#topic-countryside	39	999	44100002.0	4985	2	1	0	4985	none	topic_default
4411.00.02	#topic-countryside	39	999	44110002.0	4986	2	1	0	4986	none	topic_default
4709.00.01	#topic-countryside	39	999	47090001.0	4987	2	1	0	4987	none	topic_default
4810.00.01	#topic-countryside	39	999	48100001.0	4988	1	1	0	4988	none	topic_default
4865.00.01	#topic-countryside	39	999	48650001.0	4989	1	1	0	4989	none	topic_default
0095.00.01	#topic-countries-languages	40	999	950001.0	4990	1	1	0	4990	none	topic_default
0140.00.01	#topic-countries-languages	40	999	1400001.0	4991	1	1	0	4991	none	topic_default
0219.00.01	#topic-countries-languages	40	999	2190001.0	4992	1	1	0	4992	none	topic_default
0437.00.01	#topic-countries-languages	40	999	4370001.0	4993	2	2	0	4993	none	topic_default
0528.00.01	#topic-countries-languages	40	999	5280001.0	4995	2	1	0	4994	none	topic_default
0530.00.01	#topic-countries-languages	40	999	5300001.0	4996	1	1	0	4995	none	topic_default
0533.00.01	#topic-countries-languages	40	999	5330001.0	4997	1	1	0	4996	none	topic_default
0554.00.01	#topic-countries-languages	40	999	5540001.0	4998	1	1	0	4997	none	topic_default
0636.00.01	#topic-countries-languages	40	999	6360001.0	4999	1	1	0	4998	none	topic_default
0705.00.01	#topic-countries-languages	40	999	7050001.0	5000	1	1	0	4999	none	topic_default
0952.00.01	#topic-countries-languages	40	999	9520001.0	5001	1	1	0	5000	none	topic_default
0978.00.01	#topic-countries-languages	40	999	9780001.0	5002	1	1	0	5001	none	topic_default
1005.00.01	#topic-countries-languages	40	999	10050001.0	5003	1	1	0	5002	none	topic_default
1135.00.01	#topic-countries-languages	40	999	11350001.0	5004	1	1	0	5003	none	topic_default
1153.00.01	#topic-countries-languages	40	999	11530001.0	5005	1	1	0	5004	none	topic_default
1180.00.01	#topic-countries-languages	40	999	11800001.0	5006	1	1	0	5005	none	topic_default
1185.00.01	#topic-countries-languages	40	999	11850001.0	5007	1	1	0	5006	none	topic_default
1237.00.01	#topic-countries-languages	40	999	12370001.0	5008	1	1	0	5007	none	topic_default
1334.00.01	#topic-countries-languages	40	999	13340001.0	5009	1	1	0	5008	none	topic_default
1429.00.01	#topic-countries-languages	40	999	14290001.0	5010	1	1	0	5009	none	topic_default
1452.00.01	#topic-countries-languages	40	999	14520001.0	5011	1	1	0	5010	none	topic_default
1510.00.01	#topic-countries-languages	40	999	15100001.0	5012	1	1	0	5011	none	topic_default
1620.00.01	#topic-countries-languages	40	999	16200001.0	5013	1	1	0	5012	none	topic_default
1716.00.01	#topic-countries-languages	40	999	17160001.0	5014	1	1	0	5013	none	topic_default
1741.00.01	#topic-countries-languages	40	999	17410001.0	5015	2	2	0	5014	none	topic_default
1768.00.01	#topic-countries-languages	40	999	17680001.0	5017	1	1	0	5015	none	topic_default
1940.00.01	#topic-countries-languages	40	999	19400001.0	5018	1	1	0	5016	none	topic_default
1956.00.01	#topic-countries-languages	40	999	19560001.0	5019	1	1	0	5017	none	topic_default
2130.00.01	#topic-countries-languages	40	999	21300001.0	5020	1	1	0	5018	none	topic_default
2193.00.01	#topic-countries-languages	40	999	21930001.0	5021	1	1	0	5019	none	topic_default
2210.00.01	#topic-countries-languages	40	999	22100001.0	5022	1	1	0	5020	none	topic_default
2235.00.01	#topic-countries-languages	40	999	22350001.0	5023	1	1	0	5021	none	topic_default
2294.00.01	#topic-countries-languages	40	999	22940001.0	5024	1	1	0	5022	none	topic_default
2307.00.01	#topic-countries-languages	40	999	23070001.0	5025	1	1	0	5023	none	topic_default
2506.00.01	#topic-countries-languages	40	999	25060001.0	5026	1	1	0	5024	none	topic_default
2547.00.01	#topic-countries-languages	40	999	25470001.0	5027	1	1	0	5025	none	topic_default
2615.00.01	#topic-countries-languages	40	999	26150001.0	5028	1	1	0	5026	none	topic_default
2712.00.01	#topic-countries-languages	40	999	27120001.0	5029	1	1	0	5027	none	topic_default
3024.00.01	#topic-countries-languages	40	999	30240001.0	5030	1	1	0	5028	none	topic_default
3042.00.01	#topic-countries-languages	40	999	30420001.0	5031	1	1	0	5029	none	topic_default
3136.00.01	#topic-countries-languages	40	999	31360001.0	5032	1	1	0	5030	none	topic_default
3157.00.01	#topic-countries-languages	40	999	31570001.0	5033	1	1	0	5031	none	topic_default
3159.00.01	#topic-countries-languages	40	999	31590001.0	5034	1	1	0	5032	none	topic_default
3393.00.01	#topic-countries-languages	40	999	33930001.0	5035	1	1	0	5033	none	topic_default
3738.00.01	#topic-countries-languages	40	999	37380001.0	5036	1	1	0	5034	none	topic_default
3753.00.02	#topic-countries-languages	40	999	37530002.0	5037	3	1	0	5035	none	topic_default
3777.00.01	#topic-countries-languages	40	999	37770001.0	5038	1	1	0	5036	none	topic_default
3784.00.01	#topic-countries-languages	40	999	37840001.0	5039	1	1	0	5037	none	topic_default
3804.00.01	#topic-countries-languages	40	999	38040001.0	5040	1	1	0	5038	none	topic_default
3816.00.01	#topic-countries-languages	40	999	38160001.0	5041	1	1	0	5039	none	topic_default
3998.00.01	#topic-countries-languages	40	999	39980001.0	5042	1	1	0	5040	none	topic_default
4042.00.01	#topic-countries-languages	40	999	40420001.0	5043	1	1	0	5041	none	topic_default
4102.00.01	#topic-countries-languages	40	999	41020001.0	5044	1	1	0	5042	none	topic_default
4135.00.01	#topic-countries-languages	40	999	41350001.0	5045	1	1	0	5043	none	topic_default
4183.00.01	#topic-countries-languages	40	999	41830001.0	5046	1	1	0	5044	none	topic_default
4188.00.01	#topic-countries-languages	40	999	41880001.0	5047	1	1	0	5045	none	topic_default
4271.00.01	#topic-countries-languages	40	999	42710001.0	5048	1	1	0	5046	none	topic_default
4424.00.01	#topic-countries-languages	40	999	44240001.0	5049	1	1	0	5047	none	topic_default
4444.00.01	#topic-countries-languages	40	999	44440001.0	5050	1	1	0	5048	none	topic_default
4458.00.01	#topic-countries-languages	40	999	44580001.0	5051	1	1	0	5049	none	topic_default
4490.00.03	#topic-countries-languages	40	999	44900003.0	5052	3	1	0	5050	none	topic_default
4594.00.01	#topic-countries-languages	40	999	45940001.0	5053	1	1	0	5051	none	topic_default
4635.00.01	#topic-countries-languages	40	999	46350001.0	5054	2	2	0	5052	none	topic_default
4729.00.01	#topic-countries-languages	40	999	47290001.0	5056	1	1	0	5053	none	topic_default
4776.00.01	#topic-countries-languages	40	999	47760001.0	5057	1	1	0	5054	none	topic_default
4820.00.01	#topic-countries-languages	40	999	48200001.0	5058	1	1	0	5055	none	topic_default
4899.00.01	#topic-countries-languages	40	999	48990001.0	5059	1	1	0	5056	none	topic_default
4904.00.01	#topic-countries-languages	40	999	49040001.0	5060	1	1	0	5057	none	topic_default
4929.00.01	#topic-countries-languages	40	999	49290001.0	5061	2	1	0	5058	none	topic_default
4985.00.01	#topic-countries-languages	40	999	49850001.0	5062	1	1	0	5059	none	topic_default
0437.00.02	#topic-countries-languages	40	999	4370002.0	4994	2	2	1	5060	none	topic_default
1741.00.02	#topic-countries-languages	40	999	17410002.0	5016	2	2	1	5061	none	topic_default
4635.00.02	#topic-countries-languages	40	999	46350002.0	5055	2	2	1	5062	none	topic_default
0104.00.01	#topic-nature-landscape	41	999	1040001.0	5063	1	1	0	5063	none	topic_default
0131.00.01	#topic-nature-landscape	41	999	1310001.0	5064	1	1	0	5064	none	topic_default
0184.00.01	#topic-nature-landscape	41	999	1840001.0	5065	1	1	0	5065	none	topic_default
0212.00.01	#topic-nature-landscape	41	999	2120001.0	5066	1	1	0	5066	none	topic_default
0241.00.01	#topic-nature-landscape	41	999	2410001.0	5067	1	1	0	5067	none	topic_default
0255.00.01	#topic-nature-landscape	41	999	2550001.0	5068	3	1	0	5068	none	topic_default
0345.00.01	#topic-nature-landscape	41	999	3450001.0	5069	1	1	0	5069	none	topic_default
0378.00.01	#topic-nature-landscape	41	999	3780001.0	5070	1	1	0	5070	none	topic_default
0380.00.01	#topic-nature-landscape	41	999	3800001.0	5071	2	1	0	5071	none	topic_default
0387.00.01	#topic-nature-landscape	41	999	3870001.0	5072	1	1	0	5072	none	topic_default
0438.00.01	#topic-nature-landscape	41	999	4380001.0	5073	1	1	0	5073	none	topic_default
0472.00.01	#topic-nature-landscape	41	999	4720001.0	5074	1	1	0	5074	none	topic_default
0476.00.01	#topic-nature-landscape	41	999	4760001.0	5075	1	1	0	5075	none	topic_default
0551.00.01	#topic-nature-landscape	41	999	5510001.0	5076	3	1	0	5076	none	topic_default
0578.00.01	#topic-nature-landscape	41	999	5780001.0	5077	1	1	0	5077	none	topic_default
0585.00.02	#topic-nature-landscape	41	999	5850002.0	5078	2	1	0	5078	none	topic_default
0601.00.01	#topic-nature-landscape	41	999	6010001.0	5079	1	1	0	5079	none	topic_default
0635.00.01	#topic-nature-landscape	41	999	6350001.0	5080	2	1	0	5080	none	topic_default
0701.00.01	#topic-nature-landscape	41	999	7010001.0	5081	2	1	0	5081	none	topic_default
0745.00.01	#topic-nature-landscape	41	999	7450001.0	5082	1	1	0	5082	none	topic_default
0771.00.02	#topic-nature-landscape	41	999	7710002.0	5083	3	2	0	5083	none	topic_default
0780.00.01	#topic-nature-landscape	41	999	7800001.0	5085	3	2	0	5084	none	topic_default
0802.00.01	#topic-nature-landscape	41	999	8020001.0	5087	2	1	0	5085	none	topic_default
0808.00.01	#topic-nature-landscape	41	999	8080001.0	5088	1	1	0	5086	none	topic_default
0819.00.01	#topic-nature-landscape	41	999	8190001.0	5089	1	1	0	5087	none	topic_default
0919.00.01	#topic-nature-landscape	41	999	9190001.0	5090	1	1	0	5088	none	topic_default
0922.00.01	#topic-nature-landscape	41	999	9220001.0	5091	1	1	0	5089	none	topic_default
1007.00.01	#topic-nature-landscape	41	999	10070001.0	5092	1	1	0	5090	none	topic_default
1014.00.01	#topic-nature-landscape	41	999	10140001.0	5093	2	1	0	5091	none	topic_default
1129.00.01	#topic-nature-landscape	41	999	11290001.0	5094	1	1	0	5092	none	topic_default
1205.00.01	#topic-nature-landscape	41	999	12050001.0	5095	1	1	0	5093	none	topic_default
1332.00.01	#topic-nature-landscape	41	999	13320001.0	5096	1	1	0	5094	none	topic_default
1413.00.01	#topic-nature-landscape	41	999	14130001.0	5097	1	1	0	5095	none	topic_default
1417.00.01	#topic-nature-landscape	41	999	14170001.0	5098	1	1	0	5096	none	topic_default
1465.00.01	#topic-nature-landscape	41	999	14650001.0	5099	1	1	0	5097	none	topic_default
1467.00.01	#topic-nature-landscape	41	999	14670001.0	5100	1	1	0	5098	none	topic_default
1479.00.01	#topic-nature-landscape	41	999	14790001.0	5101	1	1	0	5099	none	topic_default
1531.00.02	#topic-nature-landscape	41	999	15310002.0	5102	2	1	0	5100	none	topic_default
1551.00.01	#topic-nature-landscape	41	999	15510001.0	5103	1	1	0	5101	none	topic_default
1569.00.01	#topic-nature-landscape	41	999	15690001.0	5104	1	1	0	5102	none	topic_default
1584.00.01	#topic-nature-landscape	41	999	15840001.0	5105	1	1	0	5103	none	topic_default
1606.00.01	#topic-nature-landscape	41	999	16060001.0	5106	2	1	0	5104	none	topic_default
1649.00.01	#topic-nature-landscape	41	999	16490001.0	5107	1	1	0	5105	none	topic_default
1661.00.01	#topic-nature-landscape	41	999	16610001.0	5108	1	1	0	5106	none	topic_default
1698.00.02	#topic-nature-landscape	41	999	16980002.0	5109	2	1	0	5107	none	topic_default
1763.00.02	#topic-nature-landscape	41	999	17630002.0	5110	3	1	0	5108	none	topic_default
1837.00.01	#topic-nature-landscape	41	999	18370001.0	5111	1	1	0	5109	none	topic_default
1895.00.01	#topic-nature-landscape	41	999	18950001.0	5112	1	1	0	5110	none	topic_default
1937.00.01	#topic-nature-landscape	41	999	19370001.0	5113	3	1	0	5111	none	topic_default
1981.00.01	#topic-nature-landscape	41	999	19810001.0	5114	2	2	0	5112	none	topic_default
1991.00.01	#topic-nature-landscape	41	999	19910001.0	5116	1	1	0	5113	none	topic_default
2010.00.01	#topic-nature-landscape	41	999	20100001.0	5117	2	1	0	5114	none	topic_default
2024.00.01	#topic-nature-landscape	41	999	20240001.0	5118	2	1	0	5115	none	topic_default
2174.00.01	#topic-nature-landscape	41	999	21740001.0	5119	1	1	0	5116	none	topic_default
2192.00.01	#topic-nature-landscape	41	999	21920001.0	5120	1	1	0	5117	none	topic_default
2252.00.01	#topic-nature-landscape	41	999	22520001.0	5121	1	1	0	5118	none	topic_default
2257.00.01	#topic-nature-landscape	41	999	22570001.0	5122	1	1	0	5119	none	topic_default
2284.00.02	#topic-nature-landscape	41	999	22840002.0	5123	2	1	0	5120	none	topic_default
2297.00.01	#topic-nature-landscape	41	999	22970001.0	5124	1	1	0	5121	none	topic_default
2421.00.01	#topic-nature-landscape	41	999	24210001.0	5125	1	1	0	5122	none	topic_default
2457.00.01	#topic-nature-landscape	41	999	24570001.0	5126	1	1	0	5123	none	topic_default
2523.00.01	#topic-nature-landscape	41	999	25230001.0	5127	1	1	0	5124	none	topic_default
2626.00.01	#topic-nature-landscape	41	999	26260001.0	5128	2	2	0	5125	none	topic_default
2648.00.01	#topic-nature-landscape	41	999	26480001.0	5130	1	1	0	5126	none	topic_default
2649.00.01	#topic-nature-landscape	41	999	26490001.0	5131	1	1	0	5127	none	topic_default
2653.00.01	#topic-nature-landscape	41	999	26530001.0	5132	1	1	0	5128	none	topic_default
2736.00.01	#topic-nature-landscape	41	999	27360001.0	5133	1	1	0	5129	none	topic_default
2770.00.01	#topic-nature-landscape	41	999	27700001.0	5134	1	1	0	5130	none	topic_default
2811.00.01	#topic-nature-landscape	41	999	28110001.0	5135	1	1	0	5131	none	topic_default
2812.00.01	#topic-nature-landscape	41	999	28120001.0	5136	1	1	0	5132	none	topic_default
2883.00.01	#topic-nature-landscape	41	999	28830001.0	5137	1	1	0	5133	none	topic_default
2885.00.01	#topic-nature-landscape	41	999	28850001.0	5138	1	1	0	5134	none	topic_default
2889.00.03	#topic-nature-landscape	41	999	28890003.0	5139	3	1	0	5135	none	topic_default
2894.00.01	#topic-nature-landscape	41	999	28940001.0	5140	1	1	0	5136	none	topic_default
2927.00.01	#topic-nature-landscape	41	999	29270001.0	5141	1	1	0	5137	none	topic_default
2938.00.01	#topic-nature-landscape	41	999	29380001.0	5142	2	2	0	5138	none	topic_default
2989.00.01	#topic-nature-landscape	41	999	29890001.0	5144	1	1	0	5139	none	topic_default
3031.00.01	#topic-nature-landscape	41	999	30310001.0	5145	1	1	0	5140	none	topic_default
3039.00.01	#topic-nature-landscape	41	999	30390001.0	5146	2	1	0	5141	none	topic_default
3053.00.01	#topic-nature-landscape	41	999	30530001.0	5147	2	1	0	5142	none	topic_default
3067.00.01	#topic-nature-landscape	41	999	30670001.0	5148	1	1	0	5143	none	topic_default
3110.00.01	#topic-nature-landscape	41	999	31100001.0	5149	1	1	0	5144	none	topic_default
3164.00.01	#topic-nature-landscape	41	999	31640001.0	5150	1	1	0	5145	none	topic_default
3232.00.01	#topic-nature-landscape	41	999	32320001.0	5151	1	1	0	5146	none	topic_default
3269.00.01	#topic-nature-landscape	41	999	32690001.0	5152	1	1	0	5147	none	topic_default
3279.00.01	#topic-nature-landscape	41	999	32790001.0	5153	1	1	0	5148	none	topic_default
3294.00.01	#topic-nature-landscape	41	999	32940001.0	5154	1	1	0	5149	none	topic_default
3303.00.01	#topic-nature-landscape	41	999	33030001.0	5155	1	1	0	5150	none	topic_default
3452.00.01	#topic-nature-landscape	41	999	34520001.0	5156	2	1	0	5151	none	topic_default
3472.00.01	#topic-nature-landscape	41	999	34720001.0	5157	1	1	0	5152	none	topic_default
3501.00.01	#topic-nature-landscape	41	999	35010001.0	5158	1	1	0	5153	none	topic_default
3516.00.02	#topic-nature-landscape	41	999	35160002.0	5159	2	1	0	5154	none	topic_default
3637.00.01	#topic-nature-landscape	41	999	36370001.0	5160	1	1	0	5155	none	topic_default
3646.00.01	#topic-nature-landscape	41	999	36460001.0	5161	1	1	0	5156	none	topic_default
3703.00.02	#topic-nature-landscape	41	999	37030002.0	5162	2	1	0	5157	none	topic_default
3730.00.01	#topic-nature-landscape	41	999	37300001.0	5163	1	1	0	5158	none	topic_default
3753.00.01	#topic-nature-landscape	41	999	37530001.0	5164	3	1	0	5159	none	topic_default
3758.00.01	#topic-nature-landscape	41	999	37580001.0	5165	1	1	0	5160	none	topic_default
3766.00.01	#topic-nature-landscape	41	999	37660001.0	5166	1	1	0	5161	none	topic_default
3813.00.01	#topic-nature-landscape	41	999	38130001.0	5167	1	1	0	5162	none	topic_default
3857.00.01	#topic-nature-landscape	41	999	38570001.0	5168	1	1	0	5163	none	topic_default
3911.00.01	#topic-nature-landscape	41	999	39110001.0	5169	3	3	0	5164	none	topic_default
3923.00.02	#topic-nature-landscape	41	999	39230002.0	5172	2	1	0	5165	none	topic_default
3937.00.01	#topic-nature-landscape	41	999	39370001.0	5173	1	1	0	5166	none	topic_default
3946.00.01	#topic-nature-landscape	41	999	39460001.0	5174	2	1	0	5167	none	topic_default
3955.00.01	#topic-nature-landscape	41	999	39550001.0	5175	1	1	0	5168	none	topic_default
3969.00.01	#topic-nature-landscape	41	999	39690001.0	5176	1	1	0	5169	none	topic_default
4000.00.01	#topic-nature-landscape	41	999	40000001.0	5177	1	1	0	5170	none	topic_default
4078.00.01	#topic-nature-landscape	41	999	40780001.0	5178	1	1	0	5171	none	topic_default
4090.00.02	#topic-nature-landscape	41	999	40900002.0	5179	3	1	0	5172	none	topic_default
4145.00.01	#topic-nature-landscape	41	999	41450001.0	5180	1	1	0	5173	none	topic_default
4157.00.01	#topic-nature-landscape	41	999	41570001.0	5181	1	1	0	5174	none	topic_default
4160.00.01	#topic-nature-landscape	41	999	41600001.0	5182	1	1	0	5175	none	topic_default
4197.00.01	#topic-nature-landscape	41	999	41970001.0	5183	1	1	0	5176	none	topic_default
4300.00.01	#topic-nature-landscape	41	999	43000001.0	5184	1	1	0	5177	none	topic_default
4350.00.01	#topic-nature-landscape	41	999	43500001.0	5185	1	1	0	5178	none	topic_default
4408.00.01	#topic-nature-landscape	41	999	44080001.0	5186	1	1	0	5179	none	topic_default
4411.00.01	#topic-nature-landscape	41	999	44110001.0	5187	2	1	0	5180	none	topic_default
4413.00.01	#topic-nature-landscape	41	999	44130001.0	5188	1	1	0	5181	none	topic_default
4515.00.01	#topic-nature-landscape	41	999	45150001.0	5189	1	1	0	5182	none	topic_default
4586.00.01	#topic-nature-landscape	41	999	45860001.0	5190	1	1	0	5183	none	topic_default
4638.00.01	#topic-nature-landscape	41	999	46380001.0	5191	1	1	0	5184	none	topic_default
4798.00.01	#topic-nature-landscape	41	999	47980001.0	5192	1	1	0	5185	none	topic_default
4859.00.01	#topic-nature-landscape	41	999	48590001.0	5193	1	1	0	5186	none	topic_default
4942.00.01	#topic-nature-landscape	41	999	49420001.0	5194	1	1	0	5187	none	topic_default
4950.00.01	#topic-nature-landscape	41	999	49500001.0	5195	1	1	0	5188	none	topic_default
4954.00.01	#topic-nature-landscape	41	999	49540001.0	5196	1	1	0	5189	none	topic_default
0771.00.03	#topic-nature-landscape	41	999	7710003.0	5084	3	2	1	5190	none	topic_default
0780.00.02	#topic-nature-landscape	41	999	7800002.0	5086	3	2	1	5191	none	topic_default
1981.00.02	#topic-nature-landscape	41	999	19810002.0	5115	2	2	1	5192	none	topic_default
2626.00.02	#topic-nature-landscape	41	999	26260002.0	5129	2	2	1	5193	none	topic_default
2938.00.02	#topic-nature-landscape	41	999	29380002.0	5143	2	2	1	5194	none	topic_default
3911.00.02	#topic-nature-landscape	41	999	39110002.0	5170	3	3	1	5195	none	topic_default
3911.00.03	#topic-nature-landscape	41	999	39110003.0	5171	3	3	2	5196	none	topic_default
0355.00.02	#topic-plants	42	999	3550002.0	5197	2	1	0	5197	none	topic_default
0671.00.01	#topic-plants	42	999	6710001.0	5198	1	1	0	5198	none	topic_default
0869.00.01	#topic-plants	42	999	8690001.0	5199	1	1	0	5199	none	topic_default
1200.00.01	#topic-plants	42	999	12000001.0	5200	1	1	0	5200	none	topic_default
1202.00.01	#topic-plants	42	999	12020001.0	5201	1	1	0	5201	none	topic_default
1275.00.03	#topic-plants	42	999	12750003.0	5202	3	1	0	5202	none	topic_default
1667.00.01	#topic-plants	42	999	16670001.0	5203	1	1	0	5203	none	topic_default
1908.00.01	#topic-plants	42	999	19080001.0	5204	1	1	0	5204	none	topic_default
1946.00.01	#topic-plants	42	999	19460001.0	5205	1	1	0	5205	none	topic_default
2317.00.01	#topic-plants	42	999	23170001.0	5206	1	1	0	5206	none	topic_default
2440.00.01	#topic-plants	42	999	24400001.0	5207	1	1	0	5207	none	topic_default
2682.00.01	#topic-plants	42	999	26820001.0	5208	1	1	0	5208	none	topic_default
2759.00.01	#topic-plants	42	999	27590001.0	5209	1	1	0	5209	none	topic_default
2785.00.01	#topic-plants	42	999	27850001.0	5210	2	1	0	5210	none	topic_default
3236.00.01	#topic-plants	42	999	32360001.0	5211	2	1	0	5211	none	topic_default
3333.00.01	#topic-plants	42	999	33330001.0	5212	2	1	0	5212	none	topic_default
3528.00.01	#topic-plants	42	999	35280001.0	5213	1	1	0	5213	none	topic_default
4003.00.01	#topic-plants	42	999	40030001.0	5214	1	1	0	5214	none	topic_default
4117.00.01	#topic-plants	42	999	41170001.0	5215	1	1	0	5215	none	topic_default
4457.00.01	#topic-plants	42	999	44570001.0	5216	1	1	0	5216	none	topic_default
4512.00.01	#topic-plants	42	999	45120001.0	5217	1	1	0	5217	none	topic_default
4550.00.01	#topic-plants	42	999	45500001.0	5218	1	1	0	5218	none	topic_default
4917.00.01	#topic-plants	42	999	49170001.0	5219	1	1	0	5219	none	topic_default
4935.00.01	#topic-plants	42	999	49350001.0	5220	1	1	0	5220	none	topic_default
0293.00.01	#topic-animals	43	999	2930001.0	5221	1	1	0	5221	none	topic_default
0317.00.01	#topic-animals	43	999	3170001.0	5222	1	1	0	5222	none	topic_default
0820.00.01	#topic-animals	43	999	8200001.0	5223	1	1	0	5223	none	topic_default
0936.00.01	#topic-animals	43	999	9360001.0	5224	1	1	0	5224	none	topic_default
1079.00.02	#topic-animals	43	999	10790002.0	5225	2	1	0	5225	none	topic_default
1165.00.01	#topic-animals	43	999	11650001.0	5226	1	1	0	5226	none	topic_default
1178.00.01	#topic-animals	43	999	11780001.0	5227	1	1	0	5227	none	topic_default
1314.00.01	#topic-animals	43	999	13140001.0	5228	1	1	0	5228	none	topic_default
1686.00.01	#topic-animals	43	999	16860001.0	5229	1	1	0	5229	none	topic_default
1726.00.01	#topic-animals	43	999	17260001.0	5230	1	1	0	5230	none	topic_default
1752.00.01	#topic-animals	43	999	17520001.0	5231	2	1	0	5231	none	topic_default
1767.00.01	#topic-animals	43	999	17670001.0	5232	1	1	0	5232	none	topic_default
1771.00.01	#topic-animals	43	999	17710001.0	5233	1	1	0	5233	none	topic_default
1802.00.01	#topic-animals	43	999	18020001.0	5234	1	1	0	5234	none	topic_default
1864.00.01	#topic-animals	43	999	18640001.0	5235	1	1	0	5235	none	topic_default
2062.00.01	#topic-animals	43	999	20620001.0	5236	1	1	0	5236	none	topic_default
2110.00.01	#topic-animals	43	999	21100001.0	5237	1	1	0	5237	none	topic_default
2123.00.01	#topic-animals	43	999	21230001.0	5238	1	1	0	5238	none	topic_default
2127.00.01	#topic-animals	43	999	21270001.0	5239	1	1	0	5239	none	topic_default
2150.00.01	#topic-animals	43	999	21500001.0	5240	1	1	0	5240	none	topic_default
2179.00.01	#topic-animals	43	999	21790001.0	5241	1	1	0	5241	none	topic_default
2191.00.01	#topic-animals	43	999	21910001.0	5242	1	1	0	5242	none	topic_default
2234.00.01	#topic-animals	43	999	22340001.0	5243	1	1	0	5243	none	topic_default
2318.00.01	#topic-animals	43	999	23180001.0	5244	1	1	0	5244	none	topic_default
2372.00.01	#topic-animals	43	999	23720001.0	5245	1	1	0	5245	none	topic_default
2479.00.01	#topic-animals	43	999	24790001.0	5246	1	1	0	5246	none	topic_default
2583.00.01	#topic-animals	43	999	25830001.0	5247	2	1	0	5247	none	topic_default
2672.00.01	#topic-animals	43	999	26720001.0	5248	1	1	0	5248	none	topic_default
2728.00.01	#topic-animals	43	999	27280001.0	5249	1	1	0	5249	none	topic_default
2738.00.01	#topic-animals	43	999	27380001.0	5250	1	1	0	5250	none	topic_default
2740.00.01	#topic-animals	43	999	27400001.0	5251	3	3	0	5251	none	topic_default
2834.00.01	#topic-animals	43	999	28340001.0	5254	1	1	0	5252	none	topic_default
2865.00.01	#topic-animals	43	999	28650001.0	5255	1	1	0	5253	none	topic_default
2934.00.01	#topic-animals	43	999	29340001.0	5256	2	1	0	5254	none	topic_default
2963.00.01	#topic-animals	43	999	29630001.0	5257	1	1	0	5255	none	topic_default
2973.00.01	#topic-animals	43	999	29730001.0	5258	1	1	0	5256	none	topic_default
2983.00.01	#topic-animals	43	999	29830001.0	5259	1	1	0	5257	none	topic_default
3007.00.01	#topic-animals	43	999	30070001.0	5260	2	1	0	5258	none	topic_default
3054.00.01	#topic-animals	43	999	30540001.0	5261	1	1	0	5259	none	topic_default
3059.00.01	#topic-animals	43	999	30590001.0	5262	1	1	0	5260	none	topic_default
3060.00.01	#topic-animals	43	999	30600001.0	5263	2	2	0	5261	none	topic_default
3145.00.01	#topic-animals	43	999	31450001.0	5265	1	1	0	5262	none	topic_default
3151.00.01	#topic-animals	43	999	31510001.0	5266	1	1	0	5263	none	topic_default
3396.00.01	#topic-animals	43	999	33960001.0	5267	1	1	0	5264	none	topic_default
3459.00.01	#topic-animals	43	999	34590001.0	5268	1	1	0	5265	none	topic_default
3516.00.01	#topic-animals	43	999	35160001.0	5269	2	1	0	5266	none	topic_default
3553.00.01	#topic-animals	43	999	35530001.0	5270	1	1	0	5267	none	topic_default
3609.00.01	#topic-animals	43	999	36090001.0	5271	1	1	0	5268	none	topic_default
3665.00.01	#topic-animals	43	999	36650001.0	5272	1	1	0	5269	none	topic_default
3728.00.01	#topic-animals	43	999	37280001.0	5273	1	1	0	5270	none	topic_default
3734.00.01	#topic-animals	43	999	37340001.0	5274	1	1	0	5271	none	topic_default
3787.00.01	#topic-animals	43	999	37870001.0	5275	1	1	0	5272	none	topic_default
3812.00.01	#topic-animals	43	999	38120001.0	5276	2	1	0	5273	none	topic_default
3854.00.01	#topic-animals	43	999	38540001.0	5277	1	1	0	5274	none	topic_default
3910.00.01	#topic-animals	43	999	39100001.0	5278	1	1	0	5275	none	topic_default
3996.00.01	#topic-animals	43	999	39960001.0	5279	1	1	0	5276	none	topic_default
4012.00.01	#topic-animals	43	999	40120001.0	5280	1	1	0	5277	none	topic_default
4017.00.01	#topic-animals	43	999	40170001.0	5281	2	1	0	5278	none	topic_default
4063.00.01	#topic-animals	43	999	40630001.0	5282	1	1	0	5279	none	topic_default
4173.00.01	#topic-animals	43	999	41730001.0	5283	1	1	0	5280	none	topic_default
4253.00.01	#topic-animals	43	999	42530001.0	5284	1	1	0	5281	none	topic_default
4262.00.01	#topic-animals	43	999	42620001.0	5285	1	1	0	5282	none	topic_default
4305.00.01	#topic-animals	43	999	43050001.0	5286	1	1	0	5283	none	topic_default
4343.00.02	#topic-animals	43	999	43430002.0	5287	2	1	0	5284	none	topic_default
4349.00.01	#topic-animals	43	999	43490001.0	5288	1	1	0	5285	none	topic_default
4410.00.01	#topic-animals	43	999	44100001.0	5289	2	1	0	5286	none	topic_default
4433.00.01	#topic-animals	43	999	44330001.0	5290	1	1	0	5287	none	topic_default
4484.00.01	#topic-animals	43	999	44840001.0	5291	1	1	0	5288	none	topic_default
4558.00.01	#topic-animals	43	999	45580001.0	5292	1	1	0	5289	none	topic_default
4598.00.01	#topic-animals	43	999	45980001.0	5293	1	1	0	5290	none	topic_default
4655.00.02	#topic-animals	43	999	46550002.0	5294	2	1	0	5291	none	topic_default
4704.00.01	#topic-animals	43	999	47040001.0	5295	1	1	0	5292	none	topic_default
4829.00.01	#topic-animals	43	999	48290001.0	5296	1	1	0	5293	none	topic_default
4851.00.01	#topic-animals	43	999	48510001.0	5297	1	1	0	5294	none	topic_default
4910.00.01	#topic-animals	43	999	49100001.0	5298	1	1	0	5295	none	topic_default
4921.00.01	#topic-animals	43	999	49210001.0	5299	1	1	0	5296	none	topic_default
4932.00.01	#topic-animals	43	999	49320001.0	5300	1	1	0	5297	none	topic_default
4956.00.01	#topic-animals	43	999	49560001.0	5301	1	1	0	5298	none	topic_default
4984.00.01	#topic-animals	43	999	49840001.0	5302	1	1	0	5299	none	topic_default
2740.00.02	#topic-animals	43	999	27400002.0	5252	3	3	1	5300	none	topic_default
3060.00.02	#topic-animals	43	999	30600002.0	5264	2	2	1	5301	none	topic_default
2740.00.03	#topic-animals	43	999	27400003.0	5253	3	3	2	5302	none	topic_default
0065.00.02	#topic-weather	44	999	650002.0	5303	2	1	0	5303	none	topic_default
0751.00.01	#topic-weather	44	999	7510001.0	5304	1	1	0	5304	none	topic_default
0788.00.01	#topic-weather	44	999	7880001.0	5305	1	1	0	5305	none	topic_default
0982.00.01	#topic-weather	44	999	9820001.0	5306	1	1	0	5306	none	topic_default
0996.00.01	#topic-weather	44	999	9960001.0	5307	1	1	0	5307	none	topic_default
1107.00.01	#topic-weather	44	999	11070001.0	5308	1	1	0	5308	none	topic_default
1143.00.01	#topic-weather	44	999	11430001.0	5309	1	1	0	5309	none	topic_default
1289.00.01	#topic-weather	44	999	12890001.0	5310	1	1	0	5310	none	topic_default
1350.00.01	#topic-weather	44	999	13500001.0	5311	1	1	0	5311	none	topic_default
2185.00.01	#topic-weather	44	999	21850001.0	5312	1	1	0	5312	none	topic_default
2216.00.01	#topic-weather	44	999	22160001.0	5313	1	1	0	5313	none	topic_default
2221.00.02	#topic-weather	44	999	22210002.0	5314	2	1	0	5314	none	topic_default
2272.00.01	#topic-weather	44	999	22720001.0	5315	1	1	0	5315	none	topic_default
2350.00.01	#topic-weather	44	999	23500001.0	5316	1	1	0	5316	none	topic_default
2381.00.01	#topic-weather	44	999	23810001.0	5317	1	1	0	5317	none	topic_default
2502.00.01	#topic-weather	44	999	25020001.0	5318	1	1	0	5318	none	topic_default
2705.00.01	#topic-weather	44	999	27050001.0	5319	1	1	0	5319	none	topic_default
2969.00.01	#topic-weather	44	999	29690001.0	5320	1	1	0	5320	none	topic_default
3161.00.01	#topic-weather	44	999	31610001.0	5321	1	1	0	5321	none	topic_default
3266.00.01	#topic-weather	44	999	32660001.0	5322	1	1	0	5322	none	topic_default
3334.00.02	#topic-weather	44	999	33340002.0	5323	2	1	0	5323	none	topic_default
3435.00.01	#topic-weather	44	999	34350001.0	5324	1	1	0	5324	none	topic_default
3485.00.01	#topic-weather	44	999	34850001.0	5325	1	1	0	5325	none	topic_default
3770.00.01	#topic-weather	44	999	37700001.0	5326	1	1	0	5326	none	topic_default
4152.00.01	#topic-weather	44	999	41520001.0	5327	1	1	0	5327	none	topic_default
4200.00.01	#topic-weather	44	999	42000001.0	5328	1	1	0	5328	none	topic_default
4231.00.01	#topic-weather	44	999	42310001.0	5329	2	1	0	5329	none	topic_default
4236.00.01	#topic-weather	44	999	42360001.0	5330	1	1	0	5330	none	topic_default
4538.00.01	#topic-weather	44	999	45380001.0	5331	2	1	0	5331	none	topic_default
4565.00.01	#topic-weather	44	999	45650001.0	5332	1	1	0	5332	none	topic_default
4621.00.01	#topic-weather	44	999	46210001.0	5333	1	1	0	5333	none	topic_default
4705.00.01	#topic-weather	44	999	47050001.0	5334	1	1	0	5334	none	topic_default
4858.00.01	#topic-weather	44	999	48580001.0	5335	1	1	0	5335	none	topic_default
4963.00.01	#topic-weather	44	999	49630001.0	5336	1	1	0	5336	none	topic_default
0544.00.01	#topic-environment	45	999	5440001.0	5337	1	1	0	5337	none	topic_default
1891.00.01	#topic-environment	45	999	18910001.0	5338	1	1	0	5338	none	topic_default
2003.00.01	#topic-environment	45	999	20030001.0	5339	3	1	0	5339	none	topic_default
2452.00.01	#topic-environment	45	999	24520001.0	5340	1	1	0	5340	none	topic_default
2466.00.01	#topic-environment	45	999	24660001.0	5341	1	1	0	5341	none	topic_default
2603.00.01	#topic-environment	45	999	26030001.0	5342	3	1	0	5342	none	topic_default
2674.00.01	#topic-environment	45	999	26740001.0	5343	1	1	0	5343	none	topic_default
2837.00.01	#topic-environment	45	999	28370001.0	5344	1	1	0	5344	none	topic_default
3259.00.01	#topic-environment	45	999	32590001.0	5345	1	1	0	5345	none	topic_default
3286.00.01	#topic-environment	45	999	32860001.0	5346	1	1	0	5346	none	topic_default
3300.00.01	#topic-environment	45	999	33000001.0	5347	1	1	0	5347	none	topic_default
3811.00.01	#topic-environment	45	999	38110001.0	5348	1	1	0	5348	none	topic_default
3819.00.01	#topic-environment	45	999	38190001.0	5349	1	1	0	5349	none	topic_default
3859.00.01	#topic-environment	45	999	38590001.0	5350	1	1	0	5350	none	topic_default
4147.00.01	#topic-environment	45	999	41470001.0	5351	1	1	0	5351	none	topic_default
4171.00.01	#topic-environment	45	999	41710001.0	5352	1	1	0	5352	none	topic_default
4571.00.01	#topic-environment	45	999	45710001.0	5353	1	1	0	5353	none	topic_default
4677.00.01	#topic-environment	45	999	46770001.0	5354	1	1	0	5354	none	topic_default
4722.00.01	#topic-environment	45	999	47220001.0	5355	1	1	0	5355	none	topic_default
4745.00.01	#topic-environment	45	999	47450001.0	5356	1	1	0	5356	none	topic_default
0469.00.01	#topic-materials-substances	46	999	4690001.0	5357	1	1	0	5357	none	topic_default
0471.00.01	#topic-materials-substances	46	999	4710001.0	5358	1	1	0	5358	none	topic_default
0728.00.01	#topic-materials-substances	46	999	7280001.0	5359	1	1	0	5359	none	topic_default
0994.00.01	#topic-materials-substances	46	999	9940001.0	5360	1	1	0	5360	none	topic_default
1148.00.01	#topic-materials-substances	46	999	11480001.0	5361	1	1	0	5361	none	topic_default
1273.00.01	#topic-materials-substances	46	999	12730001.0	5362	1	1	0	5362	none	topic_default
1409.00.01	#topic-materials-substances	46	999	14090001.0	5363	1	1	0	5363	none	topic_default
1557.00.01	#topic-materials-substances	46	999	15570001.0	5364	1	1	0	5364	none	topic_default
1559.00.01	#topic-materials-substances	46	999	15590001.0	5365	1	1	0	5365	none	topic_default
1563.00.01	#topic-materials-substances	46	999	15630001.0	5366	1	1	0	5366	none	topic_default
1621.00.01	#topic-materials-substances	46	999	16210001.0	5367	1	1	0	5367	none	topic_default
1695.00.01	#topic-materials-substances	46	999	16950001.0	5368	1	1	0	5368	none	topic_default
1982.00.01	#topic-materials-substances	46	999	19820001.0	5369	1	1	0	5369	none	topic_default
2010.00.02	#topic-materials-substances	46	999	20100002.0	5370	2	1	0	5370	none	topic_default
2061.00.01	#topic-materials-substances	46	999	20610001.0	5371	2	1	0	5371	none	topic_default
2264.00.01	#topic-materials-substances	46	999	22640001.0	5372	2	1	0	5372	none	topic_default
2266.00.01	#topic-materials-substances	46	999	22660001.0	5373	1	1	0	5373	none	topic_default
2339.00.01	#topic-materials-substances	46	999	23390001.0	5374	1	1	0	5374	none	topic_default
2402.00.01	#topic-materials-substances	46	999	24020001.0	5375	2	1	0	5375	none	topic_default
2404.00.01	#topic-materials-substances	46	999	24040001.0	5376	1	1	0	5376	none	topic_default
2434.00.01	#topic-materials-substances	46	999	24340001.0	5377	1	1	0	5377	none	topic_default
2456.00.01	#topic-materials-substances	46	999	24560001.0	5378	1	1	0	5378	none	topic_default
2475.00.01	#topic-materials-substances	46	999	24750001.0	5379	1	1	0	5379	none	topic_default
2521.00.01	#topic-materials-substances	46	999	25210001.0	5380	2	1	0	5380	none	topic_default
2584.00.02	#topic-materials-substances	46	999	25840002.0	5381	3	1	0	5381	none	topic_default
2762.00.01	#topic-materials-substances	46	999	27620001.0	5382	1	1	0	5382	none	topic_default
2797.00.01	#topic-materials-substances	46	999	27970001.0	5383	1	1	0	5383	none	topic_default
2994.00.01	#topic-materials-substances	46	999	29940001.0	5384	1	1	0	5384	none	topic_default
3050.00.01	#topic-materials-substances	46	999	30500001.0	5385	1	1	0	5385	none	topic_default
3125.00.01	#topic-materials-substances	46	999	31250001.0	5386	1	1	0	5386	none	topic_default
3167.00.01	#topic-materials-substances	46	999	31670001.0	5387	1	1	0	5387	none	topic_default
3175.00.01	#topic-materials-substances	46	999	31750001.0	5388	1	1	0	5388	none	topic_default
3236.00.02	#topic-materials-substances	46	999	32360002.0	5389	2	1	0	5389	none	topic_default
3256.00.01	#topic-materials-substances	46	999	32560001.0	5390	1	1	0	5390	none	topic_default
3282.00.01	#topic-materials-substances	46	999	32820001.0	5391	1	1	0	5391	none	topic_default
3290.00.01	#topic-materials-substances	46	999	32900001.0	5392	1	1	0	5392	none	topic_default
3310.00.01	#topic-materials-substances	46	999	33100001.0	5393	1	1	0	5393	none	topic_default
3345.00.01	#topic-materials-substances	46	999	33450001.0	5394	1	1	0	5394	none	topic_default
3368.00.01	#topic-materials-substances	46	999	33680001.0	5395	1	1	0	5395	none	topic_default
3394.00.01	#topic-materials-substances	46	999	33940001.0	5396	1	1	0	5396	none	topic_default
3436.00.01	#topic-materials-substances	46	999	34360001.0	5397	1	1	0	5397	none	topic_default
3447.00.01	#topic-materials-substances	46	999	34470001.0	5398	1	1	0	5398	none	topic_default
3535.00.01	#topic-materials-substances	46	999	35350001.0	5399	1	1	0	5399	none	topic_default
3567.00.01	#topic-materials-substances	46	999	35670001.0	5400	1	1	0	5400	none	topic_default
3605.00.01	#topic-materials-substances	46	999	36050001.0	5401	1	1	0	5401	none	topic_default
3703.00.01	#topic-materials-substances	46	999	37030001.0	5402	2	1	0	5402	none	topic_default
3799.00.01	#topic-materials-substances	46	999	37990001.0	5403	1	1	0	5403	none	topic_default
3827.00.01	#topic-materials-substances	46	999	38270001.0	5404	1	1	0	5404	none	topic_default
3941.00.01	#topic-materials-substances	46	999	39410001.0	5405	1	1	0	5405	none	topic_default
3976.00.01	#topic-materials-substances	46	999	39760001.0	5406	1	1	0	5406	none	topic_default
4175.00.01	#topic-materials-substances	46	999	41750001.0	5407	1	1	0	5407	none	topic_default
4205.00.01	#topic-materials-substances	46	999	42050001.0	5408	1	1	0	5408	none	topic_default
4251.00.01	#topic-materials-substances	46	999	42510001.0	5409	1	1	0	5409	none	topic_default
4311.00.01	#topic-materials-substances	46	999	43110001.0	5410	1	1	0	5410	none	topic_default
4372.00.01	#topic-materials-substances	46	999	43720001.0	5411	1	1	0	5411	none	topic_default
4381.00.01	#topic-materials-substances	46	999	43810001.0	5412	1	1	0	5412	none	topic_default
4469.00.01	#topic-materials-substances	46	999	44690001.0	5413	1	1	0	5413	none	topic_default
4653.00.01	#topic-materials-substances	46	999	46530001.0	5414	1	1	0	5414	none	topic_default
4748.00.01	#topic-materials-substances	46	999	47480001.0	5415	1	1	0	5415	none	topic_default
4814.00.01	#topic-materials-substances	46	999	48140001.0	5416	1	1	0	5416	none	topic_default
4920.00.01	#topic-materials-substances	46	999	49200001.0	5417	1	1	0	5417	none	topic_default
0070.00.01	#topic-objects-tools	47	999	700001.0	5418	1	1	0	5418	none	topic_default
0252.00.01	#topic-objects-tools	47	999	2520001.0	5419	2	1	0	5419	none	topic_default
0342.00.03	#topic-objects-tools	47	999	3420003.0	5420	3	1	0	5420	none	topic_default
0520.00.01	#topic-objects-tools	47	999	5200001.0	5421	1	1	0	5421	none	topic_default
0551.00.03	#topic-objects-tools	47	999	5510003.0	5422	3	1	0	5422	none	topic_default
0557.00.01	#topic-objects-tools	47	999	5570001.0	5423	1	1	0	5423	none	topic_default
0582.00.01	#topic-objects-tools	47	999	5820001.0	5424	2	1	0	5424	none	topic_default
0664.00.02	#topic-objects-tools	47	999	6640002.0	5425	2	1	0	5425	none	topic_default
0802.00.02	#topic-objects-tools	47	999	8020002.0	5426	2	1	0	5426	none	topic_default
0838.00.01	#topic-objects-tools	47	999	8380001.0	5427	2	1	0	5427	none	topic_default
0979.00.02	#topic-objects-tools	47	999	9790002.0	5428	2	1	0	5428	none	topic_default
1010.00.01	#topic-objects-tools	47	999	10100001.0	5429	1	1	0	5429	none	topic_default
1093.00.01	#topic-objects-tools	47	999	10930001.0	5430	1	1	0	5430	none	topic_default
1096.00.01	#topic-objects-tools	47	999	10960001.0	5431	1	1	0	5431	none	topic_default
1162.00.02	#topic-objects-tools	47	999	11620002.0	5432	3	1	0	5432	none	topic_default
1172.00.01	#topic-objects-tools	47	999	11720001.0	5433	1	1	0	5433	none	topic_default
1275.00.01	#topic-objects-tools	47	999	12750001.0	5434	3	2	0	5434	none	topic_default
1410.00.02	#topic-objects-tools	47	999	14100002.0	5436	3	2	0	5435	none	topic_default
1475.00.01	#topic-objects-tools	47	999	14750001.0	5438	1	1	0	5436	none	topic_default
1483.00.01	#topic-objects-tools	47	999	14830001.0	5439	1	1	0	5437	none	topic_default
1495.00.01	#topic-objects-tools	47	999	14950001.0	5440	1	1	0	5438	none	topic_default
1606.00.02	#topic-objects-tools	47	999	16060002.0	5441	2	1	0	5439	none	topic_default
1675.00.01	#topic-objects-tools	47	999	16750001.0	5442	2	1	0	5440	none	topic_default
1709.00.01	#topic-objects-tools	47	999	17090001.0	5443	2	1	0	5441	none	topic_default
1748.00.01	#topic-objects-tools	47	999	17480001.0	5444	1	1	0	5442	none	topic_default
1796.00.01	#topic-objects-tools	47	999	17960001.0	5445	1	1	0	5443	none	topic_default
1829.00.01	#topic-objects-tools	47	999	18290001.0	5446	1	1	0	5444	none	topic_default
1848.00.01	#topic-objects-tools	47	999	18480001.0	5447	1	1	0	5445	none	topic_default
1914.00.03	#topic-objects-tools	47	999	19140003.0	5448	3	1	0	5446	none	topic_default
2077.00.01	#topic-objects-tools	47	999	20770001.0	5449	3	1	0	5447	none	topic_default
2293.00.01	#topic-objects-tools	47	999	22930001.0	5450	2	1	0	5448	none	topic_default
2402.00.02	#topic-objects-tools	47	999	24020002.0	5451	2	1	0	5449	none	topic_default
2450.00.01	#topic-objects-tools	47	999	24500001.0	5452	1	1	0	5450	none	topic_default
2507.00.01	#topic-objects-tools	47	999	25070001.0	5453	1	1	0	5451	none	topic_default
2515.00.01	#topic-objects-tools	47	999	25150001.0	5454	1	1	0	5452	none	topic_default
2580.00.01	#topic-objects-tools	47	999	25800001.0	5455	1	1	0	5453	none	topic_default
2657.00.01	#topic-objects-tools	47	999	26570001.0	5456	1	1	0	5454	none	topic_default
2697.00.01	#topic-objects-tools	47	999	26970001.0	5457	1	1	0	5455	none	topic_default
2733.00.01	#topic-objects-tools	47	999	27330001.0	5458	1	1	0	5456	none	topic_default
2937.00.01	#topic-objects-tools	47	999	29370001.0	5459	1	1	0	5457	none	topic_default
2962.00.01	#topic-objects-tools	47	999	29620001.0	5460	1	1	0	5458	none	topic_default
2996.00.01	#topic-objects-tools	47	999	29960001.0	5461	2	1	0	5459	none	topic_default
3061.00.01	#topic-objects-tools	47	999	30610001.0	5462	1	1	0	5460	none	topic_default
3172.00.01	#topic-objects-tools	47	999	31720001.0	5463	1	1	0	5461	none	topic_default
3195.00.01	#topic-objects-tools	47	999	31950001.0	5464	1	1	0	5462	none	topic_default
3241.00.01	#topic-objects-tools	47	999	32410001.0	5465	1	1	0	5463	none	topic_default
3261.00.01	#topic-objects-tools	47	999	32610001.0	5466	2	1	0	5464	none	topic_default
3278.00.01	#topic-objects-tools	47	999	32780001.0	5467	1	1	0	5465	none	topic_default
3322.00.01	#topic-objects-tools	47	999	33220001.0	5468	1	1	0	5466	none	topic_default
3596.00.01	#topic-objects-tools	47	999	35960001.0	5469	1	1	0	5467	none	topic_default
3633.00.02	#topic-objects-tools	47	999	36330002.0	5470	2	1	0	5468	none	topic_default
3654.00.01	#topic-objects-tools	47	999	36540001.0	5471	3	1	0	5469	none	topic_default
3664.00.02	#topic-objects-tools	47	999	36640002.0	5472	3	1	0	5470	none	topic_default
3711.00.03	#topic-objects-tools	47	999	37110003.0	5473	3	1	0	5471	none	topic_default
4023.00.01	#topic-objects-tools	47	999	40230001.0	5474	1	1	0	5472	none	topic_default
4032.00.01	#topic-objects-tools	47	999	40320001.0	5475	3	1	0	5473	none	topic_default
4047.00.03	#topic-objects-tools	47	999	40470003.0	5476	3	1	0	5474	none	topic_default
4142.00.01	#topic-objects-tools	47	999	41420001.0	5477	1	1	0	5475	none	topic_default
4184.00.01	#topic-objects-tools	47	999	41840001.0	5478	1	1	0	5476	none	topic_default
4191.00.01	#topic-objects-tools	47	999	41910001.0	5479	2	2	0	5477	none	topic_default
4288.00.01	#topic-objects-tools	47	999	42880001.0	5481	1	1	0	5478	none	topic_default
4393.00.01	#topic-objects-tools	47	999	43930001.0	5482	2	1	0	5479	none	topic_default
4404.00.01	#topic-objects-tools	47	999	44040001.0	5483	1	1	0	5480	none	topic_default
4414.00.02	#topic-objects-tools	47	999	44140002.0	5484	2	1	0	5481	none	topic_default
4430.00.02	#topic-objects-tools	47	999	44300002.0	5485	2	1	0	5482	none	topic_default
4448.00.01	#topic-objects-tools	47	999	44480001.0	5486	1	1	0	5483	none	topic_default
4493.00.01	#topic-objects-tools	47	999	44930001.0	5487	1	1	0	5484	none	topic_default
4708.00.01	#topic-objects-tools	47	999	47080001.0	5488	1	1	0	5485	none	topic_default
4711.00.01	#topic-objects-tools	47	999	47110001.0	5489	1	1	0	5486	none	topic_default
4888.00.01	#topic-objects-tools	47	999	48880001.0	5490	2	1	0	5487	none	topic_default
4891.00.02	#topic-objects-tools	47	999	48910002.0	5491	2	1	0	5488	none	topic_default
4940.00.01	#topic-objects-tools	47	999	49400001.0	5492	1	1	0	5489	none	topic_default
4971.00.01	#topic-objects-tools	47	999	49710001.0	5493	1	1	0	5490	none	topic_default
4982.00.01	#topic-objects-tools	47	999	49820001.0	5494	1	1	0	5491	none	topic_default
1275.00.02	#topic-objects-tools	47	999	12750002.0	5435	3	2	1	5492	none	topic_default
1410.00.03	#topic-objects-tools	47	999	14100003.0	5437	3	2	1	5493	none	topic_default
4191.00.02	#topic-objects-tools	47	999	41910002.0	5480	2	2	1	5494	none	topic_default
0217.00.01	#topic-sport-leisure	48	999	2170001.0	5495	1	1	0	5495	none	topic_default
0250.00.01	#topic-sport-leisure	48	999	2500001.0	5496	1	1	0	5496	none	topic_default
0266.00.02	#topic-sport-leisure	48	999	2660002.0	5497	2	1	0	5497	none	topic_default
0335.00.01	#topic-sport-leisure	48	999	3350001.0	5498	1	1	0	5498	none	topic_default
0385.00.01	#topic-sport-leisure	48	999	3850001.0	5499	1	1	0	5499	none	topic_default
0433.00.01	#topic-sport-leisure	48	999	4330001.0	5500	2	1	0	5500	none	topic_default
0581.00.01	#topic-sport-leisure	48	999	5810001.0	5501	2	2	0	5501	none	topic_default
0608.00.01	#topic-sport-leisure	48	999	6080001.0	5503	1	1	0	5502	none	topic_default
0624.00.02	#topic-sport-leisure	48	999	6240002.0	5504	2	1	0	5503	none	topic_default
0625.00.01	#topic-sport-leisure	48	999	6250001.0	5505	3	1	0	5504	none	topic_default
0713.00.01	#topic-sport-leisure	48	999	7130001.0	5506	1	1	0	5505	none	topic_default
0727.00.01	#topic-sport-leisure	48	999	7270001.0	5507	1	1	0	5506	none	topic_default
0733.00.01	#topic-sport-leisure	48	999	7330001.0	5508	1	1	0	5507	none	topic_default
0775.00.01	#topic-sport-leisure	48	999	7750001.0	5509	1	1	0	5508	none	topic_default
0823.00.02	#topic-sport-leisure	48	999	8230002.0	5510	3	1	0	5509	none	topic_default
0999.00.02	#topic-sport-leisure	48	999	9990002.0	5511	2	1	0	5510	none	topic_default
1021.00.01	#topic-sport-leisure	48	999	10210001.0	5512	1	1	0	5511	none	topic_default
1028.00.01	#topic-sport-leisure	48	999	10280001.0	5513	1	1	0	5512	none	topic_default
1064.00.01	#topic-sport-leisure	48	999	10640001.0	5514	1	1	0	5513	none	topic_default
1066.00.01	#topic-sport-leisure	48	999	10660001.0	5515	1	1	0	5514	none	topic_default
1233.00.02	#topic-sport-leisure	48	999	12330002.0	5516	2	1	0	5515	none	topic_default
1272.00.01	#topic-sport-leisure	48	999	12720001.0	5517	1	1	0	5516	none	topic_default
1274.00.01	#topic-sport-leisure	48	999	12740001.0	5518	1	1	0	5517	none	topic_default
1292.00.01	#topic-sport-leisure	48	999	12920001.0	5519	1	1	0	5518	none	topic_default
1377.00.01	#topic-sport-leisure	48	999	13770001.0	5520	2	1	0	5519	none	topic_default
1534.00.01	#topic-sport-leisure	48	999	15340001.0	5521	1	1	0	5520	none	topic_default
1588.00.01	#topic-sport-leisure	48	999	15880001.0	5522	2	2	0	5521	none	topic_default
1595.00.01	#topic-sport-leisure	48	999	15950001.0	5524	1	1	0	5522	none	topic_default
1597.00.01	#topic-sport-leisure	48	999	15970001.0	5525	1	1	0	5523	none	topic_default
1631.00.02	#topic-sport-leisure	48	999	16310002.0	5526	2	1	0	5524	none	topic_default
1648.00.01	#topic-sport-leisure	48	999	16480001.0	5527	1	1	0	5525	none	topic_default
1656.00.01	#topic-sport-leisure	48	999	16560001.0	5528	2	2	0	5526	none	topic_default
1658.00.01	#topic-sport-leisure	48	999	16580001.0	5530	1	1	0	5527	none	topic_default
1682.00.01	#topic-sport-leisure	48	999	16820001.0	5531	1	1	0	5528	none	topic_default
1698.00.01	#topic-sport-leisure	48	999	16980001.0	5532	2	1	0	5529	none	topic_default
1705.00.01	#topic-sport-leisure	48	999	17050001.0	5533	1	1	0	5530	none	topic_default
1713.00.01	#topic-sport-leisure	48	999	17130001.0	5534	1	1	0	5531	none	topic_default
1783.00.01	#topic-sport-leisure	48	999	17830001.0	5535	1	1	0	5532	none	topic_default
1786.00.01	#topic-sport-leisure	48	999	17860001.0	5536	1	1	0	5533	none	topic_default
1872.00.01	#topic-sport-leisure	48	999	18720001.0	5537	1	1	0	5534	none	topic_default
1914.00.01	#topic-sport-leisure	48	999	19140001.0	5538	3	1	0	5535	none	topic_default
1920.00.01	#topic-sport-leisure	48	999	19200001.0	5539	1	1	0	5536	none	topic_default
1948.00.01	#topic-sport-leisure	48	999	19480001.0	5540	1	1	0	5537	none	topic_default
1974.00.02	#topic-sport-leisure	48	999	19740002.0	5541	3	2	0	5538	none	topic_default
2031.00.01	#topic-sport-leisure	48	999	20310001.0	5543	1	1	0	5539	none	topic_default
2042.00.02	#topic-sport-leisure	48	999	20420002.0	5544	2	1	0	5540	none	topic_default
2069.00.01	#topic-sport-leisure	48	999	20690001.0	5545	1	1	0	5541	none	topic_default
2073.00.01	#topic-sport-leisure	48	999	20730001.0	5546	1	1	0	5542	none	topic_default
2080.00.01	#topic-sport-leisure	48	999	20800001.0	5547	1	1	0	5543	none	topic_default
2093.00.02	#topic-sport-leisure	48	999	20930002.0	5548	2	1	0	5544	none	topic_default
2100.00.01	#topic-sport-leisure	48	999	21000001.0	5549	2	1	0	5545	none	topic_default
2111.00.01	#topic-sport-leisure	48	999	21110001.0	5550	1	1	0	5546	none	topic_default
2120.00.01	#topic-sport-leisure	48	999	21200001.0	5551	4	2	0	5547	none	topic_default
2177.00.01	#topic-sport-leisure	48	999	21770001.0	5553	1	1	0	5548	none	topic_default
2186.00.02	#topic-sport-leisure	48	999	21860002.0	5554	3	1	0	5549	none	topic_default
2217.00.01	#topic-sport-leisure	48	999	22170001.0	5555	1	1	0	5550	none	topic_default
2219.00.01	#topic-sport-leisure	48	999	22190001.0	5556	1	1	0	5551	none	topic_default
2258.00.01	#topic-sport-leisure	48	999	22580001.0	5557	1	1	0	5552	none	topic_default
2261.00.01	#topic-sport-leisure	48	999	22610001.0	5558	1	1	0	5553	none	topic_default
2349.00.01	#topic-sport-leisure	48	999	23490001.0	5559	1	1	0	5554	none	topic_default
2356.00.01	#topic-sport-leisure	48	999	23560001.0	5560	1	1	0	5555	none	topic_default
2420.00.01	#topic-sport-leisure	48	999	24200001.0	5561	1	1	0	5556	none	topic_default
2422.00.01	#topic-sport-leisure	48	999	24220001.0	5562	3	2	0	5557	none	topic_default
2463.00.01	#topic-sport-leisure	48	999	24630001.0	5564	1	1	0	5558	none	topic_default
2504.00.02	#topic-sport-leisure	48	999	25040002.0	5565	2	1	0	5559	none	topic_default
2572.00.01	#topic-sport-leisure	48	999	25720001.0	5566	1	1	0	5560	none	topic_default
2629.00.01	#topic-sport-leisure	48	999	26290001.0	5567	1	1	0	5561	none	topic_default
2680.00.02	#topic-sport-leisure	48	999	26800002.0	5568	3	1	0	5562	none	topic_default
2683.00.01	#topic-sport-leisure	48	999	26830001.0	5569	1	1	0	5563	none	topic_default
2713.00.01	#topic-sport-leisure	48	999	27130001.0	5570	1	1	0	5564	none	topic_default
2747.00.01	#topic-sport-leisure	48	999	27470001.0	5571	1	1	0	5565	none	topic_default
2751.00.01	#topic-sport-leisure	48	999	27510001.0	5572	1	1	0	5566	none	topic_default
2756.00.01	#topic-sport-leisure	48	999	27560001.0	5573	2	1	0	5567	none	topic_default
2774.00.03	#topic-sport-leisure	48	999	27740003.0	5574	3	1	0	5568	none	topic_default
2809.00.01	#topic-sport-leisure	48	999	28090001.0	5575	2	2	0	5569	none	topic_default
2831.00.01	#topic-sport-leisure	48	999	28310001.0	5577	1	1	0	5570	none	topic_default
2836.00.01	#topic-sport-leisure	48	999	28360001.0	5578	1	1	0	5571	none	topic_default
2848.00.02	#topic-sport-leisure	48	999	28480002.0	5579	2	1	0	5572	none	topic_default
2880.00.01	#topic-sport-leisure	48	999	28800001.0	5580	2	1	0	5573	none	topic_default
2919.00.01	#topic-sport-leisure	48	999	29190001.0	5581	1	1	0	5574	none	topic_default
2978.00.01	#topic-sport-leisure	48	999	29780001.0	5582	1	1	0	5575	none	topic_default
2979.00.01	#topic-sport-leisure	48	999	29790001.0	5583	1	1	0	5576	none	topic_default
3073.00.01	#topic-sport-leisure	48	999	30730001.0	5584	1	1	0	5577	none	topic_default
3077.00.01	#topic-sport-leisure	48	999	30770001.0	5585	1	1	0	5578	none	topic_default
3152.00.01	#topic-sport-leisure	48	999	31520001.0	5586	1	1	0	5579	none	topic_default
3174.00.01	#topic-sport-leisure	48	999	31740001.0	5587	1	1	0	5580	none	topic_default
3201.00.01	#topic-sport-leisure	48	999	32010001.0	5588	1	1	0	5581	none	topic_default
3283.00.01	#topic-sport-leisure	48	999	32830001.0	5589	1	1	0	5582	none	topic_default
3314.00.02	#topic-sport-leisure	48	999	33140002.0	5590	2	1	0	5583	none	topic_default
3349.00.01	#topic-sport-leisure	48	999	33490001.0	5591	1	1	0	5584	none	topic_default
3370.00.01	#topic-sport-leisure	48	999	33700001.0	5592	1	1	0	5585	none	topic_default
3379.00.01	#topic-sport-leisure	48	999	33790001.0	5593	1	1	0	5586	none	topic_default
3397.00.01	#topic-sport-leisure	48	999	33970001.0	5594	2	2	0	5587	none	topic_default
3419.00.02	#topic-sport-leisure	48	999	34190002.0	5596	2	1	0	5588	none	topic_default
3420.00.02	#topic-sport-leisure	48	999	34200002.0	5597	2	1	0	5589	none	topic_default
3428.00.01	#topic-sport-leisure	48	999	34280001.0	5598	1	1	0	5590	none	topic_default
3453.00.01	#topic-sport-leisure	48	999	34530001.0	5599	1	1	0	5591	none	topic_default
3496.00.01	#topic-sport-leisure	48	999	34960001.0	5600	1	1	0	5592	none	topic_default
3549.00.01	#topic-sport-leisure	48	999	35490001.0	5601	1	1	0	5593	none	topic_default
3600.00.01	#topic-sport-leisure	48	999	36000001.0	5602	1	1	0	5594	none	topic_default
3664.00.03	#topic-sport-leisure	48	999	36640003.0	5603	3	1	0	5595	none	topic_default
3677.00.01	#topic-sport-leisure	48	999	36770001.0	5604	1	1	0	5596	none	topic_default
3702.00.01	#topic-sport-leisure	48	999	37020001.0	5605	1	1	0	5597	none	topic_default
3710.00.01	#topic-sport-leisure	48	999	37100001.0	5606	1	1	0	5598	none	topic_default
3726.00.01	#topic-sport-leisure	48	999	37260001.0	5607	1	1	0	5599	none	topic_default
3759.00.01	#topic-sport-leisure	48	999	37590001.0	5608	1	1	0	5600	none	topic_default
3776.00.01	#topic-sport-leisure	48	999	37760001.0	5609	1	1	0	5601	none	topic_default
3945.00.01	#topic-sport-leisure	48	999	39450001.0	5610	1	1	0	5602	none	topic_default
3960.00.01	#topic-sport-leisure	48	999	39600001.0	5611	1	1	0	5603	none	topic_default
4025.00.01	#topic-sport-leisure	48	999	40250001.0	5612	2	1	0	5604	none	topic_default
4032.00.03	#topic-sport-leisure	48	999	40320003.0	5613	3	1	0	5605	none	topic_default
4121.00.01	#topic-sport-leisure	48	999	41210001.0	5614	1	1	0	5606	none	topic_default
4123.00.01	#topic-sport-leisure	48	999	41230001.0	5615	1	1	0	5607	none	topic_default
4161.00.01	#topic-sport-leisure	48	999	41610001.0	5616	1	1	0	5608	none	topic_default
4199.00.01	#topic-sport-leisure	48	999	41990001.0	5617	1	1	0	5609	none	topic_default
4239.00.01	#topic-sport-leisure	48	999	42390001.0	5618	1	1	0	5610	none	topic_default
4248.00.01	#topic-sport-leisure	48	999	42480001.0	5619	1	1	0	5611	none	topic_default
4289.00.01	#topic-sport-leisure	48	999	42890001.0	5620	1	1	0	5612	none	topic_default
4328.00.01	#topic-sport-leisure	48	999	43280001.0	5621	1	1	0	5613	none	topic_default
4346.00.01	#topic-sport-leisure	48	999	43460001.0	5622	1	1	0	5614	none	topic_default
4414.00.01	#topic-sport-leisure	48	999	44140001.0	5623	2	1	0	5615	none	topic_default
4430.00.01	#topic-sport-leisure	48	999	44300001.0	5624	2	1	0	5616	none	topic_default
4454.00.02	#topic-sport-leisure	48	999	44540002.0	5625	2	1	0	5617	none	topic_default
4519.00.01	#topic-sport-leisure	48	999	45190001.0	5626	1	1	0	5618	none	topic_default
4623.00.01	#topic-sport-leisure	48	999	46230001.0	5627	1	1	0	5619	none	topic_default
4717.00.01	#topic-sport-leisure	48	999	47170001.0	5628	1	1	0	5620	none	topic_default
4740.00.01	#topic-sport-leisure	48	999	47400001.0	5629	2	1	0	5621	none	topic_default
4802.00.01	#topic-sport-leisure	48	999	48020001.0	5630	2	1	0	5622	none	topic_default
4821.00.01	#topic-sport-leisure	48	999	48210001.0	5631	1	1	0	5623	none	topic_default
4898.00.01	#topic-sport-leisure	48	999	48980001.0	5632	1	1	0	5624	none	topic_default
0581.00.02	#topic-sport-leisure	48	999	5810002.0	5502	2	2	1	5625	none	topic_default
1588.00.02	#topic-sport-leisure	48	999	15880002.0	5523	2	2	1	5626	none	topic_default
1656.00.02	#topic-sport-leisure	48	999	16560002.0	5529	2	2	1	5627	none	topic_default
1974.00.03	#topic-sport-leisure	48	999	19740003.0	5542	3	2	1	5628	none	topic_default
2120.00.02	#topic-sport-leisure	48	999	21200002.0	5552	4	2	1	5629	none	topic_default
2422.00.02	#topic-sport-leisure	48	999	24220002.0	5563	3	2	1	5630	none	topic_default
2809.00.02	#topic-sport-leisure	48	999	28090002.0	5576	2	2	1	5631	none	topic_default
3397.00.02	#topic-sport-leisure	48	999	33970002.0	5595	2	2	1	5632	none	topic_default
0239.00.01	#topic-danger-disaster	49	999	2390001.0	5633	1	1	0	5633	none	topic_default
0429.00.01	#topic-danger-disaster	49	999	4290001.0	5634	1	1	0	5634	none	topic_default
0651.00.01	#topic-danger-disaster	49	999	6510001.0	5635	2	1	0	5635	none	topic_default
0834.00.01	#topic-danger-disaster	49	999	8340001.0	5636	1	1	0	5636	none	topic_default
0845.00.01	#topic-danger-disaster	49	999	8450001.0	5637	1	1	0	5637	none	topic_default
0846.00.01	#topic-danger-disaster	49	999	8460001.0	5638	1	1	0	5638	none	topic_default
0881.00.01	#topic-danger-disaster	49	999	8810001.0	5639	1	1	0	5639	none	topic_default
0900.00.01	#topic-danger-disaster	49	999	9000001.0	5640	2	1	0	5640	none	topic_default
0960.00.01	#topic-danger-disaster	49	999	9600001.0	5641	1	1	0	5641	none	topic_default
0964.00.01	#topic-danger-disaster	49	999	9640001.0	5642	1	1	0	5642	none	topic_default
1013.00.01	#topic-danger-disaster	49	999	10130001.0	5643	1	1	0	5643	none	topic_default
1117.00.01	#topic-danger-disaster	49	999	11170001.0	5644	1	1	0	5644	none	topic_default
1119.00.01	#topic-danger-disaster	49	999	11190001.0	5645	1	1	0	5645	none	topic_default
1144.00.01	#topic-danger-disaster	49	999	11440001.0	5646	1	1	0	5646	none	topic_default
1168.00.01	#topic-danger-disaster	49	999	11680001.0	5647	1	1	0	5647	none	topic_default
1247.00.01	#topic-danger-disaster	49	999	12470001.0	5648	1	1	0	5648	none	topic_default
1254.00.01	#topic-danger-disaster	49	999	12540001.0	5649	1	1	0	5649	none	topic_default
1389.00.01	#topic-danger-disaster	49	999	13890001.0	5650	1	1	0	5650	none	topic_default
1456.00.01	#topic-danger-disaster	49	999	14560001.0	5651	1	1	0	5651	none	topic_default
1506.00.01	#topic-danger-disaster	49	999	15060001.0	5652	1	1	0	5652	none	topic_default
1514.00.01	#topic-danger-disaster	49	999	15140001.0	5653	1	1	0	5653	none	topic_default
1572.00.01	#topic-danger-disaster	49	999	15720001.0	5654	1	1	0	5654	none	topic_default
1631.00.01	#topic-danger-disaster	49	999	16310001.0	5655	2	1	0	5655	none	topic_default
1757.00.01	#topic-danger-disaster	49	999	17570001.0	5656	1	1	0	5656	none	topic_default
1763.00.01	#topic-danger-disaster	49	999	17630001.0	5657	3	1	0	5657	none	topic_default
1870.00.01	#topic-danger-disaster	49	999	18700001.0	5658	1	1	0	5658	none	topic_default
1892.00.01	#topic-danger-disaster	49	999	18920001.0	5659	1	1	0	5659	none	topic_default
1974.00.01	#topic-danger-disaster	49	999	19740001.0	5660	3	1	0	5660	none	topic_default
2114.00.01	#topic-danger-disaster	49	999	21140001.0	5661	1	1	0	5661	none	topic_default
2201.00.01	#topic-danger-disaster	49	999	22010001.0	5662	1	1	0	5662	none	topic_default
2204.00.01	#topic-danger-disaster	49	999	22040001.0	5663	1	1	0	5663	none	topic_default
2306.00.01	#topic-danger-disaster	49	999	23060001.0	5664	1	1	0	5664	none	topic_default
2389.00.01	#topic-danger-disaster	49	999	23890001.0	5665	1	1	0	5665	none	topic_default
2418.00.01	#topic-danger-disaster	49	999	24180001.0	5666	1	1	0	5666	none	topic_default
2446.00.01	#topic-danger-disaster	49	999	24460001.0	5667	1	1	0	5667	none	topic_default
2529.00.01	#topic-danger-disaster	49	999	25290001.0	5668	1	1	0	5668	none	topic_default
2555.00.01	#topic-danger-disaster	49	999	25550001.0	5669	1	1	0	5669	none	topic_default
2564.00.01	#topic-danger-disaster	49	999	25640001.0	5670	1	1	0	5670	none	topic_default
2602.00.01	#topic-danger-disaster	49	999	26020001.0	5671	1	1	0	5671	none	topic_default
2684.00.01	#topic-danger-disaster	49	999	26840001.0	5672	1	1	0	5672	none	topic_default
2723.00.02	#topic-danger-disaster	49	999	27230002.0	5673	2	1	0	5673	none	topic_default
2860.00.01	#topic-danger-disaster	49	999	28600001.0	5674	1	1	0	5674	none	topic_default
2929.00.01	#topic-danger-disaster	49	999	29290001.0	5675	1	1	0	5675	none	topic_default
2940.00.01	#topic-danger-disaster	49	999	29400001.0	5676	2	1	0	5676	none	topic_default
2942.00.01	#topic-danger-disaster	49	999	29420001.0	5677	1	1	0	5677	none	topic_default
2976.00.01	#topic-danger-disaster	49	999	29760001.0	5678	1	1	0	5678	none	topic_default
3003.00.01	#topic-danger-disaster	49	999	30030001.0	5679	1	1	0	5679	none	topic_default
3022.00.01	#topic-danger-disaster	49	999	30220001.0	5680	1	1	0	5680	none	topic_default
3213.00.01	#topic-danger-disaster	49	999	32130001.0	5681	1	1	0	5681	none	topic_default
3224.00.01	#topic-danger-disaster	49	999	32240001.0	5682	1	1	0	5682	none	topic_default
3247.00.01	#topic-danger-disaster	49	999	32470001.0	5683	1	1	0	5683	none	topic_default
3264.00.01	#topic-danger-disaster	49	999	32640001.0	5684	2	1	0	5684	none	topic_default
3274.00.01	#topic-danger-disaster	49	999	32740001.0	5685	1	1	0	5685	none	topic_default
3386.00.01	#topic-danger-disaster	49	999	33860001.0	5686	1	1	0	5686	none	topic_default
3437.00.01	#topic-danger-disaster	49	999	34370001.0	5687	3	1	0	5687	none	topic_default
3451.00.01	#topic-danger-disaster	49	999	34510001.0	5688	1	1	0	5688	none	topic_default
3506.00.02	#topic-danger-disaster	49	999	35060002.0	5689	2	1	0	5689	none	topic_default
3569.00.01	#topic-danger-disaster	49	999	35690001.0	5690	1	1	0	5690	none	topic_default
3615.00.01	#topic-danger-disaster	49	999	36150001.0	5691	1	1	0	5691	none	topic_default
3690.00.01	#topic-danger-disaster	49	999	36900001.0	5692	1	1	0	5692	none	topic_default
3704.00.01	#topic-danger-disaster	49	999	37040001.0	5693	1	1	0	5693	none	topic_default
3713.00.01	#topic-danger-disaster	49	999	37130001.0	5694	1	1	0	5694	none	topic_default
3782.00.01	#topic-danger-disaster	49	999	37820001.0	5695	1	1	0	5695	none	topic_default
3829.00.01	#topic-danger-disaster	49	999	38290001.0	5696	1	1	0	5696	none	topic_default
3908.00.01	#topic-danger-disaster	49	999	39080001.0	5697	1	1	0	5697	none	topic_default
3932.00.01	#topic-danger-disaster	49	999	39320001.0	5698	1	1	0	5698	none	topic_default
4002.00.02	#topic-danger-disaster	49	999	40020002.0	5699	2	1	0	5699	none	topic_default
4015.00.01	#topic-danger-disaster	49	999	40150001.0	5700	1	1	0	5700	none	topic_default
4083.00.01	#topic-danger-disaster	49	999	40830001.0	5701	1	1	0	5701	none	topic_default
4113.00.01	#topic-danger-disaster	49	999	41130001.0	5702	1	1	0	5702	none	topic_default
4119.00.01	#topic-danger-disaster	49	999	41190001.0	5703	1	1	0	5703	none	topic_default
4124.00.01	#topic-danger-disaster	49	999	41240001.0	5704	1	1	0	5704	none	topic_default
4133.00.01	#topic-danger-disaster	49	999	41330001.0	5705	1	1	0	5705	none	topic_default
4204.00.01	#topic-danger-disaster	49	999	42040001.0	5706	1	1	0	5706	none	topic_default
4241.00.01	#topic-danger-disaster	49	999	42410001.0	5707	1	1	0	5707	none	topic_default
4269.00.01	#topic-danger-disaster	49	999	42690001.0	5708	1	1	0	5708	none	topic_default
4310.00.01	#topic-danger-disaster	49	999	43100001.0	5709	1	1	0	5709	none	topic_default
4387.00.01	#topic-danger-disaster	49	999	43870001.0	5710	1	1	0	5710	none	topic_default
4449.00.01	#topic-danger-disaster	49	999	44490001.0	5711	1	1	0	5711	none	topic_default
4460.00.01	#topic-danger-disaster	49	999	44600001.0	5712	1	1	0	5712	none	topic_default
4470.00.01	#topic-danger-disaster	49	999	44700001.0	5713	1	1	0	5713	none	topic_default
4557.00.01	#topic-danger-disaster	49	999	45570001.0	5714	1	1	0	5714	none	topic_default
4564.00.01	#topic-danger-disaster	49	999	45640001.0	5715	2	2	0	5715	none	topic_default
4573.00.01	#topic-danger-disaster	49	999	45730001.0	5717	2	2	0	5716	none	topic_default
4574.00.01	#topic-danger-disaster	49	999	45740001.0	5719	2	1	0	5717	none	topic_default
4583.00.01	#topic-danger-disaster	49	999	45830001.0	5720	1	1	0	5718	none	topic_default
4615.00.01	#topic-danger-disaster	49	999	46150001.0	5721	1	1	0	5719	none	topic_default
4682.00.01	#topic-danger-disaster	49	999	46820001.0	5722	1	1	0	5720	none	topic_default
4763.00.01	#topic-danger-disaster	49	999	47630001.0	5723	1	1	0	5721	none	topic_default
4788.00.01	#topic-danger-disaster	49	999	47880001.0	5724	1	1	0	5722	none	topic_default
4815.00.01	#topic-danger-disaster	49	999	48150001.0	5725	1	1	0	5723	none	topic_default
4564.00.02	#topic-danger-disaster	49	999	45640002.0	5716	2	2	1	5724	none	topic_default
4573.00.02	#topic-danger-disaster	49	999	45730002.0	5718	2	2	1	5725	none	topic_default
