sense_id	source_line_number	provenance_type	notes
0001.00.00	1	original	pt=o
0002.00.00	2	original	pt=de
0003.00.00	3	original	pt=em
0004.00.00	4	original	pt=e
0005.00.00	5	original	pt=que
0006.00.00	6	original	pt=ser
0007.00.00	7	original	pt=um
0008.00.00	8	original	pt=por
0009.00.00	9	original	pt=para
0010.00.00	10	original	pt=a
0011.00.00	11	original	pt=não
0012.00.00	12	original	pt=com
0013.00.00	13	original	pt=ter
0014.00.00	14	original	pt=se
0015.00.00	15	original	pt=seu
0016.00.00	16	original	pt=como
0017.00.00	17	original	pt=estar
0018.00.00	18	original	pt=mais
0019.00.00	19	original	pt=mas
0020.00.00	20	original	pt=fazer
0021.00.00	21	original	pt=poder
0022.00.00	22	original	pt=este
0023.00.00	23	original	pt=ou
0024.00.00	24	original	pt=ele
0025.00.00	25	original	pt=esse
0026.00.00	26	original	pt=outro
0027.00.00	27	original	pt=muito
0028.00.00	28	original	pt=haver
0029.00.00	29	original	pt=ir
0030.00.00	30	original	pt=todo
0031.00.00	31	original	pt=eu
0032.00.00	32	original	pt=já
0033.00.00	33	original	pt=dizer
0034.00.00	34	original	pt=ano
0035.00.00	35	original	pt=dar
0036.00.00	36	original	pt=também
0037.00.00	37	original	pt=quando
0038.00.00	38	original	pt=mesmo
0039.00.00	39	original	pt=ver
0040.00.00	40	original	pt=até
0041.00.00	41	original	pt=dois
0042.00.00	42	original	pt=ainda
0043.00.00	43	original	pt=isso
0044.00.00	44	original	pt=grande
0045.00.00	45	original	pt=vez
0046.00.00	46	original	pt=algum
0047.00.00	47	original	pt=ela
0048.00.00	48	original	pt=depois
0049.00.00	49	original	pt=entre
0050.00.00	50	original	pt=dia
0051.00.00	51	original	pt=só
0052.00.00	52	original	pt=aquele
0053.00.00	53	original	pt=sobre
0054.00.00	54	original	pt=primeiro
0055.00.00	55	original	pt=ficar
0056.00.00	56	original	pt=dever
0057.00.00	57	original	pt=passar
0058.00.00	58	original	pt=saber
0059.00.00	59	original	pt=assim
0060.00.00	60	original	pt=querer
0061.00.00	61	original	pt=onde
0062.00.00	62	original	pt=novo
0063.00.00	63	original	pt=sem
0064.00.00	64	original	pt=vir
0065.00.00	65	original	pt=tempo
0066.00.00	66	original	pt=bem
0067.00.00	67	original	pt=porque
0068.00.00	68	original	pt=meu
0069.00.00	69	original	pt=pessoa
0070.00.00	70	original	pt=coisa
0071.00.00	71	original	pt=então
0072.00.00	72	original	pt=quem
0073.00.00	73	original	pt=sempre
0074.00.00	74	original	pt=qual
0075.00.00	75	original	pt=chegar
0076.00.00	76	original	pt=vida
0077.00.00	77	original	pt=pouco
0078.00.00	78	original	pt=homem
0079.00.00	79	original	pt=parte
0080.00.00	80	original	pt=tudo
0081.00.00	81	original	pt=casa
0082.00.00	82	original	pt=agora
0083.00.00	83	original	pt=lhe
0084.00.00	84	original	pt=trabalho
0085.00.00	85	original	pt=nosso
0086.00.00	86	original	pt=levar
0087.00.00	87	original	pt=pois
0088.00.00	88	original	pt=deixar
0089.00.00	89	original	pt=bom
0090.00.00	90	original	pt=começar
0091.00.00	91	original	pt=próprio
0092.00.00	92	original	pt=maior
0093.00.00	93	original	pt=caso
0094.00.00	94	original	pt=falar
0095.00.00	95	original	pt=país
0096.00.00	96	original	pt=forma
0097.00.00	97	original	pt=cada
0098.00.00	98	original	pt=hoje
0099.00.00	99	original	pt=nem
0100.00.00	100	original	pt=três
0101.00.00	101	original	pt=encontrar
0102.00.00	102	original	pt=meio
0103.00.00	103	original	pt=aqui
0104.00.00	104	original	pt=mundo
0105.00.00	105	original	pt=apenas
0106.00.00	106	original	pt=estado
0107.00.00	107	original	pt=segundo
0108.00.00	108	original	pt=qualquer
0109.00.00	109	original	pt=cidade
0110.00.00	110	original	pt=menos
0111.00.00	111	original	pt=governo
0112.00.00	112	original	pt=partir
0113.00.00	113	original	pt=conseguir
0114.00.00	114	original	pt=tanto
0115.00.00	115	original	pt=lado
0116.00.00	116	original	pt=chamar
0117.00.00	117	original	pt=melhor
0118.00.00	118	original	pt=pensar
0119.00.00	119	original	pt=nome
0120.00.00	120	original	pt=isto
0121.00.00	121	original	pt=certo
0122.00.00	122	original	pt=mulher
0123.00.00	123	original	pt=conhecer
0124.00.00	124	original	pt=exemplo
0125.00.00	125	original	pt=existir
0126.00.00	126	original	pt=antes
0127.00.00	127	original	pt=tal
0128.00.00	128	original	pt=você
0129.00.00	129	original	pt=lá
0130.00.00	130	original	pt=durante
0131.00.00	131	original	pt=terra
0132.00.00	132	original	pt=último
0133.00.00	133	original	pt=desde
0134.00.00	134	original	pt=contra
0135.00.00	135	original	pt=aí
0136.00.00	136	original	pt=parecer
0137.00.00	137	original	pt=pequeno
0138.00.00	138	original	pt=quanto
0139.00.00	139	original	pt=nada
0140.00.00	140	original	pt=português
0141.00.00	141	original	pt=filho
0142.00.00	142	original	pt=tornar-se
0143.00.00	143	original	pt=água
0144.00.00	144	original	pt=direito
0145.00.00	145	original	pt=público
0146.00.00	146	original	pt=entrar
0147.00.00	147	original	pt=problema
0148.00.00	148	original	pt=viver
0149.00.00	149	original	pt=além
0150.00.00	150	original	pt=pôr
0151.00.00	151	original	pt=história
0152.00.00	152	original	pt=grupo
0153.00.00	153	original	pt=hora
0154.00.00	154	original	pt=sair
0155.00.00	155	original	pt=acabar
0156.00.00	156	original	pt=continuar
0157.00.00	157	original	pt=tão
0158.00.00	158	original	pt=nunca
0159.00.00	159	original	pt=dentro
0160.00.00	160	original	pt=voltar
0161.00.00	161	original	pt=tomar
0162.00.00	162	original	pt=obra
0163.00.00	163	original	pt=facto
0164.00.00	164	original	pt=ponto
0165.00.00	165	original	pt=trabalhar
0166.00.00	166	original	pt=fim
0167.00.00	167	original	pt=quase
0168.00.00	168	original	pt=pai
0169.00.00	169	original	pt=apresentar
0170.00.00	170	original	pt=relação
0171.00.00	171	original	pt=criar
0172.00.00	172	original	pt=considerar
0173.00.00	173	original	pt=momento
0174.00.00	174	original	pt=receber
0175.00.00	175	original	pt=ideia
0176.00.00	176	original	pt=política
0177.00.00	177	original	pt=vários
0178.00.00	178	original	pt=lugar
0179.00.00	179	original	pt=sentir
0180.00.00	180	original	pt=livro
0181.00.00	181	original	pt=nós
0182.00.00	182	original	pt=mês
0183.00.00	183	original	pt=alto
0184.00.00	184	original	pt=força
0185.00.00	185	original	pt=acontecer
0186.00.00	186	original	pt=família
0187.00.00	187	original	pt=tipo
0188.00.00	188	original	pt=presidente
0189.00.00	189	original	pt=mil
0190.00.00	190	original	pt=tratar
0191.00.00	191	original	pt=enquanto
0192.00.00	192	original	pt=perder
0193.00.00	193	original	pt=achar
0194.00.00	194	original	pt=escrever
0195.00.00	195	original	pt=quatro
0196.00.00	196	original	pt=usar
0197.00.00	197	original	pt=único
0198.00.00	198	original	pt=nenhum
0199.00.00	199	original	pt=contar
0200.00.00	200	original	pt=real
0201.00.00	201	original	pt=palavra
0202.00.00	202	original	pt=embora
0203.00.00	203	original	pt=diferente
0204.00.00	204	original	pt=possível
0205.00.00	205	original	pt=importante
0206.00.00	206	original	pt=mostrar
0207.00.00	207	original	pt=social
0208.00.00	208	original	pt=ali
0209.00.00	209	original	pt=claro
0210.00.00	210	original	pt=mão
0211.00.00	211	original	pt=logo
0212.00.00	212	original	pt=rio
0213.00.00	213	original	pt=seguir
0214.00.00	214	original	pt=situação
0215.00.00	215	original	pt=questão
0216.00.00	216	original	pt=procurar
0217.00.00	217	original	pt=campo
0218.00.00	218	original	pt=através
0219.00.00	219	original	pt=brasileiro
0220.00.00	220	original	pt=tentar
0221.00.00	221	original	pt=serviço
0222.00.00	222	original	pt=lei
0223.00.00	223	original	pt=criança
0224.00.00	224	original	pt=próximo
0225.00.00	225	original	pt=nacional
0226.00.00	226	original	pt=trazer
0227.00.00	227	original	pt=geral
0228.00.00	228	original	pt=frente
0229.00.00	229	original	pt=aparecer
0230.00.00	230	original	pt=manter
0231.00.00	231	original	pt=colocar
0232.00.00	232	original	pt=conta
0233.00.00	233	original	pt=pedir
0234.00.00	234	original	pt=cinco
0235.00.00	235	original	pt=escola
0236.00.00	236	original	pt=verdade
0237.00.00	237	original	pt=corpo
0238.00.00	238	original	pt=morrer
0239.00.00	239	original	pt=guerra
0240.00.00	240	original	pt=música
0241.00.00	241	original	pt=região
0242.00.00	242	original	pt=baixo
0243.00.00	243	original	pt=professor
0244.00.00	244	original	pt=longo
0245.00.00	245	original	pt=ação
0246.00.00	246	original	pt=entender
0247.00.00	247	original	pt=movimento
0248.00.00	248	original	pt=branco
0249.00.00	249	original	pt=processo
0250.00.00	250	original	pt=ganhar
0251.00.00	251	original	pt=arte
0252.00.00	252	original	pt=papel
0253.00.00	253	original	pt=sim
0254.00.00	254	original	pt=esperar
0255.00.00	255	original	pt=fundo
0256.00.00	256	original	pt=senhor
0257.00.00	257	original	pt=número
0258.00.00	258	original	pt=definir
0259.00.00	259	original	pt=tarde
0260.00.00	260	original	pt=abrir
0261.00.00	261	original	pt=sociedade
0262.00.00	262	original	pt=povo
0263.00.00	263	original	pt=forte
0264.00.00	264	original	pt=cabeça
0265.00.00	265	original	pt=altura
0266.00.00	266	original	pt=volta
0267.00.00	267	original	pt=condição
0268.00.00	268	original	pt=apesar
0269.00.00	269	original	pt=valor
0270.00.00	270	original	pt=mãe
0271.00.00	271	original	pt=servir
0272.00.00	272	original	pt=pagar
0273.00.00	273	original	pt=causa
0274.00.00	274	original	pt=antigo
0275.00.00	275	original	pt=maneira
0276.00.00	276	original	pt=humano
0277.00.00	277	original	pt=sentido
0278.00.00	278	original	pt=permitir
0279.00.00	279	original	pt=Deus
0280.00.00	280	original	pt=modo
0281.00.00	281	original	pt=gente
0282.00.00	282	original	pt=imagem
0283.00.00	283	original	pt=época
0284.00.00	284	original	pt=noite
0285.00.00	285	original	pt=velho
0286.00.00	286	original	pt=cair
0287.00.00	287	original	pt=aquilo
0288.00.00	288	original	pt=projeto
0289.00.00	289	original	pt=final
0290.00.00	290	original	pt=acreditar
0291.00.00	291	original	pt=jornal
0292.00.00	292	original	pt=razão
0293.00.00	293	original	pt=espécie
0294.00.00	294	original	pt=junto
0295.00.00	295	original	pt=preciso
0296.00.00	296	original	pt=século
0297.00.00	297	original	pt=precisar
0298.00.00	298	original	pt=ler
0299.00.00	299	original	pt=dinheiro
0300.00.00	300	original	pt=talvez
0301.00.00	301	original	pt=plano
0302.00.00	302	original	pt=nascer
0303.00.00	303	original	pt=centro
0304.00.00	304	original	pt=partido
0305.00.00	305	original	pt=descobrir
0306.00.00	306	original	pt=ouvir
0307.00.00	307	original	pt=ligar
0308.00.00	308	original	pt=interesse
0309.00.00	309	original	pt=amigo
0310.00.00	310	original	pt=seguinte
0311.00.00	311	original	pt=termo
0312.00.00	312	original	pt=mudar
0313.00.00	313	original	pt=linha
0314.00.00	314	original	pt=medida
0314.01.00	314	idiom_expansion	phrase=à medida que
0315.00.00	315	original	pt=teatro
0316.00.00	316	original	pt=espaço
0317.00.00	317	original	pt=animal
0318.00.00	318	original	pt=santo
0319.00.00	319	original	pt=acordo
0320.00.00	320	original	pt=olhar
0321.00.00	321	original	pt=necessário
0322.00.00	322	original	pt=jovem
0323.00.00	323	original	pt=futuro
0324.00.00	324	original	pt=local
0325.00.00	325	original	pt=falta
0326.00.00	326	original	pt=morte
0327.00.00	327	original	pt=político
0328.00.00	328	original	pt=banco
0329.00.00	329	original	pt=posição
0330.00.00	330	original	pt=rua
0331.00.00	331	original	pt=difícil
0332.00.00	332	original	pt=mercado
0333.00.00	333	original	pt=resolver
0334.00.00	334	original	pt=caminho
0335.00.00	335	original	pt=jogo
0336.00.00	336	original	pt=estudar
0337.00.00	337	original	pt=igreja
0338.00.00	338	original	pt=formar
0339.00.00	339	original	pt=surgir
0340.00.00	340	original	pt=lembrar
0341.00.00	341	original	pt=representar
0342.00.00	342	original	pt=negócio
0343.00.00	343	original	pt=via
0344.00.00	344	original	pt=semana
0345.00.00	345	original	pt=luz
0346.00.00	346	original	pt=contrário
0347.00.00	347	original	pt=bastante
0348.00.00	348	original	pt=pessoal
0349.00.00	349	original	pt=realidade
0350.00.00	350	original	pt=explicar
0351.00.00	351	original	pt=mal
0352.00.00	352	original	pt=militar
0353.00.00	353	original	pt=seis
0354.00.00	354	original	pt=empresa
0355.00.00	355	original	pt=pé
0356.00.00	356	original	pt=perceber
0357.00.00	357	original	pt=ajudar
0358.00.00	358	original	pt=ordem
0359.00.00	359	original	pt=defender
0360.00.00	360	original	pt=ocorrer
0361.00.00	361	original	pt=principal
0362.00.00	362	original	pt=assunto
0363.00.00	363	original	pt=passo
0364.00.00	364	original	pt=portanto
0365.00.00	365	original	pt=atividade
0366.00.00	366	original	pt=aceitar
0367.00.00	367	original	pt=direção
0368.00.00	368	original	pt=necessidade
0369.00.00	369	original	pt=dez
0370.00.00	370	original	pt=ministro
0371.00.00	371	original	pt=qualidade
0372.00.00	372	original	pt=realizar
0373.00.00	373	original	pt=função
0374.00.00	374	original	pt=olho
0375.00.00	375	original	pt=respeito
0376.00.00	376	original	pt=tirar
0377.00.00	377	original	pt=cima
0378.00.00	378	original	pt=mar
0379.00.00	379	original	pt=natural
0380.00.00	380	original	pt=costa
0381.00.00	381	original	pt=peça
0382.00.00	382	original	pt=área
0383.00.00	383	original	pt=lançar
0384.00.00	384	original	pt=preço
0385.00.00	385	original	pt=correr
0386.00.00	386	original	pt=experiência
0387.00.00	387	original	pt=norte
0388.00.00	388	original	pt=princípio
0389.00.00	389	original	pt=autor
0390.00.00	390	original	pt=curso
0391.00.00	391	original	pt=crescer
0392.00.00	392	original	pt=aumentar
0393.00.00	393	original	pt=decisão
0394.00.00	394	original	pt=câmara
0395.00.00	395	original	pt=andar
0396.00.00	396	original	pt=sistema
0397.00.00	397	original	pt=vontade
0398.00.00	398	original	pt=maioria
0399.00.00	399	original	pt=acompanhar
0400.00.00	400	original	pt=viagem
0401.00.00	401	original	pt=senhora
0402.00.00	402	original	pt=aspecto
0403.00.00	403	original	pt=artista
0404.00.00	404	original	pt=idade
0405.00.00	405	original	pt=aberto
0406.00.00	406	original	pt=conto
0407.00.00	407	original	pt=médico
0408.00.00	408	original	pt=capital
0409.00.00	409	original	pt=sobretudo
0410.00.00	410	original	pt=no entanto
0411.00.00	411	original	pt=cultura
0412.00.00	412	original	pt=escolher
0413.00.00	413	original	pt=conhecimento
0414.00.00	414	original	pt=responder
0415.00.00	415	original	pt=pretender
0416.00.00	416	original	pt=população
0417.00.00	417	original	pt=estudo
0418.00.00	418	original	pt=resposta
0419.00.00	419	original	pt=informação
0420.00.00	420	original	pt=comum
0421.00.00	421	original	pt=gostar
0422.00.00	422	original	pt=superior
0423.00.00	423	original	pt=saúde
0424.00.00	424	original	pt=capaz
0425.00.00	425	original	pt=porta
0426.00.00	426	original	pt=terceiro
0427.00.00	427	original	pt=vender
0428.00.00	428	original	pt=república
0429.00.00	429	original	pt=matar
0430.00.00	430	original	pt=menor
0431.00.00	431	original	pt=especial
0432.00.00	432	original	pt=sul
0433.00.00	433	original	pt=cinema
0434.00.00	434	original	pt=pena
0435.00.00	435	original	pt=cor
0436.00.00	436	original	pt=sofrer
0437.00.00	437	original	pt=estrangeiro
0438.00.00	438	original	pt=ar
0439.00.00	439	original	pt=carro
0440.00.00	440	original	pt=igual
0441.00.00	441	original	pt=figura
0442.00.00	442	original	pt=interior
0443.00.00	443	original	pt=dificuldade
0444.00.00	444	original	pt=decidir
0445.00.00	445	original	pt=negro
0446.00.00	446	original	pt=compreender
0447.00.00	447	original	pt=milhão
0448.00.00	448	original	pt=importância
0449.00.00	449	original	pt=produzir
0450.00.00	450	original	pt=livre
0451.00.00	451	original	pt=rede
0452.00.00	452	original	pt=efeito
0453.00.00	453	original	pt=fechar
0454.00.00	454	original	pt=possibilidade
0455.00.00	455	original	pt=oito
0456.00.00	456	original	pt=principalmente
0457.00.00	457	original	pt=quadro
0458.00.00	458	original	pt=espírito
0459.00.00	459	original	pt=elemento
0460.00.00	460	original	pt=base
0461.00.00	461	original	pt=cujo
0462.00.00	462	original	pt=transformar
0463.00.00	463	original	pt=comprar
0464.00.00	464	original	pt=tu
0465.00.00	465	original	pt=após
0466.00.00	466	original	pt=filha
0467.00.00	467	original	pt=sob
0468.00.00	468	original	pt=referir
0469.00.00	469	original	pt=pedra
0470.00.00	470	original	pt=filme
0471.00.00	471	original	pt=madeira
0472.00.00	472	original	pt=natureza
0473.00.00	473	original	pt=período
0474.00.00	474	original	pt=presente
0475.00.00	475	original	pt=sete
0476.00.00	476	original	pt=recurso
0477.00.00	477	original	pt=levantar
0478.00.00	478	original	pt=mandar
0479.00.00	479	original	pt=unido
0480.00.00	480	original	pt=resultado
0481.00.00	481	original	pt=preso
0482.00.00	482	original	pt=reconhecer
0483.00.00	483	original	pt=dirigir
0484.00.00	484	original	pt=tocar
0485.00.00	485	original	pt=diretor
0486.00.00	486	original	pt=irmão
0487.00.00	487	original	pt=ninguém
0488.00.00	488	original	pt=mau
0489.00.00	489	original	pt=simples
0490.00.00	490	original	pt=programa
0491.00.00	491	original	pt=construir
0492.00.00	492	original	pt=diverso
0493.00.00	493	original	pt=cerca
0494.00.00	494	original	pt=classe
0495.00.00	495	original	pt=conselho
0496.00.00	496	original	pt=amor
0497.00.00	497	original	pt=televisão
0498.00.00	498	original	pt=valer
0499.00.00	499	original	pt=banda
0500.00.00	500	original	pt=carta
0501.00.00	501	original	pt=segurança
0502.00.00	502	original	pt=vinte
0503.00.00	503	original	pt=quarto
0504.00.00	504	original	pt=diferença
0505.00.00	505	original	pt=perto
0506.00.00	506	original	pt=opinião
0507.00.00	507	original	pt=título
0508.00.00	508	original	pt=luta
0509.00.00	509	original	pt=afirmar
0510.00.00	510	original	pt=terminar
0511.00.00	511	original	pt=algo
0512.00.00	512	original	pt=peixe
0513.00.00	513	original	pt=atrás
0514.00.00	514	original	pt=atingir
0515.00.00	515	original	pt=interessar
0516.00.00	516	original	pt=discutir
0517.00.00	517	original	pt=voz
0518.00.00	518	original	pt=companhia
0519.00.00	519	original	pt=significar
0520.00.00	520	original	pt=objeto
0521.00.00	521	original	pt=alguém
0522.00.00	522	original	pt=anterior
0523.00.00	523	original	pt=buscar
0524.00.00	524	original	pt=dúvida
0525.00.00	525	original	pt=início
0526.00.00	526	original	pt=matéria
0527.00.00	527	original	pt=graça
0528.00.00	528	original	pt=língua
0529.00.00	529	original	pt=enorme
0530.00.00	530	original	pt=americano
0531.00.00	531	original	pt=doutor
0532.00.00	532	original	pt=julgar
0533.00.00	533	original	pt=francês
0534.00.00	534	original	pt=verde
0535.00.00	535	original	pt=atenção
0536.00.00	536	original	pt=nível
0537.00.00	537	original	pt=criação
0538.00.00	538	original	pt=verdadeiro
0539.00.00	539	original	pt=justiça
0540.00.00	540	original	pt=vivo
0541.00.00	541	original	pt=educação
0542.00.00	542	original	pt=passado
0543.00.00	543	original	pt=evitar
0544.00.00	544	original	pt=ambiente
0545.00.00	545	original	pt=guarda
0546.00.00	546	original	pt=económico
0547.00.00	547	original	pt=casar
0548.00.00	548	original	pt=participar
0549.00.00	549	original	pt=rico
0550.00.00	550	original	pt=pobre
0551.00.00	551	original	pt=cabo
0552.00.00	552	original	pt=eleição
0553.00.00	553	original	pt=apoio
0554.00.00	554	original	pt=inglês
0555.00.00	555	original	pt=solução
0556.00.00	556	original	pt=demais
0557.00.00	557	original	pt=máquina
0558.00.00	558	original	pt=trabalhador
0559.00.00	559	original	pt=produto
0560.00.00	560	original	pt=envolver
0561.00.00	561	original	pt=doença
0562.00.00	562	original	pt=resto
0563.00.00	563	original	pt=ciência
0564.00.00	564	original	pt=marcar
0565.00.00	565	original	pt=cumprir
0566.00.00	566	original	pt=contacto
0567.00.00	567	original	pt=realmente
0568.00.00	568	original	pt=morar
0569.00.00	569	original	pt=rápido
0570.00.00	570	original	pt=literatura
0571.00.00	571	original	pt=fácil
0572.00.00	572	original	pt=atual
0573.00.00	573	original	pt=morto
0574.00.00	574	original	pt=exigir
0575.00.00	575	original	pt=diante
0575.01.00	575	idiom_expansion	phrase=em diante
0576.00.00	576	original	pt=liberdade
0577.00.00	577	original	pt=zona
0578.00.00	578	original	pt=terreno
0579.00.00	579	original	pt=provocar
0580.00.00	580	original	pt=garantir
0581.00.00	581	original	pt=jogar
0582.00.00	582	original	pt=modelo
0583.00.00	583	original	pt=assumir
0584.00.00	584	original	pt=oferecer
0585.00.00	585	original	pt=visão
0586.00.00	586	original	pt=preparar
0587.00.00	587	original	pt=constituir
0588.00.00	588	original	pt=escritor
0589.00.00	589	original	pt=estrada
0590.00.00	590	original	pt=construção
0591.00.00	591	original	pt=polícia
0592.00.00	592	original	pt=mudança
0593.00.00	593	original	pt=aprender
0594.00.00	594	original	pt=mínimo
0595.00.00	595	original	pt=comer
0596.00.00	596	original	pt=fugir
0597.00.00	597	original	pt=motivo
0598.00.00	598	original	pt=som
0599.00.00	599	original	pt=obrigar
0600.00.00	600	original	pt=publicar
0601.00.00	601	original	pt=sol
0602.00.00	602	original	pt=comércio
0603.00.00	603	original	pt=ocupar
0604.00.00	604	original	pt=central
0605.00.00	605	original	pt=curto
0606.00.00	606	original	pt=prova
0607.00.00	607	original	pt=memória
0608.00.00	608	original	pt=bater
0609.00.00	609	original	pt=aproveitar
0610.00.00	610	original	pt=depender
0611.00.00	611	original	pt=parar
0612.00.00	612	original	pt=metro
0613.00.00	613	original	pt=material
0614.00.00	614	original	pt=revista
0615.00.00	615	original	pt=acima
0616.00.00	616	original	pt=crítica
0617.00.00	617	original	pt=sinal
0618.00.00	618	original	pt=medo
0619.00.00	619	original	pt=profissional
0620.00.00	620	original	pt=objetivo
0621.00.00	621	original	pt=inteiro
0622.00.00	622	original	pt=venda
0623.00.00	623	original	pt=sucesso
0624.00.00	624	original	pt=carreira
0625.00.00	625	original	pt=assistir
0626.00.00	626	original	pt=esquerda
0627.00.00	627	original	pt=cortar
0628.00.00	628	original	pt=influência
0629.00.00	629	original	pt=pertencer
0630.00.00	630	original	pt=personagem
0631.00.00	631	original	pt=obter
0632.00.00	632	original	pt=apoiar
0633.00.00	633	original	pt=funcionar
0634.00.00	634	original	pt=prática
0635.00.00	635	original	pt=formação
0636.00.00	636	original	pt=europeu
0637.00.00	637	original	pt=conforme
0638.00.00	638	original	pt=preocupação
0639.00.00	639	original	pt=estabelecer
0640.00.00	640	original	pt=produção
0641.00.00	641	original	pt=conjunto
0642.00.00	642	original	pt=esforço
0643.00.00	643	original	pt=massa
0644.00.00	644	original	pt=comissão
0645.00.00	645	original	pt=porém
0646.00.00	646	original	pt=subir
0647.00.00	647	original	pt=popular
0648.00.00	648	original	pt=desenvolver
0649.00.00	649	original	pt=rei
0650.00.00	650	original	pt=rádio
0651.00.00	651	original	pt=prestar
0652.00.00	652	original	pt=dividir
0653.00.00	653	original	pt=erro
0654.00.00	654	original	pt=género
0655.00.00	655	original	pt=favor
0656.00.00	656	original	pt=oficial
0657.00.00	657	original	pt=administração
0658.00.00	658	original	pt=reunir
0659.00.00	659	original	pt=cento
0659.01.00	659	idiom_expansion	phrase=por cento
0660.00.00	660	original	pt=sangue
0661.00.00	661	original	pt=letra
0662.00.00	662	original	pt=série
0663.00.00	663	original	pt=expressão
0664.00.00	664	original	pt=face
0665.00.00	665	original	pt=supor
0666.00.00	666	original	pt=vila
0667.00.00	667	original	pt=determinar
0668.00.00	668	original	pt=completamente
0669.00.00	669	original	pt=energia
0670.00.00	670	original	pt=presença
0671.00.00	671	original	pt=árvore
0672.00.00	672	original	pt=fase
0673.00.00	673	original	pt=encontro
0674.00.00	674	original	pt=deputado
0675.00.00	675	original	pt=emprego
0676.00.00	676	original	pt=particular
0677.00.00	677	original	pt=risco
0678.00.00	678	original	pt=belo
0679.00.00	679	original	pt=cena
0680.00.00	680	original	pt=consciência
0681.00.00	681	original	pt=geração
0682.00.00	682	original	pt=crime
0683.00.00	683	original	pt=somente
0684.00.00	684	original	pt=verificar
0685.00.00	685	original	pt=preferir
0686.00.00	686	original	pt=crise
0687.00.00	687	original	pt=ora
0688.00.00	688	original	pt=entregar
0689.00.00	689	original	pt=moderno
0690.00.00	690	original	pt=regra
0691.00.00	691	original	pt=revelar
0692.00.00	692	original	pt=desejar
0693.00.00	693	original	pt=exatamente
0694.00.00	694	original	pt=fonte
0695.00.00	695	original	pt=repetir
0696.00.00	696	original	pt=largo
0697.00.00	697	original	pt=estilo
0698.00.00	698	original	pt=imaginar
0699.00.00	699	original	pt=responsabilidade
0700.00.00	700	original	pt=economia
0701.00.00	701	original	pt=vale
0702.00.00	702	original	pt=avançar
0703.00.00	703	original	pt=observar
0704.00.00	704	original	pt=carne
0705.00.00	705	original	pt=origem
0706.00.00	706	original	pt=atitude
0707.00.00	707	original	pt=indivíduo
0708.00.00	708	original	pt=inclusive
0709.00.00	709	original	pt=sala
0710.00.00	710	original	pt=cheio
0711.00.00	711	original	pt=preto
0712.00.00	712	original	pt=reduzir
0713.00.00	713	original	pt=defesa
0714.00.00	714	original	pt=propor
0715.00.00	715	original	pt=civil
0716.00.00	716	original	pt=comunicação
0717.00.00	717	original	pt=resultar
0718.00.00	718	original	pt=texto
0719.00.00	719	original	pt=oportunidade
0720.00.00	720	original	pt=proposta
0721.00.00	721	original	pt=manhã
0722.00.00	722	original	pt=peso
0723.00.00	723	original	pt=entrada
0724.00.00	724	original	pt=existência
0725.00.00	725	original	pt=moeda
0726.00.00	726	original	pt=total
0727.00.00	727	original	pt=clube
0728.00.00	728	original	pt=ferro
0729.00.00	729	original	pt=romance
0730.00.00	730	original	pt=autoridade
0731.00.00	731	original	pt=sentimento
0732.00.00	732	original	pt=grave
0733.00.00	733	original	pt=vitória
0734.00.00	734	original	pt=reunião
0735.00.00	735	original	pt=marido
0736.00.00	736	original	pt=interessante
0737.00.00	737	original	pt=admitir
0738.00.00	738	original	pt=sério
0739.00.00	739	original	pt=operação
0740.00.00	740	original	pt=indicar
0741.00.00	741	original	pt=máximo
0742.00.00	742	original	pt=normal
0743.00.00	743	original	pt=juntar
0744.00.00	744	original	pt=impedir
0745.00.00	745	original	pt=ilha
0746.00.00	746	original	pt=espetáculo
0747.00.00	747	original	pt=possuir
0748.00.00	748	original	pt=dado
0749.00.00	749	original	pt=certeza
0750.00.00	750	original	pt=em torno
0751.00.00	751	original	pt=frio
0752.00.00	752	original	pt=histórico
0753.00.00	753	original	pt=faltar
0754.00.00	754	original	pt=iniciar
0755.00.00	755	original	pt=dedicar
0756.00.00	756	original	pt=aliás
0757.00.00	757	original	pt=universidade
0758.00.00	758	original	pt=intenção
0759.00.00	759	original	pt=discurso
0760.00.00	760	original	pt=trinta
0761.00.00	761	original	pt=apontar
0762.00.00	762	original	pt=passagem
0763.00.00	763	original	pt=tema
0764.00.00	764	original	pt=abandonar
0765.00.00	765	original	pt=notar
0766.00.00	766	original	pt=coração
0767.00.00	767	original	pt=doente
0768.00.00	768	original	pt=concluir
0769.00.00	769	original	pt=leite
0770.00.00	770	original	pt=paz
0771.00.00	771	original	pt=margem
0772.00.00	772	original	pt=ambos
0773.00.00	773	original	pt=retirar
0774.00.00	774	original	pt=pronto
0775.00.00	775	original	pt=vencer
0776.00.00	776	original	pt=discussão
0777.00.00	777	original	pt=hospital
0778.00.00	778	original	pt=instrumento
0779.00.00	779	original	pt=minuto
0780.00.00	780	original	pt=monte
0781.00.00	781	original	pt=campanha
0782.00.00	782	original	pt=incluir
0783.00.00	783	original	pt=prever
0784.00.00	784	original	pt=tarefa
0785.00.00	785	original	pt=indústria
0786.00.00	786	original	pt=viajar
0787.00.00	787	original	pt=reforma
0788.00.00	788	original	pt=vento
0789.00.00	789	original	pt=especializar
0790.00.00	790	original	pt=saída
0791.00.00	791	original	pt=esquecer
0792.00.00	792	original	pt=adquirir
0793.00.00	793	original	pt=pergunta
0794.00.00	794	original	pt=boca
0795.00.00	795	original	pt=organização
0796.00.00	796	original	pt=poeta
0797.00.00	797	original	pt=cargo
0798.00.00	798	original	pt=capacidade
0799.00.00	799	original	pt=cantar
0800.00.00	800	original	pt=chefe
0801.00.00	801	original	pt=exército
0802.00.00	802	original	pt=corrente
0803.00.00	803	original	pt=festa
0804.00.00	804	original	pt=melhorar
0805.00.00	805	original	pt=pensamento
0806.00.00	806	original	pt=limite
0807.00.00	807	original	pt=atender
0808.00.00	808	original	pt=profundo
0809.00.00	809	original	pt=aula
0810.00.00	810	original	pt=pesar
0811.00.00	811	original	pt=ministério
0812.00.00	812	original	pt=longe
0813.00.00	813	original	pt=estrutura
0814.00.00	814	original	pt=aplicar
0815.00.00	815	original	pt=uso
0816.00.00	816	original	pt=conduzir
0817.00.00	817	original	pt=vermelho
0818.00.00	818	original	pt=pintura
0819.00.00	819	original	pt=ramo
0820.00.00	820	original	pt=cavalo
0821.00.00	821	original	pt=índio
0822.00.00	822	original	pt=comercial
0823.00.00	823	original	pt=técnico
0824.00.00	824	original	pt=disco
0825.00.00	825	original	pt=sujeito
0826.00.00	826	original	pt=preocupar
0827.00.00	827	original	pt=afastar
0828.00.00	828	original	pt=metade
0829.00.00	829	original	pt=direto
0830.00.00	830	original	pt=respeitar
0831.00.00	831	original	pt=linguagem
0832.00.00	832	original	pt=união
0833.00.00	833	original	pt=parede
0834.00.00	834	original	pt=fogo
0835.00.00	835	original	pt=arma
0836.00.00	836	original	pt=advogado
0837.00.00	837	original	pt=cuidar
0838.00.00	838	original	pt=caixa
0839.00.00	839	original	pt=familiar
0840.00.00	840	original	pt=completar
0841.00.00	841	original	pt=aluno
0842.00.00	842	original	pt=entretanto
0843.00.00	843	original	pt=revolução
0844.00.00	844	original	pt=nota
0845.00.00	845	original	pt=causar
0846.00.00	846	original	pt=armado
0847.00.00	847	original	pt=custo
0848.00.00	848	original	pt=procura
0849.00.00	849	original	pt=escolha
0850.00.00	850	original	pt=literário
0851.00.00	851	original	pt=responsável
0852.00.00	852	original	pt=mesa
0853.00.00	853	original	pt=físico
0854.00.00	854	original	pt=tamanho
0855.00.00	855	original	pt=leitura
0856.00.00	856	original	pt=suficiente
0857.00.00	857	original	pt=aproximar
0858.00.00	858	original	pt=data
0859.00.00	859	original	pt=pegar
0860.00.00	860	original	pt=artigo
0861.00.00	861	original	pt=oposição
0862.00.00	862	original	pt=ponte
0863.00.00	863	original	pt=menino
0864.00.00	864	original	pt=fixar
0865.00.00	865	original	pt=automóvel
0866.00.00	866	original	pt=absoluto
0867.00.00	867	original	pt=cara
0868.00.00	868	original	pt=consequência
0869.00.00	869	original	pt=planta
0870.00.00	870	original	pt=importar
0871.00.00	871	original	pt=caber
0872.00.00	872	original	pt=perna
0873.00.00	873	original	pt=perspectiva
0874.00.00	874	original	pt=religioso
0875.00.00	875	original	pt=nove
0876.00.00	876	original	pt=concordar
0877.00.00	877	original	pt=impor
0878.00.00	878	original	pt=exposição
0879.00.00	879	original	pt=interno
0880.00.00	880	original	pt=setor
0881.00.00	881	original	pt=lutar
0882.00.00	882	original	pt=ideal
0883.00.00	883	original	pt=substituir
0884.00.00	884	original	pt=tendência
0885.00.00	885	original	pt=governador
0886.00.00	886	original	pt=funcionário
0887.00.00	887	original	pt=roda
0888.00.00	888	original	pt=candidato
0889.00.00	889	original	pt=compor
0890.00.00	890	original	pt=costumar
0891.00.00	891	original	pt=impressão
0892.00.00	892	original	pt=hipótese
0893.00.00	893	original	pt=verão
0894.00.00	894	original	pt=cobrir
0895.00.00	895	original	pt=refletir
0896.00.00	896	original	pt=anunciar
0897.00.00	897	original	pt=dispor
0898.00.00	898	original	pt=violência
0899.00.00	899	original	pt=virar
0900.00.00	900	original	pt=seguro
0901.00.00	901	original	pt=instituição
0902.00.00	902	original	pt=exercer
0903.00.00	903	original	pt=durar
0904.00.00	904	original	pt=perguntar
0905.00.00	905	original	pt=café
0906.00.00	906	original	pt=financeiro
0907.00.00	907	original	pt=abaixo
0908.00.00	908	original	pt=fotografia
0909.00.00	909	original	pt=conhecido
0910.00.00	910	original	pt=utilizar
0911.00.00	911	original	pt=vantagem
0912.00.00	912	original	pt=regime
0913.00.00	913	original	pt=sítio
0914.00.00	914	original	pt=citar
0915.00.00	915	original	pt=tradição
0916.00.00	916	original	pt=alcançar
0917.00.00	917	original	pt=desenvolvimento
0918.00.00	918	original	pt=sonho
0919.00.00	919	original	pt=jardim
0920.00.00	920	original	pt=assembleia
0921.00.00	921	original	pt=corte
0922.00.00	922	original	pt=estrela
0923.00.00	923	original	pt=impossível
0924.00.00	924	original	pt=determinado
0925.00.00	925	original	pt=faculdade
0926.00.00	926	original	pt=voto
0927.00.00	927	original	pt=estudante
0928.00.00	928	original	pt=padre
0929.00.00	929	original	pt=média
0930.00.00	930	original	pt=exterior
0931.00.00	931	original	pt=associação
0932.00.00	932	original	pt=comunidade
0933.00.00	933	original	pt=simplesmente
0934.00.00	934	original	pt=notícia
0935.00.00	935	original	pt=desaparecer
0936.00.00	936	original	pt=cão
0937.00.00	937	original	pt=sede
0938.00.00	938	original	pt=transporte
0939.00.00	939	original	pt=cedo
0940.00.00	940	original	pt=ensinar
0941.00.00	941	original	pt=perante
0942.00.00	942	original	pt=renda
0943.00.00	943	original	pt=casamento
0944.00.00	944	original	pt=semelhante
0945.00.00	945	original	pt=amarelo
0946.00.00	946	original	pt=enfrentar
0947.00.00	947	original	pt=moral
0948.00.00	948	original	pt=cruz
0949.00.00	949	original	pt=convidar
0950.00.00	950	original	pt=distância
0951.00.00	951	original	pt=caráter
0952.00.00	952	original	pt=nação
0953.00.00	953	original	pt=prazo
0954.00.00	954	original	pt=separar
0955.00.00	955	original	pt=pior
0956.00.00	956	original	pt=rapaz
0957.00.00	957	original	pt=braço
0958.00.00	958	original	pt=prémio
0959.00.00	959	original	pt=atravessar
0960.00.00	960	original	pt=batalha
0961.00.00	961	original	pt=reação
0962.00.00	962	original	pt=acesso
0963.00.00	963	original	pt=tratamento
0964.00.00	964	original	pt=salvar
0965.00.00	965	original	pt=membro
0966.00.00	966	original	pt=gosto
0967.00.00	967	original	pt=atrair
0968.00.00	968	original	pt=profissão
0969.00.00	969	original	pt=poesia
0970.00.00	970	original	pt=busca
0971.00.00	971	original	pt=ator
0972.00.00	972	original	pt=limitar
0973.00.00	973	original	pt=novamente
0974.00.00	974	original	pt=página
0975.00.00	975	original	pt=permanecer
0976.00.00	976	original	pt=desejo
0977.00.00	977	original	pt=destino
0978.00.00	978	original	pt=espanhol
0979.00.00	979	original	pt=marca
0980.00.00	980	original	pt=conter
0981.00.00	981	original	pt=vinho
0982.00.00	982	original	pt=quente
0983.00.00	983	original	pt=trás
0984.00.00	984	original	pt=ato
0985.00.00	985	original	pt=ligação
0986.00.00	986	original	pt=intelectual
0987.00.00	987	original	pt=tom
0988.00.00	988	original	pt=estender
0989.00.00	989	original	pt=visitar
0990.00.00	990	original	pt=bastar
0991.00.00	991	original	pt=cidadão
0992.00.00	992	original	pt=companheiro
0993.00.00	993	original	pt=crer
0994.00.00	994	original	pt=ouro
0995.00.00	995	original	pt=elétrico
0996.00.00	996	original	pt=seco
0997.00.00	997	original	pt=fábrica
0998.00.00	998	original	pt=acrescentar
0999.00.00	999	original	pt=juiz
1000.00.00	1000	original	pt=original
1001.00.00	1001	original	pt=dívida
1002.00.00	1002	original	pt=chão
1003.00.00	1003	original	pt=eleger
1004.00.00	1004	original	pt=tentativa
1005.00.00	1005	original	pt=alemão
1006.00.00	1006	original	pt=baixar
1007.00.00	1007	original	pt=praia
1008.00.00	1008	original	pt=ajuda
1009.00.00	1009	original	pt=navio
1010.00.00	1010	original	pt=lista
1011.00.00	1011	original	pt=torre
1012.00.00	1012	original	pt=pele
1013.00.00	1013	original	pt=perigo
1014.00.00	1014	original	pt=céu
1015.00.00	1015	original	pt=diário
1016.00.00	1016	original	pt=juro
1017.00.00	1017	original	pt=comparar
1018.00.00	1018	original	pt=cuidado
1019.00.00	1019	original	pt=imposto
1020.00.00	1020	original	pt=recusar
1021.00.00	1021	original	pt=bola
1022.00.00	1022	original	pt=demonstrar
1023.00.00	1023	original	pt=regressar
1024.00.00	1024	original	pt=técnica
1025.00.00	1025	original	pt=volume
1026.00.00	1026	original	pt=desenho
1027.00.00	1027	original	pt=domínio
1028.00.00	1028	original	pt=dominar
1029.00.00	1029	original	pt=congresso
1030.00.00	1030	original	pt=secretário
1031.00.00	1031	original	pt=roupa
1032.00.00	1032	original	pt=documento
1033.00.00	1033	original	pt=acusar
1034.00.00	1034	original	pt=puro
1035.00.00	1035	original	pt=negar
1036.00.00	1036	original	pt=identificar
1037.00.00	1037	original	pt=totalmente
1038.00.00	1038	original	pt=clássico
1039.00.00	1039	original	pt=transmitir
1040.00.00	1040	original	pt=ritmo
1041.00.00	1041	original	pt=edifício
1042.00.00	1042	original	pt=corresponder
1043.00.00	1043	original	pt=concepção
1044.00.00	1044	original	pt=barco
1045.00.00	1045	original	pt=prazer
1046.00.00	1046	original	pt=propriedade
1047.00.00	1047	original	pt=estação
1048.00.00	1048	original	pt=fundamental
1049.00.00	1049	original	pt=fazenda
1050.00.00	1050	original	pt=conceito
1051.00.00	1051	original	pt=alma
1052.00.00	1052	original	pt=ensino
1053.00.00	1053	original	pt=imprensa
1054.00.00	1054	original	pt=confiança
1055.00.00	1055	original	pt=carga
1056.00.00	1056	original	pt=rapidamente
1057.00.00	1057	original	pt=guardar
1058.00.00	1058	original	pt=federal
1059.00.00	1059	original	pt=grosso
1060.00.00	1060	original	pt=teoria
1061.00.00	1061	original	pt=católico
1062.00.00	1062	original	pt=instalar
1063.00.00	1063	original	pt=par
1064.00.00	1064	original	pt=futebol
1065.00.00	1065	original	pt=privado
1066.00.00	1066	original	pt=ataque
1067.00.00	1067	original	pt=gerar
1068.00.00	1068	original	pt=praticar
1069.00.00	1069	original	pt=museu
1070.00.00	1070	original	pt=pesquisa
1071.00.00	1071	original	pt=finalmente
1072.00.00	1072	original	pt=leitor
1073.00.00	1073	original	pt=positivo
1074.00.00	1074	original	pt=vizinho
1075.00.00	1075	original	pt=ocasião
1076.00.00	1076	original	pt=quantidade
1077.00.00	1077	original	pt=diminuir
1078.00.00	1078	original	pt=general
1079.00.00	1079	original	pt=montar
1080.00.00	1080	original	pt=alterar
1081.00.00	1081	original	pt=científico
1082.00.00	1082	original	pt=mestre
1083.00.00	1083	original	pt=missão
1084.00.00	1084	original	pt=imediato
1085.00.00	1085	original	pt=contrato
1086.00.00	1086	original	pt=frase
1087.00.00	1087	original	pt=independente
1088.00.00	1088	original	pt=soldado
1089.00.00	1089	original	pt=pressão
1090.00.00	1090	original	pt=avião
1091.00.00	1091	original	pt=colega
1092.00.00	1092	original	pt=órgão
1093.00.00	1093	original	pt=equipamento
1094.00.00	1094	original	pt=descer
1095.00.00	1095	original	pt=jornalista
1096.00.00	1096	original	pt=ponta
1097.00.00	1097	original	pt=propósito
1098.00.00	1098	original	pt=irmã
1099.00.00	1099	original	pt=ovo
1100.00.00	1100	original	pt=iniciativa
1101.00.00	1101	original	pt=legal
1102.00.00	1102	original	pt=dor
1103.00.00	1103	original	pt=referência
1104.00.00	1104	original	pt=imenso
1105.00.00	1105	original	pt=destacar
1106.00.00	1106	original	pt=grau
1107.00.00	1107	original	pt=chuva
1108.00.00	1108	original	pt=praça
1109.00.00	1109	original	pt=engenheiro
1110.00.00	1110	original	pt=agir
1111.00.00	1111	original	pt=proteger
1112.00.00	1112	original	pt=atribuir
1113.00.00	1113	original	pt=religião
1114.00.00	1114	original	pt=analisar
1115.00.00	1115	original	pt=hábito
1116.00.00	1116	original	pt=quinto
1117.00.00	1117	original	pt=destruir
1118.00.00	1118	original	pt=compra
1119.00.00	1119	original	pt=atacar
1120.00.00	1120	original	pt=combate
1121.00.00	1121	original	pt=avaliar
1122.00.00	1122	original	pt=dono
1123.00.00	1123	original	pt=trocar
1124.00.00	1124	original	pt=acontecimento
1125.00.00	1125	original	pt=policial
1126.00.00	1126	original	pt=recente
1127.00.00	1127	original	pt=custar
1128.00.00	1128	original	pt=enviar
1129.00.00	1129	original	pt=onda
1130.00.00	1130	original	pt=entrevista
1131.00.00	1131	original	pt=imediatamente
1132.00.00	1132	original	pt=declarar
1133.00.00	1133	original	pt=afinal
1134.00.00	1134	original	pt=beleza
1135.00.00	1135	original	pt=mina
1136.00.00	1136	original	pt=bonito
1137.00.00	1137	original	pt=raro
1138.00.00	1138	original	pt=evidente
1139.00.00	1139	original	pt=esperança
1140.00.00	1140	original	pt=aparelho
1141.00.00	1141	original	pt=diálogo
1142.00.00	1142	original	pt=conversar
1143.00.00	1143	original	pt=inverno
1144.00.00	1144	original	pt=vítima
1145.00.00	1145	original	pt=cliente
1146.00.00	1146	original	pt=contribuir
1147.00.00	1147	original	pt=atualmente
1148.00.00	1148	original	pt=fio
1149.00.00	1149	original	pt=tropa
1150.00.00	1150	original	pt=unidade
1151.00.00	1151	original	pt=estranho
1152.00.00	1152	original	pt=característica
1153.00.00	1153	original	pt=fronteira
1154.00.00	1154	original	pt=organizar
1155.00.00	1155	original	pt=carregar
1156.00.00	1156	original	pt=contudo
1157.00.00	1157	original	pt=intervenção
1158.00.00	1158	original	pt=naturalmente
1159.00.00	1159	original	pt=sensação
1160.00.00	1160	original	pt=doce
1161.00.00	1161	original	pt=sugerir
1162.00.00	1162	original	pt=cadeia
1163.00.00	1163	original	pt=colégio
1164.00.00	1164	original	pt=moda
1165.00.00	1165	original	pt=gado
1166.00.00	1166	original	pt=conclusão
1167.00.00	1167	original	pt=sozinho
1168.00.00	1168	original	pt=acidente
1169.00.00	1169	original	pt=bolsa
1170.00.00	1170	original	pt=conflito
1171.00.00	1171	original	pt=aldeia
1172.00.00	1172	original	pt=chave
1173.00.00	1173	original	pt=ativo
1174.00.00	1174	original	pt=visita
1175.00.00	1175	original	pt=agente
1176.00.00	1176	original	pt=alimentar
1177.00.00	1177	original	pt=prisão
1178.00.00	1178	original	pt=voar
1179.00.00	1179	original	pt=recuperar
1180.00.00	1180	original	pt=bandeira
1181.00.00	1181	original	pt=municipal
1182.00.00	1182	original	pt=famoso
1183.00.00	1183	original	pt=filosofia
1184.00.00	1184	original	pt=empregar
1185.00.00	1185	original	pt=italiano
1186.00.00	1186	original	pt=justificar
1187.00.00	1187	original	pt=aumento
1188.00.00	1188	original	pt=queda
1189.00.00	1189	original	pt=musical
1190.00.00	1190	original	pt=dança
1191.00.00	1191	original	pt=canto
1192.00.00	1192	original	pt=apanhar
1193.00.00	1193	original	pt=tribunal
1194.00.00	1194	original	pt=resistência
1195.00.00	1195	original	pt=quinze
1196.00.00	1196	original	pt=fruto
1197.00.00	1197	original	pt=evolução
1198.00.00	1198	original	pt=provavelmente
1199.00.00	1199	original	pt=paixão
1200.00.00	1200	original	pt=flor
1201.00.00	1201	original	pt=personalidade
1202.00.00	1202	original	pt=raiz
1203.00.00	1203	original	pt=conversa
1204.00.00	1204	original	pt=prometer
1205.00.00	1205	original	pt=solo
1206.00.00	1206	original	pt=duro
1207.00.00	1207	original	pt=informar
1208.00.00	1208	original	pt=parque
1209.00.00	1209	original	pt=exame
1210.00.00	1210	original	pt=comentar
1211.00.00	1211	original	pt=telefone
1212.00.00	1212	original	pt=azul
1213.00.00	1213	original	pt=inventar
1214.00.00	1214	original	pt=sustentar
1215.00.00	1215	original	pt=quebrar
1216.00.00	1216	original	pt=fraco
1217.00.00	1217	original	pt=fino
1218.00.00	1218	original	pt=despesa
1219.00.00	1219	original	pt=cem
1220.00.00	1220	original	pt=fator
1221.00.00	1221	original	pt=encarar
1222.00.00	1222	original	pt=loja
1223.00.00	1223	original	pt=menina
1224.00.00	1224	original	pt=sexo
1225.00.00	1225	original	pt=culpa
1226.00.00	1226	original	pt=castelo
1227.00.00	1227	original	pt=instituto
1228.00.00	1228	original	pt=pleno
1229.00.00	1229	original	pt=merecer
1230.00.00	1230	original	pt=breve
1231.00.00	1231	original	pt=diretamente
1232.00.00	1232	original	pt=perfeito
1233.00.00	1233	original	pt=golpe
1234.00.00	1234	original	pt=fenómeno
1235.00.00	1235	original	pt=prédio
1236.00.00	1236	original	pt=provar
1237.00.00	1237	original	pt=africano
1238.00.00	1238	original	pt=partida
1239.00.00	1239	original	pt=complexo
1240.00.00	1240	original	pt=conquistar
1241.00.00	1241	original	pt=obrigação
1242.00.00	1242	original	pt=especialmente
1243.00.00	1243	original	pt=senão
1244.00.00	1244	original	pt=cultural
1245.00.00	1245	original	pt=elevado
1246.00.00	1246	original	pt=chamada
1247.00.00	1247	original	pt=violento
1248.00.00	1248	original	pt=disposição
1249.00.00	1249	original	pt=análise
1250.00.00	1250	original	pt=pão
1251.00.00	1251	original	pt=anormal
1252.00.00	1252	original	pt=amplo
1253.00.00	1253	original	pt=confirmar
1254.00.00	1254	original	pt=perigoso
1255.00.00	1255	original	pt=milhar
1256.00.00	1256	original	pt=pintar
1257.00.00	1257	original	pt=cometer
1258.00.00	1258	original	pt=apto
1259.00.00	1259	original	pt=crédito
1260.00.00	1260	original	pt=enfim
1261.00.00	1261	original	pt=suceder
1262.00.00	1262	original	pt=normalmente
1263.00.00	1263	original	pt=cá
1264.00.00	1264	original	pt=abertura
1265.00.00	1265	original	pt=extremo
1266.00.00	1266	original	pt=desafio
1267.00.00	1267	original	pt=gastar
1268.00.00	1268	original	pt=decorrer
1269.00.00	1269	original	pt=essencial
1270.00.00	1270	original	pt=ajustar
1271.00.00	1271	original	pt=poema
1272.00.00	1272	original	pt=exercício
1273.00.00	1273	original	pt=barro
1274.00.00	1274	original	pt=mundial
1275.00.00	1275	original	pt=folha
1276.00.00	1276	original	pt=extraordinário
1277.00.00	1277	original	pt=reserva
1278.00.00	1278	original	pt=cenário
1279.00.00	1279	original	pt=mensagem
1280.00.00	1280	original	pt=crescimento
1281.00.00	1281	original	pt=reagir
1282.00.00	1282	original	pt=constituição
1283.00.00	1283	original	pt=explicação
1284.00.00	1284	original	pt=espera
1285.00.00	1285	original	pt=votar
1286.00.00	1286	original	pt=perda
1287.00.00	1287	original	pt=artístico
1288.00.00	1288	original	pt=leve
1289.00.00	1289	original	pt=clima
1290.00.00	1290	original	pt=permanente
1291.00.00	1291	original	pt=quilómetro
1292.00.00	1292	original	pt=jogador
1293.00.00	1293	original	pt=troca
1294.00.00	1294	original	pt=divisão
1295.00.00	1295	original	pt=investigação
1296.00.00	1296	original	pt=rainha
1297.00.00	1297	original	pt=palácio
1298.00.00	1298	original	pt=integrar
1299.00.00	1299	original	pt=administrativo
1300.00.00	1300	original	pt=útil
1301.00.00	1301	original	pt=manifestar
1302.00.00	1302	original	pt=participação
1303.00.00	1303	original	pt=comportamento
1304.00.00	1304	original	pt=circunstância
1305.00.00	1305	original	pt=alegre
1306.00.00	1306	original	pt=casal
1307.00.00	1307	original	pt=esconder
1308.00.00	1308	original	pt=taxa
1309.00.00	1309	original	pt=inicial
1310.00.00	1310	original	pt=príncipe
1311.00.00	1311	original	pt=universo
1312.00.00	1312	original	pt=dormir
1313.00.00	1313	original	pt=garantia
1314.00.00	1314	original	pt=ave
1315.00.00	1315	original	pt=amar
1316.00.00	1316	original	pt=assinar
1317.00.00	1317	original	pt=motor
1318.00.00	1318	original	pt=gravar
1319.00.00	1319	original	pt=fé
1320.00.00	1320	original	pt=expor
1321.00.00	1321	original	pt=dedo
1322.00.00	1322	original	pt=canção
1323.00.00	1323	original	pt=negativo
1324.00.00	1324	original	pt=industrial
1325.00.00	1325	original	pt=posse
1326.00.00	1326	original	pt=lucro
1327.00.00	1327	original	pt=expectativa
1328.00.00	1328	original	pt=traduzir
1329.00.00	1329	original	pt=libertar
1330.00.00	1330	original	pt=manifestação
1331.00.00	1331	original	pt=líder
1332.00.00	1332	original	pt=horizonte
1333.00.00	1333	original	pt=urbano
1334.00.00	1334	original	pt=território
1335.00.00	1335	original	pt=compromisso
1336.00.00	1336	original	pt=feminino
1337.00.00	1337	original	pt=mover
1338.00.00	1338	original	pt=município
1339.00.00	1339	original	pt=entidade
1340.00.00	1340	original	pt=constante
1341.00.00	1341	original	pt=pagamento
1342.00.00	1342	original	pt=sequer
1343.00.00	1343	original	pt=promover
1344.00.00	1344	original	pt=argumento
1345.00.00	1345	original	pt=controlar
1346.00.00	1346	original	pt=fome
1347.00.00	1347	original	pt=pintor
1348.00.00	1348	original	pt=adotar
1349.00.00	1349	original	pt=restar
1350.00.00	1350	original	pt=calor
1351.00.00	1351	original	pt=excepção
1352.00.00	1352	original	pt=ausência
1353.00.00	1353	original	pt=externo
1354.00.00	1354	original	pt=distribuir
1355.00.00	1355	original	pt=método
1356.00.00	1356	original	pt=crítico
1357.00.00	1357	original	pt=inferior
1358.00.00	1358	original	pt=completo
1359.00.00	1359	original	pt=proteção
1360.00.00	1360	original	pt=excelente
1361.00.00	1361	original	pt=calcular
1362.00.00	1362	original	pt=demorar
1363.00.00	1363	original	pt=sentar
1364.00.00	1364	original	pt=interpretar
1365.00.00	1365	original	pt=sorte
1366.00.00	1366	original	pt=secretaria
1367.00.00	1367	original	pt=recolher
1368.00.00	1368	original	pt=deter
1369.00.00	1369	original	pt=ceder
1370.00.00	1370	original	pt=feliz
1371.00.00	1371	original	pt=cadeira
1372.00.00	1372	original	pt=comunista
1373.00.00	1373	original	pt=emoção
1374.00.00	1374	original	pt=representante
1375.00.00	1375	original	pt=ultrapassar
1376.00.00	1376	original	pt=comando
1377.00.00	1377	original	pt=alvo
1378.00.00	1378	original	pt=concentrar
1379.00.00	1379	original	pt=comunicar
1380.00.00	1380	original	pt=coletivo
1381.00.00	1381	original	pt=jeito
1382.00.00	1382	original	pt=atuar
1383.00.00	1383	original	pt=janela
1384.00.00	1384	original	pt=certamente
1385.00.00	1385	original	pt=estratégia
1386.00.00	1386	original	pt=papa
1387.00.00	1387	original	pt=unir
1388.00.00	1388	original	pt=comandante
1389.00.00	1389	original	pt=inimigo
1390.00.00	1390	original	pt=eleitoral
1391.00.00	1391	original	pt=executivo
1392.00.00	1392	original	pt=gás
1393.00.00	1393	original	pt=marquês
1394.00.00	1394	original	pt=raça
1395.00.00	1395	original	pt=palco
1396.00.00	1396	original	pt=independência
1397.00.00	1397	original	pt=empregado
1398.00.00	1398	original	pt=começo
1399.00.00	1399	original	pt=desenhar
1400.00.00	1400	original	pt=descrever
1401.00.00	1401	original	pt=receita
1402.00.00	1402	original	pt=errar
1403.00.00	1403	original	pt=império
1404.00.00	1404	original	pt=explorar
1405.00.00	1405	original	pt=critério
1406.00.00	1406	original	pt=deitar
1407.00.00	1407	original	pt=chamado
1408.00.00	1408	original	pt=detalhe
1409.00.00	1409	original	pt=plástico
1410.00.00	1410	original	pt=corda
1411.00.00	1411	original	pt=jamais
1412.00.00	1412	original	pt=juventude
1413.00.00	1413	original	pt=areia
1414.00.00	1414	original	pt=categoria
1415.00.00	1415	original	pt=controle
1416.00.00	1416	original	pt=comida
1417.00.00	1417	original	pt=sombra
1418.00.00	1418	original	pt=limpar
1419.00.00	1419	original	pt=biblioteca
1420.00.00	1420	original	pt=escuro
1421.00.00	1421	original	pt=disposto
1422.00.00	1422	original	pt=rural
1423.00.00	1423	original	pt=disciplina
1424.00.00	1424	original	pt=retomar
1425.00.00	1425	original	pt=neto
1426.00.00	1426	original	pt=justamente
1427.00.00	1427	original	pt=salário
1428.00.00	1428	original	pt=agricultura
1429.00.00	1429	original	pt=russo
1430.00.00	1430	original	pt=geralmente
1431.00.00	1431	original	pt=declaração
1432.00.00	1432	original	pt=dimensão
1433.00.00	1433	original	pt=feira
1434.00.00	1434	original	pt=prender
1435.00.00	1435	original	pt=fala
1436.00.00	1436	original	pt=correto
1437.00.00	1437	original	pt=medicina
1438.00.00	1438	original	pt=aliança
1439.00.00	1439	original	pt=faixa
1440.00.00	1440	original	pt=vazio
1441.00.00	1441	original	pt=tradicional
1442.00.00	1442	original	pt=infantil
1443.00.00	1443	original	pt=acaso
1444.00.00	1444	original	pt=porto
1445.00.00	1445	original	pt=sócio
1446.00.00	1446	original	pt=assegurar
1447.00.00	1447	original	pt=código
1448.00.00	1448	original	pt=igualmente
1449.00.00	1449	original	pt=misturar
1450.00.00	1450	original	pt=coluna
1451.00.00	1451	original	pt=versão
1452.00.00	1452	original	pt=nordeste
1453.00.00	1453	original	pt=canal
1454.00.00	1454	original	pt=doze
1455.00.00	1455	original	pt=espalhar
1456.00.00	1456	original	pt=ameaçar
1457.00.00	1457	original	pt=relativamente
1458.00.00	1458	original	pt=quarenta
1459.00.00	1459	original	pt=fiscal
1460.00.00	1460	original	pt=operar
1461.00.00	1461	original	pt=década
1462.00.00	1462	original	pt=cinquenta
1463.00.00	1463	original	pt=opor
1464.00.00	1464	original	pt=fornecer
1465.00.00	1465	original	pt=floresta
1466.00.00	1466	original	pt=investimento
1467.00.00	1467	original	pt=paisagem
1468.00.00	1468	original	pt=alternativa
1469.00.00	1469	original	pt=comentário
1470.00.00	1470	original	pt=resolução
1471.00.00	1471	original	pt=caro
1472.00.00	1472	original	pt=puxar
1473.00.00	1473	original	pt=recorrer
1474.00.00	1474	original	pt=alteração
1475.00.00	1475	original	pt=fita
1476.00.00	1476	original	pt=necessitar
1477.00.00	1477	original	pt=infância
1478.00.00	1478	original	pt=prejudicar
1479.00.00	1479	original	pt=lua
1480.00.00	1480	original	pt=distrito
1481.00.00	1481	original	pt=conceder
1482.00.00	1482	original	pt=caminhar
1483.00.00	1483	original	pt=vara
1484.00.00	1484	original	pt=executar
1485.00.00	1485	original	pt=percorrer
1486.00.00	1486	original	pt=organizado
1487.00.00	1487	original	pt=modificar
1488.00.00	1488	original	pt=agrícola
1489.00.00	1489	original	pt=adequado
1490.00.00	1490	original	pt=investir
1491.00.00	1491	original	pt=satisfazer
1492.00.00	1492	original	pt=dente
1493.00.00	1493	original	pt=intenso
1494.00.00	1494	original	pt=velocidade
1495.00.00	1495	original	pt=bloco
1496.00.00	1496	original	pt=representação
1497.00.00	1497	original	pt=mental
1498.00.00	1498	original	pt=riqueza
1499.00.00	1499	original	pt=chegada
1500.00.00	1500	original	pt=escapar
1501.00.00	1501	original	pt=absolutamente
1502.00.00	1502	original	pt=imóvel
1503.00.00	1503	original	pt=província
1504.00.00	1504	original	pt=habitante
1505.00.00	1505	original	pt=alimento
1506.00.00	1506	original	pt=combater
1507.00.00	1507	original	pt=beber
1508.00.00	1508	original	pt=silêncio
1509.00.00	1509	original	pt=insistir
1510.00.00	1510	original	pt=japonês
1511.00.00	1511	original	pt=cobrar
1512.00.00	1512	original	pt=cabelo
1513.00.00	1513	original	pt=computador
1514.00.00	1514	original	pt=invadir
1515.00.00	1515	original	pt=convencer
1516.00.00	1516	original	pt=móvel
1517.00.00	1517	original	pt=equilíbrio
1518.00.00	1518	original	pt=afetar
1519.00.00	1519	original	pt=virtude
1520.00.00	1520	original	pt=revisão
1521.00.00	1521	original	pt=gabinete
1522.00.00	1522	original	pt=democracia
1523.00.00	1523	original	pt=norma
1524.00.00	1524	original	pt=experimentar
1525.00.00	1525	original	pt=edição
1526.00.00	1526	original	pt=distinguir
1527.00.00	1527	original	pt=falso
1528.00.00	1528	original	pt=milho
1529.00.00	1529	original	pt=proibir
1530.00.00	1530	original	pt=exato
1531.00.00	1531	original	pt=estreito
1532.00.00	1532	original	pt=criticar
1533.00.00	1533	original	pt=governar
1534.00.00	1534	original	pt=corrida
1535.00.00	1535	original	pt=resistir
1536.00.00	1536	original	pt=regional
1537.00.00	1537	original	pt=inspirar
1538.00.00	1538	original	pt=curioso
1539.00.00	1539	original	pt=acumular
1540.00.00	1540	original	pt=doméstico
1541.00.00	1541	original	pt=socialista
1542.00.00	1542	original	pt=costume
1543.00.00	1543	original	pt=símbolo
1544.00.00	1544	original	pt=deslocar
1545.00.00	1545	original	pt=poderoso
1546.00.00	1546	original	pt=reino
1547.00.00	1547	original	pt=medir
1548.00.00	1548	original	pt=relatório
1549.00.00	1549	original	pt=noção
1550.00.00	1550	original	pt=droga
1551.00.00	1551	original	pt=mata
1552.00.00	1552	original	pt=círculo
1553.00.00	1553	original	pt=observação
1554.00.00	1554	original	pt=reclamar
1555.00.00	1555	original	pt=convite
1556.00.00	1556	original	pt=definitivo
1557.00.00	1557	original	pt=metal
1558.00.00	1558	original	pt=buraco
1559.00.00	1559	original	pt=vidro
1560.00.00	1560	original	pt=isolado
1561.00.00	1561	original	pt=sal
1562.00.00	1562	original	pt=supremo
1563.00.00	1563	original	pt=concreto
1564.00.00	1564	original	pt=individual
1565.00.00	1565	original	pt=colher
1566.00.00	1566	original	pt=distante
1567.00.00	1567	original	pt=estimar
1568.00.00	1568	original	pt=acordar
1569.00.00	1569	original	pt=raio
1570.00.00	1570	original	pt=suportar
1571.00.00	1571	original	pt=honra
1572.00.00	1572	original	pt=ameaça
1573.00.00	1573	original	pt=sindicato
1574.00.00	1574	original	pt=encher
1575.00.00	1575	original	pt=herói
1576.00.00	1576	original	pt=precisamente
1577.00.00	1577	original	pt=específico
1578.00.00	1578	original	pt=pesado
1579.00.00	1579	original	pt=extremamente
1580.00.00	1580	original	pt=aventura
1581.00.00	1581	original	pt=lógica
1582.00.00	1582	original	pt=assistência
1583.00.00	1583	original	pt=justo
1584.00.00	1584	original	pt=montanha
1585.00.00	1585	original	pt=regresso
1586.00.00	1586	original	pt=humanidade
1587.00.00	1587	original	pt=apresentação
1588.00.00	1588	original	pt=academia
1589.00.00	1589	original	pt=interessado
1590.00.00	1590	original	pt=meter
1591.00.00	1591	original	pt=ai
1592.00.00	1592	original	pt=universal
1593.00.00	1593	original	pt=inteligência
1594.00.00	1594	original	pt=recordar
1595.00.00	1595	original	pt=caça
1596.00.00	1596	original	pt=capítulo
1597.00.00	1597	original	pt=frequentar
1598.00.00	1598	original	pt=prosseguir
1599.00.00	1599	original	pt=choque
1600.00.00	1600	original	pt=mulato
1601.00.00	1601	original	pt=escrita
1602.00.00	1602	original	pt=adulto
1603.00.00	1603	original	pt=tender
1604.00.00	1604	original	pt=gestão
1605.00.00	1605	original	pt=rever
1606.00.00	1606	original	pt=serra
1607.00.00	1607	original	pt=forno
1608.00.00	1608	original	pt=médio
1609.00.00	1609	original	pt=instalação
1610.00.00	1610	original	pt=democrático
1611.00.00	1611	original	pt=proprietário
1612.00.00	1612	original	pt=orçamento
1613.00.00	1613	original	pt=temer
1614.00.00	1614	original	pt=debate
1615.00.00	1615	original	pt=implicar
1616.00.00	1616	original	pt=facilitar
1617.00.00	1617	original	pt=realização
1618.00.00	1618	original	pt=disponível
1619.00.00	1619	original	pt=repousar
1620.00.00	1620	original	pt=continente
1621.00.00	1621	original	pt=líquido
1622.00.00	1622	original	pt=teste
1623.00.00	1623	original	pt=junta
1624.00.00	1624	original	pt=talento
1625.00.00	1625	original	pt=dona
1626.00.00	1626	original	pt=variar
1627.00.00	1627	original	pt=contemporâneo
1628.00.00	1628	original	pt=seção
1629.00.00	1629	original	pt=escritório
1630.00.00	1630	original	pt=barato
1631.00.00	1631	original	pt=atirar
1632.00.00	1632	original	pt=relativo
1633.00.00	1633	original	pt=pedaço
1634.00.00	1634	original	pt=presidência
1635.00.00	1635	original	pt=piano
1636.00.00	1636	original	pt=negociar
1637.00.00	1637	original	pt=vago
1638.00.00	1638	original	pt=tratado
1639.00.00	1639	original	pt=superfície
1640.00.00	1640	original	pt=derrubar
1641.00.00	1641	original	pt=padrão
1642.00.00	1642	original	pt=operário
1643.00.00	1643	original	pt=fórmula
1644.00.00	1644	original	pt=transportar
1645.00.00	1645	original	pt=esclarecer
1646.00.00	1646	original	pt=distribuição
1647.00.00	1647	original	pt=lento
1648.00.00	1648	original	pt=concurso
1649.00.00	1649	original	pt=sobreviver
1650.00.00	1650	original	pt=freguesia
1651.00.00	1651	original	pt=féria
1652.00.00	1652	original	pt=arranjar
1653.00.00	1653	original	pt=nervoso
1654.00.00	1654	original	pt=surpresa
1655.00.00	1655	original	pt=introduzir
1656.00.00	1656	original	pt=seleção
1657.00.00	1657	original	pt=progresso
1658.00.00	1658	original	pt=tiro
1659.00.00	1659	original	pt=exigência
1660.00.00	1660	original	pt=opção
1661.00.00	1661	original	pt=vasto
1662.00.00	1662	original	pt=promessa
1663.00.00	1663	original	pt=laboratório
1664.00.00	1664	original	pt=benefício
1665.00.00	1665	original	pt=nascimento
1666.00.00	1666	original	pt=básico
1667.00.00	1667	original	pt=semente
1668.00.00	1668	original	pt=osso
1669.00.00	1669	original	pt=frequência
1670.00.00	1670	original	pt=conquista
1671.00.00	1671	original	pt=arquitetura
1672.00.00	1672	original	pt=encaminhar
1673.00.00	1673	original	pt=fiel
1674.00.00	1674	original	pt=seguida
1674.01.00	1674	idiom_expansion	phrase=em seguida
1675.00.00	1675	original	pt=escudo
1676.00.00	1676	original	pt=proceder
1677.00.00	1677	original	pt=complicado
1678.00.00	1678	original	pt=quadrado
1679.00.00	1679	original	pt=condenar
1680.00.00	1680	original	pt=património
1681.00.00	1681	original	pt=destinado
1682.00.00	1682	original	pt=visar
1683.00.00	1683	original	pt=transformação
1684.00.00	1684	original	pt=interpretação
1685.00.00	1685	original	pt=veículo
1686.00.00	1686	original	pt=gato
1687.00.00	1687	original	pt=aéreo
1688.00.00	1688	original	pt=ontem
1689.00.00	1689	original	pt=conferência
1690.00.00	1690	original	pt=criado
1691.00.00	1691	original	pt=tecnologia
1692.00.00	1692	original	pt=adaptar
1693.00.00	1693	original	pt=barra
1694.00.00	1694	original	pt=hotel
1695.00.00	1695	original	pt=mistura
1696.00.00	1696	original	pt=obrigado
1697.00.00	1697	original	pt=teu
1698.00.00	1698	original	pt=copa
1699.00.00	1699	original	pt=romper
1700.00.00	1700	original	pt=comandar
1701.00.00	1701	original	pt=respectivo
1702.00.00	1702	original	pt=avaliação
1703.00.00	1703	original	pt=dólar
1704.00.00	1704	original	pt=identidade
1705.00.00	1705	original	pt=salto
1706.00.00	1706	original	pt=centena
1707.00.00	1707	original	pt=interromper
1708.00.00	1708	original	pt=músico
1709.00.00	1709	original	pt=capa
1710.00.00	1710	original	pt=roubar
1711.00.00	1711	original	pt=paciente
1712.00.00	1712	original	pt=jurídico
1713.00.00	1713	original	pt=adversário
1714.00.00	1714	original	pt=prejuízo
1715.00.00	1715	original	pt=capela
1716.00.00	1716	original	pt=grego
1717.00.00	1717	original	pt=episódio
1718.00.00	1718	original	pt=composição
1719.00.00	1719	original	pt=adiantar
1720.00.00	1720	original	pt=ciclo
1721.00.00	1721	original	pt=existente
1722.00.00	1722	original	pt=excesso
1723.00.00	1723	original	pt=teto
1724.00.00	1724	original	pt=rosto
1725.00.00	1725	original	pt=revolucionário
1726.00.00	1726	original	pt=lobo
1727.00.00	1727	original	pt=açúcar
1728.00.00	1728	original	pt=denunciar
1729.00.00	1729	original	pt=associado
1730.00.00	1730	original	pt=organismo
1731.00.00	1731	original	pt=rendimento
1732.00.00	1732	original	pt=rumo
1733.00.00	1733	original	pt=encerrar
1734.00.00	1734	original	pt=concerto
1735.00.00	1735	original	pt=eletrónico
1736.00.00	1736	original	pt=mostra
1737.00.00	1737	original	pt=trecho
1738.00.00	1738	original	pt=intervir
1739.00.00	1739	original	pt=ferir
1740.00.00	1740	original	pt=agência
1741.00.00	1741	original	pt=latino
1742.00.00	1742	original	pt=placa
1743.00.00	1743	original	pt=mandato
1744.00.00	1744	original	pt=praticamente
1745.00.00	1745	original	pt=estabelecimento
1746.00.00	1746	original	pt=ignorar
1747.00.00	1747	original	pt=brilhante
1748.00.00	1748	original	pt=saco
1749.00.00	1749	original	pt=departamento
1750.00.00	1750	original	pt=amizade
1751.00.00	1751	original	pt=perfil
1752.00.00	1752	original	pt=porco
1753.00.00	1753	original	pt=assentar
1754.00.00	1754	original	pt=produtor
1755.00.00	1755	original	pt=retrato
1756.00.00	1756	original	pt=bruto
1757.00.00	1757	original	pt=queimar
1758.00.00	1758	original	pt=globo
1759.00.00	1759	original	pt=bispo
1760.00.00	1760	original	pt=mente
1761.00.00	1761	original	pt=parlamentar
1762.00.00	1762	original	pt=significativo
1763.00.00	1763	original	pt=falha
1764.00.00	1764	original	pt=marcha
1765.00.00	1765	original	pt=horário
1766.00.00	1766	original	pt=extensão
1767.00.00	1767	original	pt=vaca
1768.00.00	1768	original	pt=paulista
1769.00.00	1769	original	pt=foto
1770.00.00	1770	original	pt=aplicação
1771.00.00	1771	original	pt=rato
1772.00.00	1772	original	pt=conteúdo
1773.00.00	1773	original	pt=inúmero
1774.00.00	1774	original	pt=constitucional
1775.00.00	1775	original	pt=escala
1776.00.00	1776	original	pt=negociação
1777.00.00	1777	original	pt=criador
1778.00.00	1778	original	pt=alegria
1779.00.00	1779	original	pt=depósito
1780.00.00	1780	original	pt=instrução
1781.00.00	1781	original	pt=comprido
1782.00.00	1782	original	pt=equipa
1783.00.00	1783	original	pt=dançar
1784.00.00	1784	original	pt=conservar
1785.00.00	1785	original	pt=tela
1786.00.00	1786	original	pt=disputar
1787.00.00	1787	original	pt=adolescente
1788.00.00	1788	original	pt=restante
1789.00.00	1789	original	pt=sólido
1790.00.00	1790	original	pt=nobre
1791.00.00	1791	original	pt=balanço
1792.00.00	1792	original	pt=corrigir
1793.00.00	1793	original	pt=passageiro
1794.00.00	1794	original	pt=facilidade
1795.00.00	1795	original	pt=forçar
1796.00.00	1796	original	pt=mecanismo
1797.00.00	1797	original	pt=álcool
1798.00.00	1798	original	pt=convénio
1799.00.00	1799	original	pt=curva
1800.00.00	1800	original	pt=concentração
1801.00.00	1801	original	pt=desconhecido
1802.00.00	1802	original	pt=asa
1803.00.00	1803	original	pt=mudo
1804.00.00	1804	original	pt=cama
1805.00.00	1805	original	pt=empresário
1806.00.00	1806	original	pt=distinto
1807.00.00	1807	original	pt=especialista
1808.00.00	1808	original	pt=julgamento
1809.00.00	1809	original	pt=elevar
1810.00.00	1810	original	pt=nomeadamente
1811.00.00	1811	original	pt=exibir
1812.00.00	1812	original	pt=êxito
1813.00.00	1813	original	pt=internacional
1814.00.00	1814	original	pt=afirmação
1815.00.00	1815	original	pt=fuga
1816.00.00	1816	original	pt=reforçar
1817.00.00	1817	original	pt=engenharia
1818.00.00	1818	original	pt=ah
1819.00.00	1819	original	pt=confusão
1820.00.00	1820	original	pt=bar
1821.00.00	1821	original	pt=parente
1822.00.00	1822	original	pt=recentemente
1823.00.00	1823	original	pt=primário
1824.00.00	1824	original	pt=definição
1825.00.00	1825	original	pt=gesto
1826.00.00	1826	original	pt=liberal
1827.00.00	1827	original	pt=licença
1828.00.00	1828	original	pt=contemplar
1829.00.00	1829	original	pt=funcionamento
1830.00.00	1830	original	pt=correio
1831.00.00	1831	original	pt=fechado
1832.00.00	1832	original	pt=revolta
1833.00.00	1833	original	pt=cumprimento
1834.00.00	1834	original	pt=banho
1835.00.00	1835	original	pt=depressa
1836.00.00	1836	original	pt=ocupação
1837.00.00	1837	original	pt=reflexão
1838.00.00	1838	original	pt=percurso
1839.00.00	1839	original	pt=orientar
1840.00.00	1840	original	pt=planeta
1841.00.00	1841	original	pt=voo
1842.00.00	1842	original	pt=rir
1843.00.00	1843	original	pt=parceiro
1844.00.00	1844	original	pt=homenagem
1845.00.00	1845	original	pt=fundação
1846.00.00	1846	original	pt=comprometer
1847.00.00	1847	original	pt=mapa
1848.00.00	1848	original	pt=cópia
1849.00.00	1849	original	pt=pairar
1850.00.00	1850	original	pt=secundário
1851.00.00	1851	original	pt=sessão
1852.00.00	1852	original	pt=atuação
1853.00.00	1853	original	pt=consideração
1854.00.00	1854	original	pt=ensaio
1855.00.00	1855	original	pt=projetar
1856.00.00	1856	original	pt=estadual
1857.00.00	1857	original	pt=conde
1858.00.00	1858	original	pt=proporção
1859.00.00	1859	original	pt=cantor
1860.00.00	1860	original	pt=oferta
1861.00.00	1861	original	pt=antigamente
1862.00.00	1862	original	pt=debaixo
1863.00.00	1863	original	pt=confiar
1864.00.00	1864	original	pt=leão
1865.00.00	1865	original	pt=colaborar
1866.00.00	1866	original	pt=judeu
1867.00.00	1867	original	pt=aprovar
1868.00.00	1868	original	pt=orientação
1869.00.00	1869	original	pt=sexual
1870.00.00	1870	original	pt=bomba
1871.00.00	1871	original	pt=constar
1872.00.00	1872	original	pt=derrota
1873.00.00	1873	original	pt=relógio
1874.00.00	1874	original	pt=universitário
1875.00.00	1875	original	pt=coronel
1876.00.00	1876	original	pt=cálculo
1877.00.00	1877	original	pt=apreciar
1878.00.00	1878	original	pt=esposa
1879.00.00	1879	original	pt=coragem
1880.00.00	1880	original	pt=sentença
1881.00.00	1881	original	pt=fruta
1882.00.00	1882	original	pt=dom
1883.00.00	1883	original	pt=abordar
1884.00.00	1884	original	pt=terrível
1885.00.00	1885	original	pt=contínuo
1886.00.00	1886	original	pt=exploração
1887.00.00	1887	original	pt=febre
1888.00.00	1888	original	pt=competência
1889.00.00	1889	original	pt=atraso
1890.00.00	1890	original	pt=tese
1891.00.00	1891	original	pt=consumo
1892.00.00	1892	original	pt=invasão
1893.00.00	1893	original	pt=mineiro
1894.00.00	1894	original	pt=propriamente
1895.00.00	1895	original	pt=lago
1896.00.00	1896	original	pt=despertar
1897.00.00	1897	original	pt=expansão
1898.00.00	1898	original	pt=demasiado
1899.00.00	1899	original	pt=novela
1900.00.00	1900	original	pt=civilização
1901.00.00	1901	original	pt=arrancar
1902.00.00	1902	original	pt=facilmente
1903.00.00	1903	original	pt=desistir
1904.00.00	1904	original	pt=gasto
1905.00.00	1905	original	pt=culto
1906.00.00	1906	original	pt=confundir
1907.00.00	1907	original	pt=sensível
1908.00.00	1908	original	pt=trigo
1909.00.00	1909	original	pt=carecer
1910.00.00	1910	original	pt=retornar
1911.00.00	1911	original	pt=quilo
1912.00.00	1912	original	pt=lavar
1913.00.00	1913	original	pt=obedecer
1914.00.00	1914	original	pt=liga
1915.00.00	1915	original	pt=pacto
1916.00.00	1916	original	pt=particularmente
1917.00.00	1917	original	pt=novidade
1918.00.00	1918	original	pt=crescente
1919.00.00	1919	original	pt=favorável
1920.00.00	1920	original	pt=suspenso
1921.00.00	1921	original	pt=domingo
1922.00.00	1922	original	pt=verso
1923.00.00	1923	original	pt=óleo
1924.00.00	1924	original	pt=fabricar
1925.00.00	1925	original	pt=mecânico
1926.00.00	1926	original	pt=reconhecimento
1927.00.00	1927	original	pt=prolongar
1928.00.00	1928	original	pt=redução
1929.00.00	1929	original	pt=administrador
1930.00.00	1930	original	pt=leste
1931.00.00	1931	original	pt=vestido
1932.00.00	1932	original	pt=perfeitamente
1933.00.00	1933	original	pt=compreensão
1934.00.00	1934	original	pt=glória
1935.00.00	1935	original	pt=instante
1936.00.00	1936	original	pt=drama
1937.00.00	1937	original	pt=seio
1938.00.00	1938	original	pt=render
1939.00.00	1939	original	pt=segredo
1940.00.00	1940	original	pt=chinês
1941.00.00	1941	original	pt=paralelo
1942.00.00	1942	original	pt=soltar
1943.00.00	1943	original	pt=redondo
1944.00.00	1944	original	pt=pedido
1945.00.00	1945	original	pt=idêntico
1946.00.00	1946	original	pt=cultivar
1947.00.00	1947	original	pt=cristão
1948.00.00	1948	original	pt=equipe
1949.00.00	1949	original	pt=muro
1950.00.00	1950	original	pt=salão
1951.00.00	1951	original	pt=visível
1952.00.00	1952	original	pt=camada
1953.00.00	1953	original	pt=cérebro
1954.00.00	1954	original	pt=coleção
1955.00.00	1955	original	pt=publicação
1956.00.00	1956	original	pt=romano
1957.00.00	1957	original	pt=juízo
1958.00.00	1958	original	pt=concelho
1959.00.00	1959	original	pt=satisfação
1960.00.00	1960	original	pt=caracterizar
1961.00.00	1961	original	pt=primo
1962.00.00	1962	original	pt=exclusivamente
1963.00.00	1963	original	pt=miséria
1964.00.00	1964	original	pt=execução
1965.00.00	1965	original	pt=escândalo
1966.00.00	1966	original	pt=ordenar
1967.00.00	1967	original	pt=avenida
1968.00.00	1968	original	pt=esquema
1969.00.00	1969	original	pt=expresso
1970.00.00	1970	original	pt=sensibilidade
1971.00.00	1971	original	pt=galeria
1972.00.00	1972	original	pt=âmbito
1973.00.00	1973	original	pt=lançamento
1974.00.00	1974	original	pt=armar
1975.00.00	1975	original	pt=estatuto
1976.00.00	1976	original	pt=sequência
1977.00.00	1977	original	pt=composto
1978.00.00	1978	original	pt=mistério
1979.00.00	1979	original	pt=louco
1980.00.00	1980	original	pt=significado
1981.00.00	1981	original	pt=pacífico
1982.00.00	1982	original	pt=absorver
1983.00.00	1983	original	pt=arroz
1984.00.00	1984	original	pt=evento
1985.00.00	1985	original	pt=senador
1986.00.00	1986	original	pt=estimular
1987.00.00	1987	original	pt=decisivo
1988.00.00	1988	original	pt=solidariedade
1989.00.00	1989	original	pt=núcleo
1990.00.00	1990	original	pt=optar
1991.00.00	1991	original	pt=atmosfera
1992.00.00	1992	original	pt=todavia
1993.00.00	1993	original	pt=sujeitar
1994.00.00	1994	original	pt=apurar
1995.00.00	1995	original	pt=cartão
1996.00.00	1996	original	pt=triste
1997.00.00	1997	original	pt=legislativo
1998.00.00	1998	original	pt=baseado
1999.00.00	1999	original	pt=influenciar
2000.00.00	2000	original	pt=preparado
2001.00.00	2001	original	pt=ganho
2002.00.00	2002	original	pt=combinar
2003.00.00	2003	original	pt=emitir
2004.00.00	2004	original	pt=divulgar
2005.00.00	2005	original	pt=claramente
2006.00.00	2006	original	pt=mexer
2007.00.00	2007	original	pt=senado
2008.00.00	2008	original	pt=alargar
2009.00.00	2009	original	pt=traço
2010.00.00	2010	original	pt=pau
2011.00.00	2011	original	pt=missa
2012.00.00	2012	original	pt=consumir
2013.00.00	2013	original	pt=libertação
2014.00.00	2014	original	pt=arrastar
2015.00.00	2015	original	pt=superar
2016.00.00	2016	original	pt=protesto
2017.00.00	2017	original	pt=envolvido
2018.00.00	2018	original	pt=travar
2019.00.00	2019	original	pt=preferência
2020.00.00	2020	original	pt=eliminar
2021.00.00	2021	original	pt=federação
2022.00.00	2022	original	pt=sagrado
2023.00.00	2023	original	pt=amanhã
2024.00.00	2024	original	pt=deserto
2025.00.00	2025	original	pt=reparar
2026.00.00	2026	original	pt=petróleo
2027.00.00	2027	original	pt=parlamento
2028.00.00	2028	original	pt=autêntico
2029.00.00	2029	original	pt=fantástico
2030.00.00	2030	original	pt=aliado
2031.00.00	2031	original	pt=competir
2032.00.00	2032	original	pt=regular
2033.00.00	2033	original	pt=erva
2034.00.00	2034	original	pt=prato
2035.00.00	2035	original	pt=masculino
2036.00.00	2036	original	pt=alcance
2037.00.00	2037	original	pt=centímetro
2038.00.00	2038	original	pt=crónica
2039.00.00	2039	original	pt=condenado
2040.00.00	2040	original	pt=concorrer
2041.00.00	2041	original	pt=tio
2042.00.00	2042	original	pt=vigor
2042.01.00	2042	idiom_expansion	phrase=em vigor
2043.00.00	2043	original	pt=arco
2044.00.00	2044	original	pt=ficção
2045.00.00	2045	original	pt=sugestão
2046.00.00	2046	original	pt=escravo
2047.00.00	2047	original	pt=agarrar
2048.00.00	2048	original	pt=proporcionar
2049.00.00	2049	original	pt=desempenho
2050.00.00	2050	original	pt=intervalo
2051.00.00	2051	original	pt=fundar
2052.00.00	2052	original	pt=etapa
2053.00.00	2053	original	pt=parada
2054.00.00	2054	original	pt=registrar
2055.00.00	2055	original	pt=acusação
2056.00.00	2056	original	pt=estratégico
2057.00.00	2057	original	pt=inteligente
2058.00.00	2058	original	pt=pescoço
2059.00.00	2059	original	pt=moça
2060.00.00	2060	original	pt=legislação
2061.00.00	2061	original	pt=tecido
2062.00.00	2062	original	pt=boi
2063.00.00	2063	original	pt=desviar
2064.00.00	2064	original	pt=submeter
2065.00.00	2065	original	pt=dramático
2066.00.00	2066	original	pt=desemprego
2067.00.00	2067	original	pt=contribuição
2068.00.00	2068	original	pt=dobrar
2069.00.00	2069	original	pt=competição
2070.00.00	2070	original	pt=pronunciar
2071.00.00	2071	original	pt=comparação
2072.00.00	2072	original	pt=animar
2073.00.00	2073	original	pt=capitão
2074.00.00	2074	original	pt=conferir
2075.00.00	2075	original	pt=ruim
2076.00.00	2076	original	pt=aprovação
2077.00.00	2077	original	pt=pasta
2078.00.00	2078	original	pt=liderança
2079.00.00	2079	original	pt=estabilidade
2080.00.00	2080	original	pt=campeonato
2081.00.00	2081	original	pt=conservador
2082.00.00	2082	original	pt=converter
2083.00.00	2083	original	pt=definido
2084.00.00	2084	original	pt=absurdo
2085.00.00	2085	original	pt=registar
2086.00.00	2086	original	pt=beira
2087.00.00	2087	original	pt=tragédia
2088.00.00	2088	original	pt=manutenção
2089.00.00	2089	original	pt=fortaleza
2090.00.00	2090	original	pt=secreto
2091.00.00	2091	original	pt=aparentemente
2092.00.00	2092	original	pt=notável
2093.00.00	2093	original	pt=corredor
2094.00.00	2094	original	pt=barreira
2095.00.00	2095	original	pt=grão
2096.00.00	2096	original	pt=avanço
2097.00.00	2097	original	pt=onze
2098.00.00	2098	original	pt=espelho
2099.00.00	2099	original	pt=juntamente
2100.00.00	2100	original	pt=brincar
2101.00.00	2101	original	pt=ouvido
2102.00.00	2102	original	pt=greve
2103.00.00	2103	original	pt=tecer
2104.00.00	2104	original	pt=conselheiro
2105.00.00	2105	original	pt=pobreza
2106.00.00	2106	original	pt=colaboração
2107.00.00	2107	original	pt=consumidor
2108.00.00	2108	original	pt=perseguir
2109.00.00	2109	original	pt=nu
2110.00.00	2110	original	pt=selvagem
2111.00.00	2111	original	pt=pesca
2112.00.00	2112	original	pt=peito
2113.00.00	2113	original	pt=consulta
2114.00.00	2114	original	pt=impacto
2115.00.00	2115	original	pt=emprestar
2116.00.00	2116	original	pt=antecipar
2117.00.00	2117	original	pt=desempenhar
2118.00.00	2118	original	pt=empréstimo
2119.00.00	2119	original	pt=segurar
2120.00.00	2120	original	pt=pista
2121.00.00	2121	original	pt=vestir
2122.00.00	2122	original	pt=escrito
2123.00.00	2123	original	pt=pássaro
2124.00.00	2124	original	pt=rapariga
2125.00.00	2125	original	pt=indispensável
2126.00.00	2126	original	pt=convocar
2127.00.00	2127	original	pt=noturno
2128.00.00	2128	original	pt=estética
2129.00.00	2129	original	pt=recomendar
2130.00.00	2130	original	pt=norte-americano
2131.00.00	2131	original	pt=jantar
2132.00.00	2132	original	pt=redação
2133.00.00	2133	original	pt=pano
2134.00.00	2134	original	pt=reflexo
2135.00.00	2135	original	pt=romântico
2136.00.00	2136	original	pt=demanda
2137.00.00	2137	original	pt=acerca
2138.00.00	2138	original	pt=impulso
2139.00.00	2139	original	pt=cerimónia
2140.00.00	2140	original	pt=entendimento
2141.00.00	2141	original	pt=saltar
2142.00.00	2142	original	pt=temperatura
2143.00.00	2143	original	pt=demitir
2144.00.00	2144	original	pt=excessivo
2145.00.00	2145	original	pt=componente
2146.00.00	2146	original	pt=felicidade
2147.00.00	2147	original	pt=remédio
2148.00.00	2148	original	pt=mancha
2149.00.00	2149	original	pt=nova
2150.00.00	2150	original	pt=bicho
2151.00.00	2151	original	pt=preparação
2152.00.00	2152	original	pt=delegado
2153.00.00	2153	original	pt=imaginação
2154.00.00	2154	original	pt=ferido
2155.00.00	2155	original	pt=atriz
2156.00.00	2156	original	pt=tensão
2157.00.00	2157	original	pt=surpreender
2158.00.00	2158	original	pt=auxiliar
2159.00.00	2159	original	pt=conceber
2160.00.00	2160	original	pt=parceria
2161.00.00	2161	original	pt=acelerar
2162.00.00	2162	original	pt=concessão
2163.00.00	2163	original	pt=radical
2164.00.00	2164	original	pt=ampliar
2165.00.00	2165	original	pt=reservar
2166.00.00	2166	original	pt=ofício
2167.00.00	2167	original	pt=templo
2168.00.00	2168	original	pt=ligeiro
2169.00.00	2169	original	pt=dezena
2170.00.00	2170	original	pt=residir
2171.00.00	2171	original	pt=potencial
2172.00.00	2172	original	pt=adiante
2173.00.00	2173	original	pt=meta
2174.00.00	2174	original	pt=chama
2175.00.00	2175	original	pt=disputa
2176.00.00	2176	original	pt=prestígio
2177.00.00	2177	original	pt=passeio
2178.00.00	2178	original	pt=eixo
2179.00.00	2179	original	pt=bico
2180.00.00	2180	original	pt=utilização
2181.00.00	2181	original	pt=herança
2182.00.00	2182	original	pt=contexto
2183.00.00	2183	original	pt=formal
2184.00.00	2184	original	pt=exportação
2185.00.00	2185	original	pt=nuvem
2186.00.00	2186	original	pt=vela
2187.00.00	2187	original	pt=sessenta
2188.00.00	2188	original	pt=especializado
2189.00.00	2189	original	pt=situar
2190.00.00	2190	original	pt=preencher
2191.00.00	2191	original	pt=galinha
2192.00.00	2192	original	pt=pólo
2193.00.00	2193	original	pt=argentino
2194.00.00	2194	original	pt=rejeitar
2195.00.00	2195	original	pt=provisório
2196.00.00	2196	original	pt=devolver
2197.00.00	2197	original	pt=orquestra
2198.00.00	2198	original	pt=corrupção
2199.00.00	2199	original	pt=gordo
2200.00.00	2200	original	pt=acentuar
2201.00.00	2201	original	pt=explosão
2202.00.00	2202	original	pt=terço
2203.00.00	2203	original	pt=efetivamente
2204.00.00	2204	original	pt=incêndio
2205.00.00	2205	original	pt=classificar
2206.00.00	2206	original	pt=mercadoria
2207.00.00	2207	original	pt=procedimento
2208.00.00	2208	original	pt=relacionado
2209.00.00	2209	original	pt=concorrência
2210.00.00	2210	original	pt=ocidental
2211.00.00	2211	original	pt=apertar
2212.00.00	2212	original	pt=queixa
2213.00.00	2213	original	pt=tranquilo
2214.00.00	2214	original	pt=convição
2215.00.00	2215	original	pt=habitual
2216.00.00	2216	original	pt=previsto
2217.00.00	2217	original	pt=levantamento
2218.00.00	2218	original	pt=trânsito
2219.00.00	2219	original	pt=vencedor
2220.00.00	2220	original	pt=comerciante
2221.00.00	2221	original	pt=rigor
2222.00.00	2222	original	pt=correção
2223.00.00	2223	original	pt=sonhar
2224.00.00	2224	original	pt=redor
2224.01.00	2224	idiom_expansion	phrase=em redor
2224.02.00	2224	idiom_expansion	phrase=ao redor
2225.00.00	2225	original	pt=prioridade
2226.00.00	2226	original	pt=atento
2227.00.00	2227	original	pt=chorar
2228.00.00	2228	original	pt=humor
2229.00.00	2229	original	pt=localizar
2230.00.00	2230	original	pt=divulgação
2231.00.00	2231	original	pt=botar
2232.00.00	2232	original	pt=farinha
2233.00.00	2233	original	pt=sapato
2234.00.00	2234	original	pt=pastor
2235.00.00	2235	original	pt=oriental
2236.00.00	2236	original	pt=pensão
2237.00.00	2237	original	pt=mágico
2238.00.00	2238	original	pt=meado
2239.00.00	2239	original	pt=coroa
2240.00.00	2240	original	pt=infelizmente
2241.00.00	2241	original	pt=erguer
2242.00.00	2242	original	pt=bocado
2243.00.00	2243	original	pt=falhar
2244.00.00	2244	original	pt=consistir
2245.00.00	2245	original	pt=avisar
2246.00.00	2246	original	pt=zero
2247.00.00	2247	original	pt=adorar
2248.00.00	2248	original	pt=transferência
2249.00.00	2249	original	pt=curiosidade
2250.00.00	2250	original	pt=contrariar
2251.00.00	2251	original	pt=propaganda
2252.00.00	2252	original	pt=abranger
2253.00.00	2253	original	pt=investigar
2254.00.00	2254	original	pt=cruzado
2255.00.00	2255	original	pt=anjo
2256.00.00	2256	original	pt=cobertura
2257.00.00	2257	original	pt=oceano
2258.00.00	2258	original	pt=atração
2259.00.00	2259	original	pt=habitação
2260.00.00	2260	original	pt=psicológico
2261.00.00	2261	original	pt=passe
2262.00.00	2262	original	pt=consciente
2263.00.00	2263	original	pt=postura
2264.00.00	2264	original	pt=pó
2265.00.00	2265	original	pt=relacionamento
2266.00.00	2266	original	pt=substância
2267.00.00	2267	original	pt=cientista
2268.00.00	2268	original	pt=jornalismo
2269.00.00	2269	original	pt=devido
2270.00.00	2270	original	pt=resumir
2271.00.00	2271	original	pt=nomeado
2272.00.00	2272	original	pt=previsão
2273.00.00	2273	original	pt=espiritual
2274.00.00	2274	original	pt=sonoro
2275.00.00	2275	original	pt=recuar
2276.00.00	2276	original	pt=assinado
2277.00.00	2277	original	pt=requerer
2278.00.00	2278	original	pt=pregar
2279.00.00	2279	original	pt=defeito
2280.00.00	2280	original	pt=sofrimento
2281.00.00	2281	original	pt=determinação
2282.00.00	2282	original	pt=efetivo
2283.00.00	2283	original	pt=global
2284.00.00	2284	original	pt=marco
2285.00.00	2285	original	pt=financiamento
2286.00.00	2286	original	pt=registro
2287.00.00	2287	original	pt=típico
2288.00.00	2288	original	pt=solicitar
2289.00.00	2289	original	pt=académico
2290.00.00	2290	original	pt=compositor
2291.00.00	2291	original	pt=frequente
2292.00.00	2292	original	pt=residência
2293.00.00	2293	original	pt=matriz
2294.00.00	2294	original	pt=oriente
2295.00.00	2295	original	pt=colorido
2296.00.00	2296	original	pt=arquivo
2297.00.00	2297	original	pt=rocha
2298.00.00	2298	original	pt=indicação
2299.00.00	2299	original	pt=escutar
2300.00.00	2300	original	pt=agradar
2301.00.00	2301	original	pt=associar
2302.00.00	2302	original	pt=continuidade
2303.00.00	2303	original	pt=liderar
2304.00.00	2304	original	pt=obstáculo
2305.00.00	2305	original	pt=autorizar
2306.00.00	2306	original	pt=destruição
2307.00.00	2307	original	pt=britânico
2308.00.00	2308	original	pt=correspondente
2309.00.00	2309	original	pt=matemática
2310.00.00	2310	original	pt=encarregar
2311.00.00	2311	original	pt=enganar
2312.00.00	2312	original	pt=desfazer
2313.00.00	2313	original	pt=suspender
2314.00.00	2314	original	pt=aguardar
2315.00.00	2315	original	pt=dirigente
2316.00.00	2316	original	pt=rodear
2317.00.00	2317	original	pt=palmeira
2318.00.00	2318	original	pt=macho
2319.00.00	2319	original	pt=beneficiar
2320.00.00	2320	original	pt=privilégio
2321.00.00	2321	original	pt=inteiramente
2322.00.00	2322	original	pt=destinar
2323.00.00	2323	original	pt=lidar
2324.00.00	2324	original	pt=desconhecer
2325.00.00	2325	original	pt=basear
2326.00.00	2326	original	pt=evoluir
2327.00.00	2327	original	pt=íntimo
2328.00.00	2328	original	pt=comboio
2329.00.00	2329	original	pt=repente
2329.01.00	2329	idiom_expansion	phrase=de repente
2330.00.00	2330	original	pt=marcado
2331.00.00	2331	original	pt=rock
2332.00.00	2332	original	pt=criminoso
2333.00.00	2333	original	pt=candidatura
2334.00.00	2334	original	pt=lixo
2335.00.00	2335	original	pt=cozinha
2336.00.00	2336	original	pt=agrário
2337.00.00	2337	original	pt=consultar
2338.00.00	2338	original	pt=bebida
2339.00.00	2339	original	pt=carvão
2340.00.00	2340	original	pt=partidário
2341.00.00	2341	original	pt=festival
2342.00.00	2342	original	pt=celebrar
2343.00.00	2343	original	pt=judiciário
2344.00.00	2344	original	pt=arquiteto
2345.00.00	2345	original	pt=exclusivo
2346.00.00	2346	original	pt=numeroso
2347.00.00	2347	original	pt=cruzar
2348.00.00	2348	original	pt=designar
2349.00.00	2349	original	pt=espectador
2350.00.00	2350	original	pt=neve
2351.00.00	2351	original	pt=recuperação
2352.00.00	2352	original	pt=ilusão
2353.00.00	2353	original	pt=denúncia
2354.00.00	2354	original	pt=destaque
2355.00.00	2355	original	pt=planejamento
2356.00.00	2356	original	pt=campeão
2357.00.00	2357	original	pt=confessar
2358.00.00	2358	original	pt=projeção
2359.00.00	2359	original	pt=integração
2360.00.00	2360	original	pt=amiga
2361.00.00	2361	original	pt=madrugada
2362.00.00	2362	original	pt=avô
2363.00.00	2363	original	pt=restaurante
2364.00.00	2364	original	pt=descartar
2365.00.00	2365	original	pt=captar
2366.00.00	2366	original	pt=sacrifício
2367.00.00	2367	original	pt=ditadura
2368.00.00	2368	original	pt=fila
2369.00.00	2369	original	pt=largar
2370.00.00	2370	original	pt=situado
2371.00.00	2371	original	pt=imperador
2372.00.00	2372	original	pt=reproduzir
2373.00.00	2373	original	pt=presidir
2374.00.00	2374	original	pt=receio
2375.00.00	2375	original	pt=poético
2376.00.00	2376	original	pt=servidor
2377.00.00	2377	original	pt=primeiro-ministro
2378.00.00	2378	original	pt=almoço
2379.00.00	2379	original	pt=piloto
2380.00.00	2380	original	pt=tesouro
2381.00.00	2381	original	pt=fresco
2382.00.00	2382	original	pt=contraste
2383.00.00	2383	original	pt=assinatura
2384.00.00	2384	original	pt=álbum
2385.00.00	2385	original	pt=válido
2386.00.00	2386	original	pt=apagar
2387.00.00	2387	original	pt=chá
2388.00.00	2388	original	pt=relatar
2389.00.00	2389	original	pt=agravar
2390.00.00	2390	original	pt=prefeito
2391.00.00	2391	original	pt=pormenor
2392.00.00	2392	original	pt=esgotar
2393.00.00	2393	original	pt=derivar
2394.00.00	2394	original	pt=correspondência
2395.00.00	2395	original	pt=autonomia
2396.00.00	2396	original	pt=incapaz
2397.00.00	2397	original	pt=célebre
2398.00.00	2398	original	pt=circuito
2399.00.00	2399	original	pt=teatral
2400.00.00	2400	original	pt=dispensar
2401.00.00	2401	original	pt=eventual
2402.00.00	2402	original	pt=tinta
2403.00.00	2403	original	pt=aquecer
2404.00.00	2404	original	pt=cristal
2405.00.00	2405	original	pt=bolso
2406.00.00	2406	original	pt=examinar
2407.00.00	2407	original	pt=virgem
2408.00.00	2408	original	pt=fama
2409.00.00	2409	original	pt=semelhança
2410.00.00	2410	original	pt=alimentação
2411.00.00	2411	original	pt=confronto
2412.00.00	2412	original	pt=transição
2413.00.00	2413	original	pt=patrão
2414.00.00	2414	original	pt=desportivo
2415.00.00	2415	original	pt=depositar
2416.00.00	2416	original	pt=mérito
2417.00.00	2417	original	pt=testemunha
2418.00.00	2418	original	pt=disparar
2419.00.00	2419	original	pt=autorização
2420.00.00	2420	original	pt=treinar
2421.00.00	2421	original	pt=oeste
2422.00.00	2422	original	pt=lateral
2423.00.00	2423	original	pt=porte
2424.00.00	2424	original	pt=obrigatório
2425.00.00	2425	original	pt=vinda
2426.00.00	2426	original	pt=profundamente
2427.00.00	2427	original	pt=classificação
2428.00.00	2428	original	pt=chapéu
2429.00.00	2429	original	pt=manifesto
2430.00.00	2430	original	pt=são
2431.00.00	2431	original	pt=firme
2432.00.00	2432	original	pt=cruzeiro
2433.00.00	2433	original	pt=embaixador
2434.00.00	2434	original	pt=algodão
2435.00.00	2435	original	pt=censura
2436.00.00	2436	original	pt=guia
2437.00.00	2437	original	pt=oficina
2438.00.00	2438	original	pt=sucessivo
2439.00.00	2439	original	pt=cheiro
2440.00.00	2440	original	pt=plantar
2441.00.00	2441	original	pt=seminário
2442.00.00	2442	original	pt=finanças
2443.00.00	2443	original	pt=convenção
2444.00.00	2444	original	pt=harmonia
2445.00.00	2445	original	pt=anual
2446.00.00	2446	original	pt=sobrevivência
2447.00.00	2447	original	pt=girar
2448.00.00	2448	original	pt=violar
2449.00.00	2449	original	pt=tradução
2450.00.00	2450	original	pt=carteira
2451.00.00	2451	original	pt=habitar
2452.00.00	2452	original	pt=adaptação
2453.00.00	2453	original	pt=exprimir
2454.00.00	2454	original	pt=miúdo
2455.00.00	2455	original	pt=gasolina
2456.00.00	2456	original	pt=aço
2457.00.00	2457	original	pt=litoral
2458.00.00	2458	original	pt=acertar
2459.00.00	2459	original	pt=bancário
2460.00.00	2460	original	pt=rodar
2461.00.00	2461	original	pt=carnaval
2462.00.00	2462	original	pt=vergonha
2463.00.00	2463	original	pt=triunfo
2464.00.00	2464	original	pt=aderir
2465.00.00	2465	original	pt=estímulo
2466.00.00	2466	original	pt=preservar
2467.00.00	2467	original	pt=turismo
2468.00.00	2468	original	pt=tribo
2469.00.00	2469	original	pt=admirar
2470.00.00	2470	original	pt=inicialmente
2471.00.00	2471	original	pt=publicidade
2472.00.00	2472	original	pt=frequentemente
2473.00.00	2473	original	pt=indicador
2474.00.00	2474	original	pt=preocupado
2475.00.00	2475	original	pt=prata
2476.00.00	2476	original	pt=eterno
2477.00.00	2477	original	pt=variação
2478.00.00	2478	original	pt=profundidade
2479.00.00	2479	original	pt=ovelha
2480.00.00	2480	original	pt=delicado
2481.00.00	2481	original	pt=enfermeiro
2482.00.00	2482	original	pt=definitivamente
2483.00.00	2483	original	pt=calar
2484.00.00	2484	original	pt=circulação
2485.00.00	2485	original	pt=célula
2486.00.00	2486	original	pt=providência
2487.00.00	2487	original	pt=sexto
2488.00.00	2488	original	pt=transmissão
2489.00.00	2489	original	pt=maravilhoso
2490.00.00	2490	original	pt=presidencial
2491.00.00	2491	original	pt=legítimo
2492.00.00	2492	original	pt=escolar
2493.00.00	2493	original	pt=colónia
2494.00.00	2494	original	pt=melhoria
2495.00.00	2495	original	pt=eficaz
2496.00.00	2496	original	pt=bilhão
2497.00.00	2497	original	pt=sabor
2498.00.00	2498	original	pt=movimentar
2499.00.00	2499	original	pt=cego
2500.00.00	2500	original	pt=reportagem
2501.00.00	2501	original	pt=batata
2502.00.00	2502	original	pt=primavera
2503.00.00	2503	original	pt=índice
2504.00.00	2504	original	pt=revelação
2505.00.00	2505	original	pt=amante
2506.00.00	2506	original	pt=pátria
2507.00.00	2507	original	pt=tabela
2508.00.00	2508	original	pt=demissão
2509.00.00	2509	original	pt=rebelde
2510.00.00	2510	original	pt=gráfico
2511.00.00	2511	original	pt=aeroporto
2512.00.00	2512	original	pt=franco
2513.00.00	2513	original	pt=improvisar
2514.00.00	2514	original	pt=excluir
2515.00.00	2515	original	pt=manual
2516.00.00	2516	original	pt=prestação
2517.00.00	2517	original	pt=aproximação
2518.00.00	2518	original	pt=ombro
2519.00.00	2519	original	pt=aguentar
2520.00.00	2520	original	pt=provável
2521.00.00	2521	original	pt=químico
2522.00.00	2522	original	pt=terror
2523.00.00	2523	original	pt=fumo
2524.00.00	2524	original	pt=efetuar
2525.00.00	2525	original	pt=cansado
2526.00.00	2526	original	pt=traçar
2527.00.00	2527	original	pt=assalto
2528.00.00	2528	original	pt=feijão
2529.00.00	2529	original	pt=abalar
2530.00.00	2530	original	pt=monetário
2531.00.00	2531	original	pt=prático
2532.00.00	2532	original	pt=agradável
2533.00.00	2533	original	pt=estágio
2534.00.00	2534	original	pt=celular
2535.00.00	2535	original	pt=retorno
2536.00.00	2536	original	pt=favorecer
2537.00.00	2537	original	pt=divino
2538.00.00	2538	original	pt=falecer
2539.00.00	2539	original	pt=guiar
2540.00.00	2540	original	pt=sobrar
2541.00.00	2541	original	pt=major
2542.00.00	2542	original	pt=oração
2543.00.00	2543	original	pt=alegar
2544.00.00	2544	original	pt=taça
2545.00.00	2545	original	pt=motorista
2546.00.00	2546	original	pt=restrição
2547.00.00	2547	original	pt=árabe
2548.00.00	2548	original	pt=modificação
2549.00.00	2549	original	pt=porquê
2550.00.00	2550	original	pt=inevitável
2551.00.00	2551	original	pt=orgulho
2552.00.00	2552	original	pt=financiar
2553.00.00	2553	original	pt=adesão
2554.00.00	2554	original	pt=esquerdo
2555.00.00	2555	original	pt=arriscar
2556.00.00	2556	original	pt=reduzido
2557.00.00	2557	original	pt=evidentemente
2558.00.00	2558	original	pt=audiência
2559.00.00	2559	original	pt=editora
2560.00.00	2560	original	pt=cooperação
2561.00.00	2561	original	pt=lar
2562.00.00	2562	original	pt=partilhar
2563.00.00	2563	original	pt=enterrar
2564.00.00	2564	original	pt=guerreiro
2565.00.00	2565	original	pt=inspiração
2566.00.00	2566	original	pt=filósofo
2567.00.00	2567	original	pt=forçado
2568.00.00	2568	original	pt=resíduo
2569.00.00	2569	original	pt=temporada
2570.00.00	2570	original	pt=expulsar
2571.00.00	2571	original	pt=empurrar
2572.00.00	2572	original	pt=mergulhar
2573.00.00	2573	original	pt=sono
2574.00.00	2574	original	pt=ópera
2575.00.00	2575	original	pt=entrega
2576.00.00	2576	original	pt=apelo
2577.00.00	2577	original	pt=magistrado
2578.00.00	2578	original	pt=bota
2579.00.00	2579	original	pt=aparência
2580.00.00	2580	original	pt=suporte
2581.00.00	2581	original	pt=transferir
2582.00.00	2582	original	pt=republicano
2583.00.00	2583	original	pt=cavaleiro
2584.00.00	2584	original	pt=quebra
2585.00.00	2585	original	pt=atendimento
2586.00.00	2586	original	pt=parcela
2587.00.00	2587	original	pt=constatar
2588.00.00	2588	original	pt=gelo
2589.00.00	2589	original	pt=orelha
2590.00.00	2590	original	pt=rígido
2591.00.00	2591	original	pt=dupla
2592.00.00	2592	original	pt=marítimo
2593.00.00	2593	original	pt=digital
2594.00.00	2594	original	pt=inflação
2595.00.00	2595	original	pt=aconselhar
2596.00.00	2596	original	pt=limpeza
2597.00.00	2597	original	pt=dependência
2598.00.00	2598	original	pt=ética
2599.00.00	2599	original	pt=grandeza
2600.00.00	2600	original	pt=intensidade
2601.00.00	2601	original	pt=descansar
2602.00.00	2602	original	pt=incidente
2603.00.00	2603	original	pt=solar
2604.00.00	2604	original	pt=trem
2605.00.00	2605	original	pt=renovar
2606.00.00	2606	original	pt=assassinato
2607.00.00	2607	original	pt=colonial
2608.00.00	2608	original	pt=estrutural
2609.00.00	2609	original	pt=separação
2610.00.00	2610	original	pt=incomodar
2611.00.00	2611	original	pt=decreto
2612.00.00	2612	original	pt=planeamento
2613.00.00	2613	original	pt=tonelada
2614.00.00	2614	original	pt=essência
2615.00.00	2615	original	pt=holandês
2616.00.00	2616	original	pt=lição
2617.00.00	2617	original	pt=relacionar
2618.00.00	2618	original	pt=infinito
2619.00.00	2619	original	pt=mosteiro
2620.00.00	2620	original	pt=voluntário
2621.00.00	2621	original	pt=ângulo
2622.00.00	2622	original	pt=intensivo
2623.00.00	2623	original	pt=gritar
2624.00.00	2624	original	pt=auxílio
2625.00.00	2625	original	pt=debater
2626.00.00	2626	original	pt=ribeira
2627.00.00	2627	original	pt=sobrinho
2628.00.00	2628	original	pt=gigante
2629.00.00	2629	original	pt=esporte
2630.00.00	2630	original	pt=gravidade
2631.00.00	2631	original	pt=laranja
2632.00.00	2632	original	pt=saudade
2633.00.00	2633	original	pt=monumento
2634.00.00	2634	original	pt=senso
2635.00.00	2635	original	pt=lindo
2636.00.00	2636	original	pt=apartamento
2637.00.00	2637	original	pt=incorporar
2638.00.00	2638	original	pt=diabo
2639.00.00	2639	original	pt=luxo
2640.00.00	2640	original	pt=indígena
2641.00.00	2641	original	pt=distinção
2642.00.00	2642	original	pt=somar
2643.00.00	2643	original	pt=visual
2644.00.00	2644	original	pt=produtivo
2645.00.00	2645	original	pt=duzentos
2646.00.00	2646	original	pt=comédia
2647.00.00	2647	original	pt=inédito
2648.00.00	2648	original	pt=sertão
2649.00.00	2649	original	pt=fluxo
2650.00.00	2650	original	pt=traseiro
2651.00.00	2651	original	pt=véspera
2652.00.00	2652	original	pt=prefeitura
2653.00.00	2653	original	pt=planalto
2654.00.00	2654	original	pt=anel
2655.00.00	2655	original	pt=inferno
2656.00.00	2656	original	pt=herdeiro
2657.00.00	2657	original	pt=ferramenta
2658.00.00	2658	original	pt=aquisição
2659.00.00	2659	original	pt=anúncio
2660.00.00	2660	original	pt=fantasia
2661.00.00	2661	original	pt=localizado
2662.00.00	2662	original	pt=namorado
2663.00.00	2663	original	pt=grito
2664.00.00	2664	original	pt=queixar
2665.00.00	2665	original	pt=fundador
2666.00.00	2666	original	pt=firmar
2667.00.00	2667	original	pt=precioso
2668.00.00	2668	original	pt=briga
2669.00.00	2669	original	pt=inquérito
2670.00.00	2670	original	pt=horta
2671.00.00	2671	original	pt=multiplicar
2672.00.00	2672	original	pt=inseto
2673.00.00	2673	original	pt=inaugurar
2674.00.00	2674	original	pt=ambiental
2675.00.00	2675	original	pt=patente
2676.00.00	2676	original	pt=viúva
2677.00.00	2677	original	pt=editor
2678.00.00	2678	original	pt=dignidade
2679.00.00	2679	original	pt=elaborar
2680.00.00	2680	original	pt=lance
2681.00.00	2681	original	pt=manobra
2682.00.00	2682	original	pt=tronco
2683.00.00	2683	original	pt=apostar
2684.00.00	2684	original	pt=praga
2685.00.00	2685	original	pt=escada
2686.00.00	2686	original	pt=sucessão
2687.00.00	2687	original	pt=fortuna
2688.00.00	2688	original	pt=fotógrafo
2689.00.00	2689	original	pt=segmento
2690.00.00	2690	original	pt=singular
2691.00.00	2691	original	pt=balança
2692.00.00	2692	original	pt=modalidade
2693.00.00	2693	original	pt=cigarro
2694.00.00	2694	original	pt=garoto
2695.00.00	2695	original	pt=arranjo
2696.00.00	2696	original	pt=promoção
2697.00.00	2697	original	pt=garrafa
2698.00.00	2698	original	pt=identificação
2699.00.00	2699	original	pt=bordo
2700.00.00	2700	original	pt=calças
2701.00.00	2701	original	pt=simultaneamente
2702.00.00	2702	original	pt=circular
2703.00.00	2703	original	pt=estátua
2704.00.00	2704	original	pt=proximidade
2705.00.00	2705	original	pt=chover
2706.00.00	2706	original	pt=elaborado
2707.00.00	2707	original	pt=desvio
2708.00.00	2708	original	pt=salientar
2709.00.00	2709	original	pt=formular
2710.00.00	2710	original	pt=herdar
2711.00.00	2711	original	pt=dominante
2712.00.00	2712	original	pt=carioca
2713.00.00	2713	original	pt=passear
2714.00.00	2714	original	pt=tanque
2715.00.00	2715	original	pt=autónomo
2716.00.00	2716	original	pt=comunitário
2717.00.00	2717	original	pt=competente
2718.00.00	2718	original	pt=horror
2719.00.00	2719	original	pt=alheio
2720.00.00	2720	original	pt=acolher
2721.00.00	2721	original	pt=duque
2722.00.00	2722	original	pt=entusiasmo
2723.00.00	2723	original	pt=foco
2724.00.00	2724	original	pt=cercar
2725.00.00	2725	original	pt=evidência
2726.00.00	2726	original	pt=variedade
2727.00.00	2727	original	pt=rotina
2728.00.00	2728	original	pt=cobra
2729.00.00	2729	original	pt=militante
2730.00.00	2730	original	pt=subsídio
2731.00.00	2731	original	pt=ambição
2732.00.00	2732	original	pt=processar
2733.00.00	2733	original	pt=pacote
2734.00.00	2734	original	pt=músculo
2735.00.00	2735	original	pt=assistente
2736.00.00	2736	original	pt=lama
2737.00.00	2737	original	pt=primitivo
2738.00.00	2738	original	pt=fêmea
2739.00.00	2739	original	pt=razoável
2740.00.00	2740	original	pt=pata
2741.00.00	2741	original	pt=raramente
2742.00.00	2742	original	pt=vocação
2743.00.00	2743	original	pt=coberto
2744.00.00	2744	original	pt=veia
2745.00.00	2745	original	pt=ladrão
2746.00.00	2746	original	pt=pavilhão
2747.00.00	2747	original	pt=chance
2748.00.00	2748	original	pt=usuário
2749.00.00	2749	original	pt=camponês
2750.00.00	2750	original	pt=fundamento
2751.00.00	2751	original	pt=gozar
2752.00.00	2752	original	pt=protestar
2753.00.00	2753	original	pt=topo
2754.00.00	2754	original	pt=essencialmente
2755.00.00	2755	original	pt=argumentar
2756.00.00	2756	original	pt=estádio
2757.00.00	2757	original	pt=aniversário
2758.00.00	2758	original	pt=cerveja
2759.00.00	2759	original	pt=cana
2760.00.00	2760	original	pt=soviético
2761.00.00	2761	original	pt=rigoroso
2762.00.00	2762	original	pt=cinza
2763.00.00	2763	original	pt=copo
2764.00.00	2764	original	pt=pretensão
2765.00.00	2765	original	pt=rota
2766.00.00	2766	original	pt=dependente
2767.00.00	2767	original	pt=agricultor
2768.00.00	2768	original	pt=morador
2769.00.00	2769	original	pt=mentira
2770.00.00	2770	original	pt=ocidente
2771.00.00	2771	original	pt=anteriormente
2772.00.00	2772	original	pt=vulgar
2773.00.00	2773	original	pt=articulação
2774.00.00	2774	original	pt=jornada
2775.00.00	2775	original	pt=relato
2776.00.00	2776	original	pt=penetrar
2777.00.00	2777	original	pt=calma
2778.00.00	2778	original	pt=frango
2779.00.00	2779	original	pt=concretizar
2780.00.00	2780	original	pt=riso
2781.00.00	2781	original	pt=administrar
2782.00.00	2782	original	pt=camisa
2783.00.00	2783	original	pt=multidão
2784.00.00	2784	original	pt=judicial
2785.00.00	2785	original	pt=rosa
2786.00.00	2786	original	pt=compensação
2787.00.00	2787	original	pt=filosófico
2788.00.00	2788	original	pt=nariz
2789.00.00	2789	original	pt=dinâmica
2790.00.00	2790	original	pt=palestra
2791.00.00	2791	original	pt=milagre
2792.00.00	2792	original	pt=joelho
2793.00.00	2793	original	pt=informática
2794.00.00	2794	original	pt=crença
2795.00.00	2795	original	pt=conviver
2796.00.00	2796	original	pt=amostra
2797.00.00	2797	original	pt=borracha
2798.00.00	2798	original	pt=variado
2799.00.00	2799	original	pt=finalizar
2800.00.00	2800	original	pt=reter
2801.00.00	2801	original	pt=ó
2802.00.00	2802	original	pt=roteiro
2803.00.00	2803	original	pt=valorizar
2804.00.00	2804	original	pt=intermédio
2805.00.00	2805	original	pt=ritual
2806.00.00	2806	original	pt=planejar
2807.00.00	2807	original	pt=pecado
2808.00.00	2808	original	pt=satisfeito
2809.00.00	2809	original	pt=divertir
2810.00.00	2810	original	pt=setenta
2811.00.00	2811	original	pt=geográfico
2812.00.00	2812	original	pt=brilho
2813.00.00	2813	original	pt=oh
2814.00.00	2814	original	pt=suspeita
2815.00.00	2815	original	pt=dourado
2816.00.00	2816	original	pt=remoto
2817.00.00	2817	original	pt=tecnológico
2818.00.00	2818	original	pt=inserir
2819.00.00	2819	original	pt=governamental
2820.00.00	2820	original	pt=introdução
2821.00.00	2821	original	pt=poço
2822.00.00	2822	original	pt=equivalente
2823.00.00	2823	original	pt=empreendimento
2824.00.00	2824	original	pt=transação
2825.00.00	2825	original	pt=combinação
2826.00.00	2826	original	pt=avançado
2827.00.00	2827	original	pt=prisioneiro
2828.00.00	2828	original	pt=registo
2829.00.00	2829	original	pt=clínica
2830.00.00	2830	original	pt=protocolo
2831.00.00	2831	original	pt=reforço
2832.00.00	2832	original	pt=artificial
2833.00.00	2833	original	pt=conduta
2834.00.00	2834	original	pt=rebanho
2835.00.00	2835	original	pt=condutor
2836.00.00	2836	original	pt=atleta
2837.00.00	2837	original	pt=emissão
2838.00.00	2838	original	pt=simpatia
2839.00.00	2839	original	pt=mito
2840.00.00	2840	original	pt=igualdade
2841.00.00	2841	original	pt=gravação
2842.00.00	2842	original	pt=mero
2843.00.00	2843	original	pt=fortemente
2844.00.00	2844	original	pt=emenda
2845.00.00	2845	original	pt=convencional
2846.00.00	2846	original	pt=esfera
2847.00.00	2847	original	pt=reto
2848.00.00	2848	original	pt=brincadeira
2849.00.00	2849	original	pt=programação
2850.00.00	2850	original	pt=extrair
2851.00.00	2851	original	pt=paço
2852.00.00	2852	original	pt=convir
2853.00.00	2853	original	pt=câmbio
2854.00.00	2854	original	pt=doutrina
2855.00.00	2855	original	pt=motivar
2856.00.00	2856	original	pt=júnior
2857.00.00	2857	original	pt=prévio
2858.00.00	2858	original	pt=incentivo
2859.00.00	2859	original	pt=importação
2860.00.00	2860	original	pt=dano
2861.00.00	2861	original	pt=habilidade
2862.00.00	2862	original	pt=comprovar
2863.00.00	2863	original	pt=bairro
2864.00.00	2864	original	pt=sumo
2865.00.00	2865	original	pt=extinto
2866.00.00	2866	original	pt=óbvio
2867.00.00	2867	original	pt=modesto
2868.00.00	2868	original	pt=isolar
2869.00.00	2869	original	pt=originar
2870.00.00	2870	original	pt=vício
2871.00.00	2871	original	pt=laço
2872.00.00	2872	original	pt=lamentar
2873.00.00	2873	original	pt=ruído
2874.00.00	2874	original	pt=combustível
2875.00.00	2875	original	pt=necessariamente
2876.00.00	2876	original	pt=trato
2877.00.00	2877	original	pt=automático
2878.00.00	2878	original	pt=precisão
2879.00.00	2879	original	pt=porção
2880.00.00	2880	original	pt=titular
2881.00.00	2881	original	pt=vídeo
2882.00.00	2882	original	pt=ausente
2883.00.00	2883	original	pt=mato
2884.00.00	2884	original	pt=articular
2885.00.00	2885	original	pt=morro
2886.00.00	2886	original	pt=altamente
2887.00.00	2887	original	pt=depoimento
2888.00.00	2888	original	pt=estrear
2889.00.00	2889	original	pt=casca
2890.00.00	2890	original	pt=frei
2891.00.00	2891	original	pt=salgado
2892.00.00	2892	original	pt=nervo
2893.00.00	2893	original	pt=toque
2894.00.00	2894	original	pt=vertente
2895.00.00	2895	original	pt=fumar
2896.00.00	2896	original	pt=duplo
2897.00.00	2897	original	pt=convento
2898.00.00	2898	original	pt=teórico
2899.00.00	2899	original	pt=delgado
2900.00.00	2900	original	pt=invenção
2901.00.00	2901	original	pt=historiador
2902.00.00	2902	original	pt=nomear
2903.00.00	2903	original	pt=loucura
2904.00.00	2904	original	pt=expressar
2905.00.00	2905	original	pt=turma
2906.00.00	2906	original	pt=assustar
2907.00.00	2907	original	pt=urgência
2908.00.00	2908	original	pt=cheque
2909.00.00	2909	original	pt=impresso
2910.00.00	2910	original	pt=duração
2911.00.00	2911	original	pt=fantasma
2912.00.00	2912	original	pt=pequenino
2913.00.00	2913	original	pt=pessoalmente
2914.00.00	2914	original	pt=colheita
2915.00.00	2915	original	pt=guitarra
2916.00.00	2916	original	pt=aperceber
2917.00.00	2917	original	pt=ruína
2918.00.00	2918	original	pt=tortura
2919.00.00	2919	original	pt=medalha
2920.00.00	2920	original	pt=abandono
2921.00.00	2921	original	pt=suspensão
2922.00.00	2922	original	pt=vírus
2923.00.00	2923	original	pt=ideológico
2924.00.00	2924	original	pt=utilidade
2925.00.00	2925	original	pt=eficiente
2926.00.00	2926	original	pt=ressaltar
2927.00.00	2927	original	pt=bacia
2928.00.00	2928	original	pt=finalidade
2929.00.00	2929	original	pt=abrigar
2930.00.00	2930	original	pt=simbólico
2931.00.00	2931	original	pt=comité
2932.00.00	2932	original	pt=contratado
2933.00.00	2933	original	pt=paraíso
2934.00.00	2934	original	pt=burro
2935.00.00	2935	original	pt=punir
2936.00.00	2936	original	pt=usado
2937.00.00	2937	original	pt=pá
2938.00.00	2938	original	pt=abater
2939.00.00	2939	original	pt=subida
2940.00.00	2940	original	pt=bala
2941.00.00	2941	original	pt=questionar
2942.00.00	2942	original	pt=desastre
2943.00.00	2943	original	pt=verdadeiramente
2944.00.00	2944	original	pt=separado
2945.00.00	2945	original	pt=agudo
2946.00.00	2946	original	pt=cemitério
2947.00.00	2947	original	pt=telefónico
2948.00.00	2948	original	pt=baile
2949.00.00	2949	original	pt=desporto
2950.00.00	2950	original	pt=eletricidade
2951.00.00	2951	original	pt=castigo
2952.00.00	2952	original	pt=descrição
2953.00.00	2953	original	pt=isolamento
2954.00.00	2954	original	pt=demonstração
2955.00.00	2955	original	pt=integrante
2956.00.00	2956	original	pt=caderno
2957.00.00	2957	original	pt=luminoso
2958.00.00	2958	original	pt=nomeação
2959.00.00	2959	original	pt=coligação
2960.00.00	2960	original	pt=comportar
2961.00.00	2961	original	pt=exceto
2962.00.00	2962	original	pt=armazém
2963.00.00	2963	original	pt=caçador
2964.00.00	2964	original	pt=poupar
2965.00.00	2965	original	pt=iluminação
2966.00.00	2966	original	pt=fracasso
2967.00.00	2967	original	pt=pressa
2968.00.00	2968	original	pt=vice-presidente
2969.00.00	2969	original	pt=tempestade
2970.00.00	2970	original	pt=compensar
2971.00.00	2971	original	pt=sintoma
2972.00.00	2972	original	pt=discreto
2973.00.00	2973	original	pt=touro
2974.00.00	2974	original	pt=agradecer
2975.00.00	2975	original	pt=recomendação
2976.00.00	2976	original	pt=emergência
2977.00.00	2977	original	pt=tranquilidade
2978.00.00	2978	original	pt=caçar
2979.00.00	2979	original	pt=substituição
2980.00.00	2980	original	pt=vital
2981.00.00	2981	original	pt=repórter
2982.00.00	2982	original	pt=fornecedor
2983.00.00	2983	original	pt=cauda
2984.00.00	2984	original	pt=posto
2985.00.00	2985	original	pt=ruptura
2986.00.00	2986	original	pt=paciência
2987.00.00	2987	original	pt=firma
2988.00.00	2988	original	pt=abraçar
2989.00.00	2989	original	pt=planície
2990.00.00	2990	original	pt=comprador
2991.00.00	2991	original	pt=polémico
2992.00.00	2992	original	pt=empresarial
2993.00.00	2993	original	pt=manga
2994.00.00	2994	original	pt=seda
2995.00.00	2995	original	pt=constantemente
2996.00.00	2996	original	pt=ajuste
2997.00.00	2997	original	pt=posteriormente
2998.00.00	2998	original	pt=realista
2999.00.00	2999	original	pt=perseguição
3000.00.00	3000	original	pt=fusão
3001.00.00	3001	original	pt=digno
3002.00.00	3002	original	pt=defrontar
3003.00.00	3003	original	pt=abrigo
3004.00.00	3004	original	pt=residente
3005.00.00	3005	original	pt=sujo
3006.00.00	3006	original	pt=inútil
3007.00.00	3007	original	pt=cabra
3008.00.00	3008	original	pt=complementar
3009.00.00	3009	original	pt=proveniente
3010.00.00	3010	original	pt=solitário
3011.00.00	3011	original	pt=muralha
3012.00.00	3012	original	pt=lenda
3013.00.00	3013	original	pt=jazz
3014.00.00	3014	original	pt=medicamento
3015.00.00	3015	original	pt=auto
3016.00.00	3016	original	pt=pulmão
3017.00.00	3017	original	pt=estreia
3018.00.00	3018	original	pt=catedral
3019.00.00	3019	original	pt=estável
3020.00.00	3020	original	pt=bebé
3021.00.00	3021	original	pt=misto
3022.00.00	3022	original	pt=desencadear
3023.00.00	3023	original	pt=estatal
3024.00.00	3024	original	pt=baiano
3025.00.00	3025	original	pt=assinalar
3026.00.00	3026	original	pt=excelência
3027.00.00	3027	original	pt=abuso
3028.00.00	3028	original	pt=física
3029.00.00	3029	original	pt=lembrança
3030.00.00	3030	original	pt=visitante
3031.00.00	3031	original	pt=maré
3032.00.00	3032	original	pt=abastecimento
3033.00.00	3033	original	pt=localização
3034.00.00	3034	original	pt=iluminar
3035.00.00	3035	original	pt=leito
3036.00.00	3036	original	pt=plataforma
3037.00.00	3037	original	pt=arrumar
3038.00.00	3038	original	pt=independentemente
3039.00.00	3039	original	pt=pico
3040.00.00	3040	original	pt=castanho
3041.00.00	3041	original	pt=colocação
3042.00.00	3042	original	pt=asiático
3043.00.00	3043	original	pt=vaga
3044.00.00	3044	original	pt=mortal
3045.00.00	3045	original	pt=elaboração
3046.00.00	3046	original	pt=depor
3047.00.00	3047	original	pt=preconceito
3048.00.00	3048	original	pt=proibido
3049.00.00	3049	original	pt=prevenção
3050.00.00	3050	original	pt=vapor
3051.00.00	3051	original	pt=solidão
3052.00.00	3052	original	pt=possibilitar
3053.00.00	3053	original	pt=relevo
3054.00.00	3054	original	pt=criatura
3055.00.00	3055	original	pt=coordenação
3056.00.00	3056	original	pt=suicídio
3057.00.00	3057	original	pt=dispositivo
3058.00.00	3058	original	pt=aliviar
3059.00.00	3059	original	pt=cachorro
3060.00.00	3060	original	pt=bando
3061.00.00	3061	original	pt=moinho
3062.00.00	3062	original	pt=assassino
3063.00.00	3063	original	pt=gravura
3064.00.00	3064	original	pt=trabalhista
3065.00.00	3065	original	pt=uniforme
3066.00.00	3066	original	pt=inesperado
3067.00.00	3067	original	pt=foz
3068.00.00	3068	original	pt=autoria
3069.00.00	3069	original	pt=fiscalização
3070.00.00	3070	original	pt=raciocínio
3071.00.00	3071	original	pt=diplomático
3072.00.00	3072	original	pt=vaso
3073.00.00	3073	original	pt=piscina
3074.00.00	3074	original	pt=inscrição
3075.00.00	3075	original	pt=calendário
3076.00.00	3076	original	pt=cinzento
3077.00.00	3077	original	pt=time
3078.00.00	3078	original	pt=angústia
3079.00.00	3079	original	pt=baixa
3080.00.00	3080	original	pt=governante
3081.00.00	3081	original	pt=expressivo
3082.00.00	3082	original	pt=limitação
3083.00.00	3083	original	pt=barulho
3084.00.00	3084	original	pt=impressionar
3085.00.00	3085	original	pt=selecionar
3086.00.00	3086	original	pt=conversação
3087.00.00	3087	original	pt=sé
3088.00.00	3088	original	pt=fibra
3089.00.00	3089	original	pt=interrogar
3090.00.00	3090	original	pt=renunciar
3091.00.00	3091	original	pt=outrora
3092.00.00	3092	original	pt=desculpa
3093.00.00	3093	original	pt=vegetal
3094.00.00	3094	original	pt=incrível
3095.00.00	3095	original	pt=alternar
3096.00.00	3096	original	pt=enriquecer
3097.00.00	3097	original	pt=diminuição
3098.00.00	3098	original	pt=dose
3099.00.00	3099	original	pt=narrativa
3100.00.00	3100	original	pt=psicologia
3101.00.00	3101	original	pt=acompanhamento
3102.00.00	3102	original	pt=eficiência
3103.00.00	3103	original	pt=atrasado
3104.00.00	3104	original	pt=diagnóstico
3105.00.00	3105	original	pt=suficientemente
3106.00.00	3106	original	pt=ódio
3107.00.00	3107	original	pt=controlo
3108.00.00	3108	original	pt=resultante
3109.00.00	3109	original	pt=arder
3110.00.00	3110	original	pt=palha
3111.00.00	3111	original	pt=muçulmano
3112.00.00	3112	original	pt=piso
3113.00.00	3113	original	pt=andamento
3114.00.00	3114	original	pt=escasso
3115.00.00	3115	original	pt=lata
3116.00.00	3116	original	pt=expandir
3117.00.00	3117	original	pt=terminal
3118.00.00	3118	original	pt=respirar
3119.00.00	3119	original	pt=montante
3120.00.00	3120	original	pt=persistir
3121.00.00	3121	original	pt=convencido
3122.00.00	3122	original	pt=coincidir
3123.00.00	3123	original	pt=votação
3124.00.00	3124	original	pt=estômago
3125.00.00	3125	original	pt=lã
3126.00.00	3126	original	pt=empenhar
3127.00.00	3127	original	pt=descendente
3128.00.00	3128	original	pt=múltiplo
3129.00.00	3129	original	pt=renovação
3130.00.00	3130	original	pt=oficialmente
3131.00.00	3131	original	pt=transparente
3132.00.00	3132	original	pt=soma
3133.00.00	3133	original	pt=irregular
3134.00.00	3134	original	pt=cinematográfico
3135.00.00	3135	original	pt=vendedor
3136.00.00	3136	original	pt=gaúcho
3137.00.00	3137	original	pt=ilustrar
3138.00.00	3138	original	pt=aparente
3139.00.00	3139	original	pt=encomenda
3140.00.00	3140	original	pt=feio
3141.00.00	3141	original	pt=barroco
3142.00.00	3142	original	pt=imaginário
3143.00.00	3143	original	pt=agitar
3144.00.00	3144	original	pt=dificilmente
3145.00.00	3145	original	pt=baleia
3146.00.00	3146	original	pt=restrito
3147.00.00	3147	original	pt=queijo
3148.00.00	3148	original	pt=ala
3149.00.00	3149	original	pt=produtividade
3150.00.00	3150	original	pt=portador
3151.00.00	3151	original	pt=mosca
3152.00.00	3152	original	pt=desafiar
3153.00.00	3153	original	pt=adiar
3154.00.00	3154	original	pt=permanência
3155.00.00	3155	original	pt=estúdio
3156.00.00	3156	original	pt=aviso
3157.00.00	3157	original	pt=turco
3158.00.00	3158	original	pt=apaixonado
3159.00.00	3159	original	pt=nativo
3160.00.00	3160	original	pt=cura
3161.00.00	3161	original	pt=cessar
3162.00.00	3162	original	pt=rolar
3163.00.00	3163	original	pt=leilão
3164.00.00	3164	original	pt=marinho
3165.00.00	3165	original	pt=azeite
3166.00.00	3166	original	pt=inovação
3167.00.00	3167	original	pt=cobre
3168.00.00	3168	original	pt=cartaz
3169.00.00	3169	original	pt=apelar
3170.00.00	3170	original	pt=diretoria
3171.00.00	3171	original	pt=posterior
3172.00.00	3172	original	pt=botão
3173.00.00	3173	original	pt=atentado
3174.00.00	3174	original	pt=circo
3175.00.00	3175	original	pt=cimento
3176.00.00	3176	original	pt=interferir
3177.00.00	3177	original	pt=milímetro
3178.00.00	3178	original	pt=nuclear
3179.00.00	3179	original	pt=expedição
3180.00.00	3180	original	pt=intermediário
3181.00.00	3181	original	pt=deficit
3182.00.00	3182	original	pt=lentamente
3183.00.00	3183	original	pt=dúzia
3184.00.00	3184	original	pt=duvidar
3185.00.00	3185	original	pt=enrolar
3186.00.00	3186	original	pt=figurar
3187.00.00	3187	original	pt=esquina
3188.00.00	3188	original	pt=bolo
3189.00.00	3189	original	pt=exílio
3190.00.00	3190	original	pt=caminhão
3191.00.00	3191	original	pt=observador
3192.00.00	3192	original	pt=contrair
3193.00.00	3193	original	pt=consolidar
3194.00.00	3194	original	pt=reitor
3195.00.00	3195	original	pt=molde
3196.00.00	3196	original	pt=oitenta
3197.00.00	3197	original	pt=ideologia
3198.00.00	3198	original	pt=respiração
3199.00.00	3199	original	pt=desenvolvido
3200.00.00	3200	original	pt=abstrato
3201.00.00	3201	original	pt=amador
3202.00.00	3202	original	pt=semear
3203.00.00	3203	original	pt=referente
3204.00.00	3204	original	pt=felizmente
3205.00.00	3205	original	pt=referendo
3206.00.00	3206	original	pt=gordura
3207.00.00	3207	original	pt=contradição
3208.00.00	3208	original	pt=lavoura
3209.00.00	3209	original	pt=severo
3210.00.00	3210	original	pt=perdoar
3211.00.00	3211	original	pt=fraqueza
3212.00.00	3212	original	pt=cirurgia
3213.00.00	3213	original	pt=guerrilheiro
3214.00.00	3214	original	pt=esfregar
3215.00.00	3215	original	pt=eleitor
3216.00.00	3216	original	pt=atribuição
3217.00.00	3217	original	pt=escultura
3218.00.00	3218	original	pt=orgânico
3219.00.00	3219	original	pt=recepção
3220.00.00	3220	original	pt=basicamente
3221.00.00	3221	original	pt=privilegiado
3222.00.00	3222	original	pt=potência
3223.00.00	3223	original	pt=mediante
3224.00.00	3224	original	pt=trágico
3225.00.00	3225	original	pt=anónimo
3226.00.00	3226	original	pt=dicionário
3227.00.00	3227	original	pt=desgraça
3228.00.00	3228	original	pt=participante
3229.00.00	3229	original	pt=treinamento
3230.00.00	3230	original	pt=ingressar
3231.00.00	3231	original	pt=bravo
3232.00.00	3232	original	pt=vista
3233.00.00	3233	original	pt=dificultar
3234.00.00	3234	original	pt=bilhete
3235.00.00	3235	original	pt=colaborador
3236.00.00	3236	original	pt=linho
3237.00.00	3237	original	pt=trajetória
3238.00.00	3238	original	pt=barba
3239.00.00	3239	original	pt=prestes
3240.00.00	3240	original	pt=selo
3241.00.00	3241	original	pt=espada
3242.00.00	3242	original	pt=burguês
3243.00.00	3243	original	pt=hierarquia
3244.00.00	3244	original	pt=representativo
3245.00.00	3245	original	pt=lágrima
3246.00.00	3246	original	pt=nave
3247.00.00	3247	original	pt=cadáver
3248.00.00	3248	original	pt=operador
3249.00.00	3249	original	pt=passivo
3250.00.00	3250	original	pt=implantar
3251.00.00	3251	original	pt=raiva
3252.00.00	3252	original	pt=culpado
3253.00.00	3253	original	pt=item
3254.00.00	3254	original	pt=prevenir
3255.00.00	3255	original	pt=formato
3256.00.00	3256	original	pt=metálico
3257.00.00	3257	original	pt=envolvimento
3258.00.00	3258	original	pt=agressivo
3259.00.00	3259	original	pt=extinção
3260.00.00	3260	original	pt=dezoito
3261.00.00	3261	original	pt=engenho
3262.00.00	3262	original	pt=despedir
3263.00.00	3263	original	pt=ocultar
3264.00.00	3264	original	pt=cerco
3265.00.00	3265	original	pt=montagem
3266.00.00	3266	original	pt=tropical
3267.00.00	3267	original	pt=extenso
3268.00.00	3268	original	pt=misericórdia
3269.00.00	3269	original	pt=terrestre
3270.00.00	3270	original	pt=portão
3271.00.00	3271	original	pt=poeira
3272.00.00	3272	original	pt=capitalismo
3273.00.00	3273	original	pt=multa
3274.00.00	3274	original	pt=explodir
3275.00.00	3275	original	pt=urgente
3276.00.00	3276	original	pt=vosso
3277.00.00	3277	original	pt=aborto
3278.00.00	3278	original	pt=faca
3279.00.00	3279	original	pt=concha
3280.00.00	3280	original	pt=marginal
3281.00.00	3281	original	pt=relevante
3282.00.00	3282	original	pt=couro
3283.00.00	3283	original	pt=aposta
3284.00.00	3284	original	pt=espontâneo
3285.00.00	3285	original	pt=gratuito
3286.00.00	3286	original	pt=conservação
3287.00.00	3287	original	pt=exposto
3288.00.00	3288	original	pt=guerrilha
3289.00.00	3289	original	pt=imitar
3290.00.00	3290	original	pt=diamante
3291.00.00	3291	original	pt=ocorrência
3292.00.00	3292	original	pt=telhado
3293.00.00	3293	original	pt=pescador
3294.00.00	3294	original	pt=aparecimento
3295.00.00	3295	original	pt=desempregado
3296.00.00	3296	original	pt=ordinário
3297.00.00	3297	original	pt=anular
3298.00.00	3298	original	pt=quotidiano
3299.00.00	3299	original	pt=apropriado
3300.00.00	3300	original	pt=poluição
3301.00.00	3301	original	pt=dotar
3302.00.00	3302	original	pt=liceu
3303.00.00	3303	original	pt=lagoa
3304.00.00	3304	original	pt=credor
3305.00.00	3305	original	pt=abordagem
3306.00.00	3306	original	pt=antena
3307.00.00	3307	original	pt=capturar
3308.00.00	3308	original	pt=vingança
3309.00.00	3309	original	pt=tapar
3310.00.00	3310	original	pt=tábua
3311.00.00	3311	original	pt=mel
3312.00.00	3312	original	pt=encargo
3313.00.00	3313	original	pt=condução
3314.00.00	3314	original	pt=tático
3315.00.00	3315	original	pt=barriga
3316.00.00	3316	original	pt=prosa
3317.00.00	3317	original	pt=percepção
3318.00.00	3318	original	pt=diariamente
3319.00.00	3319	original	pt=nacionalista
3320.00.00	3320	original	pt=investigador
3321.00.00	3321	original	pt=salvação
3322.00.00	3322	original	pt=tubo
3323.00.00	3323	original	pt=instância
3324.00.00	3324	original	pt=endereço
3325.00.00	3325	original	pt=frágil
3326.00.00	3326	original	pt=eficácia
3327.00.00	3327	original	pt=revestir
3328.00.00	3328	original	pt=amoroso
3329.00.00	3329	original	pt=implantação
3330.00.00	3330	original	pt=privatização
3331.00.00	3331	original	pt=parcial
3332.00.00	3332	original	pt=monge
3333.00.00	3333	original	pt=grama
3334.00.00	3334	original	pt=temporal
3335.00.00	3335	original	pt=aproximadamente
3336.00.00	3336	original	pt=convidado
3337.00.00	3337	original	pt=regulamento
3338.00.00	3338	original	pt=simpático
3339.00.00	3339	original	pt=idoso
3340.00.00	3340	original	pt=mensal
3341.00.00	3341	original	pt=ansiedade
3342.00.00	3342	original	pt=disponibilidade
3343.00.00	3343	original	pt=povoação
3344.00.00	3344	original	pt=afastamento
3345.00.00	3345	original	pt=minério
3346.00.00	3346	original	pt=biológico
3347.00.00	3347	original	pt=intimidade
3348.00.00	3348	original	pt=cardeal
3349.00.00	3349	original	pt=rival
3350.00.00	3350	original	pt=instalado
3351.00.00	3351	original	pt=comemorar
3352.00.00	3352	original	pt=comprimento
3353.00.00	3353	original	pt=roubo
3354.00.00	3354	original	pt=respectivamente
3355.00.00	3355	original	pt=banca
3356.00.00	3356	original	pt=aceitação
3357.00.00	3357	original	pt=ida
3358.00.00	3358	original	pt=deparar
3359.00.00	3359	original	pt=génio
3360.00.00	3360	original	pt=denominar
3361.00.00	3361	original	pt=editar
3362.00.00	3362	original	pt=cobrança
3363.00.00	3363	original	pt=esmagar
3364.00.00	3364	original	pt=colono
3365.00.00	3365	original	pt=fachada
3366.00.00	3366	original	pt=túnel
3367.00.00	3367	original	pt=ousar
3368.00.00	3368	original	pt=chumbo
3369.00.00	3369	original	pt=magro
3370.00.00	3370	original	pt=treino
3371.00.00	3371	original	pt=jóia
3372.00.00	3372	original	pt=vós
3373.00.00	3373	original	pt=popularidade
3374.00.00	3374	original	pt=satélite
3375.00.00	3375	original	pt=coordenador
3376.00.00	3376	original	pt=quartel
3377.00.00	3377	original	pt=desconfiar
3378.00.00	3378	original	pt=invés
3378.01.00	3378	idiom_expansion	phrase=ao invés
3379.00.00	3379	original	pt=derrotar
3380.00.00	3380	original	pt=golo
3381.00.00	3381	original	pt=fado
3382.00.00	3382	original	pt=sorriso
3383.00.00	3383	original	pt=ilegal
3384.00.00	3384	original	pt=vereador
3385.00.00	3385	original	pt=pertencente
3386.00.00	3386	original	pt=extinguir
3387.00.00	3387	original	pt=calhar
3388.00.00	3388	original	pt=acender
3389.00.00	3389	original	pt=desprezar
3390.00.00	3390	original	pt=encomendar
3391.00.00	3391	original	pt=complicar
3392.00.00	3392	original	pt=unha
3393.00.00	3393	original	pt=indiano
3394.00.00	3394	original	pt=bronze
3395.00.00	3395	original	pt=navegação
3396.00.00	3396	original	pt=macaco
3397.00.00	3397	original	pt=adepto
3398.00.00	3398	original	pt=ocupado
3399.00.00	3399	original	pt=apreensão
3400.00.00	3400	original	pt=frota
3401.00.00	3401	original	pt=fotográfico
3402.00.00	3402	original	pt=livrar
3403.00.00	3403	original	pt=protagonista
3404.00.00	3404	original	pt=contestar
3405.00.00	3405	original	pt=demora
3406.00.00	3406	original	pt=embarcar
3407.00.00	3407	original	pt=ignorância
3408.00.00	3408	original	pt=cooperativa
3409.00.00	3409	original	pt=jurar
3410.00.00	3410	original	pt=metropolitano
3411.00.00	3411	original	pt=conforto
3412.00.00	3412	original	pt=devidamente
3413.00.00	3413	original	pt=revisor
3414.00.00	3414	original	pt=inocente
3415.00.00	3415	original	pt=deficiência
3416.00.00	3416	original	pt=reprodução
3417.00.00	3417	original	pt=telefonar
3418.00.00	3418	original	pt=colo
3419.00.00	3419	original	pt=quadra
3420.00.00	3420	original	pt=torcer
3421.00.00	3421	original	pt=mútuo
3422.00.00	3422	original	pt=verba
3423.00.00	3423	original	pt=monstro
3424.00.00	3424	original	pt=súbito
3425.00.00	3425	original	pt=minoria
3426.00.00	3426	original	pt=elogio
3427.00.00	3427	original	pt=bárbaro
3428.00.00	3428	original	pt=brinquedo
3429.00.00	3429	original	pt=aprofundar
3430.00.00	3430	original	pt=suave
3431.00.00	3431	original	pt=leal
3432.00.00	3432	original	pt=perturbar
3433.00.00	3433	original	pt=inconsciente
3434.00.00	3434	original	pt=desespero
3435.00.00	3435	original	pt=piorar
3436.00.00	3436	original	pt=chapa
3437.00.00	3437	original	pt=precipitar
3438.00.00	3438	original	pt=coro
3439.00.00	3439	original	pt=safra
3440.00.00	3440	original	pt=repressão
3441.00.00	3441	original	pt=mole
3442.00.00	3442	original	pt=adolescência
3443.00.00	3443	original	pt=convivência
3444.00.00	3444	original	pt=camarada
3445.00.00	3445	original	pt=testar
3446.00.00	3446	original	pt=maduro
3447.00.00	3447	original	pt=fragmento
3448.00.00	3448	original	pt=obviamente
3449.00.00	3449	original	pt=insuportável
3450.00.00	3450	original	pt=maravilha
3451.00.00	3451	original	pt=refugiar
3452.00.00	3452	original	pt=borda
3453.00.00	3453	original	pt=concorrente
3454.00.00	3454	original	pt=indício
3455.00.00	3455	original	pt=ridículo
3456.00.00	3456	original	pt=sanitário
3457.00.00	3457	original	pt=remeter
3458.00.00	3458	original	pt=desligar
3459.00.00	3459	original	pt=pêlo
3460.00.00	3460	original	pt=consenso
3461.00.00	3461	original	pt=experimental
3462.00.00	3462	original	pt=cúpula
3463.00.00	3463	original	pt=diploma
3464.00.00	3464	original	pt=recado
3465.00.00	3465	original	pt=gerir
3466.00.00	3466	original	pt=pretexto
3467.00.00	3467	original	pt=software
3468.00.00	3468	original	pt=refeição
3469.00.00	3469	original	pt=proclamar
3470.00.00	3470	original	pt=telecomunicações
3471.00.00	3471	original	pt=esquisito
3472.00.00	3472	original	pt=gota
3473.00.00	3473	original	pt=sexta-feira
3474.00.00	3474	original	pt=diversidade
3475.00.00	3475	original	pt=samba
3476.00.00	3476	original	pt=tabaco
3477.00.00	3477	original	pt=noventa
3478.00.00	3478	original	pt=óptimo
3479.00.00	3479	original	pt=adopção
3480.00.00	3480	original	pt=ascensão
3481.00.00	3481	original	pt=parto
3482.00.00	3482	original	pt=medieval
3483.00.00	3483	original	pt=contente
3484.00.00	3484	original	pt=resumo
3485.00.00	3485	original	pt=variável
3486.00.00	3486	original	pt=confederação
3487.00.00	3487	original	pt=ironia
3488.00.00	3488	original	pt=liso
3489.00.00	3489	original	pt=eventualmente
3490.00.00	3490	original	pt=lente
3491.00.00	3491	original	pt=habitualmente
3492.00.00	3492	original	pt=feição
3493.00.00	3493	original	pt=calçada
3494.00.00	3494	original	pt=óptico
3495.00.00	3495	original	pt=previdência
3496.00.00	3496	original	pt=defensor
3497.00.00	3497	original	pt=determinante
3498.00.00	3498	original	pt=secar
3499.00.00	3499	original	pt=espacial
3500.00.00	3500	original	pt=saia
3501.00.00	3501	original	pt=barragem
3502.00.00	3502	original	pt=genético
3503.00.00	3503	original	pt=economista
3504.00.00	3504	original	pt=designação
3505.00.00	3505	original	pt=candidatar
3506.00.00	3506	original	pt=vanguarda
3507.00.00	3507	original	pt=chocar
3508.00.00	3508	original	pt=provir
3509.00.00	3509	original	pt=verbo
3510.00.00	3510	original	pt=balcão
3511.00.00	3511	original	pt=painel
3512.00.00	3512	original	pt=perdido
3513.00.00	3513	original	pt=brigar
3514.00.00	3514	original	pt=engraçado
3515.00.00	3515	original	pt=oriundo
3516.00.00	3516	original	pt=cercado
3517.00.00	3517	original	pt=pulso
3518.00.00	3518	original	pt=contorno
3519.00.00	3519	original	pt=divergência
3520.00.00	3520	original	pt=bombeiro
3521.00.00	3521	original	pt=possivelmente
3522.00.00	3522	original	pt=comparecer
3523.00.00	3523	original	pt=reinar
3524.00.00	3524	original	pt=máscara
3525.00.00	3525	original	pt=dissolver
3526.00.00	3526	original	pt=pânico
3527.00.00	3527	original	pt=bíblia
3528.00.00	3528	original	pt=pinheiro
3529.00.00	3529	original	pt=embarcação
3530.00.00	3530	original	pt=educativo
3531.00.00	3531	original	pt=simplicidade
3532.00.00	3532	original	pt=paralelamente
3533.00.00	3533	original	pt=rapidez
3534.00.00	3534	original	pt=hesitar
3535.00.00	3535	original	pt=sintético
3536.00.00	3536	original	pt=elite
3537.00.00	3537	original	pt=vulnerável
3538.00.00	3538	original	pt=pátio
3539.00.00	3539	original	pt=irritar
3540.00.00	3540	original	pt=apressar
3541.00.00	3541	original	pt=lesão
3542.00.00	3542	original	pt=avó
3543.00.00	3543	original	pt=copiar
3544.00.00	3544	original	pt=capitalista
3545.00.00	3545	original	pt=túmulo
3546.00.00	3546	original	pt=movimentação
3547.00.00	3547	original	pt=cintura
3548.00.00	3548	original	pt=ligeiramente
3549.00.00	3549	original	pt=olímpico
3550.00.00	3550	original	pt=politicamente
3551.00.00	3551	original	pt=juvenil
3552.00.00	3552	original	pt=proibição
3553.00.00	3553	original	pt=galo
3554.00.00	3554	original	pt=induzir
3555.00.00	3555	original	pt=órbita
3556.00.00	3556	original	pt=sublinhar
3557.00.00	3557	original	pt=totalidade
3558.00.00	3558	original	pt=vigilância
3559.00.00	3559	original	pt=geografia
3560.00.00	3560	original	pt=gravidez
3561.00.00	3561	original	pt=bancada
3562.00.00	3562	original	pt=poupança
3563.00.00	3563	original	pt=indiferente
3564.00.00	3564	original	pt=óculos
3565.00.00	3565	original	pt=descanso
3566.00.00	3566	original	pt=confissão
3567.00.00	3567	original	pt=fundir
3568.00.00	3568	original	pt=admiração
3569.00.00	3569	original	pt=rebentar
3570.00.00	3570	original	pt=substituto
3571.00.00	3571	original	pt=pesquisador
3572.00.00	3572	original	pt=temático
3573.00.00	3573	original	pt=sacerdote
3574.00.00	3574	original	pt=animação
3575.00.00	3575	original	pt=excepcional
3576.00.00	3576	original	pt=engolir
3577.00.00	3577	original	pt=garganta
3578.00.00	3578	original	pt=biografia
3579.00.00	3579	original	pt=intuito
3580.00.00	3580	original	pt=emergir
3581.00.00	3581	original	pt=eco
3582.00.00	3582	original	pt=sábio
3583.00.00	3583	original	pt=retórica
3584.00.00	3584	original	pt=testemunho
3585.00.00	3585	original	pt=sumir
3586.00.00	3586	original	pt=doloroso
3587.00.00	3587	original	pt=fabricante
3588.00.00	3588	original	pt=errado
3589.00.00	3589	original	pt=mencionar
3590.00.00	3590	original	pt=exemplar
3591.00.00	3591	original	pt=injustiça
3592.00.00	3592	original	pt=institucional
3593.00.00	3593	original	pt=localidade
3594.00.00	3594	original	pt=molho
3595.00.00	3595	original	pt=engano
3596.00.00	3596	original	pt=agulha
3597.00.00	3597	original	pt=turno
3598.00.00	3598	original	pt=surdo
3599.00.00	3599	original	pt=descida
3600.00.00	3600	original	pt=recorde
3601.00.00	3601	original	pt=calda
3602.00.00	3602	original	pt=dotado
3603.00.00	3603	original	pt=naval
3604.00.00	3604	original	pt=proferir
3605.00.00	3605	original	pt=mármore
3606.00.00	3606	original	pt=especialidade
3607.00.00	3607	original	pt=gerente
3608.00.00	3608	original	pt=detectar
3609.00.00	3609	original	pt=picar
3610.00.00	3610	original	pt=infraestrutura
3611.00.00	3611	original	pt=sindical
3612.00.00	3612	original	pt=trono
3613.00.00	3613	original	pt=acionista
3614.00.00	3614	original	pt=reeleição
3615.00.00	3615	original	pt=socorro
3616.00.00	3616	original	pt=turístico
3617.00.00	3617	original	pt=agitação
3618.00.00	3618	original	pt=elegante
3619.00.00	3619	original	pt=sucedido
3620.00.00	3620	original	pt=magnífico
3621.00.00	3621	original	pt=irregularidade
3622.00.00	3622	original	pt=tráfico
3623.00.00	3623	original	pt=equilibrado
3624.00.00	3624	original	pt=lógico
3625.00.00	3625	original	pt=decorrente
3626.00.00	3626	original	pt=integral
3627.00.00	3627	original	pt=consequentemente
3628.00.00	3628	original	pt=intérprete
3629.00.00	3629	original	pt=educado
3630.00.00	3630	original	pt=recordação
3631.00.00	3631	original	pt=inspetor
3632.00.00	3632	original	pt=instituir
3633.00.00	3633	original	pt=leque
3634.00.00	3634	original	pt=filmar
3635.00.00	3635	original	pt=estatístico
3636.00.00	3636	original	pt=estabelecido
3637.00.00	3637	original	pt=denso
3638.00.00	3638	original	pt=convívio
3639.00.00	3639	original	pt=fígado
3640.00.00	3640	original	pt=habituado
3641.00.00	3641	original	pt=mala
3642.00.00	3642	original	pt=repouso
3643.00.00	3643	original	pt=batalhão
3644.00.00	3644	original	pt=dispersar
3645.00.00	3645	original	pt=apaixonar
3646.00.00	3646	original	pt=vegetação
3647.00.00	3647	original	pt=procurador
3648.00.00	3648	original	pt=tristeza
3649.00.00	3649	original	pt=enfiar
3650.00.00	3650	original	pt=afundar
3651.00.00	3651	original	pt=exibição
3652.00.00	3652	original	pt=espantar
3653.00.00	3653	original	pt=gigantesco
3654.00.00	3654	original	pt=cordão
3655.00.00	3655	original	pt=rezar
3656.00.00	3656	original	pt=exportar
3657.00.00	3657	original	pt=precário
3658.00.00	3658	original	pt=tentação
3659.00.00	3659	original	pt=sino
3660.00.00	3660	original	pt=decorar
3661.00.00	3661	original	pt=suspeito
3662.00.00	3662	original	pt=saldo
3663.00.00	3663	original	pt=síntese
3664.00.00	3664	original	pt=malha
3665.00.00	3665	original	pt=coelho
3666.00.00	3666	original	pt=soar
3667.00.00	3667	original	pt=atrapalhar
3668.00.00	3668	original	pt=falência
3669.00.00	3669	original	pt=imposição
3670.00.00	3670	original	pt=recusa
3671.00.00	3671	original	pt=navegar
3672.00.00	3672	original	pt=inspeção
3673.00.00	3673	original	pt=embaixada
3674.00.00	3674	original	pt=moço
3675.00.00	3675	original	pt=conversão
3676.00.00	3676	original	pt=ânimo
3677.00.00	3677	original	pt=acampamento
3678.00.00	3678	original	pt=altar
3679.00.00	3679	original	pt=assento
3680.00.00	3680	original	pt=doar
3681.00.00	3681	original	pt=coordenar
3682.00.00	3682	original	pt=vestuário
3683.00.00	3683	original	pt=desagradável
3684.00.00	3684	original	pt=treze
3685.00.00	3685	original	pt=ácido
3686.00.00	3686	original	pt=saudável
3687.00.00	3687	original	pt=lençol
3688.00.00	3688	original	pt=decadência
3689.00.00	3689	original	pt=uva
3690.00.00	3690	original	pt=retirada
3691.00.00	3691	original	pt=tapete
3692.00.00	3692	original	pt=fiar
3693.00.00	3693	original	pt=generoso
3694.00.00	3694	original	pt=penal
3695.00.00	3695	original	pt=incentivar
3696.00.00	3696	original	pt=foguete
3697.00.00	3697	original	pt=barraca
3698.00.00	3698	original	pt=soberania
3699.00.00	3699	original	pt=curar
3700.00.00	3700	original	pt=cerrado
3701.00.00	3701	original	pt=repertório
3702.00.00	3702	original	pt=árbitro
3703.00.00	3703	original	pt=maciço
3704.00.00	3704	original	pt=fatal
3705.00.00	3705	original	pt=desesperado
3706.00.00	3706	original	pt=terreiro
3707.00.00	3707	original	pt=imperial
3708.00.00	3708	original	pt=cineasta
3709.00.00	3709	original	pt=percentagem
3710.00.00	3710	original	pt=escalar
3711.00.00	3711	original	pt=ficha
3712.00.00	3712	original	pt=fingir
3713.00.00	3713	original	pt=ofensiva
3714.00.00	3714	original	pt=oscilar
3715.00.00	3715	original	pt=enxergar
3716.00.00	3716	original	pt=desequilíbrio
3717.00.00	3717	original	pt=pop
3718.00.00	3718	original	pt=detrás
3719.00.00	3719	original	pt=vestígio
3720.00.00	3720	original	pt=vaidade
3721.00.00	3721	original	pt=pressionar
3722.00.00	3722	original	pt=bailarina
3723.00.00	3723	original	pt=fórum
3724.00.00	3724	original	pt=bicicleta
3725.00.00	3725	original	pt=consagrar
3726.00.00	3726	original	pt=torneio
3727.00.00	3727	original	pt=realismo
3728.00.00	3728	original	pt=aranha
3729.00.00	3729	original	pt=quinhentos
3730.00.00	3730	original	pt=brilhar
3731.00.00	3731	original	pt=delegação
3732.00.00	3732	original	pt=aquando
3733.00.00	3733	original	pt=fotografar
3734.00.00	3734	original	pt=morder
3735.00.00	3735	original	pt=bateria
3736.00.00	3736	original	pt=restringir
3737.00.00	3737	original	pt=cofre
3738.00.00	3738	original	pt=sudeste
3739.00.00	3739	original	pt=lírico
3740.00.00	3740	original	pt=invisível
3741.00.00	3741	original	pt=místico
3742.00.00	3742	original	pt=reger
3743.00.00	3743	original	pt=culpar
3744.00.00	3744	original	pt=automaticamente
3745.00.00	3745	original	pt=clareza
3746.00.00	3746	original	pt=elevação
3747.00.00	3747	original	pt=transparência
3748.00.00	3748	original	pt=cansar
3749.00.00	3749	original	pt=cunhado
3750.00.00	3750	original	pt=vencimento
3751.00.00	3751	original	pt=liberado
3752.00.00	3752	original	pt=doação
3753.00.00	3753	original	pt=nascente
3754.00.00	3754	original	pt=consagrado
3755.00.00	3755	original	pt=ingénuo
3756.00.00	3756	original	pt=sopa
3757.00.00	3757	original	pt=livraria
3758.00.00	3758	original	pt=panorama
3759.00.00	3759	original	pt=treinador
3760.00.00	3760	original	pt=segunda-feira
3761.00.00	3761	original	pt=lâmpada
3762.00.00	3762	original	pt=sentado
3763.00.00	3763	original	pt=turista
3764.00.00	3764	original	pt=alugar
3765.00.00	3765	original	pt=ante
3766.00.00	3766	original	pt=cheirar
3767.00.00	3767	original	pt=altitude
3768.00.00	3768	original	pt=limpo
3769.00.00	3769	original	pt=generalizado
3770.00.00	3770	original	pt=seca
3771.00.00	3771	original	pt=escultor
3772.00.00	3772	original	pt=parágrafo
3773.00.00	3773	original	pt=humilde
3774.00.00	3774	original	pt=desconfiança
3775.00.00	3775	original	pt=considerável
3776.00.00	3776	original	pt=marcação
3777.00.00	3777	original	pt=galego
3778.00.00	3778	original	pt=favela
3779.00.00	3779	original	pt=vingar
3780.00.00	3780	original	pt=farmácia
3781.00.00	3781	original	pt=quintal
3782.00.00	3782	original	pt=agressão
3783.00.00	3783	original	pt=ônibus
3784.00.00	3784	original	pt=angolano
3785.00.00	3785	original	pt=superficial
3786.00.00	3786	original	pt=nacionalidade
3787.00.00	3787	original	pt=instinto
3788.00.00	3788	original	pt=nítido
3789.00.00	3789	original	pt=tia
3790.00.00	3790	original	pt=autoritário
3791.00.00	3791	original	pt=contrapartida
3791.01.00	3791	idiom_expansion	phrase=em contrapartida
3792.00.00	3792	original	pt=continuação
3793.00.00	3793	original	pt=bandido
3794.00.00	3794	original	pt=tráfego
3795.00.00	3795	original	pt=recomeçar
3796.00.00	3796	original	pt=reivindicação
3797.00.00	3797	original	pt=quantia
3798.00.00	3798	original	pt=misterioso
3799.00.00	3799	original	pt=têxtil
3800.00.00	3800	original	pt=subterrâneo
3801.00.00	3801	original	pt=disfarçar
3802.00.00	3802	original	pt=sucessor
3803.00.00	3803	original	pt=apetecer
3804.00.00	3804	original	pt=étnico
3805.00.00	3805	original	pt=noiva
3806.00.00	3806	original	pt=fundado
3807.00.00	3807	original	pt=demónio
3808.00.00	3808	original	pt=honesto
3809.00.00	3809	original	pt=desculpar
3810.00.00	3810	original	pt=ultimamente
3811.00.00	3811	original	pt=degradação
3812.00.00	3812	original	pt=cruzamento
3813.00.00	3813	original	pt=acarretar
3814.00.00	3814	original	pt=verbal
3815.00.00	3815	original	pt=nobreza
3816.00.00	3816	original	pt=pernambucano
3817.00.00	3817	original	pt=estatística
3818.00.00	3818	original	pt=táxi
3819.00.00	3819	original	pt=preservação
3820.00.00	3820	original	pt=operacional
3821.00.00	3821	original	pt=manteiga
3822.00.00	3822	original	pt=emocional
3823.00.00	3823	original	pt=perdão
3824.00.00	3824	original	pt=rasgar
3825.00.00	3825	original	pt=gene
3826.00.00	3826	original	pt=vertical
3827.00.00	3827	original	pt=lenha
3828.00.00	3828	original	pt=mentalidade
3829.00.00	3829	original	pt=terrorista
3830.00.00	3830	original	pt=perturbação
3831.00.00	3831	original	pt=lote
3832.00.00	3832	original	pt=bem-estar
3833.00.00	3833	original	pt=cruel
3834.00.00	3834	original	pt=rondar
3835.00.00	3835	original	pt=reclamação
3836.00.00	3836	original	pt=infeliz
3837.00.00	3837	original	pt=ténis
3838.00.00	3838	original	pt=manso
3839.00.00	3839	original	pt=confuso
3840.00.00	3840	original	pt=oposto
3841.00.00	3841	original	pt=degrau
3842.00.00	3842	original	pt=camisola
3843.00.00	3843	original	pt=magnético
3844.00.00	3844	original	pt=hectare
3845.00.00	3845	original	pt=beijo
3846.00.00	3846	original	pt=reformar
3847.00.00	3847	original	pt=revoltar
3848.00.00	3848	original	pt=ascender
3849.00.00	3849	original	pt=interlocutor
3850.00.00	3850	original	pt=centrar
3851.00.00	3851	original	pt=mobilizar
3852.00.00	3852	original	pt=incerteza
3853.00.00	3853	original	pt=testamento
3854.00.00	3854	original	pt=feroz
3855.00.00	3855	original	pt=comercialização
3856.00.00	3856	original	pt=despejar
3857.00.00	3857	original	pt=encosta
3858.00.00	3858	original	pt=aprendizagem
3859.00.00	3859	original	pt=aproveitamento
3860.00.00	3860	original	pt=escritura
3861.00.00	3861	original	pt=pancada
3862.00.00	3862	original	pt=cansaço
3863.00.00	3863	original	pt=racional
3864.00.00	3864	original	pt=virtual
3865.00.00	3865	original	pt=disciplinar
3866.00.00	3866	original	pt=fornecimento
3867.00.00	3867	original	pt=monarquia
3868.00.00	3868	original	pt=esforçar
3869.00.00	3869	original	pt=repartição
3870.00.00	3870	original	pt=indireto
3871.00.00	3871	original	pt=característico
3872.00.00	3872	original	pt=quinta-feira
3873.00.00	3873	original	pt=fraude
3874.00.00	3874	original	pt=especificamente
3875.00.00	3875	original	pt=júri
3876.00.00	3876	original	pt=sétimo
3877.00.00	3877	original	pt=cela
3878.00.00	3878	original	pt=pousar
3879.00.00	3879	original	pt=sanção
3880.00.00	3880	original	pt=empenho
3881.00.00	3881	original	pt=afastado
3882.00.00	3882	original	pt=decoração
3883.00.00	3883	original	pt=ponderar
3884.00.00	3884	original	pt=fogueira
3885.00.00	3885	original	pt=exceder
3886.00.00	3886	original	pt=mentir
3887.00.00	3887	original	pt=polémica
3888.00.00	3888	original	pt=acessível
3889.00.00	3889	original	pt=confrontar
3890.00.00	3890	original	pt=secretário-geral
3891.00.00	3891	original	pt=requisito
3892.00.00	3892	original	pt=valorização
3893.00.00	3893	original	pt=litro
3894.00.00	3894	original	pt=criativo
3895.00.00	3895	original	pt=constituinte
3896.00.00	3896	original	pt=silencioso
3897.00.00	3897	original	pt=salarial
3898.00.00	3898	original	pt=adjunto
3899.00.00	3899	original	pt=caridade
3900.00.00	3900	original	pt=carência
3901.00.00	3901	original	pt=grávida
3902.00.00	3902	original	pt=sofisticado
3903.00.00	3903	original	pt=mobiliário
3904.00.00	3904	original	pt=repetição
3905.00.00	3905	original	pt=discípulo
3906.00.00	3906	original	pt=trezentos
3907.00.00	3907	original	pt=pianista
3908.00.00	3908	original	pt=alastrar
3909.00.00	3909	original	pt=restaurar
3910.00.00	3910	original	pt=teia
3911.00.00	3911	original	pt=cova
3912.00.00	3912	original	pt=tarifa
3913.00.00	3913	original	pt=carregado
3914.00.00	3914	original	pt=decretar
3915.00.00	3915	original	pt=intuição
3916.00.00	3916	original	pt=imigrante
3917.00.00	3917	original	pt=ditar
3918.00.00	3918	original	pt=infeção
3919.00.00	3919	original	pt=sabedoria
3920.00.00	3920	original	pt=pioneiro
3921.00.00	3921	original	pt=banhar
3922.00.00	3922	original	pt=tremendo
3923.00.00	3923	original	pt=aparição
3924.00.00	3924	original	pt=devagar
3925.00.00	3925	original	pt=libra
3926.00.00	3926	original	pt=acalmar
3927.00.00	3927	original	pt=esclarecimento
3928.00.00	3928	original	pt=proveito
3929.00.00	3929	original	pt=comemoração
3930.00.00	3930	original	pt=desembarcar
3931.00.00	3931	original	pt=adeus
3932.00.00	3932	original	pt=massacre
3933.00.00	3933	original	pt=retratar
3934.00.00	3934	original	pt=injusto
3935.00.00	3935	original	pt=limitado
3936.00.00	3936	original	pt=tributário
3937.00.00	3937	original	pt=florestal
3938.00.00	3938	original	pt=sociologia
3939.00.00	3939	original	pt=fidelidade
3940.00.00	3940	original	pt=contraditório
3941.00.00	3941	original	pt=mineral
3942.00.00	3942	original	pt=partícula
3943.00.00	3943	original	pt=estoque
3944.00.00	3944	original	pt=probabilidade
3945.00.00	3945	original	pt=gol
3946.00.00	3946	original	pt=coral
3947.00.00	3947	original	pt=contratar
3948.00.00	3948	original	pt=cambial
3949.00.00	3949	original	pt=coxa
3950.00.00	3950	original	pt=progressivo
3951.00.00	3951	original	pt=reivindicar
3952.00.00	3952	original	pt=narrar
3953.00.00	3953	original	pt=obtenção
3954.00.00	3954	original	pt=eh
3955.00.00	3955	original	pt=península
3956.00.00	3956	original	pt=atualidade
3957.00.00	3957	original	pt=vibração
3958.00.00	3958	original	pt=fabrico
3959.00.00	3959	original	pt=moderado
3960.00.00	3960	original	pt=esportivo
3961.00.00	3961	original	pt=ênfase
3962.00.00	3962	original	pt=contabilidade
3963.00.00	3963	original	pt=cerebral
3964.00.00	3964	original	pt=marinheiro
3965.00.00	3965	original	pt=publicamente
3966.00.00	3966	original	pt=provedor
3967.00.00	3967	original	pt=reprimir
3968.00.00	3968	original	pt=subordinado
3969.00.00	3969	original	pt=abundante
3970.00.00	3970	original	pt=ilustre
3971.00.00	3971	original	pt=socialismo
3972.00.00	3972	original	pt=atómico
3973.00.00	3973	original	pt=delegacia
3974.00.00	3974	original	pt=assemelhar
3975.00.00	3975	original	pt=desenrolar
3976.00.00	3976	original	pt=tijolo
3977.00.00	3977	original	pt=sacudir
3978.00.00	3978	original	pt=parecido
3979.00.00	3979	original	pt=propagar
3980.00.00	3980	original	pt=funcional
3981.00.00	3981	original	pt=perfeição
3982.00.00	3982	original	pt=coitado
3983.00.00	3983	original	pt=habituar
3984.00.00	3984	original	pt=rebelião
3985.00.00	3985	original	pt=pisar
3986.00.00	3986	original	pt=vizinhança
3987.00.00	3987	original	pt=motivação
3988.00.00	3988	original	pt=educar
3989.00.00	3989	original	pt=inveja
3990.00.00	3990	original	pt=equilibrar
3991.00.00	3991	original	pt=pesquisar
3992.00.00	3992	original	pt=emissora
3993.00.00	3993	original	pt=réu
3994.00.00	3994	original	pt=debruçar
3995.00.00	3995	original	pt=autarquia
3996.00.00	3996	original	pt=bezerro
3997.00.00	3997	original	pt=depressão
3998.00.00	3998	original	pt=idioma
3999.00.00	3999	original	pt=rumor
4000.00.00	4000	original	pt=gruta
4001.00.00	4001	original	pt=marcante
4002.00.00	4002	original	pt=espectro
4003.00.00	4003	original	pt=plantação
4004.00.00	4004	original	pt=soberano
4005.00.00	4005	original	pt=cláusula
4006.00.00	4006	original	pt=controvérsia
4007.00.00	4007	original	pt=pedagógico
4008.00.00	4008	original	pt=descarga
4009.00.00	4009	original	pt=carinho
4010.00.00	4010	original	pt=estimativa
4011.00.00	4011	original	pt=advertir
4012.00.00	4012	original	pt=borboleta
4013.00.00	4013	original	pt=volante
4014.00.00	4014	original	pt=extremidade
4015.00.00	4015	original	pt=bloqueio
4016.00.00	4016	original	pt=promotor
4017.00.00	4017	original	pt=rabo
4018.00.00	4018	original	pt=semestre
4019.00.00	4019	original	pt=décimo
4020.00.00	4020	original	pt=democrata
4021.00.00	4021	original	pt=cigano
4022.00.00	4022	original	pt=ventre
4023.00.00	4023	original	pt=embalagem
4024.00.00	4024	original	pt=almoçar
4025.00.00	4025	original	pt=pular
4026.00.00	4026	original	pt=inclinar
4027.00.00	4027	original	pt=lavrador
4028.00.00	4028	original	pt=biologia
4029.00.00	4029	original	pt=quota
4030.00.00	4030	original	pt=estético
4031.00.00	4031	original	pt=repleto
4032.00.00	4032	original	pt=cesta
4033.00.00	4033	original	pt=genro
4034.00.00	4034	original	pt=macio
4035.00.00	4035	original	pt=clandestino
4036.00.00	4036	original	pt=aspiração
4037.00.00	4037	original	pt=sereno
4038.00.00	4038	original	pt=lume
4039.00.00	4039	original	pt=injeção
4040.00.00	4040	original	pt=sistemático
4041.00.00	4041	original	pt=atrasar
4042.00.00	4042	original	pt=latim
4043.00.00	4043	original	pt=tenente
4044.00.00	4044	original	pt=santuário
4045.00.00	4045	original	pt=solidário
4046.00.00	4046	original	pt=cívico
4047.00.00	4047	original	pt=cano
4048.00.00	4048	original	pt=violão
4049.00.00	4049	original	pt=dama
4050.00.00	4050	original	pt=sacrificar
4051.00.00	4051	original	pt=ciúme
4052.00.00	4052	original	pt=cómodo
4053.00.00	4053	original	pt=supermercado
4054.00.00	4054	original	pt=lábio
4055.00.00	4055	original	pt=aliar
4056.00.00	4056	original	pt=romancista
4057.00.00	4057	original	pt=periferia
4058.00.00	4058	original	pt=fundamentalmente
4059.00.00	4059	original	pt=coincidência
4060.00.00	4060	original	pt=obstante
4060.01.00	4060	idiom_expansion	phrase=não obstante
4061.00.00	4061	original	pt=alinhar
4062.00.00	4062	original	pt=parâmetro
4063.00.00	4063	original	pt=corno
4064.00.00	4064	original	pt=variante
4065.00.00	4065	original	pt=elenco
4066.00.00	4066	original	pt=tardar
4067.00.00	4067	original	pt=horrível
4068.00.00	4068	original	pt=viajante
4069.00.00	4069	original	pt=meio-dia
4070.00.00	4070	original	pt=investidor
4071.00.00	4071	original	pt=agenda
4072.00.00	4072	original	pt=condenação
4073.00.00	4073	original	pt=afecto
4074.00.00	4074	original	pt=remuneração
4075.00.00	4075	original	pt=auge
4076.00.00	4076	original	pt=punição
4077.00.00	4077	original	pt=muscular
4078.00.00	4078	original	pt=selva
4079.00.00	4079	original	pt=similar
4080.00.00	4080	original	pt=noivo
4081.00.00	4081	original	pt=gramática
4082.00.00	4082	original	pt=varrer
4083.00.00	4083	original	pt=veneno
4084.00.00	4084	original	pt=longínquo
4085.00.00	4085	original	pt=encerramento
4086.00.00	4086	original	pt=conformar
4087.00.00	4087	original	pt=higiene
4088.00.00	4088	original	pt=comissário
4089.00.00	4089	original	pt=hospitalar
4090.00.00	4090	original	pt=incidir
4091.00.00	4091	original	pt=elementar
4092.00.00	4092	original	pt=evidenciar
4093.00.00	4093	original	pt=susto
4094.00.00	4094	original	pt=temor
4095.00.00	4095	original	pt=materno
4096.00.00	4096	original	pt=genérico
4097.00.00	4097	original	pt=cidadania
4098.00.00	4098	original	pt=regionalização
4099.00.00	4099	original	pt=cautela
4100.00.00	4100	original	pt=liberar
4101.00.00	4101	original	pt=arredor
4102.00.00	4102	original	pt=sueco
4103.00.00	4103	original	pt=largura
4104.00.00	4104	original	pt=pendente
4105.00.00	4105	original	pt=testa
4106.00.00	4106	original	pt=renúncia
4107.00.00	4107	original	pt=renascimento
4108.00.00	4108	original	pt=visconde
4109.00.00	4109	original	pt=suspeitar
4110.00.00	4110	original	pt=simultâneo
4111.00.00	4111	original	pt=beijar
4112.00.00	4112	original	pt=favorito
4113.00.00	4113	original	pt=brigada
4114.00.00	4114	original	pt=sorrir
4115.00.00	4115	original	pt=culminar
4116.00.00	4116	original	pt=bacalhau
4117.00.00	4117	original	pt=alga
4118.00.00	4118	original	pt=especulação
4119.00.00	4119	original	pt=alertar
4120.00.00	4120	original	pt=desprezo
4121.00.00	4121	original	pt=vitorioso
4122.00.00	4122	original	pt=ansioso
4123.00.00	4123	original	pt=expulsão
4124.00.00	4124	original	pt=caos
4125.00.00	4125	original	pt=batizar
4126.00.00	4126	original	pt=apreciação
4127.00.00	4127	original	pt=avistar
4128.00.00	4128	original	pt=artéria
4129.00.00	4129	original	pt=intitulado
4130.00.00	4130	original	pt=imprimir
4131.00.00	4131	original	pt=temporário
4132.00.00	4132	original	pt=restauração
4133.00.00	4133	original	pt=desaparecimento
4134.00.00	4134	original	pt=emigrante
4135.00.00	4135	original	pt=territorial
4136.00.00	4136	original	pt=realizador
4137.00.00	4137	original	pt=arrecadação
4138.00.00	4138	original	pt=deficiente
4139.00.00	4139	original	pt=padrinho
4140.00.00	4140	original	pt=elogiar
4141.00.00	4141	original	pt=casaco
4142.00.00	4142	original	pt=lâmina
4143.00.00	4143	original	pt=alongar
4144.00.00	4144	original	pt=doido
4145.00.00	4145	original	pt=golfo
4146.00.00	4146	original	pt=prevalecer
4147.00.00	4147	original	pt=esgoto
4148.00.00	4148	original	pt=povoado
4149.00.00	4149	original	pt=traição
4150.00.00	4150	original	pt=plenário
4151.00.00	4151	original	pt=encanto
4152.00.00	4152	original	pt=sombrio
4153.00.00	4153	original	pt=complexidade
4154.00.00	4154	original	pt=acerto
4155.00.00	4155	original	pt=licitação
4156.00.00	4156	original	pt=molhado
4157.00.00	4157	original	pt=colina
4158.00.00	4158	original	pt=querido
4159.00.00	4159	original	pt=adormecer
4160.00.00	4160	original	pt=abundância
4161.00.00	4161	original	pt=pescar
4162.00.00	4162	original	pt=recear
4163.00.00	4163	original	pt=insuficiente
4164.00.00	4164	original	pt=conveniente
4165.00.00	4165	original	pt=patamar
4166.00.00	4166	original	pt=fortalecer
4167.00.00	4167	original	pt=banana
4168.00.00	4168	original	pt=furar
4169.00.00	4169	original	pt=antiguidade
4170.00.00	4170	original	pt=consórcio
4171.00.00	4171	original	pt=ecológico
4172.00.00	4172	original	pt=signo
4173.00.00	4173	original	pt=formiga
4174.00.00	4174	original	pt=sondagem
4175.00.00	4175	original	pt=resistente
4176.00.00	4176	original	pt=repassar
4177.00.00	4177	original	pt=devedor
4178.00.00	4178	original	pt=assente
4179.00.00	4179	original	pt=otimista
4180.00.00	4180	original	pt=trilha
4181.00.00	4181	original	pt=incapacidade
4182.00.00	4182	original	pt=inverter
4183.00.00	4183	original	pt=mexicano
4184.00.00	4184	original	pt=agrupamento
4185.00.00	4185	original	pt=diferenciado
4186.00.00	4186	original	pt=inscrito
4187.00.00	4187	original	pt=consoante
4188.00.00	4188	original	pt=cubano
4189.00.00	4189	original	pt=monopólio
4190.00.00	4190	original	pt=espanto
4191.00.00	4191	original	pt=pilha
4192.00.00	4192	original	pt=mesquita
4193.00.00	4193	original	pt=ampliação
4194.00.00	4194	original	pt=farmacêutico
4195.00.00	4195	original	pt=repercussão
4196.00.00	4196	original	pt=fiscalizar
4197.00.00	4197	original	pt=baía
4198.00.00	4198	original	pt=invocar
4199.00.00	4199	original	pt=nadar
4200.00.00	4200	original	pt=soprar
4201.00.00	4201	original	pt=pauta
4202.00.00	4202	original	pt=erudito
4203.00.00	4203	original	pt=interação
4204.00.00	4204	original	pt=fumaça
4205.00.00	4205	original	pt=matéria-prima
4206.00.00	4206	original	pt=docente
4207.00.00	4207	original	pt=ordenado
4208.00.00	4208	original	pt=seara
4209.00.00	4209	original	pt=aposentadoria
4210.00.00	4210	original	pt=anteceder
4211.00.00	4211	original	pt=magia
4212.00.00	4212	original	pt=tutela
4213.00.00	4213	original	pt=outono
4214.00.00	4214	original	pt=impossibilidade
4215.00.00	4215	original	pt=namorar
4216.00.00	4216	original	pt=acostumado
4217.00.00	4217	original	pt=seguido
4218.00.00	4218	original	pt=caseiro
4219.00.00	4219	original	pt=diplomata
4220.00.00	4220	original	pt=flexível
4221.00.00	4221	original	pt=utilizador
4222.00.00	4222	original	pt=dedicação
4223.00.00	4223	original	pt=bagagem
4224.00.00	4224	original	pt=qualificação
4225.00.00	4225	original	pt=surpreendente
4226.00.00	4226	original	pt=integrado
4227.00.00	4227	original	pt=doer
4228.00.00	4228	original	pt=periódico
4229.00.00	4229	original	pt=alargamento
4230.00.00	4230	original	pt=madame
4231.00.00	4231	original	pt=gelado
4232.00.00	4232	original	pt=trair
4233.00.00	4233	original	pt=distrair
4234.00.00	4234	original	pt=grade
4235.00.00	4235	original	pt=cancro
4236.00.00	4236	original	pt=húmido
4237.00.00	4237	original	pt=corporação
4238.00.00	4238	original	pt=diferenciar
4239.00.00	4239	original	pt=lazer
4240.00.00	4240	original	pt=citação
4241.00.00	4241	original	pt=resgatar
4242.00.00	4242	original	pt=vibrar
4243.00.00	4243	original	pt=terça-feira
4244.00.00	4244	original	pt=vão
4245.00.00	4245	original	pt=mania
4246.00.00	4246	original	pt=imobiliário
4247.00.00	4247	original	pt=seita
4248.00.00	4248	original	pt=boneca
4249.00.00	4249	original	pt=piedade
4250.00.00	4250	original	pt=diligência
4251.00.00	4251	original	pt=alumínio
4252.00.00	4252	original	pt=solene
4253.00.00	4253	original	pt=elefante
4254.00.00	4254	original	pt=ofender
4255.00.00	4255	original	pt=varanda
4256.00.00	4256	original	pt=responsabilizar
4257.00.00	4257	original	pt=discordar
4258.00.00	4258	original	pt=documentário
4259.00.00	4259	original	pt=plateia
4260.00.00	4260	original	pt=alívio
4261.00.00	4261	original	pt=fazendeiro
4262.00.00	4262	original	pt=abelha
4263.00.00	4263	original	pt=aceso
4264.00.00	4264	original	pt=reconstrução
4265.00.00	4265	original	pt=teor
4266.00.00	4266	original	pt=manta
4267.00.00	4267	original	pt=judaico
4268.00.00	4268	original	pt=paragem
4269.00.00	4269	original	pt=refém
4270.00.00	4270	original	pt=sentimental
4271.00.00	4271	original	pt=austríaco
4272.00.00	4272	original	pt=encostar
4273.00.00	4273	original	pt=portaria
4274.00.00	4274	original	pt=evocar
4275.00.00	4275	original	pt=modernização
4276.00.00	4276	original	pt=interferência
4277.00.00	4277	original	pt=exagerado
4278.00.00	4278	original	pt=gémeo
4279.00.00	4279	original	pt=garota
4280.00.00	4280	original	pt=competitivo
4281.00.00	4281	original	pt=cru
4282.00.00	4282	original	pt=ferver
4283.00.00	4283	original	pt=cesto
4284.00.00	4284	original	pt=saneamento
4285.00.00	4285	original	pt=cais
4286.00.00	4286	original	pt=escondido
4287.00.00	4287	original	pt=anualmente
4288.00.00	4288	original	pt=fósforo
4289.00.00	4289	original	pt=eliminação
4290.00.00	4290	original	pt=quarta-feira
4291.00.00	4291	original	pt=química
4292.00.00	4292	original	pt=marchar
4293.00.00	4293	original	pt=pensador
4294.00.00	4294	original	pt=metrópole
4295.00.00	4295	original	pt=arqueológico
4296.00.00	4296	original	pt=perfume
4297.00.00	4297	original	pt=gaveta
4298.00.00	4298	original	pt=conveniência
4299.00.00	4299	original	pt=criminal
4300.00.00	4300	original	pt=poça
4301.00.00	4301	original	pt=delírio
4302.00.00	4302	original	pt=desigualdade
4303.00.00	4303	original	pt=largamente
4304.00.00	4304	original	pt=tímido
4305.00.00	4305	original	pt=crista
4306.00.00	4306	original	pt=tributo
4307.00.00	4307	original	pt=regulamentação
4308.00.00	4308	original	pt=câmera
4309.00.00	4309	original	pt=irónico
4310.00.00	4310	original	pt=agredir
4311.00.00	4311	original	pt=fluido
4312.00.00	4312	original	pt=redigir
4313.00.00	4313	original	pt=restabelecer
4314.00.00	4314	original	pt=oral
4315.00.00	4315	original	pt=calmo
4316.00.00	4316	original	pt=impressionante
4317.00.00	4317	original	pt=arrecadar
4318.00.00	4318	original	pt=interrupção
4319.00.00	4319	original	pt=fabricação
4320.00.00	4320	original	pt=convergência
4321.00.00	4321	original	pt=contactar
4322.00.00	4322	original	pt=missionário
4323.00.00	4323	original	pt=auditório
4324.00.00	4324	original	pt=ambicioso
4325.00.00	4325	original	pt=comunismo
4326.00.00	4326	original	pt=cardíaco
4327.00.00	4327	original	pt=hostilidade
4328.00.00	4328	original	pt=diversão
4329.00.00	4329	original	pt=moer
4330.00.00	4330	original	pt=partilha
4331.00.00	4331	original	pt=puramente
4332.00.00	4332	original	pt=enterro
4333.00.00	4333	original	pt=amargo
4334.00.00	4334	original	pt=pureza
4335.00.00	4335	original	pt=mídia
4336.00.00	4336	original	pt=colar
4337.00.00	4337	original	pt=cacho
4338.00.00	4338	original	pt=adivinhar
4339.00.00	4339	original	pt=canoa
4340.00.00	4340	original	pt=moreno
4341.00.00	4341	original	pt=divórcio
4342.00.00	4342	original	pt=foro
4343.00.00	4343	original	pt=casco
4344.00.00	4344	original	pt=cimeira
4345.00.00	4345	original	pt=formoso
4346.00.00	4346	original	pt=caminhada
4347.00.00	4347	original	pt=banqueiro
4348.00.00	4348	original	pt=coleta
4349.00.00	4349	original	pt=besta
4350.00.00	4350	original	pt=noroeste
4351.00.00	4351	original	pt=vácuo
4352.00.00	4352	original	pt=amarrar
4353.00.00	4353	original	pt=jornalístico
4354.00.00	4354	original	pt=complicação
4355.00.00	4355	original	pt=odiar
4356.00.00	4356	original	pt=exclusão
4357.00.00	4357	original	pt=parado
4358.00.00	4358	original	pt=dobro
4359.00.00	4359	original	pt=ira
4360.00.00	4360	original	pt=fidalgo
4361.00.00	4361	original	pt=anexo
4362.00.00	4362	original	pt=cólera
4363.00.00	4363	original	pt=ensinamento
4364.00.00	4364	original	pt=infante
4365.00.00	4365	original	pt=débito
4366.00.00	4366	original	pt=ronda
4367.00.00	4367	original	pt=consecutivo
4368.00.00	4368	original	pt=cozido
4369.00.00	4369	original	pt=virado
4370.00.00	4370	original	pt=fileira
4371.00.00	4371	original	pt=submarino
4372.00.00	4372	original	pt=arame
4373.00.00	4373	original	pt=flutuar
4374.00.00	4374	original	pt=atrativo
4375.00.00	4375	original	pt=luva
4376.00.00	4376	original	pt=vinculado
4377.00.00	4377	original	pt=propício
4378.00.00	4378	original	pt=envelhecer
4379.00.00	4379	original	pt=dia-a-dia
4380.00.00	4380	original	pt=casto
4381.00.00	4381	original	pt=cera
4382.00.00	4382	original	pt=reverter
4383.00.00	4383	original	pt=obscuro
4384.00.00	4384	original	pt=continental
4385.00.00	4385	original	pt=publicitário
4386.00.00	4386	original	pt=choro
4387.00.00	4387	original	pt=explosivo
4388.00.00	4388	original	pt=protetor
4389.00.00	4389	original	pt=marketing
4390.00.00	4390	original	pt=sincero
4391.00.00	4391	original	pt=sargento
4392.00.00	4392	original	pt=oitavo
4393.00.00	4393	original	pt=troço
4394.00.00	4394	original	pt=livremente
4395.00.00	4395	original	pt=difusão
4396.00.00	4396	original	pt=defensivo
4397.00.00	4397	original	pt=atar
4398.00.00	4398	original	pt=indiferença
4399.00.00	4399	original	pt=acervo
4400.00.00	4400	original	pt=concentrado
4401.00.00	4401	original	pt=distanciar
4402.00.00	4402	original	pt=credibilidade
4403.00.00	4403	original	pt=acusado
4404.00.00	4404	original	pt=rolo
4405.00.00	4405	original	pt=usina
4406.00.00	4406	original	pt=previamente
4407.00.00	4407	original	pt=violação
4408.00.00	4408	original	pt=arquipélago
4409.00.00	4409	original	pt=especificar
4410.00.00	4410	original	pt=pasto
4411.00.00	4411	original	pt=feixe
4412.00.00	4412	original	pt=discriminação
4413.00.00	4413	original	pt=fértil
4414.00.00	4414	original	pt=marcador
4415.00.00	4415	original	pt=vetor
4416.00.00	4416	original	pt=parcialmente
4417.00.00	4417	original	pt=compacto
4418.00.00	4418	original	pt=aluguel
4419.00.00	4419	original	pt=remover
4420.00.00	4420	original	pt=instabilidade
4421.00.00	4421	original	pt=superioridade
4422.00.00	4422	original	pt=suposto
4423.00.00	4423	original	pt=miserável
4424.00.00	4424	original	pt=mouro
4425.00.00	4425	original	pt=cumprimentar
4426.00.00	4426	original	pt=coerente
4427.00.00	4427	original	pt=aperfeiçoar
4428.00.00	4428	original	pt=unicamente
4429.00.00	4429	original	pt=boletim
4430.00.00	4430	original	pt=tabuleiro
4431.00.00	4431	original	pt=didático
4432.00.00	4432	original	pt=assaltar
4433.00.00	4433	original	pt=toca
4434.00.00	4434	original	pt=contribuinte
4435.00.00	4435	original	pt=consequente
4436.00.00	4436	original	pt=desmentir
4437.00.00	4437	original	pt=indenização
4438.00.00	4438	original	pt=intensificar
4439.00.00	4439	original	pt=ente
4440.00.00	4440	original	pt=analista
4441.00.00	4441	original	pt=embaixo
4442.00.00	4442	original	pt=explícito
4443.00.00	4443	original	pt=compartilhar
4444.00.00	4444	original	pt=ibérico
4445.00.00	4445	original	pt=inocência
4446.00.00	4446	original	pt=horizontal
4447.00.00	4447	original	pt=brando
4448.00.00	4448	original	pt=nó
4449.00.00	4449	original	pt=estrago
4450.00.00	4450	original	pt=espantoso
4451.00.00	4451	original	pt=inscrever
4452.00.00	4452	original	pt=frade
4453.00.00	4453	original	pt=antecedente
4454.00.00	4454	original	pt=ginásio
4455.00.00	4455	original	pt=vigiar
4456.00.00	4456	original	pt=aviação
4457.00.00	4457	original	pt=galho
4458.00.00	4458	original	pt=suíço
4459.00.00	4459	original	pt=inovador
4460.00.00	4460	original	pt=brutal
4461.00.00	4461	original	pt=ilustração
4462.00.00	4462	original	pt=homossexual
4463.00.00	4463	original	pt=roxo
4464.00.00	4464	original	pt=difundir
4465.00.00	4465	original	pt=recolha
4466.00.00	4466	original	pt=despacho
4467.00.00	4467	original	pt=cortina
4468.00.00	4468	original	pt=solicitação
4469.00.00	4469	original	pt=agregado
4470.00.00	4470	original	pt=inundação
4471.00.00	4471	original	pt=exigente
4472.00.00	4472	original	pt=fatia
4473.00.00	4473	original	pt=espreitar
4474.00.00	4474	original	pt=cota
4475.00.00	4475	original	pt=enquadrar
4476.00.00	4476	original	pt=melodia
4477.00.00	4477	original	pt=porventura
4478.00.00	4478	original	pt=sufocar
4479.00.00	4479	original	pt=helicóptero
4480.00.00	4480	original	pt=especialização
4481.00.00	4481	original	pt=antepassado
4482.00.00	4482	original	pt=equivaler
4483.00.00	4483	original	pt=englobar
4484.00.00	4484	original	pt=grilo
4485.00.00	4485	original	pt=oportuno
4486.00.00	4486	original	pt=arrepender
4487.00.00	4487	original	pt=energético
4488.00.00	4488	original	pt=pendurado
4489.00.00	4489	original	pt=inclusão
4490.00.00	4490	original	pt=berço
4491.00.00	4491	original	pt=revólver
4492.00.00	4492	original	pt=pálido
4493.00.00	4493	original	pt=fecho
4494.00.00	4494	original	pt=cómico
4495.00.00	4495	original	pt=vivência
4496.00.00	4496	original	pt=omissão
4497.00.00	4497	original	pt=empreender
4498.00.00	4498	original	pt=adicional
4499.00.00	4499	original	pt=oxigénio
4500.00.00	4500	original	pt=sigilo
4501.00.00	4501	original	pt=suor
4502.00.00	4502	original	pt=espesso
4503.00.00	4503	original	pt=inverso
4504.00.00	4504	original	pt=toalha
4505.00.00	4505	original	pt=incerto
4506.00.00	4506	original	pt=densidade
4507.00.00	4507	original	pt=hino
4508.00.00	4508	original	pt=preceito
4509.00.00	4509	original	pt=bruxa
4510.00.00	4510	original	pt=sobrepor
4511.00.00	4511	original	pt=sobrinha
4512.00.00	4512	original	pt=cultivo
4513.00.00	4513	original	pt=desvantagem
4514.00.00	4514	original	pt=punho
4515.00.00	4515	original	pt=bosque
4516.00.00	4516	original	pt=cotação
4517.00.00	4517	original	pt=luto
4518.00.00	4518	original	pt=precedente
4519.00.00	4519	original	pt=pontapé
4520.00.00	4520	original	pt=varejo
4521.00.00	4521	original	pt=espetacular
4522.00.00	4522	original	pt=esquecimento
4523.00.00	4523	original	pt=aplicado
4524.00.00	4524	original	pt=documentação
4525.00.00	4525	original	pt=inauguração
4526.00.00	4526	original	pt=satisfatório
4527.00.00	4527	original	pt=gótico
4528.00.00	4528	original	pt=sumário
4529.00.00	4529	original	pt=politécnico
4530.00.00	4530	original	pt=nulo
4531.00.00	4531	original	pt=protestante
4532.00.00	4532	original	pt=autárquico
4533.00.00	4533	original	pt=interrogação
4534.00.00	4534	original	pt=terapia
4535.00.00	4535	original	pt=temperamento
4536.00.00	4536	original	pt=arbitragem
4537.00.00	4537	original	pt=falecido
4538.00.00	4538	original	pt=furioso
4539.00.00	4539	original	pt=proteína
4540.00.00	4540	original	pt=extra
4541.00.00	4541	original	pt=bordado
4542.00.00	4542	original	pt=coesão
4543.00.00	4543	original	pt=colonização
4544.00.00	4544	original	pt=proporcional
4545.00.00	4545	original	pt=psicólogo
4546.00.00	4546	original	pt=acionar
4547.00.00	4547	original	pt=recair
4548.00.00	4548	original	pt=equívoco
4549.00.00	4549	original	pt=desconto
4550.00.00	4550	original	pt=espinho
4551.00.00	4551	original	pt=espinha
4552.00.00	4552	original	pt=esqueleto
4553.00.00	4553	original	pt=metodologia
4554.00.00	4554	original	pt=teclado
4555.00.00	4555	original	pt=condicionado
4556.00.00	4556	original	pt=corretor
4557.00.00	4557	original	pt=artilharia
4558.00.00	4558	original	pt=tubarão
4559.00.00	4559	original	pt=comunhão
4560.00.00	4560	original	pt=abraço
4561.00.00	4561	original	pt=rim
4562.00.00	4562	original	pt=fração
4563.00.00	4563	original	pt=editorial
4564.00.00	4564	original	pt=resgate
4565.00.00	4565	original	pt=mercê
4565.01.00	4565	idiom_expansion	phrase=à mercê de
4566.00.00	4566	original	pt=marechal
4567.00.00	4567	original	pt=balão
4568.00.00	4568	original	pt=tremer
4569.00.00	4569	original	pt=milénio
4570.00.00	4570	original	pt=reajuste
4571.00.00	4571	original	pt=aquecimento
4572.00.00	4572	original	pt=torturar
4573.00.00	4573	original	pt=afogar
4574.00.00	4574	original	pt=estragar
4575.00.00	4575	original	pt=alinhado
4576.00.00	4576	original	pt=charuto
4577.00.00	4577	original	pt=nora
4578.00.00	4578	original	pt=aposentado
4579.00.00	4579	original	pt=consentir
4580.00.00	4580	original	pt=romantismo
4581.00.00	4581	original	pt=agrupar
4582.00.00	4582	original	pt=narrativo
4583.00.00	4583	original	pt=canhão
4584.00.00	4584	original	pt=sanguíneo
4585.00.00	4585	original	pt=bandeirante
4586.00.00	4586	original	pt=atlântico
4587.00.00	4587	original	pt=reputação
4588.00.00	4588	original	pt=saudar
4589.00.00	4589	original	pt=traçado
4590.00.00	4590	original	pt=preliminar
4591.00.00	4591	original	pt=confirmação
4592.00.00	4592	original	pt=abdicar
4593.00.00	4593	original	pt=diferir
4594.00.00	4594	original	pt=escocês
4595.00.00	4595	original	pt=curiosamente
4596.00.00	4596	original	pt=ídolo
4597.00.00	4597	original	pt=grosseiro
4598.00.00	4598	original	pt=serpente
4599.00.00	4599	original	pt=tomada
4600.00.00	4600	original	pt=terno
4601.00.00	4601	original	pt=civilizado
4602.00.00	4602	original	pt=anotar
4603.00.00	4603	original	pt=desdobrar
4604.00.00	4604	original	pt=progredir
4605.00.00	4605	original	pt=montado
4606.00.00	4606	original	pt=furtar
4607.00.00	4607	original	pt=contributo
4608.00.00	4608	original	pt=precoce
4609.00.00	4609	original	pt=pardo
4610.00.00	4610	original	pt=poste
4611.00.00	4611	original	pt=milionário
4612.00.00	4612	original	pt=panela
4613.00.00	4613	original	pt=hostil
4614.00.00	4614	original	pt=sudoeste
4615.00.00	4615	original	pt=cavalaria
4616.00.00	4616	original	pt=bonde
4617.00.00	4617	original	pt=exagero
4618.00.00	4618	original	pt=liquidar
4619.00.00	4619	original	pt=rosado
4620.00.00	4620	original	pt=referido
4621.00.00	4621	original	pt=brisa
4622.00.00	4622	original	pt=internado
4623.00.00	4623	original	pt=convocação
4624.00.00	4624	original	pt=adjetivo
4625.00.00	4625	original	pt=trajeto
4626.00.00	4626	original	pt=chefiar
4627.00.00	4627	original	pt=vocabulário
4628.00.00	4628	original	pt=coerência
4629.00.00	4629	original	pt=aspirar
4630.00.00	4630	original	pt=multinacional
4631.00.00	4631	original	pt=homenagear
4632.00.00	4632	original	pt=asilo
4633.00.00	4633	original	pt=ceia
4634.00.00	4634	original	pt=moradia
4635.00.00	4635	original	pt=nordestino
4636.00.00	4636	original	pt=apelido
4637.00.00	4637	original	pt=celeste
4638.00.00	4638	original	pt=abismo
4639.00.00	4639	original	pt=aprendizado
4640.00.00	4640	original	pt=contestação
4641.00.00	4641	original	pt=liberação
4642.00.00	4642	original	pt=homicídio
4643.00.00	4643	original	pt=terraço
4644.00.00	4644	original	pt=fixação
4645.00.00	4645	original	pt=heróico
4646.00.00	4646	original	pt=ensaiar
4647.00.00	4647	original	pt=pontual
4648.00.00	4648	original	pt=manto
4649.00.00	4649	original	pt=globalização
4650.00.00	4650	original	pt=catálogo
4651.00.00	4651	original	pt=socorrer
4652.00.00	4652	original	pt=colocado
4653.00.00	4653	original	pt=desgaste
4654.00.00	4654	original	pt=cantiga
4655.00.00	4655	original	pt=recinto
4656.00.00	4656	original	pt=qualificado
4657.00.00	4657	original	pt=encaixar
4658.00.00	4658	original	pt=preceder
4659.00.00	4659	original	pt=ditador
4660.00.00	4660	original	pt=nominal
4661.00.00	4661	original	pt=maturidade
4662.00.00	4662	original	pt=inquietação
4663.00.00	4663	original	pt=cerâmica
4664.00.00	4664	original	pt=mecânica
4665.00.00	4665	original	pt=sacar
4666.00.00	4666	original	pt=porta-voz
4667.00.00	4667	original	pt=mão-de-obra
4668.00.00	4668	original	pt=distrital
4669.00.00	4669	original	pt=burocrático
4670.00.00	4670	original	pt=extração
4671.00.00	4671	original	pt=descobrimento
4672.00.00	4672	original	pt=complemento
4673.00.00	4673	original	pt=desordem
4674.00.00	4674	original	pt=ex-presidente
4675.00.00	4675	original	pt=influente
4676.00.00	4676	original	pt=postal
4677.00.00	4677	original	pt=queima
4678.00.00	4678	original	pt=suprir
4679.00.00	4679	original	pt=clínico
4680.00.00	4680	original	pt=alinhamento
4681.00.00	4681	original	pt=desembargador
4682.00.00	4682	original	pt=catástrofe
4683.00.00	4683	original	pt=deslocamento
4684.00.00	4684	original	pt=indagar
4685.00.00	4685	original	pt=mobilização
4686.00.00	4686	original	pt=seduzir
4687.00.00	4687	original	pt=equipado
4688.00.00	4688	original	pt=atrever
4689.00.00	4689	original	pt=regimento
4690.00.00	4690	original	pt=estranhar
4691.00.00	4691	original	pt=vulto
4692.00.00	4692	original	pt=legião
4693.00.00	4693	original	pt=elevador
4694.00.00	4694	original	pt=afinidade
4695.00.00	4695	original	pt=corporal
4696.00.00	4696	original	pt=inerente
4697.00.00	4697	original	pt=suscitar
4698.00.00	4698	original	pt=conciliar
4699.00.00	4699	original	pt=estabilização
4700.00.00	4700	original	pt=intriga
4701.00.00	4701	original	pt=fação
4702.00.00	4702	original	pt=indignação
4703.00.00	4703	original	pt=lavagem
4704.00.00	4704	original	pt=tigre
4705.00.00	4705	original	pt=humidade
4706.00.00	4706	original	pt=cumplicidade
4707.00.00	4707	original	pt=travessia
4708.00.00	4708	original	pt=gerador
4709.00.00	4709	original	pt=arraial
4710.00.00	4710	original	pt=assessor
4711.00.00	4711	original	pt=saca
4712.00.00	4712	original	pt=prosperidade
4713.00.00	4713	original	pt=simular
4714.00.00	4714	original	pt=estacionar
4715.00.00	4715	original	pt=peculiar
4716.00.00	4716	original	pt=competitividade
4717.00.00	4717	original	pt=torcida
4718.00.00	4718	original	pt=predominar
4719.00.00	4719	original	pt=concretização
4720.00.00	4720	original	pt=chato
4721.00.00	4721	original	pt=insistência
4722.00.00	4722	original	pt=problemática
4723.00.00	4723	original	pt=semanal
4724.00.00	4724	original	pt=atributo
4725.00.00	4725	original	pt=educacional
4726.00.00	4726	original	pt=acrescido
4727.00.00	4727	original	pt=tona
4727.01.00	4727	idiom_expansion	phrase=à tona
4728.00.00	4728	original	pt=sonda
4729.00.00	4729	original	pt=australiano
4730.00.00	4730	original	pt=ferimento
4731.00.00	4731	original	pt=câncer
4732.00.00	4732	original	pt=subúrbio
4733.00.00	4733	original	pt=neutro
4734.00.00	4734	original	pt=estudioso
4735.00.00	4735	original	pt=flagrante
4736.00.00	4736	original	pt=pneu
4737.00.00	4737	original	pt=tostão
4738.00.00	4738	original	pt=ata
4739.00.00	4739	original	pt=naturalidade
4740.00.00	4740	original	pt=rodada
4741.00.00	4741	original	pt=procissão
4742.00.00	4742	original	pt=chocolate
4743.00.00	4743	original	pt=vice
4744.00.00	4744	original	pt=robusto
4745.00.00	4745	original	pt=contaminado
4746.00.00	4746	original	pt=detalhado
4747.00.00	4747	original	pt=pausa
4748.00.00	4748	original	pt=marfim
4749.00.00	4749	original	pt=rejeição
4750.00.00	4750	original	pt=acomodar
4751.00.00	4751	original	pt=mocidade
4752.00.00	4752	original	pt=fúria
4753.00.00	4753	original	pt=incompleto
4754.00.00	4754	original	pt=implementação
4755.00.00	4755	original	pt=atualizar
4756.00.00	4756	original	pt=sábado
4757.00.00	4757	original	pt=crente
4758.00.00	4758	original	pt=preventivo
4759.00.00	4759	original	pt=papai
4760.00.00	4760	original	pt=meia-noite
4761.00.00	4761	original	pt=risca
4762.00.00	4762	original	pt=sardinha
4763.00.00	4763	original	pt=espingarda
4764.00.00	4764	original	pt=profeta
4765.00.00	4765	original	pt=emigrar
4766.00.00	4766	original	pt=eleitorado
4767.00.00	4767	original	pt=progressivamente
4768.00.00	4768	original	pt=cavar
4769.00.00	4769	original	pt=contagem
4770.00.00	4770	original	pt=pesadelo
4771.00.00	4771	original	pt=honrar
4772.00.00	4772	original	pt=susceptível
4773.00.00	4773	original	pt=cereal
4774.00.00	4774	original	pt=renascer
4775.00.00	4775	original	pt=apetite
4776.00.00	4776	original	pt=sertanejo
4777.00.00	4777	original	pt=cartório
4778.00.00	4778	original	pt=privilegiar
4779.00.00	4779	original	pt=fracassar
4780.00.00	4780	original	pt=sinistro
4781.00.00	4781	original	pt=atenuar
4782.00.00	4782	original	pt=catorze
4783.00.00	4783	original	pt=marxista
4784.00.00	4784	original	pt=substancial
4785.00.00	4785	original	pt=bloquear
4786.00.00	4786	original	pt=refazer
4787.00.00	4787	original	pt=reafirmar
4788.00.00	4788	original	pt=flanco
4789.00.00	4789	original	pt=estacionamento
4790.00.00	4790	original	pt=equação
4791.00.00	4791	original	pt=secular
4792.00.00	4792	original	pt=acostumar
4793.00.00	4793	original	pt=velar
4794.00.00	4794	original	pt=derramar
4795.00.00	4795	original	pt=encarnado
4796.00.00	4796	original	pt=ternura
4797.00.00	4797	original	pt=condicionar
4798.00.00	4798	original	pt=fluir
4799.00.00	4799	original	pt=ingresso
4800.00.00	4800	original	pt=irritação
4801.00.00	4801	original	pt=esvaziar
4802.00.00	4802	original	pt=giro
4803.00.00	4803	original	pt=providenciar
4804.00.00	4804	original	pt=encostado
4805.00.00	4805	original	pt=perpétuo
4806.00.00	4806	original	pt=declínio
4807.00.00	4807	original	pt=prematuro
4808.00.00	4808	original	pt=amplitude
4809.00.00	4809	original	pt=piada
4810.00.00	4810	original	pt=rancho
4811.00.00	4811	original	pt=despeito
4812.00.00	4812	original	pt=acréscimo
4813.00.00	4813	original	pt=fôlego
4814.00.00	4814	original	pt=derivado
4815.00.00	4815	original	pt=armamento
4816.00.00	4816	original	pt=deduzir
4817.00.00	4817	original	pt=confortável
4818.00.00	4818	original	pt=cauteloso
4819.00.00	4819	original	pt=televisivo
4820.00.00	4820	original	pt=sul-africano
4821.00.00	4821	original	pt=boneco
4822.00.00	4822	original	pt=castigar
4823.00.00	4823	original	pt=curvar
4824.00.00	4824	original	pt=gestor
4825.00.00	4825	original	pt=caldo
4826.00.00	4826	original	pt=tolerância
4827.00.00	4827	original	pt=feto
4828.00.00	4828	original	pt=valioso
4829.00.00	4829	original	pt=fauna
4830.00.00	4830	original	pt=detestar
4831.00.00	4831	original	pt=cirúrgico
4832.00.00	4832	original	pt=cavalheiro
4833.00.00	4833	original	pt=astro
4834.00.00	4834	original	pt=presumir
4835.00.00	4835	original	pt=ofensa
4836.00.00	4836	original	pt=queimado
4837.00.00	4837	original	pt=atraente
4838.00.00	4838	original	pt=viável
4839.00.00	4839	original	pt=afetivo
4840.00.00	4840	original	pt=configuração
4841.00.00	4841	original	pt=gravata
4842.00.00	4842	original	pt=influir
4843.00.00	4843	original	pt=chefia
4844.00.00	4844	original	pt=subitamente
4845.00.00	4845	original	pt=burocracia
4846.00.00	4846	original	pt=corretamente
4847.00.00	4847	original	pt=criatividade
4848.00.00	4848	original	pt=parasita
4849.00.00	4849	original	pt=findar
4850.00.00	4850	original	pt=comunicado
4851.00.00	4851	original	pt=fera
4852.00.00	4852	original	pt=rosário
4853.00.00	4853	original	pt=solucionar
4854.00.00	4854	original	pt=rito
4855.00.00	4855	original	pt=tradicionalmente
4856.00.00	4856	original	pt=embrião
4857.00.00	4857	original	pt=contido
4858.00.00	4858	original	pt=sopro
4859.00.00	4859	original	pt=vulcão
4860.00.00	4860	original	pt=site
4861.00.00	4861	original	pt=índex
4862.00.00	4862	original	pt=escorrer
4863.00.00	4863	original	pt=decerto
4864.00.00	4864	original	pt=detetive
4865.00.00	4865	original	pt=lavrar
4866.00.00	4866	original	pt=calado
4867.00.00	4867	original	pt=gozo
4868.00.00	4868	original	pt=isento
4869.00.00	4869	original	pt=prudente
4870.00.00	4870	original	pt=envergonhar
4871.00.00	4871	original	pt=confiante
4872.00.00	4872	original	pt=seriedade
4873.00.00	4873	original	pt=perito
4874.00.00	4874	original	pt=peste
4875.00.00	4875	original	pt=obsessão
4876.00.00	4876	original	pt=cozinhar
4877.00.00	4877	original	pt=cristianismo
4878.00.00	4878	original	pt=convicto
4879.00.00	4879	original	pt=detenção
4880.00.00	4880	original	pt=despedida
4881.00.00	4881	original	pt=perverso
4882.00.00	4882	original	pt=experimento
4883.00.00	4883	original	pt=mandado
4884.00.00	4884	original	pt=reservado
4885.00.00	4885	original	pt=tenso
4886.00.00	4886	original	pt=telefonema
4887.00.00	4887	original	pt=devorar
4888.00.00	4888	original	pt=mola
4889.00.00	4889	original	pt=voltado
4890.00.00	4890	original	pt=descalço
4891.00.00	4891	original	pt=caixão
4892.00.00	4892	original	pt=construtor
4893.00.00	4893	original	pt=azeitona
4894.00.00	4894	original	pt=violino
4895.00.00	4895	original	pt=apreender
4896.00.00	4896	original	pt=brusco
4897.00.00	4897	original	pt=tripa
4898.00.00	4898	original	pt=ginástica
4899.00.00	4899	original	pt=povoar
4900.00.00	4900	original	pt=reparação
4901.00.00	4901	original	pt=advogar
4902.00.00	4902	original	pt=justificação
4903.00.00	4903	original	pt=firmeza
4904.00.00	4904	original	pt=originário
4905.00.00	4905	original	pt=peregrinação
4906.00.00	4906	original	pt=validade
4907.00.00	4907	original	pt=proposição
4908.00.00	4908	original	pt=flauta
4909.00.00	4909	original	pt=suicidar
4910.00.00	4910	original	pt=roer
4911.00.00	4911	original	pt=incómodo
4912.00.00	4912	original	pt=edificação
4913.00.00	4913	original	pt=regularmente
4914.00.00	4914	original	pt=opositor
4915.00.00	4915	original	pt=fóssil
4916.00.00	4916	original	pt=esquecido
4917.00.00	4917	original	pt=arbusto
4918.00.00	4918	original	pt=celebração
4919.00.00	4919	original	pt=encarregado
4920.00.00	4920	original	pt=cal
4921.00.00	4921	original	pt=ninho
4922.00.00	4922	original	pt=encantar
4923.00.00	4923	original	pt=linear
4924.00.00	4924	original	pt=colete
4925.00.00	4925	original	pt=manipulação
4926.00.00	4926	original	pt=potencialidade
4927.00.00	4927	original	pt=pia
4928.00.00	4928	original	pt=namoro
4929.00.00	4929	original	pt=divisa
4930.00.00	4930	original	pt=compatível
4931.00.00	4931	original	pt=deslocação
4932.00.00	4932	original	pt=amarrado
4933.00.00	4933	original	pt=paralisar
4934.00.00	4934	original	pt=casado
4935.00.00	4935	original	pt=violeta
4936.00.00	4936	original	pt=paradigma
4937.00.00	4937	original	pt=encolher
4938.00.00	4938	original	pt=decorativo
4939.00.00	4939	original	pt=vigente
4940.00.00	4940	original	pt=artifício
4941.00.00	4941	original	pt=expediente
4942.00.00	4942	original	pt=armadilha
4943.00.00	4943	original	pt=gripe
4944.00.00	4944	original	pt=contornar
4945.00.00	4945	original	pt=epidemia
4946.00.00	4946	original	pt=aceitável
4947.00.00	4947	original	pt=vocal
4948.00.00	4948	original	pt=candeeiro
4949.00.00	4949	original	pt=cancelar
4950.00.00	4950	original	pt=cimo
4951.00.00	4951	original	pt=bengala
4952.00.00	4952	original	pt=consultor
4953.00.00	4953	original	pt=velhice
4954.00.00	4954	original	pt=escuridão
4955.00.00	4955	original	pt=telegrama
4956.00.00	4956	original	pt=carneiro
4957.00.00	4957	original	pt=iludir
4958.00.00	4958	original	pt=barca
4959.00.00	4959	original	pt=armazenar
4960.00.00	4960	original	pt=incidência
4961.00.00	4961	original	pt=bondade
4962.00.00	4962	original	pt=carroça
4963.00.00	4963	original	pt=afetado
4964.00.00	4964	original	pt=edificar
4965.00.00	4965	original	pt=edital
4966.00.00	4966	original	pt=estúpido
4967.00.00	4967	original	pt=idiota
4968.00.00	4968	original	pt=insegurança
4969.00.00	4969	original	pt=despir
4970.00.00	4970	original	pt=ancestral
4971.00.00	4971	original	pt=rótulo
4972.00.00	4972	original	pt=vigoroso
4973.00.00	4973	original	pt=louro
4974.00.00	4974	original	pt=deslizar
4975.00.00	4975	original	pt=módulo
4976.00.00	4976	original	pt=ministrar
4977.00.00	4977	original	pt=mendigo
4978.00.00	4978	original	pt=serenidade
4979.00.00	4979	original	pt=informativo
4980.00.00	4980	original	pt=crânio
4981.00.00	4981	original	pt=feitio
4982.00.00	4982	original	pt=lápis
4983.00.00	4983	original	pt=penetração
4984.00.00	4984	original	pt=mamífero
4985.00.00	4985	original	pt=sul-americano
