sense_id	clip_type	voice_id	object_key	asr_transcript	asr_pass	asr_mode	judges	judge_hash	gate_pass	qa_pass	v3_text	reference_text	error
0001.00.01	word	m151rjrbWXbBqyq56tly	audio/0001.00.01-word-eleven_v3-v1.mp3	o	1	production	"{""flash38-J2"": {""verdict"": ""non_bp"", ""drift"": ""other"", ""severity"": ""high"", ""evidence"": ""The speaker pronounced the open vowel [ɔ] instead of the standard unstressed article pronunciation [u].""}}"	9851aabdf5	0	0	o	o	
0001.00.01	example	m151rjrbWXbBqyq56tly	audio/0001.00.01-ex-eleven_v3-v1.mp3	O livro está na mesa.	1	production	"{""flash38-J2"": {""verdict"": ""bp_ok"", ""drift"": ""none"", ""severity"": ""low"", ""evidence"": ""Pronounced naturally with standard Brazilian Portuguese phonology, including final -o reduction to [u] and proper alveolar sibilants.""}}"	9851aabdf5	1	1	O livro está na mesa.	O livro está na mesa.	
0001.00.02	word	m151rjrbWXbBqyq56tly	audio/0001.00.02-word-eleven_v3-v1.mp3	o	1	production	"{""flash38-J2"": {""verdict"": ""non_bp"", ""drift"": ""other"", ""severity"": ""high"", ""evidence"": ""The speaker pronounced the letter name as open [ɔ] instead of the expected definite article pronunciation [u].""}}"	9851aabdf5	0	0	o	o	
0001.00.02	example	m151rjrbWXbBqyq56tly	audio/0001.00.02-ex-eleven_v3-v1.mp3	Eu vi na escola ontem.	0	fail	{}	9851aabdf5	0	0	Eu o vi na escola ontem.	Eu o vi na escola ontem.	
0002.00.01	word	m151rjrbWXbBqyq56tly	audio/0002.00.01-word-eleven_v3-v2.mp3	de	1	production	"{""flash38-J2"": {""verdict"": ""bp_ok"", ""drift"": ""none"", ""severity"": ""low"", ""evidence"": ""Word pronounced as expected palatalized [dʒi].""}}"	9851aabdf5	1	1	de	de	
0002.00.01	example	m151rjrbWXbBqyq56tly	audio/0002.00.01-ex-eleven_v3-v1.mp3	O livro de Maria está na mesa.	1	production	"{""flash38-J2"": {""verdict"": ""bp_ok"", ""drift"": ""none"", ""severity"": ""low"", ""evidence"": ""Native standard Brazilian Portuguese pronunciation matching the target sentence accurately.""}}"	9851aabdf5	1	1	O livro de Maria está na mesa.	O livro de Maria está na mesa.	
0002.00.02	word	xNGAXaCH8MaasNuo7Hr7	audio/0002.00.02-word-eleven_v3-v1.mp3	de	1	production	"{""flash38-J2"": {""verdict"": ""bp_ok"", ""drift"": ""none"", ""severity"": ""low"", ""evidence"": ""Pronounced with clear palatal affricate [dʒi] as standard in São Paulo Brazilian Portuguese.""}}"	9851aabdf5	1	1	de	de	
0002.00.02	example	xNGAXaCH8MaasNuo7Hr7	audio/0002.00.02-ex-eleven_v3-v1.mp3	Eu sou de São Paulo.	1	production	"{""flash38-J2"": {""verdict"": ""bp_ok"", ""drift"": ""none"", ""severity"": ""low"", ""evidence"": ""Palatalization of 'de' to [dʒi] and standard Brazilian Portuguese diphthongs and intonation throughout the phrase.""}}"	9851aabdf5	1	1	Eu sou de São Paulo.	Eu sou de São Paulo.	
0003.00.01	word	ny3E2DZImeZm00WLGZi9	audio/0003.00.01-word-eleven_v3-v1.mp3	em	1	production	"{""flash38-J2"": {""verdict"": ""non_bp"", ""drift"": ""other"", ""severity"": ""high"", ""evidence"": ""The speaker produces a closed-lip nasal hum [m] or [ũ] rather than the diphthong [ẽj̃].""}}"	9851aabdf5	0	0	em	em	
0003.00.01	example	ny3E2DZImeZm00WLGZi9	audio/0003.00.01-ex-eleven_v3-v1.mp3	Moro em São Paulo com minha família.	1	production	"{""flash38-J2"": {""verdict"": ""bp_ok"", ""drift"": ""none"", ""severity"": ""low"", ""evidence"": ""Native standard Brazilian Portuguese pronunciation with correct vowel qualities, vocalized coda /l/ in Paulo, and natural prosody.""}}"	9851aabdf5	1	1	Moro em São Paulo com minha família.	Moro em São Paulo com minha família.	
0003.00.02	word	m151rjrbWXbBqyq56tly	audio/0003.00.02-word-eleven_v3-v1.mp3	em	1	production	"{""flash38-J2"": {""verdict"": ""bp_ok"", ""drift"": ""none"", ""severity"": ""low"", ""evidence"": ""Pronounced with the expected standard Brazilian Portuguese nasal diphthong [ẽj̃].""}}"	9851aabdf5	1	1	em	em	
0003.00.02	example	m151rjrbWXbBqyq56tly	audio/0003.00.02-ex-eleven_v3-v1.mp3	O livro está em cima da mesa.	1	production	"{""flash38-J2"": {""verdict"": ""bp_ok"", ""drift"": ""none"", ""severity"": ""low"", ""evidence"": ""Native Brazilian Portuguese pronunciation with correct vowel reductions and intonation.""}}"	9851aabdf5	1	1	O livro está em cima da mesa.	O livro está em cima da mesa.	
0004.00.01	word	m151rjrbWXbBqyq56tly	audio/0004.00.01-word-eleven_v3-v1.mp3	e	1	production	"{""flash38-J2"": {""verdict"": ""bp_ok"", ""drift"": ""none"", ""severity"": ""low"", ""evidence"": ""Word pronounced accurately as a high front unrounded vowel [i] matching standard Brazilian Portuguese.""}}"	9851aabdf5	1	1	e	e	
0004.00.01	example	m151rjrbWXbBqyq56tly	audio/0004.00.01-ex-eleven_v3-v1.mp3	Eu gosto de café e pão no café da manhã.	1	production	"{""flash38-J2"": {""verdict"": ""bp_ok"", ""drift"": ""none"", ""severity"": ""low"", ""evidence"": ""Natural Brazilian Portuguese pronunciation of the full sentence matching expected phonetics.""}}"	9851aabdf5	1	1	Eu gosto de café e pão no café da manhã.	Eu gosto de café e pão no café da manhã.	
0005.00.01	word	m151rjrbWXbBqyq56tly	audio/0005.00.01-word-eleven_v3-v3.mp3	que	1	production	"{""flash38-J2"": {""verdict"": ""bp_ok"", ""drift"": ""none"", ""severity"": ""low"", ""evidence"": ""Clear pronunciation of /ki/ consistent with standard Brazilian Portuguese.""}}"	9851aabdf5	1	1	que	que	
0005.00.01	example	m151rjrbWXbBqyq56tly	audio/0005.00.01-ex-eleven_v3-v1.mp3	Ele disse que vai chegar tarde hoje.	1	production	"{""flash38-J2"": {""verdict"": ""bp_ok"", ""drift"": ""none"", ""severity"": ""low"", ""evidence"": ""Consistent standard Brazilian Portuguese phonology across all words, including palatalization in 'disse' [ˈdʒisi], 'tarde' [ˈtaɾdʒi], and 'hoje' [ˈoʒi].""}}"	9851aabdf5	1	1	Ele disse que vai chegar tarde hoje.	Ele disse que vai chegar tarde hoje.	
0007.00.01	word	qPfM2laM0pRL4rrZtBGl	audio/0007.00.01-word-eleven_v3-v1.mp3	um	1	production	"{""flash38-J2"": {""verdict"": ""bp_ok"", ""drift"": ""none"", ""severity"": ""low"", ""evidence"": ""Correct nasal vowel [ũ] matching standard Brazilian Portuguese.""}}"	9851aabdf5	1	1	um	um	
0007.00.01	example	qPfM2laM0pRL4rrZtBGl	audio/0007.00.01-ex-eleven_v3-v1.mp3	Eu tenho um gato preto.	1	production	"{""flash38-J2"": {""verdict"": ""bp_ok"", ""drift"": ""none"", ""severity"": ""low"", ""evidence"": ""Matches standard Brazilian Portuguese phonology across all words: final -o reduced to [u], flap [ɾ] in preto, expected nasalization in tenho/um.""}}"	9851aabdf5	1	1	Eu tenho um gato preto.	Eu tenho um gato preto.	
0007.00.02	word	m151rjrbWXbBqyq56tly	audio/0007.00.02-word-eleven_v3-v1.mp3	um	1	production	"{""flash38-J2"": {""verdict"": ""bp_ok"", ""drift"": ""none"", ""severity"": ""low"", ""evidence"": ""Pronounced as a standard nasalized [ũ] vowel consistent with standard Brazilian Portuguese.""}}"	9851aabdf5	1	1	um	um	
0007.00.02	example	m151rjrbWXbBqyq56tly	audio/0007.00.02-ex-eleven_v3-v1.mp3	Eu tenho um gato e dois cachorros.	1	production	"{""flash38-J2"": {""verdict"": ""bp_ok"", ""drift"": ""none"", ""severity"": ""low"", ""evidence"": ""Native standard Brazilian Portuguese pronunciation matching the expected phonemes throughout the entire sentence.""}}"	9851aabdf5	1	1	Eu tenho um gato e dois cachorros.	Eu tenho um gato e dois cachorros.	
0008.00.01	word	qPfM2laM0pRL4rrZtBGl	audio/0008.00.01-word-eleven_v3-v1.mp3	por	1	production	"{""flash38-J2"": {""verdict"": ""bp_ok"", ""drift"": ""none"", ""severity"": ""low"", ""evidence"": ""Pronounced with standard closed vowel [o] and a natural Brazilian Portuguese coda r.""}}"	9851aabdf5	1	1	por	por	
0008.00.01	example	qPfM2laM0pRL4rrZtBGl	audio/0008.00.01-ex-eleven_v3-v1.mp3	O livro foi escrito por um autor brasileiro.	1	production	"{""flash38-J2"": {""verdict"": ""bp_ok"", ""drift"": ""none"", ""severity"": ""low"", ""evidence"": ""Native standard Brazilian Portuguese pronunciation matching the expected IPA perfectly with palatalized /tu/ and vocalized /aw/.""}}"	9851aabdf5	1	1	O livro foi escrito por um autor brasileiro.	O livro foi escrito por um autor brasileiro.	
0010.00.01	word	qPfM2laM0pRL4rrZtBGl	audio/0010.00.01-word-eleven_v3-v1.mp3	a	1	production	"{""flash38-J2"": {""verdict"": ""bp_ok"", ""drift"": ""none"", ""severity"": ""low"", ""evidence"": ""Pronounced clearly as standard open central vowel [a].""}}"	9851aabdf5	1	1	a	a	
0010.00.01	example	qPfM2laM0pRL4rrZtBGl	audio/0010.00.01-ex-eleven_v3-v1.mp3	Vou à escola de manhã.	1	production	"{""flash38-J2"": {""verdict"": ""bp_ok"", ""drift"": ""none"", ""severity"": ""low"", ""evidence"": ""Native-like Brazilian Portuguese pronunciation matching standard phonology with correct palatalization [dʒi] in 'de' and open vowel [ɔ] in 'escola'.""}}"	9851aabdf5	1	1	Vou à escola de manhã.	Vou à escola de manhã.	
0010.00.02	word	qPfM2laM0pRL4rrZtBGl	audio/0010.00.02-word-eleven_v3-v1.mp3	a	1	production	"{""flash38-J2"": {""verdict"": ""bp_ok"", ""drift"": ""none"", ""severity"": ""low"", ""evidence"": ""Vowel [a] pronounced clearly and correctly according to standard Brazilian Portuguese.""}}"	9851aabdf5	1	1	a	a	
0010.00.02	example	qPfM2laM0pRL4rrZtBGl	audio/0010.00.02-ex-eleven_v3-v1.mp3	Eu estudo na escola às oito horas.	1	production	"{""flash38-J2"": {""verdict"": ""bp_ok"", ""drift"": ""none"", ""severity"": ""low"", ""evidence"": ""Pronounced with standard Brazilian Portuguese phonology, including correct vowels, palatalization/coda behaviors, and proper stress across the full sentence.""}}"	9851aabdf5	1	1	Eu estudo na escola às oito horas.	Eu estudo na escola às oito horas.	
0014.00.01	word	ny3E2DZImeZm00WLGZi9	audio/0014.00.01-word-eleven_v3-v1.mp3	se	1	production	"{""flash38-J2"": {""verdict"": ""non_bp"", ""drift"": ""EP"", ""severity"": ""high"", ""evidence"": ""Word pronounced with an open vowel [sɛ] instead of the standard Brazilian Portuguese unstressed reduction [si].""}}"	9851aabdf5	0	0	se	se	
0014.00.01	example	ny3E2DZImeZm00WLGZi9	audio/0014.00.01-ex-eleven_v3-v1.mp3	Ela se olhou no espelho antes de sair.	1	production	"{""flash38-J2"": {""verdict"": ""bp_ok"", ""drift"": ""none"", ""severity"": ""low"", ""evidence"": ""All words pronounced with natural Brazilian Portuguese phonetics including standard palatalization and vocalized dipthongs""}}"	9851aabdf5	1	1	Ela se olhou no espelho antes de sair.	Ela se olhou no espelho antes de sair.	
0014.00.02	word	ny3E2DZImeZm00WLGZi9	audio/0014.00.02-word-eleven_v3-v1.mp3	se	1	production	"{""flash38-J2"": {""verdict"": ""non_bp"", ""drift"": ""ES"", ""severity"": ""medium"", ""evidence"": ""Pronounced with a clear [e] vowel /se/ instead of standard Brazilian Portuguese /si/ (or reduced [i])""}}"	9851aabdf5	0	0	se	se	
0014.00.02	example	ny3E2DZImeZm00WLGZi9	audio/0014.00.02-ex-eleven_v3-v1.mp3	Aqui se fala português.	1	production	"{""flash38-J2"": {""verdict"": ""bp_ok"", ""drift"": ""none"", ""severity"": ""low"", ""evidence"": ""Pronounced clearly as standard Brazilian Portuguese with appropriate vowel reductions and rhythm matching /aˈki si ˈfalɐ poɾtuˈɡes/.""}}"	9851aabdf5	1	1	Aqui se fala português.	Aqui se fala português.	
0014.00.03	word	qPfM2laM0pRL4rrZtBGl	audio/0014.00.03-word-eleven_v3-v1.mp3	se	1	production	"{""flash38-J2"": {""verdict"": ""bp_ok"", ""drift"": ""none"", ""severity"": ""low"", ""evidence"": ""Clear pronunciation of [si] conforming to standard Brazilian Portuguese.""}}"	9851aabdf5	1	1	se	se	
0014.00.03	example	qPfM2laM0pRL4rrZtBGl	audio/0014.00.03-ex-eleven_v3-v1.mp3	Se chover amanhã, não vamos à praia.	1	production	"{""flash38-J2"": {""verdict"": ""bp_ok"", ""drift"": ""none"", ""severity"": ""low"", ""evidence"": ""Pronounced naturally with accurate Brazilian Portuguese phonology, including nasal vowels, standard stress placement, and native vowel reductions.""}}"	9851aabdf5	1	1	Se chover amanhã, não vamos à praia.	Se chover amanhã, não vamos à praia.	
0023.00.01	word	Rw38T6bn0lTNOb1aUevR	audio/0023.00.01-word-eleven_v3-v1.mp3	ou	1	production	"{""flash38-J2"": {""verdict"": ""bp_ok"", ""drift"": ""none"", ""severity"": ""low"", ""evidence"": ""Pronounced cleanly as the diphthong [ow] consistent with standard Brazilian Portuguese.""}}"	9851aabdf5	1	1	ou	ou	
0023.00.01	example	Rw38T6bn0lTNOb1aUevR	audio/0023.00.01-ex-eleven_v3-v1.mp3	Você quer café ou chá?	1	production	"{""flash38-J2"": {""verdict"": ""bp_ok"", ""drift"": ""none"", ""severity"": ""low"", ""evidence"": ""Natural standard Brazilian Portuguese intonation and phonology matching /voˈse ˈkɛɾ kaˈfɛ ow ˈʃa/.""}}"	9851aabdf5	1	1	Você quer café ou chá?	Você quer café ou chá?	
0024.00.01	word	wxoDdfPKBuna5KnUEotz	audio/0024.00.01-word-eleven_v3-v1.mp3	ele	1	production	"{""flash38-J2"": {""verdict"": ""bp_ok"", ""drift"": ""none"", ""severity"": ""low"", ""evidence"": ""Speaker pronounces closed [ˈe] followed by [li], matching the standard Brazilian Portuguese /ˈeli/.""}}"	9851aabdf5	1	1	ele	ele	
0024.00.01	example	wxoDdfPKBuna5KnUEotz	audio/0024.00.01-ex-eleven_v3-v1.mp3	Ele mora em São Paulo com a família.	1	production	"{""flash38-J2"": {""verdict"": ""bp_ok"", ""drift"": ""none"", ""severity"": ""low"", ""evidence"": ""Native Brazilian Portuguese pronunciation throughout with natural connected speech, vocalized -l in Paulo, and standard São Paulo vowel qualities.""}}"	9851aabdf5	1	1	Ele mora em São Paulo com a família.	Ele mora em São Paulo com a família.	
0027.00.01	word	m151rjrbWXbBqyq56tly	audio/0027.00.01-word-eleven_v3-v1.mp3	Muito.	1	production	"{""flash38-J2"": {""verdict"": ""bp_ok"", ""drift"": ""none"", ""severity"": ""low"", ""evidence"": ""Pronounced with standard Brazilian Portuguese nasal diphthong and final vowel reduction [ˈmũj̃tu].""}, ""pro-J2"": {""verdict"": ""bp_ok"", ""drift"": ""none"", ""severity"": ""low"", ""evidence"": ""Clear nasalized diphthong and correct stress on the first syllable.""}}"	9851aabdf5	1	1	muito	muito	
0027.00.01	example	m151rjrbWXbBqyq56tly	audio/0027.00.01-ex-eleven_v3-v1.mp3	Ela está muito cansada hoje.	1	production	"{""flash38-J2"": {""verdict"": ""bp_ok"", ""drift"": ""none"", ""severity"": ""low"", ""evidence"": ""Pronounced with standard Brazilian Portuguese phonology throughout, including appropriate vowel reductions and palatalization in 'hoje'.""}}"	9851aabdf5	1	1	Ela está muito cansada hoje.	Ela está muito cansada hoje.	
0028.00.01	word	Rw38T6bn0lTNOb1aUevR	audio/0028.00.01-word-eleven_v3-v1.mp3	Avig.	1	relaxed	"{""flash38-J2"": {""verdict"": ""bp_ok"", ""drift"": ""none"", ""severity"": ""low"", ""evidence"": ""Stressed syllable is correct on 'ver' with open/clear vowel and standard Brazilian Portuguese coda r pronunciation.""}, ""pro-J2"": {""verdict"": ""bp_ok"", ""drift"": ""none"", ""severity"": ""low"", ""evidence"": ""Clear pronunciation with silent initial h, correct stress on the final syllable, and standard coda r.""}}"	9851aabdf5	1	1	haver	haver	
0028.00.01	example	Rw38T6bn0lTNOb1aUevR	audio/0028.00.01-ex-eleven_v3-v1.mp3	Há muitos alunos na sala de aula hoje.	1	production	"{""flash38-J2"": {""verdict"": ""bp_ok"", ""drift"": ""none"", ""severity"": ""low"", ""evidence"": ""Pronounced completely naturally according to standard Brazilian Portuguese phonology, including correct palatalization of /d/ in 'de' and correct unstressed vow""}}"	9851aabdf5	1	1	Há muitos alunos na sala de aula hoje.	Há muitos alunos na sala de aula hoje.	
0029.00.01	word	m151rjrbWXbBqyq56tly	audio/0029.00.01-word-eleven_v3-v1.mp3	ir	1	production	"{""flash38-J2"": {""verdict"": ""bp_ok"", ""drift"": ""none"", ""severity"": ""low"", ""evidence"": ""Pronounced with clear standard vowel [i] and standard Brazilian Portuguese coda-r fricative [χ].""}}"	9851aabdf5	1	1	ir	ir	
0029.00.01	example	m151rjrbWXbBqyq56tly	audio/0029.00.01-ex-eleven_v3-v1.mp3	Vou ao mercado comprar frutas.	1	production	"{""flash38-J2"": {""verdict"": ""bp_ok"", ""drift"": ""none"", ""severity"": ""low"", ""evidence"": ""Pronounced with standard Brazilian Portuguese phonology, including correct vowels, palatalization, and stress across all words.""}}"	9851aabdf5	1	1	Vou ao mercado comprar frutas.	Vou ao mercado comprar frutas.	
0031.00.01	word	m151rjrbWXbBqyq56tly	audio/0031.00.01-word-eleven_v3-v1.mp3	eu	1	production	"{""flash38-J2"": {""verdict"": ""bp_ok"", ""drift"": ""none"", ""severity"": ""low"", ""evidence"": ""Correct standard Brazilian Portuguese diphthong [ew].""}}"	9851aabdf5	1	1	eu	eu	
0031.00.01	example	m151rjrbWXbBqyq56tly	audio/0031.00.01-ex-eleven_v3-v1.mp3	Eu moro no Brasil com minha família.	1	production	"{""flash38-J2"": {""verdict"": ""bp_ok"", ""drift"": ""none"", ""severity"": ""low"", ""evidence"": ""Standard Brazilian Portuguese pronunciation with correct vocalization of final -l in 'Brasil' to [w] and natural intonation.""}}"	9851aabdf5	1	1	Eu moro no Brasil com minha família.	Eu moro no Brasil com minha família.	
0031.00.02	word	m151rjrbWXbBqyq56tly	audio/0031.00.02-word-eleven_v3-v1.mp3	eu	1	production	"{""flash38-J2"": {""verdict"": ""bp_ok"", ""drift"": ""none"", ""severity"": ""low"", ""evidence"": ""Standard diphthong [ew] pronounced clearly and natively.""}}"	9851aabdf5	1	1	eu	eu	
0031.00.02	example	m151rjrbWXbBqyq56tly	audio/0031.00.02-ex-eleven_v3-v1.mp3	Eu vou ao mercado comprar frutas.	1	production	"{""flash38-J2"": {""verdict"": ""bp_ok"", ""drift"": ""none"", ""severity"": ""low"", ""evidence"": ""Native Brazilian Portuguese pronunciation with correct vowel reductions and coda r realization.""}}"	9851aabdf5	1	1	Eu vou ao mercado comprar frutas.	Eu vou ao mercado comprar frutas.	
0032.00.01	word	AaeZyyi87RCxtFnHPS3e	audio/0032.00.01-word-eleven_v3-v1.mp3	já	1	production	"{""flash38-J2"": {""verdict"": ""bp_ok"", ""drift"": ""none"", ""severity"": ""low"", ""evidence"": ""Clear pronunciation of [ʒa] matching standard Brazilian Portuguese phonology.""}}"	9851aabdf5	1	1	já	já	
0032.00.01	example	AaeZyyi87RCxtFnHPS3e	audio/0032.00.01-ex-eleven_v3-v1.mp3	Eu já terminei o trabalho de casa.	1	production	"{""flash38-J2"": {""verdict"": ""bp_ok"", ""drift"": ""none"", ""severity"": ""low"", ""evidence"": ""Clear standard Brazilian Portuguese pronunciation of 'Eu já terminei o trabalho de casa' with correct palatalization /dʒi/ and vocalized endings.""}}"	9851aabdf5	1	1	Eu já terminei o trabalho de casa.	Eu já terminei o trabalho de casa.	
0034.00.01	word	qPfM2laM0pRL4rrZtBGl	audio/0034.00.01-word-eleven_v3-v1.mp3	O ano.	1	production	"{""flash38-J2"": {""verdict"": ""bp_ok"", ""drift"": ""none"", ""severity"": ""low"", ""evidence"": ""Pronounced as [u ˈɐ̃nu] with correct nasal vowel and stress pattern matching standard Brazilian Portuguese.""}}"	9851aabdf5	1	1	o ano	o ano	
0034.00.01	example	qPfM2laM0pRL4rrZtBGl	audio/0034.00.01-ex-eleven_v3-v1.mp3	O ano tem doze meses.	1	production	"{""flash38-J2"": {""verdict"": ""bp_ok"", ""drift"": ""none"", ""severity"": ""low"", ""evidence"": ""Pronounced with clear standard Brazilian Portuguese phonology, including correct palatalization /z/ and final vowel reductions [u ˈɐ̃nu tẽj̃ ˈdozi ˈmezis].""}}"	9851aabdf5	1	1	O ano tem doze meses.	O ano tem doze meses.	
0045.00.01	word	xNGAXaCH8MaasNuo7Hr7	audio/0045.00.01-word-eleven_v3-v1.mp3	Às vezes	1	relaxed	"{""flash38-J2"": {""verdict"": ""bp_ok"", ""drift"": ""none"", ""severity"": ""low"", ""evidence"": ""Pronounced with standard Brazilian Portuguese phonology [a ˈves].""}}"	9851aabdf5	1	1	a vez	a vez	
0045.00.01	example	xNGAXaCH8MaasNuo7Hr7	audio/0045.00.01-ex-eleven_v3-v1.mp3	Visitei minha avó três vezes este mês.	1	production	"{""flash38-J2"": {""verdict"": ""bp_ok"", ""drift"": ""none"", ""severity"": ""low"", ""evidence"": ""Pronounced with standard Brazilian Portuguese phonology, including correct palatalization of 'te' in 'este' as [tʃi] and clear open vowel in 'avó'.""}}"	9851aabdf5	1	1	Visitei minha avó três vezes este mês.	Visitei minha avó três vezes este mês.	
0045.00.02	word	m151rjrbWXbBqyq56tly	audio/0045.00.02-word-eleven_v3-v1.mp3	Avvis.	1	relaxed	"{""flash38-J2"": {""verdict"": ""bp_ok"", ""drift"": ""none"", ""severity"": ""low"", ""evidence"": ""Stressed closed vowel [e] and alveolar coda [s] match standard Brazilian Portuguese /a ˈves/.""}}"	9851aabdf5	1	1	a vez	a vez	
0045.00.02	example	m151rjrbWXbBqyq56tly	audio/0045.00.02-ex-eleven_v3-v1.mp3	Agora é a minha vez de jogar.	1	production	"{""flash38-J2"": {""verdict"": ""bp_ok"", ""drift"": ""none"", ""severity"": ""low"", ""evidence"": ""Pronounced with standard Brazilian Portuguese phonology, including palatalized 'de' as [dʒi] and appropriate vowel qualities.""}}"	9851aabdf5	1	1	Agora é a minha vez de jogar.	Agora é a minha vez de jogar.	
0050.00.01	word	Rw38T6bn0lTNOb1aUevR	audio/0050.00.01-word-eleven_v3-v1.mp3	O dia.	1	production	"{""flash38-J2"": {""verdict"": ""bp_ok"", ""drift"": ""none"", ""severity"": ""low"", ""evidence"": ""Pronounced with expected palatalized [dʒi] and standard Brazilian Portuguese vowels [u ˈdʒiɐ].""}}"	9851aabdf5	1	1	o dia	o dia	
0050.00.01	example	Rw38T6bn0lTNOb1aUevR	audio/0050.00.01-ex-eleven_v3-v1.mp3	Hoje é um dia muito bonito.	1	production	"{""flash38-J2"": {""verdict"": ""bp_ok"", ""drift"": ""none"", ""severity"": ""low"", ""evidence"": ""Pronounced with clear standard Brazilian Portuguese phonology, including palatalization in [ˈoʒi] and [ˈdʒiɐ] and proper vowel qualities.""}}"	9851aabdf5	1	1	Hoje é um dia muito bonito.	Hoje é um dia muito bonito.	
0051.00.01	word	m151rjrbWXbBqyq56tly	audio/0051.00.01-word-eleven_v3-v1.mp3	só	1	production	"{""flash38-J2"": {""verdict"": ""bp_ok"", ""drift"": ""none"", ""severity"": ""low"", ""evidence"": ""Correct open-mid back rounded vowel [ɔ] matching /ˈsɔ/.""}}"	9851aabdf5	1	1	só	só	
0051.00.01	example	m151rjrbWXbBqyq56tly	audio/0051.00.01-ex-eleven_v3-v1.mp3	Eu tenho só dez reais na carteira.	1	production	"{""flash38-J2"": {""verdict"": ""bp_ok"", ""drift"": ""none"", ""severity"": ""low"", ""evidence"": ""All words match standard Brazilian Portuguese phonology, including correct palatalization, open and closed vowels, and alveolar tap in coda/onset positions.""}}"	9851aabdf5	1	1	Eu tenho só dez reais na carteira.	Eu tenho só dez reais na carteira.	
0051.00.02	word	Rw38T6bn0lTNOb1aUevR	audio/0051.00.02-word-eleven_v3-v1.mp3	só	1	production	"{""flash38-J2"": {""verdict"": ""bp_ok"", ""drift"": ""none"", ""severity"": ""low"", ""evidence"": ""Open stressed vowel [ɔ] correctly pronounced matching standard Brazilian Portuguese.""}}"	9851aabdf5	1	1	só	só	
0051.00.02	example	Rw38T6bn0lTNOb1aUevR	audio/0051.00.02-ex-eleven_v3-v1.mp3	Ela mora só em um apartamento pequeno.	1	production	"{""flash38-J2"": {""verdict"": ""bp_ok"", ""drift"": ""none"", ""severity"": ""low"", ""evidence"": ""Pronounced with clear standard Brazilian Portuguese phonology, including open vowels in 'ela', 'mora', and 'só', palatalized final unstressed vowels reduced pro""}}"	9851aabdf5	1	1	Ela mora só em um apartamento pequeno.	Ela mora só em um apartamento pequeno.	
0054.00.01	word	Rw38T6bn0lTNOb1aUevR	audio/0054.00.01-word-eleven_v3-v1.mp3	Primeiro.	1	production	"{""flash38-J2"": {""verdict"": ""bp_ok"", ""drift"": ""none"", ""severity"": ""low"", ""evidence"": ""Pronounced as [pɾiˈmejɾu] with standard Brazilian Portuguese phonology.""}}"	9851aabdf5	1	1	primeiro	primeiro	
0054.00.01	example	Rw38T6bn0lTNOb1aUevR	audio/0054.00.01-ex-eleven_v3-v1.mp3	Ela mora no primeiro andar do prédio.	1	production	"{""flash38-J2"": {""verdict"": ""bp_ok"", ""drift"": ""none"", ""severity"": ""low"", ""evidence"": ""All words pronounced with standard Brazilian Portuguese phonology, including correct open vowels in 'ela', 'mora', 'prédio' and palatalization of 'di' in 'prédi""}}"	9851aabdf5	1	1	Ela mora no primeiro andar do prédio.	Ela mora no primeiro andar do prédio.	
0056.00.02	word	Rw38T6bn0lTNOb1aUevR	audio/0056.00.02-word-eleven_v3-v1.mp3	Dever.	1	production	"{""flash38-J2"": {""verdict"": ""bp_ok"", ""drift"": ""none"", ""severity"": ""low"", ""evidence"": ""Final syllable stress with standard Brazilian closed vowel [e] and coda tap [ɾ].""}}"	9851aabdf5	1	1	dever	dever	
0056.00.02	example	Rw38T6bn0lTNOb1aUevR	audio/0056.00.02-ex-eleven_v3-v1.mp3	Devo dez reais ao meu amigo.	1	production	"{""flash38-J2"": {""verdict"": ""bp_ok"", ""drift"": ""none"", ""severity"": ""low"", ""evidence"": ""Pronounced with standard Brazilian Portuguese phonology, including correct open vowel in dez, standard fricative r in reais, and proper reductions.""}}"	9851aabdf5	1	1	Devo dez reais ao meu amigo.	Devo dez reais ao meu amigo.	
0060.00.01	word	xNGAXaCH8MaasNuo7Hr7	audio/0060.00.01-word-eleven_v3-v4.mp3	Kiri.	1	relaxed	"{""flash38-J2"": {""verdict"": ""bp_ok"", ""drift"": ""none"", ""severity"": ""low"", ""evidence"": ""Pronounced with clear final stress and standard Brazilian Portuguese vowel quality and flap r.""}}"	9851aabdf5	1	1	querer	querer	
0060.00.01	example	ny3E2DZImeZm00WLGZi9	audio/0060.00.01-ex-eleven_v3-v1.mp3	Eu quero aprender português.	1	production	"{""flash38-J2"": {""verdict"": ""bp_ok"", ""drift"": ""none"", ""severity"": ""low"", ""evidence"": ""Native standard Brazilian Portuguese pronunciation with correct vowel qualities, rhotic realization, and sibilant coda [s].""}}"	9851aabdf5	1	1	Eu quero aprender português.	Eu quero aprender português.	
0065.00.01	word	AaeZyyi87RCxtFnHPS3e	audio/0065.00.01-word-eleven_v3-v1.mp3	O tempo.	1	production	"{""flash38-J2"": {""verdict"": ""bp_ok"", ""drift"": ""none"", ""severity"": ""low"", ""evidence"": ""Pronounced clearly as [u ˈtẽpu] matching standard Brazilian Portuguese phonology.""}}"	9851aabdf5	1	1	o tempo	o tempo	
0065.00.01	example	AaeZyyi87RCxtFnHPS3e	audio/0065.00.01-ex-eleven_v3-v1.mp3	Não tenho tempo para assistir TV hoje.	1	production	"{""flash38-J2"": {""verdict"": ""bp_ok"", ""drift"": ""none"", ""severity"": ""low"", ""evidence"": ""Native standard Brazilian Portuguese pronunciation with palatalized affricates [tʃ] in 'assistir' and 'TV', and [ʒi] in 'hoje'.""}}"	9851aabdf5	1	1	Não tenho tempo para assistir TV hoje.	Não tenho tempo para assistir TV hoje.	
0065.00.02	word	qPfM2laM0pRL4rrZtBGl	audio/0065.00.02-word-eleven_v3-v1.mp3	O tempo	1	production	"{""flash38-J2"": {""verdict"": ""bp_ok"", ""drift"": ""none"", ""severity"": ""low"", ""evidence"": ""Accurate Brazilian Portuguese pronunciation matching /u ˈtẽpu/ with correct vowel reduction and nasalization.""}}"	9851aabdf5	1	1	o tempo	o tempo	
0065.00.02	example	qPfM2laM0pRL4rrZtBGl	audio/0065.00.02-ex-eleven_v3-v1.mp3	O tempo está bom hoje para ir à praia.	1	production	"{""flash38-J2"": {""verdict"": ""bp_ok"", ""drift"": ""none"", ""severity"": ""low"", ""evidence"": ""All words follow standard Brazilian Portuguese phonology, including nasal vowels, reduced final vowels, and standard intonation.""}}"	9851aabdf5	1	1	O tempo está bom hoje para ir à praia.	O tempo está bom hoje para ir à praia.	
0069.00.01	word	Rw38T6bn0lTNOb1aUevR	audio/0069.00.01-word-eleven_v3-v1.mp3	A pessoa.	1	production	"{""flash38-J2"": {""verdict"": ""bp_ok"", ""drift"": ""none"", ""severity"": ""low"", ""evidence"": ""Standard native Brazilian Portuguese pronunciation of 'a pessoa' with correct vowel reduction and stress.""}}"	9851aabdf5	1	1	a pessoa	a pessoa	
0069.00.01	example	Rw38T6bn0lTNOb1aUevR	audio/0069.00.01-ex-eleven_v3-v1.mp3	Aquela pessoa trabalha no hospital da cidade.	1	production	"{""flash38-J2"": {""verdict"": ""bp_ok"", ""drift"": ""none"", ""severity"": ""low"", ""evidence"": ""Pronounced with standard Brazilian Portuguese phonemes including palatalization in 'cidade' [siˈdadʒi] and vocalized 'l' in 'hospital' [ospiˈtaw].""}}"	9851aabdf5	1	1	Aquela pessoa trabalha no hospital da cidade.	Aquela pessoa trabalha no hospital da cidade.	
0070.00.01	word	ny3E2DZImeZm00WLGZi9	audio/0070.00.01-word-eleven_v3-v1.mp3	A coisa.	1	production	"{""flash38-J2"": {""verdict"": ""bp_ok"", ""drift"": ""none"", ""severity"": ""low"", ""evidence"": ""Pronounced clearly as [a ˈkojzɐ] with correct diphthong [oj] and intervocalic [z].""}}"	9851aabdf5	1	1	a coisa	a coisa	
0070.00.01	example	ny3E2DZImeZm00WLGZi9	audio/0070.00.01-ex-eleven_v3-v1.mp3	Preciso comprar algumas coisas no mercado.	1	production	"{""flash38-J2"": {""verdict"": ""bp_ok"", ""drift"": ""none"", ""severity"": ""low"", ""evidence"": ""Native standard Brazilian Portuguese pronunciation with correct vocalization of coda l in 'algumas' and palatalization/vowel reduction consistent with BP.""}}"	9851aabdf5	1	1	Preciso comprar algumas coisas no mercado.	Preciso comprar algumas coisas no mercado.	
0074.00.01	word	m151rjrbWXbBqyq56tly	audio/0074.00.01-word-eleven_v3-v1.mp3	Qual.	1	production	"{""flash38-J2"": {""verdict"": ""bp_ok"", ""drift"": ""none"", ""severity"": ""low"", ""evidence"": ""Final -l is clearly vocalized to [w], matching expected [ˈkwaw].""}, ""pro-J2"": {""verdict"": ""bp_ok"", ""drift"": ""none"", ""severity"": ""low"", ""evidence"": ""The final l is correctly vocalized to w and the vowel is clear.""}}"	9851aabdf5	1	1	qual	qual	
0074.00.01	example	m151rjrbWXbBqyq56tly	audio/0074.00.01-ex-eleven_v3-v1.mp3	Qual é o seu nome?	1	production	"{""flash38-J2"": {""verdict"": ""bp_ok"", ""drift"": ""none"", ""severity"": ""low"", ""evidence"": ""Native-sounding Brazilian Portuguese pronunciation matching /ˈkwaw ˈɛ u ˈsew ˈnomi/ with vocalized final -l and raised unstressed final -e to [i].""}}"	9851aabdf5	1	1	Qual é o seu nome?	Qual é o seu nome?	
0076.00.01	word	ny3E2DZImeZm00WLGZi9	audio/0076.00.01-word-eleven_v3-v1.mp3	A vida.	1	production	"{""flash38-J2"": {""verdict"": ""bp_ok"", ""drift"": ""none"", ""severity"": ""low"", ""evidence"": ""Matches expected São Paulo Brazilian Portuguese pronunciation /a ˈvidɐ/ perfectly.""}}"	9851aabdf5	1	1	a vida	a vida	
0076.00.01	example	ny3E2DZImeZm00WLGZi9	audio/0076.00.01-ex-eleven_v3-v1.mp3	A vida na cidade é diferente da vida no campo.	1	production	"{""flash38-J2"": {""verdict"": ""bp_ok"", ""drift"": ""none"", ""severity"": ""low"", ""evidence"": ""Native standard Brazilian Portuguese pronunciation with palatalized affricates in 'cidade' and 'diferente', correct vowel qualities, and natural prosody.""}}"	9851aabdf5	1	1	A vida na cidade é diferente da vida no campo.	A vida na cidade é diferente da vida no campo.	
0078.00.01	word	wxoDdfPKBuna5KnUEotz	audio/0078.00.01-word-eleven_v3-v1.mp3	Uomini.	1	relaxed	"{""flash38-J2"": {""verdict"": ""bp_ok"", ""drift"": ""none"", ""severity"": ""low"", ""evidence"": ""Pronounced clearly as [u ˈomẽj̃] with correct vowel qualities, silent h, and nasal diphthong.""}, ""pro-J2"": {""verdict"": ""bp_ok"", ""drift"": ""none"", ""severity"": ""low"", ""evidence"": ""Correct stress placement and clear nasal diphthong in the final syllable.""}}"	9851aabdf5	1	1	o homem	o homem	
0078.00.01	example	wxoDdfPKBuna5KnUEotz	audio/0078.00.01-ex-eleven_v3-v1.mp3	O homem lê o jornal toda manhã.	1	production	"{""flash38-J2"": {""verdict"": ""bp_ok"", ""drift"": ""none"", ""severity"": ""low"", ""evidence"": ""Native standard Brazilian Portuguese pronunciation matching the expected IPA, with vocalized coda-l in jornal and correct nasal vowels.""}}"	9851aabdf5	1	1	O homem lê o jornal toda manhã.	O homem lê o jornal toda manhã.	
0083.00.01	word	Rw38T6bn0lTNOb1aUevR	audio/0083.00.01-word-eleven_v3-v5.mp3	lhe	1	production	"{""flash38-J2"": {""verdict"": ""bp_ok"", ""drift"": ""none"", ""severity"": ""low"", ""evidence"": ""Pronounced with standard palatal lateral /ʎ/ and reduced final vowel /i/.""}}"	9851aabdf5	1	1	lhe	lhe	
0083.00.01	example	m151rjrbWXbBqyq56tly	audio/0083.00.01-ex-eleven_v3-v1.mp3	Eu lhe dei o livro ontem.	1	production	"{""flash38-J2"": {""verdict"": ""bp_ok"", ""drift"": ""none"", ""severity"": ""low"", ""evidence"": ""Pronounced with standard Brazilian Portuguese phonology, including correct palatalization, vowel reduction, and nasalization.""}}"	9851aabdf5	1	1	Eu lhe dei o livro ontem.	Eu lhe dei o livro ontem.	
0086.00.01	word	qPfM2laM0pRL4rrZtBGl	audio/0086.00.01-word-eleven_v3-v1.mp3	Levar.	1	production	"{""flash38-J2"": {""verdict"": ""bp_ok"", ""drift"": ""none"", ""severity"": ""low"", ""evidence"": ""Word pronounced accurately with standard Brazilian Portuguese phonology and stress on the final syllable.""}}"	9851aabdf5	1	1	levar	levar	
0086.00.01	example	qPfM2laM0pRL4rrZtBGl	audio/0086.00.01-ex-eleven_v3-v1.mp3	Vou levar meu filho à escola de manhã.	1	production	"{""flash38-J2"": {""verdict"": ""bp_ok"", ""drift"": ""none"", ""severity"": ""low"", ""evidence"": ""Pronounced with clear standard Brazilian Portuguese phonetic features, including palatalized 'de' as [dʒi] and correct vowel reductions.""}}"	9851aabdf5	1	1	Vou levar meu filho à escola de manhã.	Vou levar meu filho à escola de manhã.	
0096.00.01	word	wxoDdfPKBuna5KnUEotz	audio/0096.00.01-word-eleven_v3-v1.mp3	А форма	1	relaxed	"{""flash38-J2"": {""verdict"": ""bp_ok"", ""drift"": ""none"", ""severity"": ""low"", ""evidence"": ""Stressed vowel is properly pronounced as open [ɔ] with correct alveolar tap coda [ɾ] and final vowel reduction.""}, ""pro-J2"": {""verdict"": ""bp_ok"", ""drift"": ""none"", ""severity"": ""low"", ""evidence"": ""Clear open stressed vowel and correct stress placement on the penultimate syllable.""}}"	9851aabdf5	1	1	a forma	a forma	
0096.00.01	example	wxoDdfPKBuna5KnUEotz	audio/0096.00.01-ex-eleven_v3-v1.mp3	Preencha a forma com seus dados pessoais.	1	production	"{""flash38-J2"": {""verdict"": ""bp_ok"", ""drift"": ""none"", ""severity"": ""low"", ""evidence"": ""Clean and accurate Brazilian Portuguese pronunciation with correct vowel qualities, nasalization, and palatalization/sibilants.""}}"	9851aabdf5	1	1	Preencha a forma com seus dados pessoais.	Preencha a forma com seus dados pessoais.	
0097.00.01	word	Rw38T6bn0lTNOb1aUevR	audio/0097.00.01-word-eleven_v3-v1.mp3	Cada.	1	production	"{""flash38-J2"": {""verdict"": ""bp_ok"", ""drift"": ""none"", ""severity"": ""low"", ""evidence"": ""Pronounced clearly as /ˈkadɐ/ with standard Brazilian Portuguese phonology.""}}"	9851aabdf5	1	1	cada	cada	
0097.00.01	example	Rw38T6bn0lTNOb1aUevR	audio/0097.00.01-ex-eleven_v3-v1.mp3	Cada aluno tem um livro diferente.	1	production	"{""flash38-J2"": {""verdict"": ""bp_ok"", ""drift"": ""none"", ""severity"": ""low"", ""evidence"": ""Proper palatalization of 'diferente' as [dʒifeˈɾẽtʃi], reduction of unstressed final vowels to [u] and [i], and natural Brazilian Portuguese prosody.""}}"	9851aabdf5	1	1	Cada aluno tem um livro diferente.	Cada aluno tem um livro diferente.	
0111.00.01	word	qPfM2laM0pRL4rrZtBGl	audio/0111.00.01-word-eleven_v3-v1.mp3	O governo.	1	production	"{""flash38-J2"": {""verdict"": ""bp_ok"", ""drift"": ""none"", ""severity"": ""low"", ""evidence"": ""Pronounced clearly as [u ɡoˈveɾnu] with standard Brazilian Portuguese phonemes.""}, ""pro-J2"": {""verdict"": ""bp_ok"", ""drift"": ""none"", ""severity"": ""low"", ""evidence"": ""Clear pronunciation with correct stress on 'ver' and standard vowel reduction on the final 'o'.""}}"	9851aabdf5	1	1	o governo	o governo	
0111.00.01	example	qPfM2laM0pRL4rrZtBGl	audio/0111.00.01-ex-eleven_v3-v1.mp3	O governo anunciou novas medidas econômicas ontem.	1	production	"{""flash38-J2"": {""verdict"": ""bp_ok"", ""drift"": ""none"", ""severity"": ""low"", ""evidence"": ""Native standard Brazilian Portuguese pronunciation throughout with natural palatalization in 'medidas' [dʒ] and proper vowel qualities.""}}"	9851aabdf5	1	1	O governo anunciou novas medidas econômicas ontem.	O governo anunciou novas medidas econômicas ontem.	
0113.00.02	word	qPfM2laM0pRL4rrZtBGl	audio/0113.00.02-word-eleven_v3-v1.mp3	Conseguir.	1	production	"{""flash38-J2"": {""verdict"": ""bp_ok"", ""drift"": ""none"", ""severity"": ""low"", ""evidence"": ""Accurate stress on final syllable with natural Brazilian Portuguese phonology [kõseˈɡiɾ].""}}"	9851aabdf5	1	1	conseguir	conseguir	
0113.00.02	example	qPfM2laM0pRL4rrZtBGl	audio/0113.00.02-ex-eleven_v3-v1.mp3	Preciso conseguir um passaporte novo antes da viagem.	1	production	"{""flash38-J2"": {""verdict"": ""bp_ok"", ""drift"": ""none"", ""severity"": ""low"", ""evidence"": ""Native Brazilian Portuguese pronunciation throughout with natural palatalization in 'passaporte' and 'antes' and clear unstressed vowels.""}}"	9851aabdf5	1	1	Preciso conseguir um passaporte novo antes da viagem.	Preciso conseguir um passaporte novo antes da viagem.	
0122.00.01	word	qPfM2laM0pRL4rrZtBGl	audio/0122.00.01-word-eleven_v3-v1.mp3	A mulher.	1	production	"{""flash38-J2"": {""verdict"": ""bp_ok"", ""drift"": ""none"", ""severity"": ""low"", ""evidence"": ""Correct stress on -lher with open vowel [ɛ] and standard Brazilian coda r.""}}"	9851aabdf5	1	1	a mulher	a mulher	
0122.00.01	example	qPfM2laM0pRL4rrZtBGl	audio/0122.00.01-ex-eleven_v3-v1.mp3	A mulher trabalha no hospital como médica.	1	production	"{""flash38-J2"": {""verdict"": ""bp_ok"", ""drift"": ""none"", ""severity"": ""low"", ""evidence"": ""Pronounced entirely in standard Brazilian Portuguese with proper vowel reductions and vocalized final -l in hospital.""}}"	9851aabdf5	1	1	A mulher trabalha no hospital como médica.	A mulher trabalha no hospital como médica.	
0122.00.02	word	qPfM2laM0pRL4rrZtBGl	audio/0122.00.02-word-eleven_v3-v1.mp3	A mulher.	1	production	"{""flash38-J2"": {""verdict"": ""bp_ok"", ""drift"": ""none"", ""severity"": ""low"", ""evidence"": ""Stressed syllable has correct open [ɛ] and standard rhotic coda consonant with palatal [ʎ].""}}"	9851aabdf5	1	1	a mulher	a mulher	
0122.00.02	example	qPfM2laM0pRL4rrZtBGl	audio/0122.00.02-ex-eleven_v3-v1.mp3	A mulher dele trabalha no hospital.	1	production	"{""flash38-J2"": {""verdict"": ""bp_ok"", ""drift"": ""none"", ""severity"": ""low"", ""evidence"": ""Native Brazilian Portuguese pronunciation with palatalized 'dele' [ˈdʒeli], correct nasalization and coda [w] in 'hospital'.""}}"	9851aabdf5	1	1	A mulher dele trabalha no hospital.	A mulher dele trabalha no hospital.	
0127.00.01	word	m151rjrbWXbBqyq56tly	audio/0127.00.01-word-eleven_v3-v1.mp3	tal	1	production	"{""flash38-J2"": {""verdict"": ""bp_ok"", ""drift"": ""none"", ""severity"": ""low"", ""evidence"": ""Pronounced as [taw] with proper coda l vocalization to [w]""}, ""pro-J2"": {""verdict"": ""bp_ok"", ""drift"": ""none"", ""severity"": ""low"", ""evidence"": ""Clear [a] vowel and vocalized final L as [w], matching standard Brazilian Portuguese.""}}"	9851aabdf5	1	1	tal	tal	
0127.00.01	example	m151rjrbWXbBqyq56tly	audio/0127.00.01-ex-eleven_v3-v1.mp3	Nunca vi tal coisa na minha vida.	1	production	"{""flash38-J2"": {""verdict"": ""bp_ok"", ""drift"": ""none"", ""severity"": ""low"", ""evidence"": ""All words and sounds clearly match standard Brazilian Portuguese phonology, including vocalized -l in 'tal' and appropriate vowels throughout.""}}"	9851aabdf5	1	1	Nunca vi tal coisa na minha vida.	Nunca vi tal coisa na minha vida.	
0129.00.01	word	xNGAXaCH8MaasNuo7Hr7	audio/0129.00.01-word-eleven_v3-v1.mp3	lá	1	production	"{""flash38-J2"": {""verdict"": ""bp_ok"", ""drift"": ""none"", ""severity"": ""low"", ""evidence"": ""Clear open front-central vowel [a] with alveolar lateral [l], matching standard BP.""}}"	9851aabdf5	1	1	lá	lá	
0129.00.01	example	xNGAXaCH8MaasNuo7Hr7	audio/0129.00.01-ex-eleven_v3-v1.mp3	Minha avó mora lá no interior.	1	production	"{""flash38-J2"": {""verdict"": ""bp_ok"", ""drift"": ""none"", ""severity"": ""low"", ""evidence"": ""Natural São Paulo Brazilian Portuguese pronunciation matching the expected phonemes.""}}"	9851aabdf5	1	1	Minha avó mora lá no interior.	Minha avó mora lá no interior.	
0133.00.01	word	Rw38T6bn0lTNOb1aUevR	audio/0133.00.01-word-eleven_v3-v1.mp3	Desde.	1	production	"{""flash38-J2"": {""verdict"": ""bp_ok"", ""drift"": ""none"", ""severity"": ""low"", ""evidence"": ""Pronounced with standard Brazilian Portuguese phonemes [ˈdezdʒi] including correct palatalization of final -de to [dʒi].""}}"	9851aabdf5	1	1	desde	desde	
0133.00.01	example	Rw38T6bn0lTNOb1aUevR	audio/0133.00.01-ex-eleven_v3-v1.mp3	Moro aqui desde 2010.	1	production	"{""flash38-J2"": {""verdict"": ""bp_ok"", ""drift"": ""none"", ""severity"": ""low"", ""evidence"": ""Matches standard Brazilian Portuguese pronunciation including palatalization in 'desde' and vocalized coda-l in 'mil'.""}}"	9851aabdf5	1	1	Moro aqui desde 2010.	Moro aqui desde 2010.	
0135.00.01	word	Rw38T6bn0lTNOb1aUevR	audio/0135.00.01-word-eleven_v3-v1.mp3	aí	1	production	"{""flash38-J2"": {""verdict"": ""bp_ok"", ""drift"": ""none"", ""severity"": ""low"", ""evidence"": ""Clear pronunciation of /aˈi/ with hiatus and final syllable stress, standard for Brazilian Portuguese.""}}"	9851aabdf5	1	1	aí	aí	
0135.00.01	example	Rw38T6bn0lTNOb1aUevR	audio/0135.00.01-ex-eleven_v3-v1.mp3	Coloque o livro aí na mesa, por favor.	0	fail	{}	9851aabdf5	0	0	Coloca o livro aí na mesa, por favor.	Coloca o livro aí na mesa, por favor.	
0151.00.02	word	Rw38T6bn0lTNOb1aUevR	audio/0151.00.02-word-eleven_v3-v1.mp3	A história.	1	production	"{""flash38-J2"": {""verdict"": ""bp_ok"", ""drift"": ""none"", ""severity"": ""low"", ""evidence"": ""Accurate stress on -tó- with open [ɔ], tap [ɾ], and standard Brazilian intonation and phonemes.""}, ""pro-J2"": {""verdict"": ""bp_ok"", ""drift"": ""none"", ""severity"": ""low"", ""evidence"": ""Clear open stressed vowel [ɔ] and standard tap [ɾ] with correct stress placement.""}}"	9851aabdf5	1	1	a história	a história	
0151.00.02	example	Rw38T6bn0lTNOb1aUevR	audio/0151.00.02-ex-eleven_v3-v1.mp3	Estudo história na universidade.	1	production	"{""flash38-J2"": {""verdict"": ""bp_ok"", ""drift"": ""none"", ""severity"": ""low"", ""evidence"": ""Native standard Brazilian Portuguese pronunciation with correct palatalization on 'universidade' [dadʒi] and appropriate vowel reductions.""}}"	9851aabdf5	1	1	Estudo história na universidade.	Estudo história na universidade.	
0164.00.02	word	wxoDdfPKBuna5KnUEotz	audio/0164.00.02-word-eleven_v3-v1.mp3	O ponto.	1	production	"{""flash38-J2"": {""verdict"": ""bp_ok"", ""drift"": ""none"", ""severity"": ""low"", ""evidence"": ""Pronounced clearly as [u ˈpõtu] consistent with standard Brazilian Portuguese phonology.""}}"	9851aabdf5	1	1	o ponto	o ponto	
0164.00.02	example	wxoDdfPKBuna5KnUEotz	audio/0164.00.02-ex-eleven_v3-v1.mp3	O mapa tem um ponto vermelho na cidade.	1	production	"{""flash38-J2"": {""verdict"": ""bp_ok"", ""drift"": ""none"", ""severity"": ""low"", ""evidence"": ""All phonemes including palatalization in 'cidade' [siˈdadʒi] and lateral palatal [ʎ] in 'vermelho' match standard Brazilian Portuguese.""}}"	9851aabdf5	1	1	O mapa tem um ponto vermelho na cidade.	O mapa tem um ponto vermelho na cidade.	
0168.00.01	word	qPfM2laM0pRL4rrZtBGl	audio/0168.00.01-word-eleven_v3-v1.mp3	O pai.	1	production	"{""flash38-J2"": {""verdict"": ""bp_ok"", ""drift"": ""none"", ""severity"": ""low"", ""evidence"": ""Pronounced as [u ˈpaj] matching standard Brazilian Portuguese""}}"	9851aabdf5	1	1	o pai	o pai	
0168.00.01	example	qPfM2laM0pRL4rrZtBGl	audio/0168.00.01-ex-eleven_v3-v1.mp3	Meu pai trabalha no hospital.	1	production	"{""flash38-J2"": {""verdict"": ""bp_ok"", ""drift"": ""none"", ""severity"": ""low"", ""evidence"": ""Native standard Brazilian Portuguese pronunciation with correct vocalization of coda -l to [w] in hospital and natural phonology throughout.""}}"	9851aabdf5	1	1	Meu pai trabalha no hospital.	Meu pai trabalha no hospital.	
0200.00.01	word	m151rjrbWXbBqyq56tly	audio/0200.00.01-word-eleven_v3-v1.mp3	O real.	1	production	"{""flash38-J2"": {""verdict"": ""bp_ok"", ""drift"": ""none"", ""severity"": ""low"", ""evidence"": ""Standard Brazilian Portuguese pronunciation with correct initial /h/ and coda vocalization /w/ in real.""}, ""pro-J2"": {""verdict"": ""bp_ok"", ""drift"": ""none"", ""severity"": ""low"", ""evidence"": ""Initial r is pronounced as a back fricative and final l is vocalized to w, with correct stress on the final syllable.""}}"	9851aabdf5	1	1	o real	o real	
0200.00.01	example	m151rjrbWXbBqyq56tly	audio/0200.00.01-ex-eleven_v3-v1.mp3	Esta história é baseada em fatos reais.	1	production	"{""flash38-J2"": {""verdict"": ""bp_ok"", ""drift"": ""none"", ""severity"": ""low"", ""evidence"": ""All words pronounced with natural standard Brazilian Portuguese phonology, including correct stress, vowel qualities, and coda consonants.""}}"	9851aabdf5	1	1	Esta história é baseada em fatos reais.	Esta história é baseada em fatos reais.	
0204.00.01	word	qPfM2laM0pRL4rrZtBGl	audio/0204.00.01-word-eleven_v3-v1.mp3	Possível.	1	production	"{""flash38-J2"": {""verdict"": ""bp_ok"", ""drift"": ""none"", ""severity"": ""low"", ""evidence"": ""Correct stress on second syllable with vocalized final -l as [w] (poˈsivew).""}, ""pro-J2"": {""verdict"": ""bp_ok"", ""drift"": ""none"", ""severity"": ""low"", ""evidence"": ""Clear paroxytone stress with vocalized final L as [w].""}}"	9851aabdf5	1	1	possível	possível	
0204.00.01	example	qPfM2laM0pRL4rrZtBGl	audio/0204.00.01-ex-eleven_v3-v1.mp3	É possível chegar lá de ônibus.	1	production	"{""flash38-J2"": {""verdict"": ""bp_ok"", ""drift"": ""none"", ""severity"": ""low"", ""evidence"": ""Pronounced accurately with standard Brazilian Portuguese phonology, including vocalized -l in 'possível', palatalized 'de' [dʒi], and proper stress and vowel qu""}}"	9851aabdf5	1	1	É possível chegar lá de ônibus.	É possível chegar lá de ônibus.	
0207.00.01	word	Rw38T6bn0lTNOb1aUevR	audio/0207.00.01-word-eleven_v3-v1.mp3	Social.	1	production	"{""flash38-J2"": {""verdict"": ""bp_ok"", ""drift"": ""none"", ""severity"": ""low"", ""evidence"": ""Pronounced with standard Brazilian Portuguese phonology, including final -l vocalized to [w] and stress on the final syllable.""}, ""pro-J2"": {""verdict"": ""bp_ok"", ""drift"": ""none"", ""severity"": ""low"", ""evidence"": ""Final syllable is stressed and ends with a vocalized l [w].""}}"	9851aabdf5	1	1	social	social	
0207.00.01	example	Rw38T6bn0lTNOb1aUevR	audio/0207.00.01-ex-eleven_v3-v1.mp3	As redes sociais conectam pessoas no mundo todo.	1	production	"{""flash38-J2"": {""verdict"": ""bp_ok"", ""drift"": ""none"", ""severity"": ""low"", ""evidence"": ""Native standard Brazilian Portuguese pronunciation throughout with accurate palatalization in 'redes' [dʒi] and correct vowel reductions.""}}"	9851aabdf5	1	1	As redes sociais conectam pessoas no mundo todo.	As redes sociais conectam pessoas no mundo todo.	
0209.00.02	word	qPfM2laM0pRL4rrZtBGl	audio/0209.00.02-word-eleven_v3-v2.mp3	Claro.	1	production	"{""flash38-J2"": {""verdict"": ""bp_ok"", ""drift"": ""none"", ""severity"": ""low"", ""evidence"": ""The speaker clearly pronounces /ˈklaɾu/ with a standard alveolar tap and final vowel raising to [u].""}}"	9851aabdf5	1	1	claro	claro	
0209.00.02	example	qPfM2laM0pRL4rrZtBGl	audio/0209.00.02-ex-eleven_v3-v1.mp3	Ela usa um vestido azul claro.	1	production	"{""flash38-J2"": {""verdict"": ""bp_ok"", ""drift"": ""none"", ""severity"": ""low"", ""evidence"": ""Pronounced with standard Brazilian Portuguese phonology, including correct palatalization in 'vestido' [vesˈtʃidu] and vocalized 'l' in 'azul' [aˈzuw].""}}"	9851aabdf5	1	1	Ela usa um vestido azul claro.	Ela usa um vestido azul claro.	
0215.00.01	word	m151rjrbWXbBqyq56tly	audio/0215.00.01-word-eleven_v3-v3.mp3	A questão.	1	production	"{""flash38-J2"": {""verdict"": ""bp_ok"", ""drift"": ""none"", ""severity"": ""low"", ""evidence"": ""Correct palatalization of 't' as [tʃ] before the nasal diphthong, standard Brazilian Portuguese phonology.""}}"	9851aabdf5	1	1	a questão	a questão	
0215.00.01	example	m151rjrbWXbBqyq56tly	audio/0215.00.01-ex-eleven_v3-v1.mp3	A professora fez uma questão difícil na prova.	1	production	"{""flash38-J2"": {""verdict"": ""bp_ok"", ""drift"": ""none"", ""severity"": ""low"", ""evidence"": ""Pronounced with clear standard Brazilian Portuguese phonology, including correct palatalization [dʒiˈfisiw] and vocalization of final -l.""}}"	9851aabdf5	1	1	A professora fez uma questão difícil na prova.	A professora fez uma questão difícil na prova.	
0224.00.02	word	qPfM2laM0pRL4rrZtBGl	audio/0224.00.02-word-eleven_v3-v1.mp3	Próximo.	1	production	"{""flash38-J2"": {""verdict"": ""bp_ok"", ""drift"": ""none"", ""severity"": ""low"", ""evidence"": ""Pronounced with standard Brazilian Portuguese phonology matching /ˈpɾɔsimu/.""}}"	9851aabdf5	1	1	próximo	próximo	
0224.00.02	example	qPfM2laM0pRL4rrZtBGl	audio/0224.00.02-ex-eleven_v3-v1.mp3	O banco fica próximo ao mercado.	1	production	"{""flash38-J2"": {""verdict"": ""bp_ok"", ""drift"": ""none"", ""severity"": ""low"", ""evidence"": ""Pronounced with standard Brazilian Portuguese phonology, including correct vowels, palatalization/reduction where appropriate, and correct stress patterns acros""}}"	9851aabdf5	1	1	O banco fica próximo ao mercado.	O banco fica próximo ao mercado.	
0250.00.01	word	ny3E2DZImeZm00WLGZi9	audio/0250.00.01-word-eleven_v3-v2.mp3	Ganhá.	1	relaxed	"{""flash38-J2"": {""verdict"": ""bp_ok"", ""drift"": ""none"", ""severity"": ""low"", ""evidence"": ""Accurate Brazilian Portuguese pronunciation of 'ganhar' with nasalized [ɡɐ̃ˈɲa] and silent/tapped coda-r.""}}"	9851aabdf5	1	1	ganhar	ganhar	
0250.00.01	example	ny3E2DZImeZm00WLGZi9	audio/0250.00.01-ex-eleven_v3-v1.mp3	Meu irmão ganhou a competição de futebol ontem.	1	production	"{""flash38-J2"": {""verdict"": ""bp_ok"", ""drift"": ""none"", ""severity"": ""low"", ""evidence"": ""Native Brazilian Portuguese pronunciation with correct vocalization of final -l, palatalization of /t/ and /d/ before /i/, and natural rhythm.""}}"	9851aabdf5	1	1	Meu irmão ganhou a competição de futebol ontem.	Meu irmão ganhou a competição de futebol ontem.	
0259.00.02	word	ny3E2DZImeZm00WLGZi9	audio/0259.00.02-word-eleven_v3-v1.mp3	À tarde.	1	production	"{""flash38-J2"": {""verdict"": ""bp_ok"", ""drift"": ""none"", ""severity"": ""low"", ""evidence"": ""Correct palatalization of final -de to [dʒi] and appropriate vowel qualities.""}}"	9851aabdf5	1	1	a tarde	a tarde	
0259.00.02	example	ny3E2DZImeZm00WLGZi9	audio/0259.00.02-ex-eleven_v3-v2.mp3	Vou ao supermercado na tarde de sábado.	1	production	"{""flash38-J2"": {""verdict"": ""bp_ok"", ""drift"": ""none"", ""severity"": ""low"", ""evidence"": ""Pronounced with standard Brazilian Portuguese phonology, including palatalized 'tarde' [taɾdʒi] and 'de' [dʒi].""}}"	9851aabdf5	1	1	Vou ao supermercado na tarde de sábado.	Vou ao supermercado na tarde de sábado.	
0265.00.01	word	m151rjrbWXbBqyq56tly	audio/0265.00.01-word-eleven_v3-v1.mp3	À altura.	1	production	"{""flash38-J2"": {""verdict"": ""bp_ok"", ""drift"": ""none"", ""severity"": ""low"", ""evidence"": ""Coda 'l' is vocalized as [w] and the tap [ɾ] is pronounced correctly in accordance with standard Brazilian Portuguese.""}, ""pro-J2"": {""verdict"": ""bp_ok"", ""drift"": ""none"", ""severity"": ""low"", ""evidence"": ""The l in altura is correctly vocalized to w and the stress is correctly placed on the penultimate syllable.""}}"	9851aabdf5	1	1	a altura	a altura	
0265.00.01	example	m151rjrbWXbBqyq56tly	audio/0265.00.01-ex-eleven_v3-v1.mp3	A altura da montanha é de dois mil metros.	1	manual_override	"{""flash38-J2"": {""verdict"": ""bp_ok"", ""drift"": ""none"", ""severity"": ""low"", ""evidence"": ""Pronounced accurately with standard Brazilian Portuguese phonology, including vocalized -l in 'altura' and 'mil' as [w], palatalized 'de' as [dʒi], and proper v""}}"	9851aabdf5	1	1	A altura da montanha é de 2.000 metros.	A altura da montanha é de 2.000 metros.	
0265.00.02	word	m151rjrbWXbBqyq56tly	audio/0265.00.02-word-eleven_v3-v1.mp3	À altura.	1	production	"{""flash38-J2"": {""verdict"": ""bp_ok"", ""drift"": ""none"", ""severity"": ""low"", ""evidence"": ""Pronounced accurately with vocalized coda /l/ as [w] and tap [ɾ].""}, ""pro-J2"": {""verdict"": ""bp_ok"", ""drift"": ""none"", ""severity"": ""low"", ""evidence"": ""The 'l' in 'altura' is correctly vocalized to [w] and the stress is correctly placed on the penultimate syllable.""}}"	9851aabdf5	1	1	a altura	a altura	
0265.00.02	example	m151rjrbWXbBqyq56tly	audio/0265.00.02-ex-eleven_v3-v1.mp3	Naquela altura, eu morava em São Paulo.	1	production	"{""flash38-J2"": {""verdict"": ""bp_ok"", ""drift"": ""none"", ""severity"": ""low"", ""evidence"": ""Pronounced with standard Brazilian Portuguese phonology, including vocalized /l/ as [w] in altura and Paulo, and standard São Paulo vowel reductions.""}}"	9851aabdf5	1	1	Naquela altura, eu morava em São Paulo.	Naquela altura, eu morava em São Paulo.	
0279.00.01	word	wxoDdfPKBuna5KnUEotz	audio/0279.00.01-word-eleven_v3-v1.mp3	O Deus.	1	production	"{""flash38-J2"": {""verdict"": ""bp_ok"", ""drift"": ""none"", ""severity"": ""low"", ""evidence"": ""Matches expected São Paulo pronunciation /u ˈdews/ with clear [u] and standard diphthong [ews].""}}"	9851aabdf5	1	1	o Deus	o Deus	
0279.00.01	example	wxoDdfPKBuna5KnUEotz	audio/0279.00.01-ex-eleven_v3-v1.mp3	Muitas pessoas acreditam em Deus.	1	production	"{""flash38-J2"": {""verdict"": ""bp_ok"", ""drift"": ""none"", ""severity"": ""low"", ""evidence"": ""Natural palatalization in 'acreditam' [dʒi] and standard Brazilian Portuguese prosody and vowel reduction throughout.""}}"	9851aabdf5	1	1	Muitas pessoas acreditam em Deus.	Muitas pessoas acreditam em Deus.	
0288.00.01	word	wxoDdfPKBuna5KnUEotz	audio/0288.00.01-word-eleven_v3-v2.mp3	У праект.	1	relaxed	"{""flash38-J2"": {""verdict"": ""bp_ok"", ""drift"": ""none"", ""severity"": ""low"", ""evidence"": ""Stressed syllable features open [ɛ] with proper palato-alveolar [ʒ] and standard vowel reduction.""}}"	9851aabdf5	1	1	o projeto	o projeto	
0288.00.01	example	wxoDdfPKBuna5KnUEotz	audio/0288.00.01-ex-eleven_v3-v1.mp3	Estou trabalhando em um projeto novo na escola.	1	production	"{""flash38-J2"": {""verdict"": ""bp_ok"", ""drift"": ""none"", ""severity"": ""low"", ""evidence"": ""Native Brazilian Portuguese pronunciation throughout with natural vowel reductions and rhythm matching standard BP.""}}"	9851aabdf5	1	1	Estou trabalhando em um projeto novo na escola.	Estou trabalhando em um projeto novo na escola.	
0291.00.01	word	Rw38T6bn0lTNOb1aUevR	audio/0291.00.01-word-eleven_v3-v1.mp3	O jornal.	1	production	"{""flash38-J2"": {""verdict"": ""bp_ok"", ""drift"": ""none"", ""severity"": ""low"", ""evidence"": ""Final -l vocalized to [w], tap coda-r, and accurate vowels matching standard Brazilian Portuguese.""}, ""pro-J2"": {""verdict"": ""bp_ok"", ""drift"": ""none"", ""severity"": ""low"", ""evidence"": ""Final L is correctly vocalized to [w] and stress is on the final syllable.""}}"	9851aabdf5	1	1	o jornal	o jornal	
0291.00.01	example	Rw38T6bn0lTNOb1aUevR	audio/0291.00.01-ex-eleven_v3-v1.mp3	Eu leio jornal todo dia de manhã.	1	relaxed	"{""flash38-J2"": {""verdict"": ""bp_ok"", ""drift"": ""none"", ""severity"": ""low"", ""evidence"": ""Native standard Brazilian Portuguese pronunciation with palatalized 'd' in 'dia' and 'de', and vocalized final -l in 'jornal'.""}}"	9851aabdf5	1	1	Eu leio o jornal todo dia de manhã.	Eu leio o jornal todo dia de manhã.	
0295.00.02	word	qPfM2laM0pRL4rrZtBGl	audio/0295.00.02-word-eleven_v3-v1.mp3	Preciso.	1	production	"{""flash38-J2"": {""verdict"": ""bp_ok"", ""drift"": ""none"", ""severity"": ""low"", ""evidence"": ""standard Brazilian Portuguese pronunciation with correct stress and vowels [pɾeˈsizu]""}}"	9851aabdf5	1	1	preciso	preciso	
0295.00.02	example	qPfM2laM0pRL4rrZtBGl	audio/0295.00.02-ex-eleven_v3-v1.mp3	O relógio é muito preciso e nunca atrasa.	1	production	"{""flash38-J2"": {""verdict"": ""bp_ok"", ""drift"": ""none"", ""severity"": ""low"", ""evidence"": ""Pronounced with standard Brazilian phonology, including open stressed vowels, standard tap r, and expected cadence.""}}"	9851aabdf5	1	1	O relógio é muito preciso e nunca atrasa.	O relógio é muito preciso e nunca atrasa.	
0302.00.01	word	AaeZyyi87RCxtFnHPS3e	audio/0302.00.01-word-eleven_v3-v1.mp3	Nascer.	1	production	"{""flash38-J2"": {""verdict"": ""bp_ok"", ""drift"": ""none"", ""severity"": ""low"", ""evidence"": ""Matches expected São Paulo / Brazilian Portuguese pronunciation with stress on the second syllable and closed vowel [e].""}}"	9851aabdf5	1	1	nascer	nascer	
0302.00.01	example	AaeZyyi87RCxtFnHPS3e	audio/0302.00.01-ex-eleven_v3-v1.mp3	Meu irmão nasceu em janeiro de 2010.	1	production	"{""flash38-J2"": {""verdict"": ""bp_ok"", ""drift"": ""none"", ""severity"": ""low"", ""evidence"": ""Naturally and accurately pronounced standard Brazilian Portuguese sentence with standard phonology throughout.""}}"	9851aabdf5	1	1	Meu irmão nasceu em janeiro de 2010.	Meu irmão nasceu em janeiro de 2010.	
0304.00.01	word	AaeZyyi87RCxtFnHPS3e	audio/0304.00.01-word-eleven_v3-v2.mp3	O partido.	1	production	"{""flash38-J2"": {""verdict"": ""bp_ok"", ""drift"": ""none"", ""severity"": ""low"", ""evidence"": ""Correct palatalization of /ti/ to [tʃi] and standard Brazilian Portuguese phonology.""}}"	9851aabdf5	1	1	o partido	o partido	
0304.00.01	example	AaeZyyi87RCxtFnHPS3e	audio/0304.00.01-ex-eleven_v3-v1.mp3	O partido venceu as eleições no ano passado.	1	production	"{""flash38-J2"": {""verdict"": ""bp_ok"", ""drift"": ""none"", ""severity"": ""low"", ""evidence"": ""Native standard Brazilian Portuguese pronunciation with correct palatalization /tʃ/ in 'partido' and proper vowel reductions throughout.""}}"	9851aabdf5	1	1	O partido venceu as eleições no ano passado.	O partido venceu as eleições no ano passado.	
0312.00.01	word	wxoDdfPKBuna5KnUEotz	audio/0312.00.01-word-eleven_v3-v1.mp3	Mudar.	1	production	"{""flash38-J2"": {""verdict"": ""bp_ok"", ""drift"": ""none"", ""severity"": ""low"", ""evidence"": ""Pronounced accurately as [muˈda(h)] with expected stress on the second syllable and standard Brazilian phonology.""}}"	9851aabdf5	1	1	mudar	mudar	
0312.00.01	example	wxoDdfPKBuna5KnUEotz	audio/0312.00.01-ex-eleven_v3-v1.mp3	Vou mudar de cidade no próximo mês.	1	production	"{""flash38-J2"": {""verdict"": ""bp_ok"", ""drift"": ""none"", ""severity"": ""low"", ""evidence"": ""Pronounced with standard Brazilian Portuguese phonology, including palatalized [dʒi] in 'de' and 'cidade', and [s] in 'próximo'.""}}"	9851aabdf5	1	1	Vou mudar de cidade no próximo mês.	Vou mudar de cidade no próximo mês.	
0314.01.01	word	m151rjrbWXbBqyq56tly	audio/0314.01.01-word-eleven_v3-v1.mp3	À medida que	1	production	"{""flash38-J2"": {""verdict"": ""bp_ok"", ""drift"": ""none"", ""severity"": ""low"", ""evidence"": ""Pronounced clearly as [a meˈdʒidɐ ki] with standard palatalization of 'di' to [dʒi].""}}"	9851aabdf5	1	1	à medida que	à medida que	
0314.01.01	example	m151rjrbWXbBqyq56tly	audio/0314.01.01-ex-eleven_v3-v1.mp3	À medida que ele cresce, fica mais alto.	1	production	"{""flash38-J2"": {""verdict"": ""bp_ok"", ""drift"": ""none"", ""severity"": ""low"", ""evidence"": ""Pronounced with standard Brazilian Portuguese phonology, including palatalization in 'medida', [w] in 'alto', and correct unstressed vowels.""}}"	9851aabdf5	1	1	À medida que ele cresce, fica mais alto.	À medida que ele cresce, fica mais alto.	
0316.00.01	word	qPfM2laM0pRL4rrZtBGl	audio/0316.00.01-word-eleven_v3-v1.mp3	O espaço.	1	production	"{""flash38-J2"": {""verdict"": ""bp_ok"", ""drift"": ""none"", ""severity"": ""low"", ""evidence"": ""Clear standard Brazilian Portuguese pronunciation matching /u esˈpasu/.""}, ""pro-J2"": {""verdict"": ""bp_ok"", ""drift"": ""none"", ""severity"": ""low"", ""evidence"": ""Clear alveolar s in coda and correct stress on pa with final o reduced to u""}}"	9851aabdf5	1	1	o espaço	o espaço	
0316.00.01	example	qPfM2laM0pRL4rrZtBGl	audio/0316.00.01-ex-eleven_v3-v1.mp3	Não há espaço suficiente na mala para todas as roupas.	1	production	"{""flash38-J2"": {""verdict"": ""bp_ok"", ""drift"": ""none"", ""severity"": ""low"", ""evidence"": ""Palatalization of -te to [tʃi] in suficiente, proper [h] in roupas, and standard BP vowel qualities throughout.""}}"	9851aabdf5	1	1	Não há espaço suficiente na mala para todas as roupas.	Não há espaço suficiente na mala para todas as roupas.	
0319.00.01	word	Rw38T6bn0lTNOb1aUevR	audio/0319.00.01-word-eleven_v3-v1.mp3	O acordo.	1	production	"{""flash38-J2"": {""verdict"": ""bp_ok"", ""drift"": ""none"", ""severity"": ""low"", ""evidence"": ""Proper pronunciation matching standard Brazilian Portuguese /u aˈkoɾdu/ with correct closed stressed vowel and unstressed final reduction.""}, ""pro-J2"": {""verdict"": ""bp_ok"", ""drift"": ""none"", ""severity"": ""low"", ""evidence"": ""Correct stress on the penultimate syllable and appropriate vowel reduction of the final o to u.""}}"	9851aabdf5	1	1	o acordo	o acordo	
0319.00.01	example	Rw38T6bn0lTNOb1aUevR	audio/0319.00.01-ex-eleven_v3-v1.mp3	Os dois países assinaram um acordo de paz.	1	production	"{""flash38-J2"": {""verdict"": ""bp_ok"", ""drift"": ""none"", ""severity"": ""low"", ""evidence"": ""Pronounced cleanly with native Brazilian Portuguese phonology, including correct palatalization of 'de' [dʒi] and appropriate vowel reductions.""}}"	9851aabdf5	1	1	Os dois países assinaram um acordo de paz.	Os dois países assinaram um acordo de paz.	
0335.00.01	word	xNGAXaCH8MaasNuo7Hr7	audio/0335.00.01-word-eleven_v3-v1.mp3	O jogo	1	production	"{""flash38-J2"": {""verdict"": ""bp_ok"", ""drift"": ""none"", ""severity"": ""low"", ""evidence"": ""Pronounced clearly as [u ˈʒoɡu] with appropriate Brazilian Portuguese vowel quality and stress.""}, ""pro-J2"": {""verdict"": ""bp_ok"", ""drift"": ""none"", ""severity"": ""low"", ""evidence"": ""The speaker correctly pronounces the stressed 'jo' with a closed 'o' and reduces the final 'o' to 'u', matching standard Brazilian Portuguese.""}}"	9851aabdf5	1	1	o jogo	o jogo	
0335.00.01	example	xNGAXaCH8MaasNuo7Hr7	audio/0335.00.01-ex-eleven_v3-v1.mp3	As crianças adoram jogar esse jogo no parque.	1	production	"{""flash38-J2"": {""verdict"": ""bp_ok"", ""drift"": ""none"", ""severity"": ""low"", ""evidence"": ""Native Brazilian Portuguese pronunciation with correct open /ɔ/ in 'adoram', palatalized final /ki/ in 'parque', and expected stress and phonemes throughout.""}}"	9851aabdf5	1	1	As crianças adoram jogar esse jogo no parque.	As crianças adoram jogar esse jogo no parque.	
0346.00.02	word	m151rjrbWXbBqyq56tly	audio/0346.00.02-word-eleven_v3-v1.mp3	O contrário.	1	production	"{""flash38-J2"": {""verdict"": ""bp_ok"", ""drift"": ""none"", ""severity"": ""low"", ""evidence"": ""Accurate Brazilian Portuguese pronunciation matching /u kõˈtɾaɾju/.""}}"	9851aabdf5	1	1	o contrário	o contrário	
0346.00.02	example	m151rjrbWXbBqyq56tly	audio/0346.00.02-ex-eleven_v3-v1.mp3	Pensei que ele era alto, mas é o contrário.	1	production	"{""flash38-J2"": {""verdict"": ""bp_ok"", ""drift"": ""none"", ""severity"": ""low"", ""evidence"": ""All phonetic features including vocalization of 'alto' and correct prosody match standard Brazilian Portuguese perfectly.""}}"	9851aabdf5	1	1	Pensei que ele era alto, mas é o contrário.	Pensei que ele era alto, mas é o contrário.	
0348.00.01	word	m151rjrbWXbBqyq56tly	audio/0348.00.01-word-eleven_v3-v1.mp3	Pessoal.	1	production	"{""flash38-J2"": {""verdict"": ""bp_ok"", ""drift"": ""none"", ""severity"": ""low"", ""evidence"": ""Final -l vocalized to [w] and stress correctly placed on the final syllable""}, ""pro-J2"": {""verdict"": ""bp_ok"", ""drift"": ""none"", ""severity"": ""low"", ""evidence"": ""Final L is correctly vocalized to [w] and stress is on the final syllable.""}}"	9851aabdf5	1	1	pessoal	pessoal	
0348.00.01	example	m151rjrbWXbBqyq56tly	audio/0348.00.01-ex-eleven_v3-v1.mp3	Minha opinião pessoal é que o filme é ótimo.	1	production	"{""flash38-J2"": {""verdict"": ""bp_ok"", ""drift"": ""none"", ""severity"": ""low"", ""evidence"": ""Palatalization of /t/ to [tʃ] in 'ótimo' and vocalization of coda /l/ to [w] in 'pessoal' and 'filme' are accurately produced as expected in standard Brazilian ""}}"	9851aabdf5	1	1	Minha opinião pessoal é que o filme é ótimo.	Minha opinião pessoal é que o filme é ótimo.	
0348.00.02	word	wxoDdfPKBuna5KnUEotz	audio/0348.00.02-word-eleven_v3-v1.mp3	O pessoal.	1	production	"{""flash38-J2"": {""verdict"": ""bp_ok"", ""drift"": ""none"", ""severity"": ""low"", ""evidence"": ""Final -l properly vocalized as [w], stress on the final syllable, natural Brazilian Portuguese pronunciation.""}, ""pro-J2"": {""verdict"": ""bp_ok"", ""drift"": ""none"", ""severity"": ""low"", ""evidence"": ""Clear vocalization of final L to [w] and correct stress on the final syllable.""}}"	9851aabdf5	1	1	o pessoal	o pessoal	
0348.00.02	example	wxoDdfPKBuna5KnUEotz	audio/0348.00.02-ex-eleven_v3-v1.mp3	O pessoal da empresa vai fazer um treinamento.	1	production	"{""flash38-J2"": {""verdict"": ""bp_ok"", ""drift"": ""none"", ""severity"": ""low"", ""evidence"": ""Native Brazilian Portuguese pronunciation throughout with vocalized coda /l/ in 'pessoal' and natural vowel reduction and rhythm.""}}"	9851aabdf5	1	1	O pessoal da empresa vai fazer um treinamento.	O pessoal da empresa vai fazer um treinamento.	
0355.00.01	word	qPfM2laM0pRL4rrZtBGl	audio/0355.00.01-word-eleven_v3-v1.mp3	O pé.	1	production	"{""flash38-J2"": {""verdict"": ""bp_ok"", ""drift"": ""none"", ""severity"": ""low"", ""evidence"": ""Accurate Brazilian Portuguese pronunciation with open stressed vowel [ɛ] and reduced article [u].""}}"	9851aabdf5	1	1	o pé	o pé	
0355.00.01	example	qPfM2laM0pRL4rrZtBGl	audio/0355.00.01-ex-eleven_v3-v1.mp3	Meu pé esquerdo dói depois de caminhar muito.	1	production	"{""flash38-J2"": {""verdict"": ""bp_ok"", ""drift"": ""none"", ""severity"": ""low"", ""evidence"": ""Pronounced accurately with native Brazilian Portuguese phonology, including palatalization and correct vowel qualities throughout.""}}"	9851aabdf5	1	1	Meu pé esquerdo dói depois de caminhar muito.	Meu pé esquerdo dói depois de caminhar muito.	
0355.00.02	word	m151rjrbWXbBqyq56tly	audio/0355.00.02-word-eleven_v3-v1.mp3	Uppe.	1	relaxed	"{""flash38-J2"": {""verdict"": ""bp_ok"", ""drift"": ""none"", ""severity"": ""low"", ""evidence"": ""The speaker clearly pronounces [u ˈpɛ] with the correct open vowel [ɛ] and standard Brazilian Portuguese phonology.""}}"	9851aabdf5	1	1	o pé	o pé	
0355.00.02	example	m151rjrbWXbBqyq56tly	audio/0355.00.02-ex-eleven_v3-v1.mp3	Plantei um pé de tomate no jardim.	1	production	"{""flash38-J2"": {""verdict"": ""bp_ok"", ""drift"": ""none"", ""severity"": ""low"", ""evidence"": ""Native standard Brazilian Portuguese pronunciation matching all phonetic targets including palatalization in 'de', 'tomate', and 'jardim'.""}}"	9851aabdf5	1	1	Plantei um pé de tomate no jardim.	Plantei um pé de tomate no jardim.	
0356.00.01	word	qPfM2laM0pRL4rrZtBGl	audio/0356.00.01-word-eleven_v3-v1.mp3	Perceber.	1	production	"{""flash38-J2"": {""verdict"": ""bp_ok"", ""drift"": ""none"", ""severity"": ""low"", ""evidence"": ""Clearly pronounced as /peɾseˈbeɾ/ with standard Brazilian vowel and coda rhotic qualities.""}}"	9851aabdf5	1	1	perceber	perceber	
0356.00.01	example	qPfM2laM0pRL4rrZtBGl	audio/0356.00.01-ex-eleven_v3-v1.mp3	Eu não percebi a explicação do professor.	1	production	"{""flash38-J2"": {""verdict"": ""bp_ok"", ""drift"": ""none"", ""severity"": ""low"", ""evidence"": ""Pronounced with clear standard Brazilian Portuguese phonology, including correct stress, nasal diphthongs, and reduction of final unstressed vowels.""}}"	9851aabdf5	1	1	Eu não percebi a explicação do professor.	Eu não percebi a explicação do professor.	
0361.00.01	word	m151rjrbWXbBqyq56tly	audio/0361.00.01-word-eleven_v3-v1.mp3	Principal.	1	production	"{""flash38-J2"": {""verdict"": ""bp_ok"", ""drift"": ""none"", ""severity"": ""low"", ""evidence"": ""Final /l/ is vocalized to [w] and stress is placed on the final syllable correctly as /pɾĩsiˈpaw/.""}, ""pro-J2"": {""verdict"": ""bp_ok"", ""drift"": ""none"", ""severity"": ""low"", ""evidence"": ""Final l is correctly vocalized to [w] and stress is on the final syllable.""}}"	9851aabdf5	1	1	principal	principal	
0361.00.01	example	m151rjrbWXbBqyq56tly	audio/0361.00.01-ex-eleven_v3-v1.mp3	A rua principal da cidade tem muitas lojas.	1	production	"{""flash38-J2"": {""verdict"": ""bp_ok"", ""drift"": ""none"", ""severity"": ""low"", ""evidence"": ""Native standard Brazilian Portuguese pronunciation matching the expected IPA phonetically including palatalization in cidade.""}}"	9851aabdf5	1	1	A rua principal da cidade tem muitas lojas.	A rua principal da cidade tem muitas lojas.	
0364.00.01	word	wxoDdfPKBuna5KnUEotz	audio/0364.00.01-word-eleven_v3-v3.mp3	Portanto.	1	production	"{""flash38-J2"": {""verdict"": ""bp_ok"", ""drift"": ""none"", ""severity"": ""low"", ""evidence"": ""Matches expected BP pronunciation /poɾˈtɐ̃tu/ with tap coda-r and reduced final vowel.""}}"	9851aabdf5	1	1	portanto	portanto	
0364.00.01	example	ny3E2DZImeZm00WLGZi9	audio/0364.00.01-ex-eleven_v3-v1.mp3	Estou cansado, portanto vou dormir cedo.	1	production	"{""flash38-J2"": {""verdict"": ""bp_ok"", ""drift"": ""none"", ""severity"": ""low"", ""evidence"": ""Native Brazilian Portuguese pronunciation throughout with expected vowel reductions and natural intonation.""}}"	9851aabdf5	1	1	Estou cansado, portanto vou dormir cedo.	Estou cansado, portanto vou dormir cedo.	
0374.00.01	word	qPfM2laM0pRL4rrZtBGl	audio/0374.00.01-word-eleven_v3-v1.mp3	O olho.	1	production	"{""flash38-J2"": {""verdict"": ""non_bp"", ""drift"": ""other"", ""severity"": ""medium"", ""evidence"": ""The stressed vowel in 'olho' was pronounced with an open [ɔ] instead of the expected closed [o] for the noun.""}, ""pro-J2"": {""verdict"": ""bp_ok"", ""drift"": ""none"", ""severity"": ""low"", ""evidence"": ""Clear closed 'o' and correct palatal lateral consonant.""}}"	9851aabdf5	0	0	o olho	o olho	
0374.00.01	example	qPfM2laM0pRL4rrZtBGl	audio/0374.00.01-ex-eleven_v3-v1.mp3	Ela tinha olhos azuis e cabelo longo.	0	fail	{}	9851aabdf5	0	0	Ela tem olhos azuis e cabelo longo.	Ela tem olhos azuis e cabelo longo.	
0379.00.01	word	m151rjrbWXbBqyq56tly	audio/0379.00.01-word-eleven_v3-v1.mp3	Natural.	1	production	"{""flash38-J2"": {""verdict"": ""bp_ok"", ""drift"": ""none"", ""severity"": ""low"", ""evidence"": ""Final /l/ is vocalized to [w] and stress is correctly placed on the final syllable [ˈɾaw].""}, ""pro-J2"": {""verdict"": ""bp_ok"", ""drift"": ""none"", ""severity"": ""low"", ""evidence"": ""Final l is correctly vocalized to w and stress is on the final syllable.""}}"	9851aabdf5	1	1	natural	natural	
0379.00.01	example	m151rjrbWXbBqyq56tly	audio/0379.00.01-ex-eleven_v3-v1.mp3	O suco de laranja natural é muito saudável.	1	production	"{""flash38-J2"": {""verdict"": ""bp_ok"", ""drift"": ""none"", ""severity"": ""low"", ""evidence"": ""Pronounced clearly with standard Brazilian Portuguese phonology, including vocalized coda /l/ in 'natural' and 'saudável', and palatalized 'de' as [dʒi].""}}"	9851aabdf5	1	1	O suco de laranja natural é muito saudável.	O suco de laranja natural é muito saudável.	
0383.00.01	word	m151rjrbWXbBqyq56tly	audio/0383.00.01-word-eleven_v3-v1.mp3	Lón sár.	1	relaxed	"{""flash38-J2"": {""verdict"": ""bp_ok"", ""drift"": ""none"", ""severity"": ""low"", ""evidence"": ""Nasalized first vowel /lɐ̃/ followed by /saɾ/ with a clear alveolar flap coda-r, perfectly matching standard Brazilian Portuguese.""}}"	9851aabdf5	1	1	lançar	lançar	
0383.00.01	example	m151rjrbWXbBqyq56tly	audio/0383.00.01-ex-eleven_v3-v1.mp3	Ele lançou a bola para o amigo.	1	production	"{""flash38-J2"": {""verdict"": ""bp_ok"", ""drift"": ""none"", ""severity"": ""low"", ""evidence"": ""Native standard Brazilian Portuguese pronunciation matching /ˈeli lɐ̃ˈsow a ˈbɔlɐ ˈpaɾɐ u ɐˈmiɡu/ with natural prosody and correct phonemes.""}}"	9851aabdf5	1	1	Ele lançou a bola para o amigo.	Ele lançou a bola para o amigo.	
0394.00.01	word	m151rjrbWXbBqyq56tly	audio/0394.00.01-word-eleven_v3-v2.mp3	A kamara.	1	relaxed	"{""flash38-J2"": {""verdict"": ""bp_ok"", ""drift"": ""none"", ""severity"": ""low"", ""evidence"": ""Word pronounced clearly with correct stress and nasalization /a ˈkɐ̃mɐɾɐ/.""}}"	9851aabdf5	1	1	a câmara	a câmara	
0394.00.01	example	m151rjrbWXbBqyq56tly	audio/0394.00.01-ex-eleven_v3-v1.mp3	A câmara aprovou o novo projeto na semana passada.	1	production	"{""flash38-J2"": {""verdict"": ""bp_ok"", ""drift"": ""none"", ""severity"": ""low"", ""evidence"": ""Native Brazilian Portuguese pronunciation throughout with accurate vowel qualities and stress placement.""}}"	9851aabdf5	1	1	A câmara aprovou o novo projeto na semana passada.	A câmara aprovou o novo projeto na semana passada.	
0394.00.02	word	m151rjrbWXbBqyq56tly	audio/0394.00.02-word-eleven_v3-v1.mp3	A câmara.	1	production	"{""flash38-J2"": {""verdict"": ""bp_ok"", ""drift"": ""none"", ""severity"": ""low"", ""evidence"": ""The speaker clearly pronounces 'a câmara' with appropriate proparoxytone stress [ˈkɐ̃mɐɾɐ] and standard Brazilian Portuguese phonemes.""}}"	9851aabdf5	1	1	a câmara	a câmara	
0394.00.02	example	Rw38T6bn0lTNOb1aUevR	audio/0394.00.02-ex-eleven_v3-v3.mp3	A câmara municipal discutiu um novo projeto ontem.	1	production	"{""flash38-J2"": {""verdict"": ""bp_ok"", ""drift"": ""none"", ""severity"": ""low"", ""evidence"": ""Pronounced with standard Brazilian Portuguese phonology, including vocalized -l in municipal, palatalized d/t in discutiu, open vowel in projeto, and correct na""}}"	9851aabdf5	1	1	A câmara municipal discutiu o novo projeto ontem.	A câmara municipal discutiu o novo projeto ontem.	
0406.00.02	word	AaeZyyi87RCxtFnHPS3e	audio/0406.00.02-word-eleven_v3-v1.mp3	Ukon.	1	relaxed	"{""flash38-J2"": {""verdict"": ""non_bp"", ""drift"": ""other"", ""severity"": ""high"", ""evidence"": ""The speaker truncates the word 'conto', pronouncing only 'o con' [u ˈkõ] without the final syllable [tu].""}}"	9851aabdf5	0	0	o conto	o conto	
0406.00.02	example	AaeZyyi87RCxtFnHPS3e	audio/0406.00.02-ex-eleven_v3-v1.mp3	Um conto de réis era muito dinheiro antigamente.	1	production	"{""flash38-J2"": {""verdict"": ""bp_ok"", ""drift"": ""none"", ""severity"": ""low"", ""evidence"": ""Pronounced with standard Brazilian Portuguese phonology, including correct palatalization of /d/ and /t/ before [i] and standard vowels.""}}"	9851aabdf5	1	1	Um conto de réis era muito dinheiro antigamente.	Um conto de réis era muito dinheiro antigamente.	
0408.00.01	word	ny3E2DZImeZm00WLGZi9	audio/0408.00.01-word-eleven_v3-v1.mp3	O capital.	1	production	"{""flash38-J2"": {""verdict"": ""bp_ok"", ""drift"": ""none"", ""severity"": ""low"", ""evidence"": ""Matches expected BP pronunciation /u kapiˈtaw/ with vocalized coda /l/ to [w] and correct final stress.""}, ""pro-J2"": {""verdict"": ""bp_ok"", ""drift"": ""none"", ""severity"": ""low"", ""evidence"": ""Final L is correctly vocalized to [w] and stress is on the final syllable.""}}"	9851aabdf5	1	1	o capital	o capital	
0408.00.01	example	ny3E2DZImeZm00WLGZi9	audio/0408.00.01-ex-eleven_v3-v1.mp3	A empresa precisa de mais capital para crescer.	1	production	"{""flash38-J2"": {""verdict"": ""bp_ok"", ""drift"": ""none"", ""severity"": ""low"", ""evidence"": ""Native standard Brazilian Portuguese pronunciation matching the expected IPA, with vocalized coda /l/ in 'capital' and palatalized 'de' as [dʒi].""}}"	9851aabdf5	1	1	A empresa precisa de mais capital para crescer.	A empresa precisa de mais capital para crescer.	
0408.00.02	word	qPfM2laM0pRL4rrZtBGl	audio/0408.00.02-word-eleven_v3-v1.mp3	A capital.	1	production	"{""flash38-J2"": {""verdict"": ""bp_ok"", ""drift"": ""none"", ""severity"": ""low"", ""evidence"": ""The speaker clearly pronounces /a kapiˈtaw/ with vocalized final -l to [w] and proper stress.""}, ""pro-J2"": {""verdict"": ""bp_ok"", ""drift"": ""none"", ""severity"": ""low"", ""evidence"": ""Final L is correctly vocalized to w and stress is on the final syllable""}}"	9851aabdf5	1	1	a capital	a capital	
0408.00.02	example	qPfM2laM0pRL4rrZtBGl	audio/0408.00.02-ex-eleven_v3-v1.mp3	Brasília é a capital do Brasil.	1	production	"{""flash38-J2"": {""verdict"": ""bp_ok"", ""drift"": ""none"", ""severity"": ""low"", ""evidence"": ""Native standard Brazilian Portuguese pronunciation with correct vocalization of final -l as [w] in capital and Brasil.""}}"	9851aabdf5	1	1	Brasília é a capital do Brasil.	Brasília é a capital do Brasil.	
0410.00.01	word	qPfM2laM0pRL4rrZtBGl	audio/0410.00.01-word-eleven_v3-v1.mp3	No entanto,	1	production	"{""flash38-J2"": {""verdict"": ""bp_ok"", ""drift"": ""none"", ""severity"": ""low"", ""evidence"": ""Correct pronunciation matching [nu ẽˈtɐ̃tu] with appropriate nasalization and vowel reductions.""}}"	9851aabdf5	1	1	no entanto	no entanto	
0410.00.01	example	qPfM2laM0pRL4rrZtBGl	audio/0410.00.01-ex-eleven_v3-v1.mp3	Estava cansado, no entanto, fui ao trabalho.	1	production	"{""flash38-J2"": {""verdict"": ""bp_ok"", ""drift"": ""none"", ""severity"": ""low"", ""evidence"": ""Natural standard Brazilian Portuguese pronunciation with correct vowel reductions and palatal features.""}}"	9851aabdf5	1	1	Estava cansado, no entanto fui ao trabalho.	Estava cansado, no entanto fui ao trabalho.	
0410.00.02	word	qPfM2laM0pRL4rrZtBGl	audio/0410.00.02-word-eleven_v3-v1.mp3	No entanto,	1	production	"{""flash38-J2"": {""verdict"": ""bp_ok"", ""drift"": ""none"", ""severity"": ""low"", ""evidence"": ""Correct pronunciation of /nu ẽˈtɐ̃tu/ with standard Brazilian vowel reduction and nasalization.""}}"	9851aabdf5	1	1	no entanto	no entanto	
0410.00.02	example	qPfM2laM0pRL4rrZtBGl	audio/0410.00.02-ex-eleven_v3-v1.mp3	Ele estudou pouco, no entanto, passou na prova.	1	production	"{""flash38-J2"": {""verdict"": ""non_bp"", ""drift"": ""EP"", ""severity"": ""medium"", ""evidence"": ""no entanto pronounced with unpalatalized /t/ or EP rhythm and 'pouco'/'passou' vowels/stress patterns typical of EP, specifically 'no entanto' is rendered witho""}}"	9851aabdf5	0	0	Ele estudou pouco, no entanto passou na prova.	Ele estudou pouco, no entanto passou na prova.	
0412.00.01	word	m151rjrbWXbBqyq56tly	audio/0412.00.01-word-eleven_v3-v2.mp3	Escolher.	1	production	"{""flash38-J2"": {""verdict"": ""non_bp"", ""drift"": ""EP"", ""severity"": ""high"", ""evidence"": ""Word pronounced as 'escolhir' [iɾ] instead of 'escolher' [eɾ], with coda s pronounced as [ʃ].""}}"	9851aabdf5	0	0	escolher	escolher	
0412.00.01	example	m151rjrbWXbBqyq56tly	audio/0412.00.01-ex-eleven_v3-v1.mp3	Vou escolher um livro na biblioteca hoje.	1	production	"{""flash38-J2"": {""verdict"": ""bp_ok"", ""drift"": ""none"", ""severity"": ""low"", ""evidence"": ""Pronounced with standard Brazilian Portuguese phonology, including open [ɛ] in 'biblioteca' and palatalized affricate [ʒi] in 'hoje'.""}}"	9851aabdf5	1	1	Vou escolher um livro na biblioteca hoje.	Vou escolher um livro na biblioteca hoje.	
0421.00.01	word	qPfM2laM0pRL4rrZtBGl	audio/0421.00.01-word-eleven_v3-v1.mp3	Gostar.	1	production	"{""flash38-J2"": {""verdict"": ""bp_ok"", ""drift"": ""none"", ""severity"": ""low"", ""evidence"": ""Clear standard Brazilian Portuguese pronunciation of 'gostar' with stressed final syllable and tap coda r.""}}"	9851aabdf5	1	1	gostar	gostar	
0421.00.01	example	qPfM2laM0pRL4rrZtBGl	audio/0421.00.01-ex-eleven_v3-v1.mp3	Eu gosto de música brasileira.	1	production	"{""flash38-J2"": {""verdict"": ""bp_ok"", ""drift"": ""none"", ""severity"": ""low"", ""evidence"": ""All words pronounced with clear standard Brazilian Portuguese phonology, including palatalized 'de' [dʒi] and open-o in 'gosto' [ˈɡɔstu].""}}"	9851aabdf5	1	1	Eu gosto de música brasileira.	Eu gosto de música brasileira.	
0424.00.01	word	Rw38T6bn0lTNOb1aUevR	audio/0424.00.01-word-eleven_v3-v1.mp3	Capaz.	1	production	"{""flash38-J2"": {""verdict"": ""non_bp"", ""drift"": ""EP"", ""severity"": ""high"", ""evidence"": ""Final coda 'z' is pronounced as a postalveolar fricative [ʃ] rather than [s].""}}"	9851aabdf5	0	0	capaz	capaz	
0424.00.01	example	Rw38T6bn0lTNOb1aUevR	audio/0424.00.01-ex-eleven_v3-v1.mp3	Ela é capaz de resolver o problema sozinha.	1	production	"{""flash38-J2"": {""verdict"": ""bp_ok"", ""drift"": ""none"", ""severity"": ""low"", ""evidence"": ""Native Brazilian Portuguese pronunciation throughout with accurate palatalization in 'de' [dʒi], vocalized l in 'resolver' [hezowˈve], and natural vowel reducti""}}"	9851aabdf5	1	1	Ela é capaz de resolver o problema sozinha.	Ela é capaz de resolver o problema sozinha.	
0428.00.01	word	m151rjrbWXbBqyq56tly	audio/0428.00.01-word-eleven_v3-v1.mp3	A República	1	production	"{""flash38-J2"": {""verdict"": ""bp_ok"", ""drift"": ""none"", ""severity"": ""low"", ""evidence"": ""The speaker clearly produces standard Brazilian Portuguese phonemes, including /h/ for initial r and correct antepenultimate stress on /pu/.""}}"	9851aabdf5	1	1	a república	a república	
0428.00.01	example	m151rjrbWXbBqyq56tly	audio/0428.00.01-ex-eleven_v3-v1.mp3	O Brasil é uma república desde 1889.	1	production	"{""flash38-J2"": {""verdict"": ""bp_ok"", ""drift"": ""none"", ""severity"": ""low"", ""evidence"": ""Pronounced with standard Brazilian Portuguese phonology, including vocalized final /l/ in Brasil and mil, palatalized 'desde' [ˈdezdʒi], and proper stress throu""}}"	9851aabdf5	1	1	O Brasil é uma república desde 1889.	O Brasil é uma república desde 1889.	
0431.00.01	word	wxoDdfPKBuna5KnUEotz	audio/0431.00.01-word-eleven_v3-v3.mp3	Ispesyal.	1	relaxed	"{""flash38-J2"": {""verdict"": ""bp_ok"", ""drift"": ""none"", ""severity"": ""low"", ""evidence"": ""Pronounced clearly with final -l vocalized to [w] and stress correctly placed on the final syllable [espeˈsjaw].""}, ""pro-J2"": {""verdict"": ""bp_ok"", ""drift"": ""none"", ""severity"": ""low"", ""evidence"": ""Clear vocalized final L as [w] and correct stress on the final syllable.""}}"	9851aabdf5	1	1	especial	especial	
0431.00.01	example	qPfM2laM0pRL4rrZtBGl	audio/0431.00.01-ex-eleven_v3-v1.mp3	Hoje é um dia especial para minha família.	1	production	"{""flash38-J2"": {""verdict"": ""bp_ok"", ""drift"": ""none"", ""severity"": ""low"", ""evidence"": ""Pronounced with clear standard Brazilian Portuguese phonetic traits such as [dʒi] in dia, vocalized -l in especial, and palatalized [ʒ] in hoje.""}}"	9851aabdf5	1	1	Hoje é um dia especial para minha família.	Hoje é um dia especial para minha família.	
0435.00.01	word	Rw38T6bn0lTNOb1aUevR	audio/0435.00.01-word-eleven_v3-v3.mp3	Akkor.	1	relaxed	"{""flash38-J2"": {""verdict"": ""bp_ok"", ""drift"": ""none"", ""severity"": ""low"", ""evidence"": ""Stressed closed vowel [o] and tap [ɾ] in 'cor' pronounced standardly.""}}"	9851aabdf5	1	1	a cor	a cor	
0435.00.01	example	m151rjrbWXbBqyq56tly	audio/0435.00.01-ex-eleven_v3-v1.mp3	Minha cor favorita é azul.	1	production	"{""flash38-J2"": {""verdict"": ""bp_ok"", ""drift"": ""none"", ""severity"": ""low"", ""evidence"": ""Native Brazilian Portuguese pronunciation throughout, including final vocalization of -l to [w] in 'azul' and open [ɛ] in 'é'.""}}"	9851aabdf5	1	1	Minha cor favorita é azul.	Minha cor favorita é azul.	
0438.00.01	word	m151rjrbWXbBqyq56tly	audio/0438.00.01-word-eleven_v3-v1.mp3	O ar.	1	production	"{""flash38-J2"": {""verdict"": ""bp_ok"", ""drift"": ""none"", ""severity"": ""low"", ""evidence"": ""Pronounced clearly as [u 'aɾ] with standard São Paulo alveolar tap coda r.""}}"	9851aabdf5	1	1	o ar	o ar	
0438.00.01	example	m151rjrbWXbBqyq56tly	audio/0438.00.01-ex-eleven_v3-v1.mp3	O ar está fresco hoje de manhã.	1	production	"{""flash38-J2"": {""verdict"": ""bp_ok"", ""drift"": ""none"", ""severity"": ""low"", ""evidence"": ""Pronounced with clear standard Brazilian Portuguese phonology, including correct palatalization of 'de' [dʒi] and appropriate vowel reductions.""}}"	9851aabdf5	1	1	O ar está fresco hoje de manhã.	O ar está fresco hoje de manhã.	
0440.00.01	word	m151rjrbWXbBqyq56tly	audio/0440.00.01-word-eleven_v3-v1.mp3	Igual.	1	production	"{""flash38-J2"": {""verdict"": ""bp_ok"", ""drift"": ""none"", ""severity"": ""low"", ""evidence"": ""Final -l is fully vocalized to [w], matching standard Brazilian Portuguese [iˈɡwaw].""}, ""pro-J2"": {""verdict"": ""bp_ok"", ""drift"": ""none"", ""severity"": ""low"", ""evidence"": ""The final l is correctly vocalized to w and the stress is on the final syllable.""}}"	9851aabdf5	1	1	igual	igual	
0440.00.01	example	m151rjrbWXbBqyq56tly	audio/0440.00.01-ex-eleven_v3-v1.mp3	Todos os alunos têm direitos iguais na escola.	1	production	"{""flash38-J2"": {""verdict"": ""bp_ok"", ""drift"": ""none"", ""severity"": ""low"", ""evidence"": ""Pronunciation fully adheres to standard Brazilian Portuguese phonology, including correct palatalization of 'di' in 'direitos' and open vowel /ɔ/ in 'escola'.""}}"	9851aabdf5	1	1	Todos os alunos têm direitos iguais na escola.	Todos os alunos têm direitos iguais na escola.	
0450.00.01	word	qPfM2laM0pRL4rrZtBGl	audio/0450.00.01-word-eleven_v3-v1.mp3	Livri.	1	relaxed	"{""flash38-J2"": {""verdict"": ""bp_ok"", ""drift"": ""none"", ""severity"": ""low"", ""evidence"": ""Pronounced as [ˈlivɾi] with standard Brazilian Portuguese phonology, including the final unstressed -e as [i].""}}"	9851aabdf5	1	1	livre	livre	
0450.00.01	example	qPfM2laM0pRL4rrZtBGl	audio/0450.00.01-ex-eleven_v3-v1.mp3	Hoje estou livre para sair com você.	1	production	"{""flash38-J2"": {""verdict"": ""bp_ok"", ""drift"": ""none"", ""severity"": ""low"", ""evidence"": ""Native standard Brazilian Portuguese pronunciation with correct palatalization [oʒi] and [livɾi], natural reduction, and standard intonation.""}}"	9851aabdf5	1	1	Hoje estou livre para sair com você.	Hoje estou livre para sair com você.	
0464.00.01	word	m151rjrbWXbBqyq56tly	audio/0464.00.01-word-eleven_v3-v1.mp3	tu	1	production	"{""flash38-J2"": {""verdict"": ""bp_ok"", ""drift"": ""none"", ""severity"": ""low"", ""evidence"": ""The speaker clearly pronounces /tu/ with the correct high back rounded vowel and unaspirated dental stop.""}}"	9851aabdf5	1	1	tu	tu	
0464.00.01	example	m151rjrbWXbBqyq56tly	audio/0464.00.01-ex-eleven_v3-v1.mp3	Tu és meu melhor amigo.	1	production	"{""flash38-J2"": {""verdict"": ""bp_ok"", ""drift"": ""none"", ""severity"": ""low"", ""evidence"": ""Pronounced with standard Brazilian Portuguese phonology, including correct vowels, palatal lateral, and standard prosody.""}}"	9851aabdf5	1	1	Tu és meu melhor amigo.	Tu és meu melhor amigo.	
0493.00.01	word	Rw38T6bn0lTNOb1aUevR	audio/0493.00.01-word-eleven_v3-v1.mp3	Circa.	1	relaxed	"{""flash38-J2"": {""verdict"": ""bp_ok"", ""drift"": ""none"", ""severity"": ""low"", ""evidence"": ""Standard Brazilian Portuguese pronunciation with closed [e] and coda r realized as a fricative/tap.""}, ""pro-J2"": {""verdict"": ""bp_ok"", ""drift"": ""none"", ""severity"": ""low"", ""evidence"": ""The stressed vowel is a closed [e] and the coda r is pronounced as a valid back fricative [h], matching standard Brazilian Portuguese.""}}"	9851aabdf5	1	1	cerca	cerca	
0493.00.01	example	Rw38T6bn0lTNOb1aUevR	audio/0493.00.01-ex-eleven_v3-v1.mp3	O ônibus chega em cerca de dez minutos.	1	production	"{""flash38-J2"": {""verdict"": ""bp_ok"", ""drift"": ""none"", ""severity"": ""low"", ""evidence"": ""Pronounced entirely with natural Brazilian Portuguese phonetics matching the target /u ˈonibus ˈʃeɡɐ ẽj̃ ˈseɾkɐ dʒi ˈdɛz miˈnutus/.""}}"	9851aabdf5	1	1	O ônibus chega em cerca de dez minutos.	O ônibus chega em cerca de dez minutos.	
0498.00.01	word	wxoDdfPKBuna5KnUEotz	audio/0498.00.01-word-eleven_v3-v3.mp3	Valir.	1	relaxed	"{""flash38-J2"": {""verdict"": ""bp_ok"", ""drift"": ""none"", ""severity"": ""low"", ""evidence"": ""Correct pronunciation of /vaˈleɾ/ with expected stress on the final syllable and standard Brazilian phonology.""}}"	9851aabdf5	1	1	valer	valer	
0498.00.01	example	ny3E2DZImeZm00WLGZi9	audio/0498.00.01-ex-eleven_v3-v1.mp3	Este carro vale muito dinheiro.	1	production	"{""flash38-J2"": {""verdict"": ""bp_ok"", ""drift"": ""none"", ""severity"": ""low"", ""evidence"": ""Pronounced with standard Brazilian Portuguese phonology throughout, including palatalization in 'este' [ˈestʃi] and 'dinheiro' [dʒĩˈɲejɾu].""}}"	9851aabdf5	1	1	Este carro vale muito dinheiro.	Este carro vale muito dinheiro.	
0499.00.01	word	xNGAXaCH8MaasNuo7Hr7	audio/0499.00.01-word-eleven_v3-v1.mp3	A banda	1	production	"{""flash38-J2"": {""verdict"": ""bp_ok"", ""drift"": ""none"", ""severity"": ""low"", ""evidence"": ""Correct nasal vowel [ɐ̃] and natural standard Brazilian Portuguese stress and intonation.""}}"	9851aabdf5	1	1	a banda	a banda	
0499.00.01	example	xNGAXaCH8MaasNuo7Hr7	audio/0499.00.01-ex-eleven_v3-v1.mp3	A banda tocou música ao vivo no parque.	1	production	"{""flash38-J2"": {""verdict"": ""bp_ok"", ""drift"": ""none"", ""severity"": ""low"", ""evidence"": ""Pronounced with clear Brazilian Portuguese phonology, including palatalized final -que [ki] and appropriate vowel reductions.""}}"	9851aabdf5	1	1	A banda tocou música ao vivo no parque.	A banda tocou música ao vivo no parque.	
0503.00.01	word	AaeZyyi87RCxtFnHPS3e	audio/0503.00.01-word-eleven_v3-v1.mp3	Quartu.	1	relaxed	"{""flash38-J2"": {""verdict"": ""bp_ok"", ""drift"": ""none"", ""severity"": ""low"", ""evidence"": ""Word is clearly pronounced as [ˈkwaɾtu] with standard Brazilian Portuguese phonology.""}, ""pro-J2"": {""verdict"": ""bp_ok"", ""drift"": ""none"", ""severity"": ""low"", ""evidence"": ""Correct stress and vowel quality with standard coda r and final unstressed o reduction.""}}"	9851aabdf5	1	1	quarto	quarto	
0503.00.01	example	AaeZyyi87RCxtFnHPS3e	audio/0503.00.01-ex-eleven_v3-v1.mp3	Meu quarto tem uma janela grande.	1	production	"{""flash38-J2"": {""verdict"": ""non_bp"", ""drift"": ""EP"", ""severity"": ""medium"", ""evidence"": ""Final '-de' in 'grande' is pronounced without palatalization to [dʒi], featuring vowel reduction/deletion typical of European Portuguese.""}}"	9851aabdf5	0	0	Meu quarto tem uma janela grande.	Meu quarto tem uma janela grande.	
0503.00.02	word	AaeZyyi87RCxtFnHPS3e	audio/0503.00.02-word-eleven_v3-v1.mp3	Quarto.	1	production	"{""flash38-J2"": {""verdict"": ""bp_ok"", ""drift"": ""none"", ""severity"": ""low"", ""evidence"": ""Clearly pronounced as /ˈkwaɾtu/ with standard Brazilian Portuguese phonology.""}, ""pro-J2"": {""verdict"": ""bp_ok"", ""drift"": ""none"", ""severity"": ""low"", ""evidence"": ""Correct stress on the first syllable and final unstressed o reduced to u.""}}"	9851aabdf5	1	1	quarto	quarto	
0503.00.02	example	AaeZyyi87RCxtFnHPS3e	audio/0503.00.02-ex-eleven_v3-v1.mp3	Meu quarto tem uma cama e um armário.	1	production	"{""flash38-J2"": {""verdict"": ""bp_ok"", ""drift"": ""none"", ""severity"": ""low"", ""evidence"": ""Native Brazilian Portuguese pronunciation throughout with accurate vowel reduction and tap r.""}}"	9851aabdf5	1	1	Meu quarto tem uma cama e um armário.	Meu quarto tem uma cama e um armário.	
0503.00.03	word	qPfM2laM0pRL4rrZtBGl	audio/0503.00.03-word-eleven_v3-v1.mp3	Quarto.	1	production	"{""flash38-J2"": {""verdict"": ""bp_ok"", ""drift"": ""none"", ""severity"": ""low"", ""evidence"": ""Pronounced with standard Brazilian Portuguese phonology matching /ˈkwaɾtu/.""}, ""pro-J2"": {""verdict"": ""bp_ok"", ""drift"": ""none"", ""severity"": ""low"", ""evidence"": ""Correct stress on the first syllable and standard vowel reduction on the final o.""}}"	9851aabdf5	1	1	quarto	quarto	
0503.00.03	example	qPfM2laM0pRL4rrZtBGl	audio/0503.00.03-ex-eleven_v3-v1.mp3	Meu irmão terminou em quarto lugar na corrida.	1	production	"{""flash38-J2"": {""verdict"": ""bp_ok"", ""drift"": ""none"", ""severity"": ""low"", ""evidence"": ""Native standard Brazilian Portuguese pronunciation matching the expected IPA phonemes and intonation.""}}"	9851aabdf5	1	1	Meu irmão terminou em quarto lugar na corrida.	Meu irmão terminou em quarto lugar na corrida.	
0534.00.01	word	ny3E2DZImeZm00WLGZi9	audio/0534.00.01-word-eleven_v3-v2.mp3	Verde.	1	production	"{""flash38-J2"": {""verdict"": ""non_bp"", ""drift"": ""EP"", ""severity"": ""high"", ""evidence"": ""Final syllable '-de' is pronounced without palatalization as [dɨ]/[ðɨ] instead of BP [dʒi].""}}"	9851aabdf5	0	0	verde	verde	
0534.00.01	example	ny3E2DZImeZm00WLGZi9	audio/0534.00.01-ex-eleven_v3-v1.mp3	A grama do parque é muito verde.	1	production	"{""flash38-J2"": {""verdict"": ""bp_ok"", ""drift"": ""none"", ""severity"": ""low"", ""evidence"": ""Native standard Brazilian Portuguese pronunciation matching the expected phonetic features including palatalization in 'verde' [ˈveɾdʒi].""}}"	9851aabdf5	1	1	A grama do parque é muito verde.	A grama do parque é muito verde.	
0547.00.01	word	ny3E2DZImeZm00WLGZi9	audio/0547.00.01-word-eleven_v3-v2.mp3	casa	0	fail	{}	9851aabdf5	0	0	casar	casar	
0547.00.01	example	ny3E2DZImeZm00WLGZi9	audio/0547.00.01-ex-eleven_v3-v1.mp3	Meu irmão vai casar no próximo sábado.	1	production	"{""flash38-J2"": {""verdict"": ""bp_ok"", ""drift"": ""none"", ""severity"": ""low"", ""evidence"": ""Pronounced natural standard Brazilian Portuguese with correct vowel reductions and coda vocalizations.""}}"	9851aabdf5	1	1	Meu irmão vai casar no próximo sábado.	Meu irmão vai casar no próximo sábado.	
0564.00.01	word	AaeZyyi87RCxtFnHPS3e	audio/0564.00.01-word-eleven_v3-v1.mp3	Маркар.	1	relaxed	"{""flash38-J2"": {""verdict"": ""bp_ok"", ""drift"": ""none"", ""severity"": ""low"", ""evidence"": ""Clearly pronounced as standard Brazilian Portuguese /maɾˈkaɾ/ with stress on the final syllable.""}}"	9851aabdf5	1	1	marcar	marcar	
0564.00.01	example	AaeZyyi87RCxtFnHPS3e	audio/0564.00.01-ex-eleven_v3-v1.mp3	Vou marcar a reunião para terça-feira.	1	production	"{""flash38-J2"": {""verdict"": ""bp_ok"", ""drift"": ""none"", ""severity"": ""low"", ""evidence"": ""All words pronounced with natural standard Brazilian Portuguese phonology, including correct stress, vowel qualities, and retroflex/tap r variations.""}}"	9851aabdf5	1	1	Vou marcar a reunião para terça-feira.	Vou marcar a reunião para terça-feira.	
0565.00.01	word	m151rjrbWXbBqyq56tly	audio/0565.00.01-word-eleven_v3-v2.mp3	Cumpris.	1	relaxed	"{""flash38-J2"": {""verdict"": ""non_bp"", ""drift"": ""EP"", ""severity"": ""high"", ""evidence"": ""The speaker clearly pronounces a final postalveolar fricative [ʃ] as in 'cumpris' instead of a Brazilian Portuguese coda r.""}}"	9851aabdf5	0	0	cumprir	cumprir	
0565.00.01	example	m151rjrbWXbBqyq56tly	audio/0565.00.01-ex-eleven_v3-v1.mp3	Ele sempre cumpre suas promessas.	1	production	"{""flash38-J2"": {""verdict"": ""bp_ok"", ""drift"": ""none"", ""severity"": ""low"", ""evidence"": ""Pronounced with standard Brazilian Portuguese phonology, including correct vowel reduction and open stressed /ɛ/ in 'promessas'.""}}"	9851aabdf5	1	1	Ele sempre cumpre suas promessas.	Ele sempre cumpre suas promessas.	
0571.00.01	word	m151rjrbWXbBqyq56tly	audio/0571.00.01-word-eleven_v3-v1.mp3	Fácil.	1	production	"{""flash38-J2"": {""verdict"": ""bp_ok"", ""drift"": ""none"", ""severity"": ""low"", ""evidence"": ""Final -l vocalized to [w], correct stress on first syllable [ˈfa.siw].""}, ""pro-J2"": {""verdict"": ""bp_ok"", ""drift"": ""none"", ""severity"": ""low"", ""evidence"": ""Clear primary stress on the first syllable and final l vocalized to w.""}}"	9851aabdf5	1	1	fácil	fácil	
0571.00.01	example	m151rjrbWXbBqyq56tly	audio/0571.00.01-ex-eleven_v3-v1.mp3	Este exercício é muito fácil para mim.	1	production	"{""flash38-J2"": {""verdict"": ""bp_ok"", ""drift"": ""none"", ""severity"": ""low"", ""evidence"": ""Native standard Brazilian Portuguese pronunciation with palatalized 'Este' [ˈestʃi], vocalized final -l in 'fácil' [ˈfasiw], and natural intonation.""}}"	9851aabdf5	1	1	Este exercício é muito fácil para mim.	Este exercício é muito fácil para mim.	
0572.00.01	word	qPfM2laM0pRL4rrZtBGl	audio/0572.00.01-word-eleven_v3-v1.mp3	Atual.	1	production	"{""flash38-J2"": {""verdict"": ""bp_ok"", ""drift"": ""none"", ""severity"": ""low"", ""evidence"": ""Pronounced accurately as [atuˈaw] with standard vocalization of final -l to [w] and stress on the final syllable.""}, ""pro-J2"": {""verdict"": ""bp_ok"", ""drift"": ""none"", ""severity"": ""low"", ""evidence"": ""Clear vocalization of final l to w and correct stress on the final syllable.""}}"	9851aabdf5	1	1	atual	atual	
0572.00.01	example	qPfM2laM0pRL4rrZtBGl	audio/0572.00.01-ex-eleven_v3-v1.mp3	O presidente atual mora em Brasília.	1	production	"{""flash38-J2"": {""verdict"": ""bp_ok"", ""drift"": ""none"", ""severity"": ""low"", ""evidence"": ""Native standard Brazilian Portuguese pronunciation with palatalized 'te' in presidente [tʃi] and vocalized 'l' in atual [w].""}}"	9851aabdf5	1	1	O presidente atual mora em Brasília.	O presidente atual mora em Brasília.	
0575.01.01	word	wxoDdfPKBuna5KnUEotz	audio/0575.01.01-word-eleven_v3-v1.mp3	Em diante.	1	production	"{""flash38-J2"": {""verdict"": ""bp_ok"", ""drift"": ""none"", ""severity"": ""low"", ""evidence"": ""Accurate palatalization of /d/ and /t/ as [dʒ] and [tʃ] before [i] matching standard Brazilian Portuguese""}}"	9851aabdf5	1	1	em diante	em diante	
0575.01.01	example	wxoDdfPKBuna5KnUEotz	audio/0575.01.01-ex-eleven_v3-v1.mp3	Daquele dia em diante, ele começou a estudar português.	1	production	"{""flash38-J2"": {""verdict"": ""bp_ok"", ""drift"": ""none"", ""severity"": ""low"", ""evidence"": ""Pronounces all words with expected standard Brazilian Portuguese phonology, including palatalization of 'dia' and 'diante' and vocalization/reduction of final v""}}"	9851aabdf5	1	1	Daquele dia em diante, ele começou a estudar português.	Daquele dia em diante, ele começou a estudar português.	
0575.01.02	word	m151rjrbWXbBqyq56tly	audio/0575.01.02-word-eleven_v3-v1.mp3	Em diante.	1	production	"{""flash38-J2"": {""verdict"": ""bp_ok"", ""drift"": ""none"", ""severity"": ""low"", ""evidence"": ""Pronounced with standard Brazilian Portuguese phonology including palatalized affricates [dʒ] and [tʃi].""}}"	9851aabdf5	1	1	em diante	em diante	
0575.01.02	example	m151rjrbWXbBqyq56tly	audio/0575.01.02-ex-eleven_v3-v1.mp3	Daqui em diante, vou estudar todos os dias.	1	production	"{""flash38-J2"": {""verdict"": ""bp_ok"", ""drift"": ""none"", ""severity"": ""low"", ""evidence"": ""Native standard Brazilian Portuguese pronunciation with palatalized affricates [dʒi] in 'diante' and 'dias', and appropriate vowel reductions and linking.""}}"	9851aabdf5	1	1	Daqui em diante, vou estudar todos os dias.	Daqui em diante, vou estudar todos os dias.	
0580.00.01	word	Rw38T6bn0lTNOb1aUevR	audio/0580.00.01-word-eleven_v3-v2.mp3	Garantir.	1	production	"{""flash38-J2"": {""verdict"": ""bp_ok"", ""drift"": ""none"", ""severity"": ""low"", ""evidence"": ""Proper pronunciation matching standard Brazilian Portuguese /ɡaɾɐ̃ˈtʃi/ with palatalized affricate [tʃ].""}}"	9851aabdf5	1	1	garantir	garantir	
0580.00.01	example	Rw38T6bn0lTNOb1aUevR	audio/0580.00.01-ex-eleven_v3-v1.mp3	A empresa garante a qualidade de todos os produtos.	1	production	"{""flash38-J2"": {""verdict"": ""bp_ok"", ""drift"": ""none"", ""severity"": ""low"", ""evidence"": ""Native Brazilian Portuguese pronunciation with accurate palatalization of final -te and -de to [tʃi] and [dʒi], and proper vowel reduction.""}}"	9851aabdf5	1	1	A empresa garante a qualidade de todos os produtos.	A empresa garante a qualidade de todos os produtos.	
0582.00.01	word	wxoDdfPKBuna5KnUEotz	audio/0582.00.01-word-eleven_v3-v1.mp3	O modelo.	1	production	"{""flash38-J2"": {""verdict"": ""bp_ok"", ""drift"": ""none"", ""severity"": ""low"", ""evidence"": ""Pronounced with accurate standard Brazilian Portuguese phonemes /u moˈdelu/ including final vowel reduction.""}, ""pro-J2"": {""verdict"": ""bp_ok"", ""drift"": ""none"", ""severity"": ""low"", ""evidence"": ""Clear and accurate pronunciation of the stressed closed 'e' in 'de' and final 'o' reduced to 'u'.""}}"	9851aabdf5	1	1	o modelo	o modelo	
0582.00.01	example	wxoDdfPKBuna5KnUEotz	audio/0582.00.01-ex-eleven_v3-v1.mp3	Aquele carro é o modelo mais novo da marca.	1	production	"{""flash38-J2"": {""verdict"": ""bp_ok"", ""drift"": ""none"", ""severity"": ""low"", ""evidence"": ""Native Brazilian Portuguese pronunciation with correct vowel reductions, palatalizations, and stress across the full sentence.""}}"	9851aabdf5	1	1	Aquele carro é o modelo mais novo da marca.	Aquele carro é o modelo mais novo da marca.	
0582.00.02	word	m151rjrbWXbBqyq56tly	audio/0582.00.02-word-eleven_v3-v1.mp3	O modelo.	1	production	"{""flash38-J2"": {""verdict"": ""bp_ok"", ""drift"": ""none"", ""severity"": ""low"", ""evidence"": ""Matches expected /u moˈdelu/ with clear closed [e] in the stressed syllable and vocalized/raised final -o.""}, ""pro-J2"": {""verdict"": ""bp_ok"", ""drift"": ""none"", ""severity"": ""low"", ""evidence"": ""The stressed vowel is correctly pronounced as a closed e and the final o is reduced to u.""}}"	9851aabdf5	1	1	o modelo	o modelo	
0582.00.02	example	m151rjrbWXbBqyq56tly	audio/0582.00.02-ex-eleven_v3-v1.mp3	O professor mostrou um modelo de redação perfeita.	1	production	"{""flash38-J2"": {""verdict"": ""bp_ok"", ""drift"": ""none"", ""severity"": ""low"", ""evidence"": ""Native Brazilian Portuguese pronunciation throughout with expected palatalization and vowel qualities.""}}"	9851aabdf5	1	1	O professor mostrou um modelo de redação perfeita.	O professor mostrou um modelo de redação perfeita.	
0596.00.01	word	wxoDdfPKBuna5KnUEotz	audio/0596.00.01-word-eleven_v3-v1.mp3	Fugir.	1	production	"{""flash38-J2"": {""verdict"": ""bp_ok"", ""drift"": ""none"", ""severity"": ""low"", ""evidence"": ""Standard pronunciation of /fuˈʒiɾ/ with correct stress and phonemes.""}}"	9851aabdf5	1	1	fugir	fugir	
0596.00.01	example	wxoDdfPKBuna5KnUEotz	audio/0596.00.01-ex-eleven_v3-v1.mp3	O ladrão fugiu da polícia ontem à noite.	1	production	"{""flash38-J2"": {""verdict"": ""bp_ok"", ""drift"": ""none"", ""severity"": ""low"", ""evidence"": ""All words pronounced accurately in standard Brazilian Portuguese phonology, including palatalization in 'noite' [ˈnojtʃi] and nasal diphthongs.""}}"	9851aabdf5	1	1	O ladrão fugiu da polícia ontem à noite.	O ladrão fugiu da polícia ontem à noite.	
0604.00.01	word	qPfM2laM0pRL4rrZtBGl	audio/0604.00.01-word-eleven_v3-v1.mp3	Central.	1	production	"{""flash38-J2"": {""verdict"": ""bp_ok"", ""drift"": ""none"", ""severity"": ""low"", ""evidence"": ""Correct nasal vowel, alveolar tap, and vocalized final -l [w] with stress on the final syllable.""}, ""pro-J2"": {""verdict"": ""bp_ok"", ""drift"": ""none"", ""severity"": ""low"", ""evidence"": ""Final L is correctly vocalized to [w] and stress is on the final syllable.""}}"	9851aabdf5	1	1	central	central	
0604.00.01	example	qPfM2laM0pRL4rrZtBGl	audio/0604.00.01-ex-eleven_v3-v1.mp3	O Banco Central controla a economia do país.	1	production	"{""flash38-J2"": {""verdict"": ""bp_ok"", ""drift"": ""none"", ""severity"": ""low"", ""evidence"": ""Pronounced clearly with standard Brazilian Portuguese phonology: vocalized coda /l/ in 'central', correct open vowel /ɔ/ in 'controla', and proper stress patter""}}"	9851aabdf5	1	1	O banco central controla a economia do país.	O banco central controla a economia do país.	
0604.00.03	word	m151rjrbWXbBqyq56tly	audio/0604.00.03-word-eleven_v3-v1.mp3	A central.	1	production	"{""flash38-J2"": {""verdict"": ""bp_ok"", ""drift"": ""none"", ""severity"": ""low"", ""evidence"": ""Final /l/ is vocalized to [w] and stress is properly on the final syllable of 'central' with natural tap [ɾ].""}, ""pro-J2"": {""verdict"": ""bp_ok"", ""drift"": ""none"", ""severity"": ""low"", ""evidence"": ""Clear nasalization on the first syllable and vocalized final L as w.""}}"	9851aabdf5	1	1	a central	a central	
0604.00.03	example	m151rjrbWXbBqyq56tly	audio/0604.00.03-ex-eleven_v3-v1.mp3	Liguei para a central e pedi ajuda.	1	production	"{""flash38-J2"": {""verdict"": ""bp_ok"", ""drift"": ""none"", ""severity"": ""low"", ""evidence"": ""Native standard Brazilian Portuguese pronunciation matching the expected phonetic features, including vocalized -l in 'central' and palatalized 'pedi' [peˈdʒi].""}}"	9851aabdf5	1	1	Liguei para a central e pedi ajuda.	Liguei para a central e pedi ajuda.	
0605.00.01	word	xNGAXaCH8MaasNuo7Hr7	audio/0605.00.01-word-eleven_v3-v1.mp3	Curto.	1	production	"{""flash38-J2"": {""verdict"": ""bp_ok"", ""drift"": ""none"", ""severity"": ""low"", ""evidence"": ""Pronounced with standard stressed [kuɾ] and reduced final unstressed vowel [u], matching the expected São Paulo Portuguese /ˈkuɾtu/.""}}"	9851aabdf5	1	1	curto	curto	
0605.00.01	example	xNGAXaCH8MaasNuo7Hr7	audio/0605.00.01-ex-eleven_v3-v1.mp3	O filme foi muito curto, durou só uma hora.	1	production	"{""flash38-J2"": {""verdict"": ""bp_ok"", ""drift"": ""none"", ""severity"": ""low"", ""evidence"": ""Natural Brazilian Portuguese pronunciation matching expected phonemes including vocalized coda l in filme.""}}"	9851aabdf5	1	1	O filme foi muito curto, durou só uma hora.	O filme foi muito curto, durou só uma hora.	
0606.00.01	word	xNGAXaCH8MaasNuo7Hr7	audio/0606.00.01-word-eleven_v3-v1.mp3	A prova	1	production	"{""flash38-J2"": {""verdict"": ""bp_ok"", ""drift"": ""none"", ""severity"": ""low"", ""evidence"": ""Pronounced clearly as [a ˈpɾɔvɐ] with open stressed vowel [ɔ] and proper Brazilian Portuguese phonology.""}}"	9851aabdf5	1	1	a prova	a prova	
0606.00.01	example	xNGAXaCH8MaasNuo7Hr7	audio/0606.00.01-ex-eleven_v3-v1.mp3	O advogado apresentou provas do crime ao juiz.	1	production	"{""flash38-J2"": {""verdict"": ""bp_ok"", ""drift"": ""none"", ""severity"": ""low"", ""evidence"": ""Pronounced cleanly with native Brazilian Portuguese phonology, including correct palatalization /kɾimi/, diphthongization /apɾezẽtow/, and vowel reductions.""}}"	9851aabdf5	1	1	O advogado apresentou provas do crime ao juiz.	O advogado apresentou provas do crime ao juiz.	
0612.00.02	word	ny3E2DZImeZm00WLGZi9	audio/0612.00.02-word-eleven_v3-v1.mp3	O metro.	1	production	"{""flash38-J2"": {""verdict"": ""bp_ok"", ""drift"": ""none"", ""severity"": ""low"", ""evidence"": ""Correct pronunciation of /u ˈmɛtɾu/ with open [ɛ] and final unstressed -o as [u].""}, ""pro-J2"": {""verdict"": ""bp_ok"", ""drift"": ""none"", ""severity"": ""low"", ""evidence"": ""Clear open e vowel and correct stress on the first syllable of metro.""}}"	9851aabdf5	1	1	o metro	o metro	
0612.00.02	example	wxoDdfPKBuna5KnUEotz	audio/0612.00.02-ex-eleven_v3-v3.mp3	Vou pegar o metro para ir ao trabalho.	1	production	"{""flash38-J2"": {""verdict"": ""bp_ok"", ""drift"": ""none"", ""severity"": ""low"", ""evidence"": ""Pronounced fully in standard Brazilian Portuguese phonology, including correct open vowel in 'metro' [ˈmɛtɾu] and vocalized final -l in 'ao trabalho'.""}}"	9851aabdf5	1	1	Vou pegar o metro para ir ao trabalho.	Vou pegar o metro para ir ao trabalho.	
0613.00.01	word	Rw38T6bn0lTNOb1aUevR	audio/0613.00.01-word-eleven_v3-v1.mp3	O material.	1	production	"{""flash38-J2"": {""verdict"": ""bp_ok"", ""drift"": ""none"", ""severity"": ""low"", ""evidence"": ""Word pronounced with correct stress on the final syllable, vocalized final -l as [w], and tap [ɾ].""}, ""pro-J2"": {""verdict"": ""bp_ok"", ""drift"": ""none"", ""severity"": ""low"", ""evidence"": ""Clear vocalized final L and correct stress on the final syllable.""}}"	9851aabdf5	1	1	o material	o material	
0613.00.01	example	Rw38T6bn0lTNOb1aUevR	audio/0613.00.01-ex-eleven_v3-v1.mp3	Preciso comprar material escolar para as crianças.	1	production	"{""flash38-J2"": {""verdict"": ""bp_ok"", ""drift"": ""none"", ""severity"": ""low"", ""evidence"": ""Pronounced with clear standard Brazilian Portuguese phonology, including vocalized -l in 'material' and natural reduction and stress patterns throughout the sen""}}"	9851aabdf5	1	1	Preciso comprar material escolar para as crianças.	Preciso comprar material escolar para as crianças.	
0615.00.01	word	AaeZyyi87RCxtFnHPS3e	audio/0615.00.01-word-eleven_v3-v1.mp3	A sema.	1	relaxed	"{""flash38-J2"": {""verdict"": ""bp_ok"", ""drift"": ""none"", ""severity"": ""low"", ""evidence"": ""Pronounced with standard Brazilian Portuguese vowels and stress: [ɐˈsimɐ].""}}"	9851aabdf5	1	1	acima	acima	
0615.00.01	example	AaeZyyi87RCxtFnHPS3e	audio/0615.00.01-ex-eleven_v3-v1.mp3	O quadro está pendurado acima da mesa.	1	production	"{""flash38-J2"": {""verdict"": ""bp_ok"", ""drift"": ""none"", ""severity"": ""low"", ""evidence"": ""Native standard Brazilian Portuguese pronunciation with correct vowel reductions and palatalization/stress patterns throughout the sentence.""}}"	9851aabdf5	1	1	O quadro está pendurado acima da mesa.	O quadro está pendurado acima da mesa.	
0617.00.01	word	Rw38T6bn0lTNOb1aUevR	audio/0617.00.01-word-eleven_v3-v1.mp3	Usinao.	1	relaxed	"{""flash38-J2"": {""verdict"": ""bp_ok"", ""drift"": ""none"", ""severity"": ""low"", ""evidence"": ""Word pronounced accurately as /u siˈnaw/ with clear vocalization of coda -l to [w].""}, ""pro-J2"": {""verdict"": ""bp_ok"", ""drift"": ""none"", ""severity"": ""low"", ""evidence"": ""Clear vocalized final L and correct stress on the final syllable""}}"	9851aabdf5	1	1	o sinal	o sinal	
0617.00.01	example	Rw38T6bn0lTNOb1aUevR	audio/0617.00.01-ex-eleven_v3-v1.mp3	O sinal de trânsito está vermelho.	1	production	"{""flash38-J2"": {""verdict"": ""bp_ok"", ""drift"": ""none"", ""severity"": ""low"", ""evidence"": ""Native Brazilian Portuguese pronunciation with correct vocalized coda-l in 'sinal', palatalized 'de' [dʒi], and proper standard phonology throughout.""}}"	9851aabdf5	1	1	O sinal de trânsito está vermelho.	O sinal de trânsito está vermelho.	
0625.00.02	word	Rw38T6bn0lTNOb1aUevR	audio/0625.00.02-word-eleven_v3-v1.mp3	Asisti.	1	relaxed	"{""flash38-J2"": {""verdict"": ""bp_ok"", ""drift"": ""none"", ""severity"": ""low"", ""evidence"": ""Clear palatalization of /t/ before /i/ as [tʃi] and proper stress on the final syllable.""}}"	9851aabdf5	1	1	assistir	assistir	
0625.00.02	example	Rw38T6bn0lTNOb1aUevR	audio/0625.00.02-ex-eleven_v3-v1.mp3	A enfermeira assiste os pacientes no hospital.	1	production	"{""flash38-J2"": {""verdict"": ""bp_ok"", ""drift"": ""none"", ""severity"": ""low"", ""evidence"": ""Native standard Brazilian Portuguese pronunciation with correct palatalization of /t/ before /i/ and vocalization of final /l/ in 'hospital'.""}}"	9851aabdf5	1	1	A enfermeira assiste os pacientes no hospital.	A enfermeira assiste os pacientes no hospital.	
0642.00.01	word	qPfM2laM0pRL4rrZtBGl	audio/0642.00.01-word-eleven_v3-v1.mp3	Wesfuss.	1	relaxed	"{""flash38-J2"": {""verdict"": ""bp_ok"", ""drift"": ""none"", ""severity"": ""low"", ""evidence"": ""Correct closed vowel /o/ in the stressed syllable and standard coda /s/ and tap /ɾ/.""}, ""pro-J2"": {""verdict"": ""bp_ok"", ""drift"": ""none"", ""severity"": ""low"", ""evidence"": ""Clear Brazilian Portuguese pronunciation with correct closed stressed vowel and acceptable coda r.""}}"	9851aabdf5	1	1	o esforço	o esforço	
0642.00.01	example	qPfM2laM0pRL4rrZtBGl	audio/0642.00.01-ex-eleven_v3-v1.mp3	O esforço dele no trabalho foi reconhecido.	1	production	"{""flash38-J2"": {""verdict"": ""bp_ok"", ""drift"": ""none"", ""severity"": ""low"", ""evidence"": ""Pronounced with clear standard Brazilian Portuguese phonology, including correct palatalization of -do as [du], proper coda /s/ and /ɾ/, and natural intonation.""}}"	9851aabdf5	1	1	O esforço dele no trabalho foi reconhecido.	O esforço dele no trabalho foi reconhecido.	
0653.00.01	word	qPfM2laM0pRL4rrZtBGl	audio/0653.00.01-word-eleven_v3-v1.mp3	O erro.	1	production	"{""flash38-J2"": {""verdict"": ""bp_ok"", ""drift"": ""none"", ""severity"": ""low"", ""evidence"": ""Pronounced with clear standard Brazilian Portuguese phonemes [u ˈehu] matching the expected closed stressed vowel and glottal fricative.""}, ""pro-J2"": {""verdict"": ""bp_ok"", ""drift"": ""none"", ""severity"": ""low"", ""evidence"": ""The double r is pronounced as a back fricative and the stressed e is closed, matching standard Brazilian Portuguese.""}}"	9851aabdf5	1	1	o erro	o erro	
0653.00.01	example	qPfM2laM0pRL4rrZtBGl	audio/0653.00.01-ex-eleven_v3-v1.mp3	Eu cometi um erro na prova de matemática.	1	production	"{""flash38-J2"": {""verdict"": ""bp_ok"", ""drift"": ""none"", ""severity"": ""low"", ""evidence"": ""Palatalization of /t/ in 'cometi' and 'matemática' to [tʃ], /d/ in 'de' to [dʒ], and guttural 'rr' in 'erro' are all typical of standard Brazilian Portuguese.""}}"	9851aabdf5	1	1	Eu cometi um erro na prova de matemática.	Eu cometi um erro na prova de matemática.	
0659.01.01	word	ny3E2DZImeZm00WLGZi9	audio/0659.01.01-word-eleven_v3-v1.mp3	Porcento.	1	relaxed	"{""flash38-J2"": {""verdict"": ""bp_ok"", ""drift"": ""none"", ""severity"": ""low"", ""evidence"": ""Matches standard São Paulo pronunciation [poɾ ˈsẽtu] with clear coda tap and final unstressed -o raised to [u].""}}"	9851aabdf5	1	1	por cento	por cento	
0659.01.01	example	ny3E2DZImeZm00WLGZi9	audio/0659.01.01-ex-eleven_v3-v1.mp3	O desconto é de vinte por cento.	1	production	"{""flash38-J2"": {""verdict"": ""bp_ok"", ""drift"": ""none"", ""severity"": ""low"", ""evidence"": ""Pronounced with standard Brazilian Portuguese phonology, including palatalized [tʃi] in 'vinte' and [dʒi] in 'de'.""}}"	9851aabdf5	1	1	O desconto é de vinte por cento.	O desconto é de vinte por cento.	
0660.00.01	word	AaeZyyi87RCxtFnHPS3e	audio/0660.00.01-word-eleven_v3-v2.mp3	O sangue.	1	production	"{""flash38-J2"": {""verdict"": ""non_bp"", ""drift"": ""EP"", ""severity"": ""medium"", ""evidence"": ""Final unstressed vowel is reduced to [ɨ] / almost deleted rather than standard Brazilian Portuguese [i].""}}"	9851aabdf5	0	0	o sangue	o sangue	
0660.00.01	example	AaeZyyi87RCxtFnHPS3e	audio/0660.00.01-ex-eleven_v3-v1.mp3	O médico precisa coletar sangue para o exame.	1	production	"{""flash38-J2"": {""verdict"": ""bp_ok"", ""drift"": ""none"", ""severity"": ""low"", ""evidence"": ""Pronounced with standard Brazilian Portuguese phonology, including palatalization in 'médico' [ˈmɛdʒiku], standard vowel reductions, and natural prosody.""}}"	9851aabdf5	1	1	O médico precisa coletar sangue para o exame.	O médico precisa coletar sangue para o exame.	
0662.00.01	word	qPfM2laM0pRL4rrZtBGl	audio/0662.00.01-word-eleven_v3-v1.mp3	A série.	1	production	"{""flash38-J2"": {""verdict"": ""bp_ok"", ""drift"": ""none"", ""severity"": ""low"", ""evidence"": ""Pronounced clearly as [a ˈsɛɾi] with open stressed vowel [ɛ] and alveolar tap [ɾ].""}, ""pro-J2"": {""verdict"": ""bp_ok"", ""drift"": ""none"", ""severity"": ""low"", ""evidence"": ""Clear open epsilon vowel on the stressed syllable and correct tap r.""}}"	9851aabdf5	1	1	a série	a série	
0662.00.01	example	qPfM2laM0pRL4rrZtBGl	audio/0662.00.01-ex-eleven_v3-v1.mp3	Assisto uma série nova na televisão toda semana.	1	production	"{""flash38-J2"": {""verdict"": ""bp_ok"", ""drift"": ""none"", ""severity"": ""low"", ""evidence"": ""All words pronounced accurately following standard Brazilian Portuguese phonology, including correct vowel open/close qualities and palatalization/reduction.""}}"	9851aabdf5	1	1	Assisto uma série nova na televisão toda semana.	Assisto uma série nova na televisão toda semana.	
0664.00.01	word	m151rjrbWXbBqyq56tly	audio/0664.00.01-word-eleven_v3-v1.mp3	A face.	1	production	"{""flash38-J2"": {""verdict"": ""bp_ok"", ""drift"": ""none"", ""severity"": ""low"", ""evidence"": ""Pronounced clearly as [a ˈfasi] with correct stress and final unstressed -e pronounced as [i].""}, ""pro-J2"": {""verdict"": ""bp_ok"", ""drift"": ""none"", ""severity"": ""low"", ""evidence"": ""Clear [a ˈfasi] pronunciation with correct stress and final unstressed e realized as [i].""}}"	9851aabdf5	1	1	a face	a face	
0664.00.01	example	m151rjrbWXbBqyq56tly	audio/0664.00.01-ex-eleven_v3-v1.mp3	Ela lavou a face com água fria.	1	production	"{""flash38-J2"": {""verdict"": ""bp_ok"", ""drift"": ""none"", ""severity"": ""low"", ""evidence"": ""Pronounced with standard Brazilian Portuguese phonology, including open 'e' in 'ela', vocalized diphthong in 'lavou', and clear final unstressed vowels.""}}"	9851aabdf5	1	1	Ela lavou a face com água fria.	Ela lavou a face com água fria.	
0664.00.02	word	Rw38T6bn0lTNOb1aUevR	audio/0664.00.02-word-eleven_v3-v1.mp3	A fasse.	1	relaxed	"{""flash38-J2"": {""verdict"": ""bp_ok"", ""drift"": ""none"", ""severity"": ""low"", ""evidence"": ""Pronounces 'a face' accurately as [a ˈfasi] with final unstressed -e pronounced as [i].""}, ""pro-J2"": {""verdict"": ""bp_ok"", ""drift"": ""none"", ""severity"": ""low"", ""evidence"": ""Clear [a] and [i] vowels with correct stress on 'fa' and [s] for 'c'.""}}"	9851aabdf5	1	1	a face	a face	
0664.00.02	example	Rw38T6bn0lTNOb1aUevR	audio/0664.00.02-ex-eleven_v3-v1.mp3	A face da mesa está limpa e brilhante.	1	production	"{""flash38-J2"": {""verdict"": ""bp_ok"", ""drift"": ""none"", ""severity"": ""low"", ""evidence"": ""Pronounced with standard Brazilian Portuguese phonology, including palatalization in brilhante [bɾiˈʎɐ̃tʃi] and proper vowel reductions.""}}"	9851aabdf5	1	1	A face da mesa está limpa e brilhante.	A face da mesa está limpa e brilhante.	
0678.00.01	word	m151rjrbWXbBqyq56tly	audio/0678.00.01-word-eleven_v3-v1.mp3	Belo.	1	production	"{""flash38-J2"": {""verdict"": ""bp_ok"", ""drift"": ""none"", ""severity"": ""low"", ""evidence"": ""Stressed open [ɛ] followed by regular final -o reduction to [u] standard for Brazilian Portuguese.""}, ""pro-J2"": {""verdict"": ""bp_ok"", ""drift"": ""none"", ""severity"": ""low"", ""evidence"": ""Clear open e vowel and correct stress placement.""}}"	9851aabdf5	1	1	belo	belo	
0678.00.01	example	m151rjrbWXbBqyq56tly	audio/0678.00.01-ex-eleven_v3-v2.mp3	O pôr do sol na praia é muito belo.	1	production	"{""flash38-J2"": {""verdict"": ""non_bp"", ""drift"": ""EP"", ""severity"": ""high"", ""evidence"": ""Coda -l in 'sol' and 'belo' pronounced with consonantal dark /ɫ/ instead of vocalized /w/, characteristic of European Portuguese.""}}"	9851aabdf5	0	0	O pôr do sol na praia é muito belo.	O pôr do sol na praia é muito belo.	
0726.00.01	word	wxoDdfPKBuna5KnUEotz	audio/0726.00.01-word-eleven_v3-v1.mp3	O total.	1	production	"{""flash38-J2"": {""verdict"": ""bp_ok"", ""drift"": ""none"", ""severity"": ""low"", ""evidence"": ""Final /l/ is vocalized to [w] as expected in standard Brazilian Portuguese (/u toˈtaw/).""}, ""pro-J2"": {""verdict"": ""bp_ok"", ""drift"": ""none"", ""severity"": ""low"", ""evidence"": ""Final l is correctly vocalized to w and stress is on the final syllable.""}}"	9851aabdf5	1	1	o total	o total	
0726.00.01	example	wxoDdfPKBuna5KnUEotz	audio/0726.00.01-ex-eleven_v3-v1.mp3	O total da conta é cinquenta reais.	1	production	"{""flash38-J2"": {""verdict"": ""bp_ok"", ""drift"": ""none"", ""severity"": ""low"", ""evidence"": ""Native standard Brazilian Portuguese pronunciation with correct vocalization of final l in total, expected nasal vowels, and standard intonation.""}}"	9851aabdf5	1	1	O total da conta é cinquenta reais.	O total da conta é cinquenta reais.	
0727.00.01	word	AaeZyyi87RCxtFnHPS3e	audio/0727.00.01-word-eleven_v3-v1.mp3	O clube.	1	production	"{""flash38-J2"": {""verdict"": ""bp_ok"", ""drift"": ""none"", ""severity"": ""low"", ""evidence"": ""Matches expected São Paulo Brazilian Portuguese pronunciation /u ˈklubi/.""}}"	9851aabdf5	1	1	o clube	o clube	
0727.00.01	example	AaeZyyi87RCxtFnHPS3e	audio/0727.00.01-ex-eleven_v3-v2.mp3	Meu pai vai ao clube jogar tênis todo sábado.	1	production	"{""flash38-J2"": {""verdict"": ""bp_ok"", ""drift"": ""none"", ""severity"": ""low"", ""evidence"": ""Pronounced with standard Brazilian Portuguese phonology, including correct palatalization / unstressed vowel reduction and standard intonation.""}}"	9851aabdf5	1	1	Meu pai vai ao clube jogar tênis todo sábado.	Meu pai vai ao clube jogar tênis todo sábado.	
0730.00.01	word	m151rjrbWXbBqyq56tly	audio/0730.00.01-word-eleven_v3-v1.mp3	autoridade	1	relaxed	"{""flash38-J2"": {""verdict"": ""bp_ok"", ""drift"": ""none"", ""severity"": ""low"", ""evidence"": ""Word pronounced accurately with standard BP palatalization [dʒi] on the final syllable and vocalized 'l'.""}}"	9851aabdf5	1	1	a autoridade	a autoridade	
0730.00.01	example	m151rjrbWXbBqyq56tly	audio/0730.00.01-ex-eleven_v3-v1.mp3	A polícia é a autoridade responsável pela segurança pública.	1	production	"{""flash38-J2"": {""verdict"": ""bp_ok"", ""drift"": ""none"", ""severity"": ""low"", ""evidence"": ""Pronounced with standard Brazilian Portuguese phonology, including palatalization in autoridade [dadʒi] and vocalization in responsável [w].""}}"	9851aabdf5	1	1	A polícia é a autoridade responsável pela segurança pública.	A polícia é a autoridade responsável pela segurança pública.	
0735.00.01	word	m151rjrbWXbBqyq56tly	audio/0735.00.01-word-eleven_v3-v1.mp3	O marido.	1	production	"{""flash38-J2"": {""verdict"": ""bp_ok"", ""drift"": ""none"", ""severity"": ""low"", ""evidence"": ""Pronounced with standard Brazilian Portuguese phonology: correct tap [ɾ], stress placement, and unstressed vowel reduction.""}}"	9851aabdf5	1	1	o marido	o marido	
0735.00.01	example	m151rjrbWXbBqyq56tly	audio/0735.00.01-ex-eleven_v3-v1.mp3	Meu marido trabalha no hospital.	1	production	"{""flash38-J2"": {""verdict"": ""bp_ok"", ""drift"": ""none"", ""severity"": ""low"", ""evidence"": ""Native standard Brazilian Portuguese pronunciation with vocalized final -l as [w] in 'hospital' and appropriate palatalization and vowel reductions.""}}"	9851aabdf5	1	1	Meu marido trabalha no hospital.	Meu marido trabalha no hospital.	
0739.00.01	word	m151rjrbWXbBqyq56tly	audio/0739.00.01-word-eleven_v3-v1.mp3	A operação.	1	production	"{""flash38-J2"": {""verdict"": ""bp_ok"", ""drift"": ""none"", ""severity"": ""low"", ""evidence"": ""Pronounced with accurate standard Brazilian Portuguese phonemes /a opeɾaˈsɐ̃w̃/, correct tap r and nasal diphthong.""}}"	9851aabdf5	1	1	a operação	a operação	
0739.00.01	example	m151rjrbWXbBqyq56tly	audio/0739.00.01-ex-eleven_v3-v1.mp3	A operação no hospital durou três horas.	1	production	"{""flash38-J2"": {""verdict"": ""bp_ok"", ""drift"": ""none"", ""severity"": ""low"", ""evidence"": ""Pronounced with standard Brazilian Portuguese phonology, including vocalized coda -l in hospital and correct palatalization/vowel reduction.""}}"	9851aabdf5	1	1	A operação no hospital durou três horas.	A operação no hospital durou três horas.	
0741.00.01	word	wxoDdfPKBuna5KnUEotz	audio/0741.00.01-word-eleven_v3-v1.mp3	Massimo.	1	relaxed	"{""flash38-J2"": {""verdict"": ""bp_ok"", ""drift"": ""none"", ""severity"": ""low"", ""evidence"": ""Pronounced with standard Brazilian Portuguese phonology matching /ˈmasimu/.""}}"	9851aabdf5	1	1	máximo	máximo	
0741.00.01	example	wxoDdfPKBuna5KnUEotz	audio/0741.00.01-ex-eleven_v3-v1.mp3	A velocidade máxima nesta rua é 40 quilômetros por hora.	1	numbers	"{""flash38-J2"": {""verdict"": ""bp_ok"", ""drift"": ""none"", ""severity"": ""low"", ""evidence"": ""Pronounced with standard Brazilian Portuguese phonology, including palatalized [dʒi] in velocidade and correct stress and vowel quality across the phrase.""}}"	9851aabdf5	1	1	A velocidade máxima nesta rua é 40 km/h.	A velocidade máxima nesta rua é 40 km/h.	
0750.00.01	word	m151rjrbWXbBqyq56tly	audio/0750.00.01-word-eleven_v3-v1.mp3	Entorno.	1	relaxed	"{""flash38-J2"": {""verdict"": ""bp_ok"", ""drift"": ""none"", ""severity"": ""low"", ""evidence"": ""Matches standard BP phonology with nasalized 'em', closed 'o' in 'tor-', alveolar tap coda 'r', and reduced final vowel.""}}"	9851aabdf5	1	1	em torno	em torno	
0750.00.01	example	m151rjrbWXbBqyq56tly	audio/0750.00.01-ex-eleven_v3-v1.mp3	As crianças brincam em torno da árvore.	1	production	"{""flash38-J2"": {""verdict"": ""bp_ok"", ""drift"": ""none"", ""severity"": ""low"", ""evidence"": ""All words are pronounced with standard Brazilian Portuguese phonology, including nasal vowels, unstressed vowel reduction, and tap coda-r.""}}"	9851aabdf5	1	1	As crianças brincam em torno da árvore.	As crianças brincam em torno da árvore.	
0767.00.01	word	m151rjrbWXbBqyq56tly	audio/0767.00.01-word-eleven_v3-v1.mp3	o, a doente	0	fail	{}	9851aabdf5	0	0	o/a doente	o doente, a doente	
0767.00.01	example	m151rjrbWXbBqyq56tly	audio/0767.00.01-ex-eleven_v3-v1.mp3	O doente está no hospital há três dias.	1	production	"{""flash38-J2"": {""verdict"": ""bp_ok"", ""drift"": ""none"", ""severity"": ""low"", ""evidence"": ""Matches standard BP phonology with palatalization of /t/ in 'doente' [tʃi] and 'dias' [dʒiɐs], vocalized coda-l in 'hospital' [w], and silent initial h.""}}"	9851aabdf5	1	1	O doente está no hospital há três dias.	O doente está no hospital há três dias.	
0771.00.02	word	Rw38T6bn0lTNOb1aUevR	audio/0771.00.02-word-eleven_v3-v3.mp3	À margem.	1	production	"{""flash38-J2"": {""verdict"": ""bp_ok"", ""drift"": ""none"", ""severity"": ""low"", ""evidence"": ""Accurate standard Brazilian Portuguese pronunciation with correct stress on the first syllable of margem, tap coda-r, and appropriate palatal fricative.""}}"	9851aabdf5	1	1	a margem	a margem	
0771.00.02	example	m151rjrbWXbBqyq56tly	audio/0771.00.02-ex-eleven_v3-v1.mp3	Caminhamos pela margem do rio.	1	production	"{""flash38-J2"": {""verdict"": ""bp_ok"", ""drift"": ""none"", ""severity"": ""low"", ""evidence"": ""Pronounced with standard Brazilian Portuguese phonology throughout, including appropriate vowel reduction and rhythm.""}}"	9851aabdf5	1	1	Caminhamos pela margem do rio.	Caminhamos pela margem do rio.	
0771.00.03	word	Rw38T6bn0lTNOb1aUevR	audio/0771.00.03-word-eleven_v3-v1.mp3	À margem.	1	production	"{""flash38-J2"": {""verdict"": ""bp_ok"", ""drift"": ""none"", ""severity"": ""low"", ""evidence"": ""Pronounced with standard Brazilian Portuguese phonemes [a ˈmaɾʒẽj̃], with flap coda-r and nasalized diphthong ending.""}}"	9851aabdf5	1	1	a margem	a margem	
0771.00.03	example	Rw38T6bn0lTNOb1aUevR	audio/0771.00.03-ex-eleven_v3-v1.mp3	As crianças brincam na margem do rio.	1	production	"{""flash38-J2"": {""verdict"": ""bp_ok"", ""drift"": ""none"", ""severity"": ""low"", ""evidence"": ""Pronounced with standard Brazilian Portuguese phonology, including nasal vowels, tap coda-r in margem, [h] in rio, and typical vowel reduction.""}}"	9851aabdf5	1	1	As crianças brincam na margem do rio.	As crianças brincam na margem do rio.	
0772.00.01	word	Rw38T6bn0lTNOb1aUevR	audio/0772.00.01-word-eleven_v3-v3.mp3	Ambos.	1	production	"{""flash38-J2"": {""verdict"": ""bp_ok"", ""drift"": ""none"", ""severity"": ""low"", ""evidence"": ""Proper nasal vowel [ɐ̃], correct reduction of final unstressed 'o' to [u], and voiceless alveolar sibilant coda [s].""}}"	9851aabdf5	1	1	ambos	ambos	
0772.00.01	example	m151rjrbWXbBqyq56tly	audio/0772.00.01-ex-eleven_v3-v1.mp3	Ambos os meus filhos estudam inglês.	1	production	"{""flash38-J2"": {""verdict"": ""bp_ok"", ""drift"": ""none"", ""severity"": ""low"", ""evidence"": ""Native Brazilian Portuguese pronunciation throughout with natural connected speech sandhi (ambus uz meus fiʎuz estudɐ̃w̃ iŋɡles).""}}"	9851aabdf5	1	1	Ambos os meus filhos estudam inglês.	Ambos os meus filhos estudam inglês.	
0777.00.01	word	wxoDdfPKBuna5KnUEotz	audio/0777.00.01-word-eleven_v3-v1.mp3	O hospital.	1	production	"{""flash38-J2"": {""verdict"": ""bp_ok"", ""drift"": ""none"", ""severity"": ""low"", ""evidence"": ""Silent initial 'h', palatalized or standard 's', and vocalized final -l to [w] heard clearly in standard Brazilian Portuguese pattern.""}, ""pro-J2"": {""verdict"": ""bp_ok"", ""drift"": ""none"", ""severity"": ""low"", ""evidence"": ""Final l is vocalized to w and stress is correctly on the final syllable.""}}"	9851aabdf5	1	1	o hospital	o hospital	
0777.00.01	example	wxoDdfPKBuna5KnUEotz	audio/0777.00.01-ex-eleven_v3-v1.mp3	Meu pai está no hospital desde ontem.	1	production	"{""flash38-J2"": {""verdict"": ""bp_ok"", ""drift"": ""none"", ""severity"": ""low"", ""evidence"": ""All phonetic features including final -l vocalization in 'hospital' ([w]) and palatalization in 'desde' ([dʒi]) match standard Brazilian Portuguese.""}}"	9851aabdf5	1	1	Meu pai está no hospital desde ontem.	Meu pai está no hospital desde ontem.	
0804.00.01	word	Rw38T6bn0lTNOb1aUevR	audio/0804.00.01-word-eleven_v3-v2.mp3	Mellorar.	1	relaxed	"{""flash38-J2"": {""verdict"": ""bp_ok"", ""drift"": ""none"", ""severity"": ""low"", ""evidence"": ""Correct pronunciation of /meʎoˈɾaɾ/ with typical Brazilian Portuguese phonetics.""}}"	9851aabdf5	1	1	melhorar	melhorar	
0804.00.01	example	Rw38T6bn0lTNOb1aUevR	audio/0804.00.01-ex-eleven_v3-v1.mp3	Quero melhorar meu português este ano.	1	production	"{""flash38-J2"": {""verdict"": ""bp_ok"", ""drift"": ""none"", ""severity"": ""low"", ""evidence"": ""Pronounced with standard Brazilian Portuguese phonology, including correct palatalization, open stressed vowel in quero, and proper intonation.""}}"	9851aabdf5	1	1	Quero melhorar meu português este ano.	Quero melhorar meu português este ano.	
0806.00.01	word	m151rjrbWXbBqyq56tly	audio/0806.00.01-word-eleven_v3-v1.mp3	O limite.	1	production	"{""flash38-J2"": {""verdict"": ""bp_ok"", ""drift"": ""none"", ""severity"": ""low"", ""evidence"": ""Clear standard palatalization of final -te to [tʃi] and expected vowel reductions.""}}"	9851aabdf5	1	1	o limite	o limite	
0806.00.01	example	m151rjrbWXbBqyq56tly	audio/0806.00.01-ex-eleven_v3-v1.mp3	O limite de velocidade nesta rua é quarenta quilômetros por hora.	1	spoken	"{""flash38-J2"": {""verdict"": ""bp_ok"", ""drift"": ""none"", ""severity"": ""low"", ""evidence"": ""Native standard Brazilian Portuguese pronunciation with correct palatalization of -te and -de and standard vowel qualities throughout.""}}"	9851aabdf5	1	1	O limite de velocidade nesta rua é 40 quilômetros por hora.	O limite de velocidade nesta rua é 40 quilômetros por hora.	
0819.00.01	word	Rw38T6bn0lTNOb1aUevR	audio/0819.00.01-word-eleven_v3-v3.mp3	O ramo.	1	production	"{""flash38-J2"": {""verdict"": ""bp_ok"", ""drift"": ""none"", ""severity"": ""low"", ""evidence"": ""The speaker clearly pronounces [u ˈhɐ̃mu] with standard Brazilian Portuguese phonology, including the glottal fricative for initial r and proper vowel reduction""}}"	9851aabdf5	1	1	o ramo	o ramo	
0819.00.01	example	m151rjrbWXbBqyq56tly	audio/0819.00.01-ex-eleven_v3-v1.mp3	O pássaro está sentado em um ramo da árvore.	1	production	"{""flash38-J2"": {""verdict"": ""bp_ok"", ""drift"": ""none"", ""severity"": ""low"", ""evidence"": ""Natural standard Brazilian Portuguese pronunciation throughout with expected phonetic reductions and stress""}}"	9851aabdf5	1	1	O pássaro está sentado em um ramo da árvore.	O pássaro está sentado em um ramo da árvore.	
0841.00.01	word	qPfM2laM0pRL4rrZtBGl	audio/0841.00.01-word-eleven_v3-v1.mp3	O aluno.	1	production	"{""flash38-J2"": {""verdict"": ""bp_ok"", ""drift"": ""none"", ""severity"": ""low"", ""evidence"": ""Matches expected Brazilian Portuguese pronunciation with correct vowel reductions and stress on 'lu'.""}}"	9851aabdf5	1	1	o aluno	o aluno	
0841.00.01	example	qPfM2laM0pRL4rrZtBGl	audio/0841.00.01-ex-eleven_v3-v1.mp3	O aluno estuda português todos os dias.	1	production	"{""flash38-J2"": {""verdict"": ""bp_ok"", ""drift"": ""none"", ""severity"": ""low"", ""evidence"": ""Pronounced with standard Brazilian Portuguese phonology, including correct palatalization of 'dias' [ˈdʒiɐs] and standard vowel reductions.""}}"	9851aabdf5	1	1	O aluno estuda português todos os dias.	O aluno estuda português todos os dias.	
0842.00.01	word	wxoDdfPKBuna5KnUEotz	audio/0842.00.01-word-eleven_v3-v3.mp3	Entretanto.	1	production	"{""flash38-J2"": {""verdict"": ""bp_ok"", ""drift"": ""none"", ""severity"": ""low"", ""evidence"": ""Accurate stress on penultimate syllable with correct nasal vowel and standard Brazilian Portuguese phonemes.""}}"	9851aabdf5	1	1	entretanto	entretanto	
0842.00.01	example	ny3E2DZImeZm00WLGZi9	audio/0842.00.01-ex-eleven_v3-v1.mp3	Boa mercado. Entretanto, você pode preparar o café.	0	fail	{}	9851aabdf5	0	0	Vou ao mercado; entretanto, você pode preparar o café.	Vou ao mercado; entretanto, você pode preparar o café.	
0851.00.02	word	wxoDdfPKBuna5KnUEotz	audio/0851.00.02-word-eleven_v3-v1.mp3	o, a responsável	0	fail	{}	9851aabdf5	0	0	o/a responsável	o responsável, a responsável	
0851.00.02	example	wxoDdfPKBuna5KnUEotz	audio/0851.00.02-ex-eleven_v3-v1.mp3	O responsável pela loja abriu as portas às nove.	1	production	"{""flash38-J2"": {""verdict"": ""bp_ok"", ""drift"": ""none"", ""severity"": ""low"", ""evidence"": ""Native Brazilian Portuguese pronunciation with correct vowel openness, coda-l vocalization in 'responsável', and tap/retroflex coda-r.""}}"	9851aabdf5	1	1	O responsável pela loja abriu as portas às nove.	O responsável pela loja abriu as portas às nove.	
0856.00.01	word	wxoDdfPKBuna5KnUEotz	audio/0856.00.01-word-eleven_v3-v3.mp3	Suficiente.	1	production	"{""flash38-J2"": {""verdict"": ""bp_ok"", ""drift"": ""none"", ""severity"": ""low"", ""evidence"": ""Word pronounced accurately with standard Brazilian Portuguese phonemes, including palatalized final [tʃi].""}}"	9851aabdf5	1	1	suficiente	suficiente	
0856.00.01	example	ny3E2DZImeZm00WLGZi9	audio/0856.00.01-ex-eleven_v3-v1.mp3	Temos comida suficiente para o jantar.	1	production	"{""flash38-J2"": {""verdict"": ""bp_ok"", ""drift"": ""none"", ""severity"": ""low"", ""evidence"": ""Native standard Brazilian Portuguese pronunciation with correct palatalization [tʃi] in suficiente and typical prosody.""}}"	9851aabdf5	1	1	Temos comida suficiente para o jantar.	Temos comida suficiente para o jantar.	
0858.00.01	word	qPfM2laM0pRL4rrZtBGl	audio/0858.00.01-word-eleven_v3-v1.mp3	A data.	1	production	"{""flash38-J2"": {""verdict"": ""bp_ok"", ""drift"": ""none"", ""severity"": ""low"", ""evidence"": ""Pronounced clearly as [a ˈdatɐ] with standard Brazilian Portuguese phonemes and stress.""}, ""pro-J2"": {""verdict"": ""bp_ok"", ""drift"": ""none"", ""severity"": ""low"", ""evidence"": ""Clear and correct pronunciation of vowels and consonants with appropriate stress on the penultimate syllable.""}}"	9851aabdf5	1	1	a data	a data	
0858.00.01	example	qPfM2laM0pRL4rrZtBGl	audio/0858.00.01-ex-eleven_v3-v1.mp3	Qual é a data do seu aniversário?	1	production	"{""flash38-J2"": {""verdict"": ""bp_ok"", ""drift"": ""none"", ""severity"": ""low"", ""evidence"": ""Pronounced naturally with standard Brazilian Portuguese phonology, including vocalized -l in 'qual' and appropriate stress.""}}"	9851aabdf5	1	1	Qual é a data do seu aniversário?	Qual é a data do seu aniversário?	
0864.00.01	word	Rw38T6bn0lTNOb1aUevR	audio/0864.00.01-word-eleven_v3-v1.mp3	Fiksa.	1	relaxed	"{""flash38-J2"": {""verdict"": ""bp_ok"", ""drift"": ""none"", ""severity"": ""low"", ""evidence"": ""Clear standard BP pronunciation [fikˈsa(ɾ)] with expected stress on the final syllable and typical r deletion/tap.""}}"	9851aabdf5	1	1	fixar	fixar	
0864.00.01	example	Rw38T6bn0lTNOb1aUevR	audio/0864.00.01-ex-eleven_v3-v1.mp3	O governo vai fixar novas regras para o comércio.	1	production	"{""flash38-J2"": {""verdict"": ""bp_ok"", ""drift"": ""none"", ""severity"": ""low"", ""evidence"": ""Pronounced with clear and natural Brazilian Portuguese phonetics matching standard São Paulo features.""}}"	9851aabdf5	1	1	O governo vai fixar novas regras para o comércio.	O governo vai fixar novas regras para o comércio.	
0864.00.02	word	m151rjrbWXbBqyq56tly	audio/0864.00.02-word-eleven_v3-v2.mp3	Fixar.	1	production	"{""flash38-J2"": {""verdict"": ""bp_ok"", ""drift"": ""none"", ""severity"": ""low"", ""evidence"": ""Word pronounced accurately as [fikˈsa(ʁ)] with expected standard Brazilian Portuguese phonology.""}}"	9851aabdf5	1	1	fixar	fixar	
0864.00.02	example	m151rjrbWXbBqyq56tly	audio/0864.00.02-ex-eleven_v3-v1.mp3	Vou fixar o quadro na parede da sala.	1	production	"{""flash38-J2"": {""verdict"": ""bp_ok"", ""drift"": ""none"", ""severity"": ""low"", ""evidence"": ""All phonetic features including palatalization in 'parede' [dʒi] match standard Brazilian Portuguese""}}"	9851aabdf5	1	1	Vou fixar o quadro na parede da sala.	Vou fixar o quadro na parede da sala.	
0867.00.01	word	Rw38T6bn0lTNOb1aUevR	audio/0867.00.01-word-eleven_v3-v1.mp3	A cara.	1	production	"{""flash38-J2"": {""verdict"": ""bp_ok"", ""drift"": ""none"", ""severity"": ""low"", ""evidence"": ""Pronounced with clear standard Brazilian Portuguese phonemes [a ˈkaɾɐ], including proper alveolar tap.""}, ""pro-J2"": {""verdict"": ""bp_ok"", ""drift"": ""none"", ""severity"": ""low"", ""evidence"": ""Correct stress on the penultimate syllable and standard alveolar tap for the intervocalic r.""}}"	9851aabdf5	1	1	a cara	a cara	
0867.00.01	example	Rw38T6bn0lTNOb1aUevR	audio/0867.00.01-ex-eleven_v3-v1.mp3	Ela lavou a cara antes de dormir.	1	production	"{""flash38-J2"": {""verdict"": ""bp_ok"", ""drift"": ""none"", ""severity"": ""low"", ""evidence"": ""Pronounced with standard Brazilian Portuguese phonology, including palatalization in 'antes de' [ˈɐ̃tʃiz dʒi] and appropriate vowel reductions.""}}"	9851aabdf5	1	1	Ela lavou a cara antes de dormir.	Ela lavou a cara antes de dormir.	
0876.00.01	word	Rw38T6bn0lTNOb1aUevR	audio/0876.00.01-word-eleven_v3-v1.mp3	Concordar.	1	production	"{""flash38-J2"": {""verdict"": ""bp_ok"", ""drift"": ""none"", ""severity"": ""low"", ""evidence"": ""Accurate stress on final syllable with proper nasalization and alveolar tap coda""}}"	9851aabdf5	1	1	concordar	concordar	
0876.00.01	example	Rw38T6bn0lTNOb1aUevR	audio/0876.00.01-ex-eleven_v3-v1.mp3	Eu concordo com você sobre o filme.	1	production	"{""flash38-J2"": {""verdict"": ""bp_ok"", ""drift"": ""none"", ""severity"": ""low"", ""evidence"": ""Pronounced naturally with standard Brazilian Portuguese phonology, including vocalized /l/ in 'filme' as [w] and palatalized final 'me' as [mi].""}}"	9851aabdf5	1	1	Eu concordo com você sobre o filme.	Eu concordo com você sobre o filme.	
0887.00.01	word	qPfM2laM0pRL4rrZtBGl	audio/0887.00.01-word-eleven_v3-v1.mp3	A roda.	1	production	"{""flash38-J2"": {""verdict"": ""bp_ok"", ""drift"": ""none"", ""severity"": ""low"", ""evidence"": ""The speaker clearly pronounces initial 'r' as [h] and stressed 'o' as open [ɔ] in 'a roda'.""}, ""pro-J2"": {""verdict"": ""bp_ok"", ""drift"": ""none"", ""severity"": ""low"", ""evidence"": ""The initial r is pronounced as a back fricative and the stressed vowel is an open O, matching standard Brazilian Portuguese.""}}"	9851aabdf5	1	1	a roda	a roda	
0887.00.01	example	qPfM2laM0pRL4rrZtBGl	audio/0887.00.01-ex-eleven_v3-v1.mp3	A roda da bicicleta está furada.	1	production	"{""flash38-J2"": {""verdict"": ""bp_ok"", ""drift"": ""none"", ""severity"": ""low"", ""evidence"": ""Native standard Brazilian Portuguese pronunciation matching the expected phonemes throughout the entire sentence.""}}"	9851aabdf5	1	1	A roda da bicicleta está furada.	A roda da bicicleta está furada.	
0892.00.01	word	Rw38T6bn0lTNOb1aUevR	audio/0892.00.01-word-eleven_v3-v1.mp3	A hipótese.	1	production	"{""flash38-J2"": {""verdict"": ""bp_ok"", ""drift"": ""none"", ""severity"": ""low"", ""evidence"": ""Correct proparoxytone stress on open vowel [ˈpɔ] and standard Brazilian Portuguese phonemes.""}, ""pro-J2"": {""verdict"": ""bp_ok"", ""drift"": ""none"", ""severity"": ""low"", ""evidence"": ""Correct stress on the open vowel 'o' and final 'e' reduced to 'i'.""}}"	9851aabdf5	1	1	a hipótese	a hipótese	
0892.00.01	example	Rw38T6bn0lTNOb1aUevR	audio/0892.00.01-ex-eleven_v3-v1.mp3	O professor apresentou uma hipótese sobre o clima.	1	production	"{""flash38-J2"": {""verdict"": ""bp_ok"", ""drift"": ""none"", ""severity"": ""low"", ""evidence"": ""All words pronounced with standard Brazilian Portuguese phonology, including correct stress, vowel reductions, and palatalization.""}}"	9851aabdf5	1	1	O professor apresentou uma hipótese sobre o clima.	O professor apresentou uma hipótese sobre o clima.	
0893.00.01	word	ny3E2DZImeZm00WLGZi9	audio/0893.00.01-word-eleven_v3-v1.mp3	O verão.	1	production	"{""flash38-J2"": {""verdict"": ""bp_ok"", ""drift"": ""none"", ""severity"": ""low"", ""evidence"": ""Pronounced clearly with standard Brazilian Portuguese phonemes [u veˈɾɐ̃w̃].""}}"	9851aabdf5	1	1	o verão	o verão	
0893.00.01	example	ny3E2DZImeZm00WLGZi9	audio/0893.00.01-ex-eleven_v3-v1.mp3	No verão, vou à praia com minha família.	1	production	"{""flash38-J2"": {""verdict"": ""bp_ok"", ""drift"": ""none"", ""severity"": ""low"", ""evidence"": ""Native Brazilian Portuguese pronunciation throughout with natural cadence, nasalization, and palatalization.""}}"	9851aabdf5	1	1	No verão, vou à praia com minha família.	No verão, vou à praia com minha família.	
0901.00.01	word	Rw38T6bn0lTNOb1aUevR	audio/0901.00.01-word-eleven_v3-v1.mp3	A instituição.	1	production	"{""flash38-J2"": {""verdict"": ""bp_ok"", ""drift"": ""none"", ""severity"": ""low"", ""evidence"": ""Standard Brazilian Portuguese pronunciation with palatalized [tʃi] and clear nasal diphthong [sɐ̃w̃].""}}"	9851aabdf5	1	1	a instituição	a instituição	
0901.00.01	example	Rw38T6bn0lTNOb1aUevR	audio/0901.00.01-ex-eleven_v3-v1.mp3	A universidade é uma instituição importante para a educação.	1	production	"{""flash38-J2"": {""verdict"": ""bp_ok"", ""drift"": ""none"", ""severity"": ""low"", ""evidence"": ""Native standard Brazilian Portuguese pronunciation with palatalized affricates in 'universidade', 'instituição', and 'importante'.""}}"	9851aabdf5	1	1	A universidade é uma instituição importante para a educação.	A universidade é uma instituição importante para a educação.	
0912.00.01	word	Rw38T6bn0lTNOb1aUevR	audio/0912.00.01-word-eleven_v3-v1.mp3	O regime.	1	production	"{""flash38-J2"": {""verdict"": ""bp_ok"", ""drift"": ""none"", ""severity"": ""low"", ""evidence"": ""Matches expected São Paulo pronunciation [u heˈʒimi] with proper initial back fricative and palatalized final unstressed -e as [i].""}}"	9851aabdf5	1	1	o regime	o regime	
0912.00.01	example	Rw38T6bn0lTNOb1aUevR	audio/0912.00.01-ex-eleven_v3-v1.mp3	O regime militar terminou em 1985 no Brasil.	1	production	"{""flash38-J2"": {""verdict"": ""bp_ok"", ""drift"": ""none"", ""severity"": ""low"", ""evidence"": ""Native Brazilian Portuguese pronunciation throughout with standard palatalization, vowel reduction, and vocalized final l.""}}"	9851aabdf5	1	1	O regime militar terminou em 1985 no Brasil.	O regime militar terminou em 1985 no Brasil.	
0913.00.01	word	wxoDdfPKBuna5KnUEotz	audio/0913.00.01-word-eleven_v3-v3.mp3	Usitio.	1	relaxed	"{""flash38-J2"": {""verdict"": ""bp_ok"", ""drift"": ""none"", ""severity"": ""low"", ""evidence"": ""Clear standard BP pronunciation with palatalized [tʃ] before [i] in sítio""}}"	9851aabdf5	1	1	o sítio	o sítio	
0913.00.01	example	ny3E2DZImeZm00WLGZi9	audio/0913.00.01-ex-eleven_v3-v1.mp3	O sítio da universidade tem muitas informações úteis.	1	production	"{""flash38-J2"": {""verdict"": ""bp_ok"", ""drift"": ""none"", ""severity"": ""low"", ""evidence"": ""Palatalization of -ti- and -de, vocalic endings, and nasal diphthongs all follow standard Brazilian Portuguese phonology.""}}"	9851aabdf5	1	1	O sítio da universidade tem muitas informações úteis.	O sítio da universidade tem muitas informações úteis.	
0913.00.02	word	ny3E2DZImeZm00WLGZi9	audio/0913.00.02-word-eleven_v3-v2.mp3	Ufficio.	1	relaxed	"{""flash38-J2"": {""verdict"": ""bp_ok"", ""drift"": ""none"", ""severity"": ""low"", ""evidence"": ""Pronounced with clear palatalization [tʃi] in sítio, matching standard Brazilian Portuguese.""}}"	9851aabdf5	1	1	o sítio	o sítio	
0913.00.02	example	wxoDdfPKBuna5KnUEotz	audio/0913.00.02-ex-eleven_v3-v3.mp3	Este é um bom sítio para fazer piquenique.	1	production	"{""flash38-J2"": {""verdict"": ""non_bp"", ""drift"": ""EP"", ""severity"": ""high"", ""evidence"": ""Pronounced with European Portuguese phonology: coda s pronounced as [ʃ] in 'este', unpalatalized [t] before [i] in 'este' and 'piquenique', and reduced vowels.""}}"	9851aabdf5	0	0	Este é um bom sítio para fazer piquenique.	Este é um bom sítio para fazer piquenique.	
0913.00.03	word	wxoDdfPKBuna5KnUEotz	audio/0913.00.03-word-eleven_v3-v3.mp3	O sítio.	1	production	"{""flash38-J2"": {""verdict"": ""bp_ok"", ""drift"": ""none"", ""severity"": ""low"", ""evidence"": ""Correct palatalization of /t/ to [tʃ] before /i/ and natural diphthong reduction in final unstressed position.""}}"	9851aabdf5	1	1	o sítio	o sítio	
0913.00.03	example	ny3E2DZImeZm00WLGZi9	audio/0913.00.03-ex-eleven_v3-v1.mp3	Meu avô tem um sítio com galinhas e verduras.	1	production	"{""flash38-J2"": {""verdict"": ""bp_ok"", ""drift"": ""none"", ""severity"": ""low"", ""evidence"": ""Pronounced with standard Brazilian Portuguese phonology, including palatalized [tʃ] in sítio, correct nasalization, and retroflex/tap coda-r variants consistent""}}"	9851aabdf5	1	1	Meu avô tem um sítio com galinhas e verduras.	Meu avô tem um sítio com galinhas e verduras.	
0920.00.01	word	qPfM2laM0pRL4rrZtBGl	audio/0920.00.01-word-eleven_v3-v1.mp3	A assembleia.	1	production	"{""flash38-J2"": {""verdict"": ""bp_ok"", ""drift"": ""none"", ""severity"": ""low"", ""evidence"": ""Pronounced with accurate Brazilian Portuguese phonology, including the open stressed vowel [ɛ] in the diphthong 'eia'.""}}"	9851aabdf5	1	1	a assembleia	a assembleia	
0920.00.01	example	qPfM2laM0pRL4rrZtBGl	audio/0920.00.01-ex-eleven_v3-v1.mp3	A assembleia de professores acontece toda segunda-feira.	1	production	"{""flash38-J2"": {""verdict"": ""bp_ok"", ""drift"": ""none"", ""severity"": ""low"", ""evidence"": ""Pronounced with standard Brazilian Portuguese phonology, including open [ɛ] in assembleia and acontece, palatalized [dʒi] in de, and tap coda/intervocalic r.""}}"	9851aabdf5	1	1	A assembleia de professores acontece toda segunda-feira.	A assembleia de professores acontece toda segunda-feira.	
0929.00.01	word	xNGAXaCH8MaasNuo7Hr7	audio/0929.00.01-word-eleven_v3-v1.mp3	A média	1	production	"{""flash38-J2"": {""verdict"": ""bp_ok"", ""drift"": ""none"", ""severity"": ""low"", ""evidence"": ""Pronounced with open [ɛ] and standard palatalization [dʒ] as expected in Brazilian Portuguese.""}}"	9851aabdf5	1	1	a média	a média	
0929.00.01	example	xNGAXaCH8MaasNuo7Hr7	audio/0929.00.01-ex-eleven_v3-v1.mp3	A média das notas da turma foi sete.	1	production	"{""flash38-J2"": {""verdict"": ""bp_ok"", ""drift"": ""none"", ""severity"": ""low"", ""evidence"": ""Natural Brazilian Portuguese pronunciation matching standard phonology with palatalization in [ˈmɛdʒjɐ] and [ˈsɛtʃi].""}}"	9851aabdf5	1	1	A média das notas da turma foi sete.	A média das notas da turma foi sete.	
0937.00.01	word	Rw38T6bn0lTNOb1aUevR	audio/0937.00.01-word-eleven_v3-v1.mp3	Assedie.	1	relaxed	"{""flash38-J2"": {""verdict"": ""bp_ok"", ""drift"": ""none"", ""severity"": ""low"", ""evidence"": ""Stressed vowel correctly pronounced as open [ɛ] with palatalized [dʒi] in 'sede'.""}, ""pro-J2"": {""verdict"": ""bp_ok"", ""drift"": ""none"", ""severity"": ""low"", ""evidence"": ""Correct open vowel on the stressed syllable and proper palatalization of the final d to dʒi.""}}"	9851aabdf5	1	1	a sede	a sede	
0937.00.01	example	Rw38T6bn0lTNOb1aUevR	audio/0937.00.01-ex-eleven_v3-v1.mp3	A sede da empresa fica em São Paulo.	1	production	"{""flash38-J2"": {""verdict"": ""bp_ok"", ""drift"": ""none"", ""severity"": ""low"", ""evidence"": ""Native standard Brazilian Portuguese pronunciation matching the expected IPA perfectly, including palatalization in 'sede' [ˈsɛdʒi] and vocalized [w] in 'Paulo'""}}"	9851aabdf5	1	1	A sede da empresa fica em São Paulo.	A sede da empresa fica em São Paulo.	
0937.00.02	word	qPfM2laM0pRL4rrZtBGl	audio/0937.00.02-word-eleven_v3-v1.mp3	A sede.	1	production	"{""flash38-J2"": {""verdict"": ""non_bp"", ""drift"": ""other"", ""severity"": ""medium"", ""evidence"": ""Stressed vowel pronounced as open [ɛ] instead of the expected closed [e].""}, ""pro-J2"": {""verdict"": ""non_bp"", ""drift"": ""other"", ""severity"": ""medium"", ""evidence"": ""The speaker pronounces the stressed vowel as an open [ɛ] instead of the expected closed [e].""}}"	9851aabdf5	0	0	a sede	a sede	
0937.00.02	example	qPfM2laM0pRL4rrZtBGl	audio/0937.00.02-ex-eleven_v3-v1.mp3	Estou com sede, preciso de água.	1	production	"{""flash38-J2"": {""verdict"": ""bp_ok"", ""drift"": ""none"", ""severity"": ""low"", ""evidence"": ""Native Brazilian Portuguese pronunciation with correct palatalization of 'de' to [dʒi] in 'sede' and 'de', and natural prosody and vowels.""}}"	9851aabdf5	1	1	Estou com sede, preciso de água.	Estou com sede, preciso de água.	
0953.00.01	word	AaeZyyi87RCxtFnHPS3e	audio/0953.00.01-word-eleven_v3-v1.mp3	O prazo.	1	production	"{""flash38-J2"": {""verdict"": ""bp_ok"", ""drift"": ""none"", ""severity"": ""low"", ""evidence"": ""Pronounced clearly as [u ˈpɾazu] with standard Brazilian Portuguese phonology.""}}"	9851aabdf5	1	1	o prazo	o prazo	
0953.00.01	example	AaeZyyi87RCxtFnHPS3e	audio/0953.00.01-ex-eleven_v3-v1.mp3	O prazo para entregar o trabalho é sexta-feira.	1	production	"{""flash38-J2"": {""verdict"": ""bp_ok"", ""drift"": ""none"", ""severity"": ""low"", ""evidence"": ""Native Brazilian Portuguese pronunciation with correct vowel qualities, standard São Paulo coda tap, and natural rhythm.""}}"	9851aabdf5	1	1	O prazo para entregar o trabalho é sexta-feira.	O prazo para entregar o trabalho é sexta-feira.	
0966.00.01	word	Rw38T6bn0lTNOb1aUevR	audio/0966.00.01-word-eleven_v3-v1.mp3	U gosto.	1	relaxed	"{""flash38-J2"": {""verdict"": ""bp_ok"", ""drift"": ""none"", ""severity"": ""low"", ""evidence"": ""Pronounced with closed [o] in the stressed syllable and alveolar coda [s], perfectly matching standard Brazilian Portuguese.""}, ""pro-J2"": {""verdict"": ""bp_ok"", ""drift"": ""none"", ""severity"": ""low"", ""evidence"": ""Clear closed 'o' in the stressed syllable and correct reduction of final 'o' to 'u'.""}}"	9851aabdf5	1	1	o gosto	o gosto	
0966.00.01	example	Rw38T6bn0lTNOb1aUevR	audio/0966.00.01-ex-eleven_v3-v1.mp3	O café tem gosto forte e amargo.	0	fail	{}	9851aabdf5	0	0	O café tem um gosto forte e amargo.	O café tem um gosto forte e amargo.	
0966.00.02	word	xNGAXaCH8MaasNuo7Hr7	audio/0966.00.02-word-eleven_v3-v1.mp3	O gosto.	1	production	"{""flash38-J2"": {""verdict"": ""bp_ok"", ""drift"": ""none"", ""severity"": ""low"", ""evidence"": ""Accurate Brazilian Portuguese pronunciation of 'o gosto' with closed /o/, dental sibilant coda [s], and final reduced vowel [u].""}, ""pro-J2"": {""verdict"": ""bp_ok"", ""drift"": ""none"", ""severity"": ""low"", ""evidence"": ""The speaker correctly pronounces the stressed closed o and the final unstressed o as u matching standard Brazilian Portuguese.""}}"	9851aabdf5	1	1	o gosto	o gosto	
0966.00.02	example	xNGAXaCH8MaasNuo7Hr7	audio/0966.00.02-ex-eleven_v3-v1.mp3	Meu gosto musical é muito diferente do seu.	1	production	"{""flash38-J2"": {""verdict"": ""bp_ok"", ""drift"": ""none"", ""severity"": ""low"", ""evidence"": ""Native standard Brazilian Portuguese pronunciation matching IPA including [dʒifeˈɾẽtʃi] and [muziˈkaw].""}}"	9851aabdf5	1	1	Meu gosto musical é muito diferente do seu.	Meu gosto musical é muito diferente do seu.	
0978.00.01	word	Rw38T6bn0lTNOb1aUevR	audio/0978.00.01-word-eleven_v3-v1.mp3	O espanhol.	1	production	"{""flash38-J2"": {""verdict"": ""bp_ok"", ""drift"": ""none"", ""severity"": ""low"", ""evidence"": ""Pronounced with standard Brazilian Portuguese phonology: [u is.pɐ̃.ˈɲɔw] with vocalized final -l to [w] and correct open-mid [ɔ].""}, ""pro-J2"": {""verdict"": ""bp_ok"", ""drift"": ""none"", ""severity"": ""low"", ""evidence"": ""The final L is correctly vocalized to [w] and the stressed vowel is an open [ɔ], matching standard Brazilian Portuguese.""}}"	9851aabdf5	1	1	o espanhol	o espanhol	
0978.00.01	example	Rw38T6bn0lTNOb1aUevR	audio/0978.00.01-ex-eleven_v3-v1.mp3	Meu amigo fala espanhol muito bem.	1	production	"{""flash38-J2"": {""verdict"": ""bp_ok"", ""drift"": ""none"", ""severity"": ""low"", ""evidence"": ""Native standard Brazilian Portuguese pronunciation throughout with correct vowel reductions and vocalized coda -l in espanhol.""}}"	9851aabdf5	1	1	Meu amigo fala espanhol muito bem.	Meu amigo fala espanhol muito bem.	
0983.00.01	word	m151rjrbWXbBqyq56tly	audio/0983.00.01-word-eleven_v3-v1.mp3	Trás.	1	production	"{""flash38-J2"": {""verdict"": ""bp_ok"", ""drift"": ""none"", ""severity"": ""low"", ""evidence"": ""The speaker clearly pronounces [ˈtɾas] with standard Brazilian alveolar tap and coda /s/.""}, ""pro-J2"": {""verdict"": ""bp_ok"", ""drift"": ""none"", ""severity"": ""low"", ""evidence"": ""Clear alveolar tap and alveolar fricative coda matching standard Brazilian Portuguese.""}}"	9851aabdf5	1	1	trás	trás	
0983.00.01	example	m151rjrbWXbBqyq56tly	audio/0983.00.01-ex-eleven_v3-v1.mp3	O cachorro está correndo para trás.	1	production	"{""flash38-J2"": {""verdict"": ""bp_ok"", ""drift"": ""none"", ""severity"": ""low"", ""evidence"": ""Native standard Brazilian Portuguese pronunciation of the full sentence matching expected phonetics.""}}"	9851aabdf5	1	1	O cachorro está correndo para trás.	O cachorro está correndo para trás.	
0993.00.01	word	m151rjrbWXbBqyq56tly	audio/0993.00.01-word-eleven_v3-v2.mp3	Crer.	1	production	"{""flash38-J2"": {""verdict"": ""bp_ok"", ""drift"": ""none"", ""severity"": ""low"", ""evidence"": ""Pronounced with clear standard Brazilian Portuguese phonology matching /ˈkɾeɾ/.""}}"	9851aabdf5	1	1	crer	crer	
0993.00.01	example	m151rjrbWXbBqyq56tly	audio/0993.00.01-ex-eleven_v3-v1.mp3	Eu creio que ele vai chegar amanhã.	1	production	"{""flash38-J2"": {""verdict"": ""bp_ok"", ""drift"": ""none"", ""severity"": ""low"", ""evidence"": ""Pronounced with standard Brazilian Portuguese phonology, including correct vowel reduction, diphthongs, and rhythm.""}}"	9851aabdf5	1	1	Eu creio que ele vai chegar amanhã.	Eu creio que ele vai chegar amanhã.	
0996.00.01	word	ny3E2DZImeZm00WLGZi9	audio/0996.00.01-word-eleven_v3-v1.mp3	Seco.	1	production	"{""flash38-J2"": {""verdict"": ""non_bp"", ""drift"": ""other"", ""severity"": ""medium"", ""evidence"": ""Stressed vowel pronounced as open [ɛ] instead of closed [e]""}, ""pro-J2"": {""verdict"": ""bp_ok"", ""drift"": ""none"", ""severity"": ""low"", ""evidence"": ""Clear closed e vowel and final o reduced to u with correct stress on the first syllable.""}}"	9851aabdf5	0	0	seco	seco	
0996.00.01	example	ny3E2DZImeZm00WLGZi9	audio/0996.00.01-ex-eleven_v3-v1.mp3	O clima aqui é muito seco no inverno.	1	production	"{""flash38-J2"": {""verdict"": ""bp_ok"", ""drift"": ""none"", ""severity"": ""low"", ""evidence"": ""Naturally and accurately pronounced standard Brazilian Portuguese phrase with correct vowel qualities and stress.""}}"	9851aabdf5	1	1	O clima aqui é muito seco no inverno.	O clima aqui é muito seco no inverno.	
1000.00.01	word	Rw38T6bn0lTNOb1aUevR	audio/1000.00.01-word-eleven_v3-v1.mp3	O original.	1	production	"{""flash38-J2"": {""verdict"": ""bp_ok"", ""drift"": ""none"", ""severity"": ""low"", ""evidence"": ""Final /l/ is vocalized to [w] and stress is correctly placed on the final syllable.""}, ""pro-J2"": {""verdict"": ""bp_ok"", ""drift"": ""none"", ""severity"": ""low"", ""evidence"": ""Clear vocalized final L as [w] and correct stress on the final syllable.""}}"	9851aabdf5	1	1	o original	o original	
1000.00.01	example	Rw38T6bn0lTNOb1aUevR	audio/1000.00.01-ex-eleven_v3-v1.mp3	Prefiro ler o livro no original em inglês.	1	production	"{""flash38-J2"": {""verdict"": ""bp_ok"", ""drift"": ""none"", ""severity"": ""low"", ""evidence"": ""Native Brazilian Portuguese pronunciation with correct vocalization of final -l in 'original' and standard phonology throughout.""}}"	9851aabdf5	1	1	Prefiro ler o livro no original em inglês.	Prefiro ler o livro no original em inglês.	
1011.00.01	word	m151rjrbWXbBqyq56tly	audio/1011.00.01-word-eleven_v3-v1.mp3	A torre.	1	production	"{""flash38-J2"": {""verdict"": ""bp_ok"", ""drift"": ""none"", ""severity"": ""low"", ""evidence"": ""Pronunciation correctly follows Brazilian Portuguese phonology with /a ˈtohi/.""}, ""pro-J2"": {""verdict"": ""bp_ok"", ""drift"": ""none"", ""severity"": ""low"", ""evidence"": ""Clear closed o in the stressed syllable and back fricative for rr with final e raised to i.""}}"	9851aabdf5	1	1	a torre	a torre	
1011.00.01	example	m151rjrbWXbBqyq56tly	audio/1011.00.01-ex-eleven_v3-v1.mp3	A torre da igreja é muito alta.	1	production	"{""flash38-J2"": {""verdict"": ""bp_ok"", ""drift"": ""none"", ""severity"": ""low"", ""evidence"": ""Native Brazilian Portuguese pronunciation with correct vowel reductions, /h/ for double r in torre, and vocalized final l in alta.""}}"	9851aabdf5	1	1	A torre da igreja é muito alta.	A torre da igreja é muito alta.	
1034.00.01	word	Rw38T6bn0lTNOb1aUevR	audio/1034.00.01-word-eleven_v3-v1.mp3	Pogoda.	1	relaxed	"{""flash38-J2"": {""verdict"": ""bp_ok"", ""drift"": ""none"", ""severity"": ""low"", ""evidence"": ""The speaker clearly pronounces the word as [ˈpuɾu] with correct vowel qualities and alveolar tap.""}, ""pro-J2"": {""verdict"": ""bp_ok"", ""drift"": ""none"", ""severity"": ""low"", ""evidence"": ""Clear [u] vowels and alveolar tap [ɾ] matching standard BP pronunciation.""}}"	9851aabdf5	1	1	puro	puro	
1034.00.01	example	Rw38T6bn0lTNOb1aUevR	audio/1034.00.01-ex-eleven_v3-v1.mp3	O ar da montanha é muito puro e fresco.	1	production	"{""flash38-J2"": {""verdict"": ""bp_ok"", ""drift"": ""none"", ""severity"": ""low"", ""evidence"": ""Accurate standard Brazilian Portuguese pronunciation of all words with appropriate vowels, tap r, and nasalization.""}}"	9851aabdf5	1	1	O ar da montanha é muito puro e fresco.	O ar da montanha é muito puro e fresco.	
1044.00.01	word	xNGAXaCH8MaasNuo7Hr7	audio/1044.00.01-word-eleven_v3-v1.mp3	O barco.	1	production	"{""flash38-J2"": {""verdict"": ""bp_ok"", ""drift"": ""none"", ""severity"": ""low"", ""evidence"": ""Matches standard BP phonology with retroflex/tap coda-r in barco and final unstressed -o raised to [u].""}}"	9851aabdf5	1	1	o barco	o barco	
1044.00.01	example	xNGAXaCH8MaasNuo7Hr7	audio/1044.00.01-ex-eleven_v3-v1.mp3	O barco está no rio.	1	production	"{""flash38-J2"": {""verdict"": ""bp_ok"", ""drift"": ""none"", ""severity"": ""low"", ""evidence"": ""Native Brazilian Portuguese pronunciation with correct vowel reductions, alveolar tap coda r in 'barco', and aspirated initial r in 'rio'.""}}"	9851aabdf5	1	1	O barco está no rio.	O barco está no rio.	
1058.00.01	word	m151rjrbWXbBqyq56tly	audio/1058.00.01-word-eleven_v3-v1.mp3	Federal.	1	production	"{""flash38-J2"": {""verdict"": ""bp_ok"", ""drift"": ""none"", ""severity"": ""low"", ""evidence"": ""Pronounced with clear Brazilian Portuguese phonology: [fedɛˈɾaw] with vocalized final -l and standard vowel quality.""}, ""pro-J2"": {""verdict"": ""bp_ok"", ""drift"": ""none"", ""severity"": ""low"", ""evidence"": ""Final l is correctly vocalized to w and stress is on the final syllable.""}}"	9851aabdf5	1	1	federal	federal	
1058.00.01	example	m151rjrbWXbBqyq56tly	audio/1058.00.01-ex-eleven_v3-v1.mp3	O governo federal anunciou novas leis ontem.	1	production	"{""flash38-J2"": {""verdict"": ""bp_ok"", ""drift"": ""none"", ""severity"": ""low"", ""evidence"": ""Matches standard Brazilian Portuguese phonology, including vocalized final -l in 'federal' as [w] and natural nasal diphthongs.""}}"	9851aabdf5	1	1	O governo federal anunciou novas leis ontem.	O governo federal anunciou novas leis ontem.	
1078.00.01	word	xNGAXaCH8MaasNuo7Hr7	audio/1078.00.01-word-eleven_v3-v1.mp3	General	1	production	"{""flash38-J2"": {""verdict"": ""bp_ok"", ""drift"": ""none"", ""severity"": ""low"", ""evidence"": ""Matches expected BP pronunciation [ʒeneˈɾaw] with final -l vocalized to [w] and stress on the final syllable.""}, ""pro-J2"": {""verdict"": ""bp_ok"", ""drift"": ""none"", ""severity"": ""low"", ""evidence"": ""Clear vocalized final L and correct stress on the final syllable.""}}"	9851aabdf5	1	1	general	general	
1078.00.01	example	xNGAXaCH8MaasNuo7Hr7	audio/1078.00.01-ex-eleven_v3-v1.mp3	O médico fez um exame geral do paciente.	1	production	"{""flash38-J2"": {""verdict"": ""bp_ok"", ""drift"": ""none"", ""severity"": ""low"", ""evidence"": ""Native standard Brazilian Portuguese pronunciation matching the expected IPA, with correct palatalization [dʒi] and [tʃi] and vocalized final l [w].""}}"	9851aabdf5	1	1	O médico fez um exame geral do paciente.	O médico fez um exame geral do paciente.	
1092.00.02	word	Rw38T6bn0lTNOb1aUevR	audio/1092.00.02-word-eleven_v3-v1.mp3	Órgão.	1	relaxed	"{""flash38-J2"": {""verdict"": ""bp_ok"", ""drift"": ""none"", ""severity"": ""low"", ""evidence"": ""Vowels and stress placement match standard Brazilian Portuguese: /u ˈɔɾɡɐ̃w̃/.""}}"	9851aabdf5	1	1	o órgão	o órgão	
1092.00.02	example	Rw38T6bn0lTNOb1aUevR	audio/1092.00.02-ex-eleven_v3-v1.mp3	O coração é um órgão muito importante do corpo.	1	production	"{""flash38-J2"": {""verdict"": ""bp_ok"", ""drift"": ""none"", ""severity"": ""low"", ""evidence"": ""Pronounced with standard Brazilian Portuguese phonology, including correct palatalization of -te in 'importante' as [tʃi] and standard nasal vowels.""}}"	9851aabdf5	1	1	O coração é um órgão muito importante do corpo.	O coração é um órgão muito importante do corpo.	
1101.00.01	word	qPfM2laM0pRL4rrZtBGl	audio/1101.00.01-word-eleven_v3-v1.mp3	Legal.	1	production	"{""flash38-J2"": {""verdict"": ""bp_ok"", ""drift"": ""none"", ""severity"": ""low"", ""evidence"": ""Stressed final syllable with proper vocalization of coda -l to [w] as /leˈɡaw/.""}, ""pro-J2"": {""verdict"": ""bp_ok"", ""drift"": ""none"", ""severity"": ""low"", ""evidence"": ""Clear vocalized final L as [w] and correct stress on the final syllable.""}}"	9851aabdf5	1	1	legal	legal	
1101.00.01	example	qPfM2laM0pRL4rrZtBGl	audio/1101.00.01-ex-eleven_v3-v1.mp3	O advogado explicou os aspectos legais do contrato.	1	production	"{""flash38-J2"": {""verdict"": ""bp_ok"", ""drift"": ""none"", ""severity"": ""low"", ""evidence"": ""Native standard Brazilian Portuguese pronunciation throughout with natural reduction and palatalization/vocalization features matching BP norms.""}}"	9851aabdf5	1	1	O advogado explicou os aspectos legais do contrato.	O advogado explicou os aspectos legais do contrato.	
1106.00.01	word	m151rjrbWXbBqyq56tly	audio/1106.00.01-word-eleven_v3-v1.mp3	Ugrał.	1	relaxed	"{""flash38-J2"": {""verdict"": ""bp_ok"", ""drift"": ""none"", ""severity"": ""low"", ""evidence"": ""Pronounced clearly as [u ˈɡɾaw] matching standard Brazilian Portuguese phonology.""}}"	9851aabdf5	1	1	o grau	o grau	
1106.00.01	example	m151rjrbWXbBqyq56tly	audio/1106.00.01-ex-eleven_v3-v1.mp3	A temperatura está a trinta graus hoje.	1	production	"{""flash38-J2"": {""verdict"": ""bp_ok"", ""drift"": ""none"", ""severity"": ""low"", ""evidence"": ""Pronounced with standard Brazilian Portuguese phonology, including correct palatalization on 'hoje' [ˈoʒi] and appropriate vowel quality throughout.""}}"	9851aabdf5	1	1	A temperatura está a trinta graus hoje.	A temperatura está a trinta graus hoje.	
1115.00.01	word	ny3E2DZImeZm00WLGZi9	audio/1115.00.01-word-eleven_v3-v1.mp3	O hábito.	1	production	"{""flash38-J2"": {""verdict"": ""bp_ok"", ""drift"": ""none"", ""severity"": ""low"", ""evidence"": ""Pronounced clearly as [u ˈabitu] with correct stress on the first syllable of 'hábito' and standard vowel reduction.""}, ""pro-J2"": {""verdict"": ""bp_ok"", ""drift"": ""none"", ""severity"": ""low"", ""evidence"": ""Correct stress on the antepenultimate syllable and correct vowel reduction of the final o to u.""}}"	9851aabdf5	1	1	o hábito	o hábito	
1115.00.01	example	ny3E2DZImeZm00WLGZi9	audio/1115.00.01-ex-eleven_v3-v1.mp3	Tenho o hábito de ler antes de dormir.	1	production	"{""flash38-J2"": {""verdict"": ""bp_ok"", ""drift"": ""none"", ""severity"": ""low"", ""evidence"": ""Pronounced with standard Brazilian Portuguese phonology, including palatalization in 'de' [dʒi] and 'antes' [ˈɐ̃tʃis].""}}"	9851aabdf5	1	1	Tenho o hábito de ler antes de dormir.	Tenho o hábito de ler antes de dormir.	
1125.00.01	word	m151rjrbWXbBqyq56tly	audio/1125.00.01-word-eleven_v3-v1.mp3	o, a policial	0	fail	{}	9851aabdf5	0	0	o/a policial	o policial, a policial	
1125.00.01	example	m151rjrbWXbBqyq56tly	audio/1125.00.01-ex-eleven_v3-v1.mp3	O policial ajudou a criança perdida na rua.	1	production	"{""flash38-J2"": {""verdict"": ""bp_ok"", ""drift"": ""none"", ""severity"": ""low"", ""evidence"": ""Native standard Brazilian Portuguese pronunciation with correct vocalized coda-l in policial, palatalized d in perdida, and back fricative r in rua.""}}"	9851aabdf5	1	1	O policial ajudou a criança perdida na rua.	O policial ajudou a criança perdida na rua.	
1125.00.02	word	qPfM2laM0pRL4rrZtBGl	audio/1125.00.02-word-eleven_v3-v1.mp3	o, a policial	0	fail	{}	9851aabdf5	0	0	o/a policial	o policial, a policial	
1125.00.02	example	qPfM2laM0pRL4rrZtBGl	audio/1125.00.02-ex-eleven_v3-v1.mp3	O policial ajudou a criança perdida a encontrar os pais.	1	production	"{""flash38-J2"": {""verdict"": ""bp_ok"", ""drift"": ""none"", ""severity"": ""low"", ""evidence"": ""Standard Brazilian Portuguese pronunciation with correct vocalization of final -l, palatalization of /di/ to [dʒi], and proper stress across the sentence.""}}"	9851aabdf5	1	1	O policial ajudou a criança perdida a encontrar os pais.	O policial ajudou a criança perdida a encontrar os pais.	
1126.00.01	word	qPfM2laM0pRL4rrZtBGl	audio/1126.00.01-word-eleven_v3-v1.mp3	Recente.	1	production	"{""flash38-J2"": {""verdict"": ""bp_ok"", ""drift"": ""none"", ""severity"": ""low"", ""evidence"": ""The speaker clearly pronounces the word with standard initial /h/ and palatalized final /tʃi/ as [heˈsẽtʃi].""}}"	9851aabdf5	1	1	recente	recente	
1126.00.01	example	qPfM2laM0pRL4rrZtBGl	audio/1126.00.01-ex-eleven_v3-v1.mp3	Lia uma notícia recente sobre o Brasil.	1	production	"{""flash38-J2"": {""verdict"": ""bp_ok"", ""drift"": ""none"", ""severity"": ""low"", ""evidence"": ""Accurate palatalization in 'notícia' and 'recente', guttural r in 'recente', and vocalized coda-l in 'Brasil'.""}}"	9851aabdf5	1	1	Li uma notícia recente sobre o Brasil.	Li uma notícia recente sobre o Brasil.	
1144.00.01	word	ny3E2DZImeZm00WLGZi9	audio/1144.00.01-word-eleven_v3-v1.mp3	A vítima.	1	production	"{""flash38-J2"": {""verdict"": ""bp_ok"", ""drift"": ""none"", ""severity"": ""low"", ""evidence"": ""Pronounced with standard Brazilian palatalization [tʃi] and correct stress on the first syllable of vítima (/a ˈvitʃimɐ/).""}}"	9851aabdf5	1	1	a vítima	a vítima	
1144.00.01	example	ny3E2DZImeZm00WLGZi9	audio/1144.00.01-ex-eleven_v3-v1.mp3	A vítima do acidente foi levada ao hospital.	1	production	"{""flash38-J2"": {""verdict"": ""bp_ok"", ""drift"": ""none"", ""severity"": ""low"", ""evidence"": ""Pronounced with clear Brazilian Portuguese phonology including palatalization in 'vítima' and 'acidente', vocalized coda /l/ in 'hospital', and correct stress.""}}"	9851aabdf5	1	1	A vítima do acidente foi levada ao hospital.	A vítima do acidente foi levada ao hospital.	
1153.00.01	word	qPfM2laM0pRL4rrZtBGl	audio/1153.00.01-word-eleven_v3-v1.mp3	A fronteira.	1	production	"{""flash38-J2"": {""verdict"": ""bp_ok"", ""drift"": ""none"", ""severity"": ""low"", ""evidence"": ""Pronounced with standard Brazilian Portuguese phonology matching /a fɾõˈtejɾɐ/.""}}"	9851aabdf5	1	1	a fronteira	a fronteira	
1153.00.01	example	qPfM2laM0pRL4rrZtBGl	audio/1153.00.01-ex-eleven_v3-v1.mp3	A fronteira entre Brasil e Argentina tem muitos pontos de passagem.	1	production	"{""flash38-J2"": {""verdict"": ""bp_ok"", ""drift"": ""none"", ""severity"": ""low"", ""evidence"": ""Native standard Brazilian Portuguese pronunciation with correct palatalization (Argentina [tʃi], de [dʒi]), vocalized final -l in Brasil, and expected stress an""}}"	9851aabdf5	1	1	A fronteira entre Brasil e Argentina tem muitos pontos de passagem.	A fronteira entre Brasil e Argentina tem muitos pontos de passagem.	
1158.00.01	word	wxoDdfPKBuna5KnUEotz	audio/1158.00.01-word-eleven_v3-v3.mp3	Naturalmente.	1	production	"{""flash38-J2"": {""verdict"": ""bp_ok"", ""drift"": ""none"", ""severity"": ""low"", ""evidence"": ""Final -te is properly palatalized to [tʃi] and coda -l is vocalized to [w].""}}"	9851aabdf5	1	1	naturalmente	naturalmente	
1158.00.01	example	ny3E2DZImeZm00WLGZi9	audio/1158.00.01-ex-eleven_v3-v1.mp3	Ela fala português naturalmente, sem sotaque.	1	production	"{""flash38-J2"": {""verdict"": ""bp_ok"", ""drift"": ""none"", ""severity"": ""low"", ""evidence"": ""Pronounced with standard Brazilian Portuguese phonology, including correct palatalization and vocalization.""}}"	9851aabdf5	1	1	Ela fala português naturalmente, sem sotaque.	Ela fala português naturalmente, sem sotaque.	
1160.00.02	word	wxoDdfPKBuna5KnUEotz	audio/1160.00.02-word-eleven_v3-v3.mp3	O doce.	1	production	"{""flash38-J2"": {""verdict"": ""bp_ok"", ""drift"": ""none"", ""severity"": ""low"", ""evidence"": ""Correct pronunciation of /u ˈdosi/ with standard Brazilian vowel reduction and stress.""}}"	9851aabdf5	1	1	o doce	o doce	
1160.00.02	example	ny3E2DZImeZm00WLGZi9	audio/1160.00.02-ex-eleven_v3-v1.mp3	As crianças ganharam doces no aniversário.	1	production	"{""flash38-J2"": {""verdict"": ""bp_ok"", ""drift"": ""none"", ""severity"": ""low"", ""evidence"": ""Native standard Brazilian Portuguese pronunciation with correct vowel reductions, nasal diphthongs, and retroflex/tap coda r.""}}"	9851aabdf5	1	1	As crianças ganharam doces no aniversário.	As crianças ganharam doces no aniversário.	
1171.00.01	word	ny3E2DZImeZm00WLGZi9	audio/1171.00.01-word-eleven_v3-v2.mp3	aldeia	1	relaxed	"{""flash38-J2"": {""verdict"": ""non_bp"", ""drift"": ""ES"", ""severity"": ""medium"", ""evidence"": ""Lateral [l] pronounced instead of vocalized [w] in 'aldeia'""}}"	9851aabdf5	0	0	a aldeia	a aldeia	
1171.00.01	example	ny3E2DZImeZm00WLGZi9	audio/1171.00.01-ex-eleven_v3-v1.mp3	A aldeia fica longe da cidade grande.	1	production	"{""flash38-J2"": {""verdict"": ""bp_ok"", ""drift"": ""none"", ""severity"": ""low"", ""evidence"": ""Native standard Brazilian Portuguese pronunciation with correct vocalization of final -l, palatalization of -de, and expected vowel reductions.""}}"	9851aabdf5	1	1	A aldeia fica longe da cidade grande.	A aldeia fica longe da cidade grande.	
1173.00.01	word	ny3E2DZImeZm00WLGZi9	audio/1173.00.01-word-eleven_v3-v1.mp3	Ativo.	1	production	"{""flash38-J2"": {""verdict"": ""bp_ok"", ""drift"": ""none"", ""severity"": ""low"", ""evidence"": ""Word clearly pronounced as [aˈtʃivu] with standard palatalization of /t/ before /i/.""}}"	9851aabdf5	1	1	ativo	ativo	
1173.00.01	example	ny3E2DZImeZm00WLGZi9	audio/1173.00.01-ex-eleven_v3-v1.mp3	Meu avô tem oitenta anos e ainda é muito ativo.	1	spoken	"{""flash38-J2"": {""verdict"": ""bp_ok"", ""drift"": ""none"", ""severity"": ""low"", ""evidence"": ""Native Brazilian Portuguese pronunciation with correct palatalization in 'ativo' [aˈtʃivu] and appropriate vowel qualities throughout the sentence.""}}"	9851aabdf5	1	1	Meu avô tem 80 anos e ainda é muito ativo.	Meu avô tem 80 anos e ainda é muito ativo.	
1175.00.01	word	qPfM2laM0pRL4rrZtBGl	audio/1175.00.01-word-eleven_v3-v1.mp3	o agente	0	fail	{}	9851aabdf5	0	0	o/a agente	o agente, a agente	
1175.00.01	example	qPfM2laM0pRL4rrZtBGl	audio/1175.00.01-ex-eleven_v3-v1.mp3	O agente de viagens organizou nossa viagem para o Rio.	1	production	"{""flash38-J2"": {""verdict"": ""bp_ok"", ""drift"": ""none"", ""severity"": ""low"", ""evidence"": ""Pronounced with standard Brazilian Portuguese phonology, including palatalized affricates [tʃ] and [dʒ] in 'agente de', natural vowel reductions, and back frica""}}"	9851aabdf5	1	1	O agente de viagens organizou nossa viagem para o Rio.	O agente de viagens organizou nossa viagem para o Rio.	
1185.00.01	word	ny3E2DZImeZm00WLGZi9	audio/1185.00.01-word-eleven_v3-v2.mp3	O italiano.	1	production	"{""flash38-J2"": {""verdict"": ""bp_ok"", ""drift"": ""none"", ""severity"": ""low"", ""evidence"": ""Matches expected Brazilian Portuguese pronunciation with correct vowel nasalization and stress on the penultimate syllable.""}}"	9851aabdf5	1	1	o italiano	o italiano	
1185.00.01	example	ny3E2DZImeZm00WLGZi9	audio/1185.00.01-ex-eleven_v3-v1.mp3	Meu amigo italiano chegou ontem de Roma.	1	production	"{""flash38-J2"": {""verdict"": ""bp_ok"", ""drift"": ""none"", ""severity"": ""low"", ""evidence"": ""Pronounced with standard Brazilian Portuguese phonology, including palatalization in 'de' [dʒi] and correct glottal/velar 'r' in 'Roma'.""}}"	9851aabdf5	1	1	Meu amigo italiano chegou ontem de Roma.	Meu amigo italiano chegou ontem de Roma.	
1193.00.01	word	Rw38T6bn0lTNOb1aUevR	audio/1193.00.01-word-eleven_v3-v1.mp3	O tribunal.	1	production	"{""flash38-J2"": {""verdict"": ""bp_ok"", ""drift"": ""none"", ""severity"": ""low"", ""evidence"": ""Pronounced with vocalized final -l as [w] and natural Brazilian Portuguese phonetics [u tɾibuˈnaw].""}, ""pro-J2"": {""verdict"": ""bp_ok"", ""drift"": ""none"", ""severity"": ""low"", ""evidence"": ""Correct final syllable stress and vocalized final L as [w].""}}"	9851aabdf5	1	1	o tribunal	o tribunal	
1193.00.01	example	Rw38T6bn0lTNOb1aUevR	audio/1193.00.01-ex-eleven_v3-v1.mp3	O tribunal decidiu o caso ontem.	1	production	"{""flash38-J2"": {""verdict"": ""bp_ok"", ""drift"": ""none"", ""severity"": ""low"", ""evidence"": ""Native Brazilian Portuguese pronunciation with correct vocalization of final -l in 'tribunal' and palatalization of 'de' before [i] in 'decidiu'.""}}"	9851aabdf5	1	1	O tribunal decidiu o caso ontem.	O tribunal decidiu o caso ontem.	
1200.00.01	word	wxoDdfPKBuna5KnUEotz	audio/1200.00.01-word-eleven_v3-v1.mp3	Aflor.	1	relaxed	"{""flash38-J2"": {""verdict"": ""bp_ok"", ""drift"": ""none"", ""severity"": ""low"", ""evidence"": ""Pronounced clearly as [a ˈfloɾ] with standard closed [o] and alveolar tap coda [ɾ].""}}"	9851aabdf5	1	1	a flor	a flor	
1200.00.01	example	wxoDdfPKBuna5KnUEotz	audio/1200.00.01-ex-eleven_v3-v1.mp3	Comprei uma flor vermelha para minha mãe.	1	production	"{""flash38-J2"": {""verdict"": ""bp_ok"", ""drift"": ""none"", ""severity"": ""low"", ""evidence"": ""Native Brazilian Portuguese pronunciation throughout the sentence with correct vowel reduction and rhotic realization.""}}"	9851aabdf5	1	1	Comprei uma flor vermelha para minha mãe.	Comprei uma flor vermelha para minha mãe.	
1207.00.01	word	Rw38T6bn0lTNOb1aUevR	audio/1207.00.01-word-eleven_v3-v1.mp3	Informar.	1	production	"{""flash38-J2"": {""verdict"": ""bp_ok"", ""drift"": ""none"", ""severity"": ""low"", ""evidence"": ""Native standard Brazilian Portuguese pronunciation with correct final stress on 'mar' and standard nasalized initial syllable.""}}"	9851aabdf5	1	1	informar	informar	
1207.00.01	example	Rw38T6bn0lTNOb1aUevR	audio/1207.00.01-ex-eleven_v3-v1.mp3	Preciso informar meu chefe sobre a reunião.	1	production	"{""flash38-J2"": {""verdict"": ""bp_ok"", ""drift"": ""none"", ""severity"": ""low"", ""evidence"": ""Pronounced with standard Brazilian Portuguese phonology, including palatalization and correct vowel quality.""}}"	9851aabdf5	1	1	Preciso informar meu chefe sobre a reunião.	Preciso informar meu chefe sobre a reunião.	
1210.00.01	word	ny3E2DZImeZm00WLGZi9	audio/1210.00.01-word-eleven_v3-v2.mp3	Comentar.	1	production	"{""flash38-J2"": {""verdict"": ""bp_ok"", ""drift"": ""none"", ""severity"": ""low"", ""evidence"": ""Clear pronunciation with stress on the final syllable /taɾ/ and standard Brazilian Portuguese phonemes.""}}"	9851aabdf5	1	1	comentar	comentar	
1210.00.01	example	ny3E2DZImeZm00WLGZi9	audio/1210.00.01-ex-eleven_v3-v1.mp3	Vou comentar o artigo no blog hoje.	1	production	"{""flash38-J2"": {""verdict"": ""bp_ok"", ""drift"": ""none"", ""severity"": ""low"", ""evidence"": ""Native standard Brazilian Portuguese pronunciation throughout with expected palatalization and vowel reductions.""}}"	9851aabdf5	1	1	Vou comentar o artigo no blog hoje.	Vou comentar o artigo no blog hoje.	
1212.00.01	word	xNGAXaCH8MaasNuo7Hr7	audio/1212.00.01-word-eleven_v3-v1.mp3	Azul	1	production	"{""flash38-J2"": {""verdict"": ""bp_ok"", ""drift"": ""none"", ""severity"": ""low"", ""evidence"": ""Final -l is correctly vocalized to [w] with proper stress on the final syllable [aˈzuw].""}}"	9851aabdf5	1	1	azul	azul	
1212.00.01	example	xNGAXaCH8MaasNuo7Hr7	audio/1212.00.01-ex-eleven_v3-v1.mp3	O céu está azul e sem nuvens hoje.	1	production	"{""flash38-J2"": {""verdict"": ""bp_ok"", ""drift"": ""none"", ""severity"": ""low"", ""evidence"": ""All words correctly pronounced with standard Brazilian phonology including vocalized coda /l/ in 'céu' and 'azul', and palatalized final 'hoje' [ˈoʒi].""}}"	9851aabdf5	1	1	O céu está azul e sem nuvens hoje.	O céu está azul e sem nuvens hoje.	
1233.00.01	word	AaeZyyi87RCxtFnHPS3e	audio/1233.00.01-word-eleven_v3-v1.mp3	O golpe.	1	production	"{""flash38-J2"": {""verdict"": ""non_bp"", ""drift"": ""other"", ""severity"": ""medium"", ""evidence"": ""Coda -l is pronounced as a consonantal [l] instead of being vocalized to [w].""}}"	9851aabdf5	0	0	o golpe	o golpe	
1233.00.01	example	AaeZyyi87RCxtFnHPS3e	audio/1233.00.01-ex-eleven_v3-v1.mp3	O golpe militar aconteceu em 1964 no Brasil.	1	production	"{""flash38-J2"": {""verdict"": ""bp_ok"", ""drift"": ""none"", ""severity"": ""low"", ""evidence"": ""Native standard Brazilian Portuguese pronunciation throughout with vocalized /w/ in 'golpe', 'mil' and 'Brasil', standard reduction and rhythm.""}}"	9851aabdf5	1	1	O golpe militar aconteceu em 1964 no Brasil.	O golpe militar aconteceu em 1964 no Brasil.	
1240.00.01	word	AaeZyyi87RCxtFnHPS3e	audio/1240.00.01-word-eleven_v3-v1.mp3	Conquistar.	1	production	"{""flash38-J2"": {""verdict"": ""bp_ok"", ""drift"": ""none"", ""severity"": ""low"", ""evidence"": ""Word pronounced accurately as /kõkis'taɾ/ with standard Brazilian Portuguese phonemes.""}}"	9851aabdf5	1	1	conquistar	conquistar	
1240.00.01	example	AaeZyyi87RCxtFnHPS3e	audio/1240.00.01-ex-eleven_v3-v1.mp3	Os portugueses conquistaram o Brasil em 1500.	1	production	"{""flash38-J2"": {""verdict"": ""bp_ok"", ""drift"": ""none"", ""severity"": ""low"", ""evidence"": ""All words show natural standard Brazilian Portuguese phonology, including vocalized final /l/ in Brasil and mil, alveolar sibilants, and proper stress placement""}}"	9851aabdf5	1	1	Os portugueses conquistaram o Brasil em 1500.	Os portugueses conquistaram o Brasil em 1500.	
1249.00.01	word	m151rjrbWXbBqyq56tly	audio/1249.00.01-word-eleven_v3-v1.mp3	A análise.	1	production	"{""flash38-J2"": {""verdict"": ""non_bp"", ""drift"": ""other"", ""severity"": ""high"", ""evidence"": ""Speaker pronounces 'amálise' with an [m] sound instead of [n] ('análise').""}}"	9851aabdf5	0	0	a análise	a análise	
1249.00.01	example	m151rjrbWXbBqyq56tly	audio/1249.00.01-ex-eleven_v3-v1.mp3	O médico pediu uma análise de sangue.	1	production	"{""flash38-J2"": {""verdict"": ""bp_ok"", ""drift"": ""none"", ""severity"": ""low"", ""evidence"": ""Pronounced with standard Brazilian Portuguese phonology, including palatalization in 'médico' and 'pediu', proper vowel reduction, and natural stress placement.""}}"	9851aabdf5	1	1	O médico pediu uma análise de sangue.	O médico pediu uma análise de sangue.	
1251.00.01	word	qPfM2laM0pRL4rrZtBGl	audio/1251.00.01-word-eleven_v3-v1.mp3	Anormal.	1	production	"{""flash38-J2"": {""verdict"": ""bp_ok"", ""drift"": ""none"", ""severity"": ""low"", ""evidence"": ""Word pronounced accurately with final -l vocalized to [w] and stress on the final syllable.""}, ""pro-J2"": {""verdict"": ""bp_ok"", ""drift"": ""none"", ""severity"": ""low"", ""evidence"": ""Final L is vocalized to [w] and stress is correctly on the final syllable.""}}"	9851aabdf5	1	1	anormal	anormal	
1251.00.01	example	qPfM2laM0pRL4rrZtBGl	audio/1251.00.01-ex-eleven_v3-v1.mp3	O médico disse que o resultado do exame está anormal.	1	production	"{""flash38-J2"": {""verdict"": ""bp_ok"", ""drift"": ""none"", ""severity"": ""low"", ""evidence"": ""Native Brazilian Portuguese pronunciation with correct palatalizations, coda-l vocalization, and standard stress and intonation patterns.""}}"	9851aabdf5	1	1	O médico disse que o resultado do exame está anormal.	O médico disse que o resultado do exame está anormal.	
1254.00.01	word	wxoDdfPKBuna5KnUEotz	audio/1254.00.01-word-eleven_v3-v1.mp3	Perigoso.	1	production	"{""flash38-J2"": {""verdict"": ""bp_ok"", ""drift"": ""none"", ""severity"": ""low"", ""evidence"": ""Proper stress placement on penultimate syllable with expected closed vowel [o] and final reduction to [u].""}}"	9851aabdf5	1	1	perigoso	perigoso	
1254.00.01	example	wxoDdfPKBuna5KnUEotz	audio/1254.00.01-ex-eleven_v3-v1.mp3	Esse bairro é perigoso à noite.	1	production	"{""flash38-J2"": {""verdict"": ""bp_ok"", ""drift"": ""none"", ""severity"": ""low"", ""evidence"": ""Native standard Brazilian Portuguese pronunciation matching the expected IPA, with correct palatalization on 'noite' [ˈnojtʃi] and standard vowels.""}}"	9851aabdf5	1	1	Esse bairro é perigoso à noite.	Esse bairro é perigoso à noite.	
1255.00.01	word	m151rjrbWXbBqyq56tly	audio/1255.00.01-word-eleven_v3-v2.mp3	Humilhar.	1	relaxed	"{""flash38-J2"": {""verdict"": ""bp_ok"", ""drift"": ""none"", ""severity"": ""low"", ""evidence"": ""Pronounced with standard Brazilian Portuguese phonemes [u miˈʎaɾ] and final tap coda-r.""}}"	9851aabdf5	1	1	o milhar	o milhar	
1255.00.01	example	m151rjrbWXbBqyq56tly	audio/1255.00.01-ex-eleven_v3-v1.mp3	A cidade tem alguns milhares de habitantes.	1	production	"{""flash38-J2"": {""verdict"": ""bp_ok"", ""drift"": ""none"", ""severity"": ""low"", ""evidence"": ""Native standard Brazilian Portuguese pronunciation with proper palatalization of final -de and -te and vocalized l in alguns.""}}"	9851aabdf5	1	1	A cidade tem alguns milhares de habitantes.	A cidade tem alguns milhares de habitantes.	
1261.00.02	word	wxoDdfPKBuna5KnUEotz	audio/1261.00.02-word-eleven_v3-v3.mp3	Suceder.	1	production	"{""flash38-J2"": {""verdict"": ""bp_ok"", ""drift"": ""none"", ""severity"": ""low"", ""evidence"": ""Pronounced as /suseˈdeɾ/ with correct stress on the final syllable and typical Brazilian Portuguese phonemes.""}}"	9851aabdf5	1	1	suceder	suceder	
1261.00.02	example	ny3E2DZImeZm00WLGZi9	audio/1261.00.02-ex-eleven_v3-v1.mp3	O inverno sucede o outono todos os anos.	1	production	"{""flash38-J2"": {""verdict"": ""bp_ok"", ""drift"": ""none"", ""severity"": ""low"", ""evidence"": ""Pronounced naturally with standard Brazilian Portuguese phonology, including correct palatalization in 'sucede' [suˈsɛdʒi] and appropriate vowel reductions.""}}"	9851aabdf5	1	1	O inverno sucede o outono todos os anos.	O inverno sucede o outono todos os anos.	
1263.00.01	word	m151rjrbWXbBqyq56tly	audio/1263.00.01-word-eleven_v3-v1.mp3	cá	1	production	"{""flash38-J2"": {""verdict"": ""bp_ok"", ""drift"": ""none"", ""severity"": ""low"", ""evidence"": ""Clear pronunciation of /ka/ matching standard Brazilian Portuguese phonology.""}}"	9851aabdf5	1	1	cá	cá	
1263.00.01	example	m151rjrbWXbBqyq56tly	audio/1263.00.01-ex-eleven_v3-v1.mp3	Venha cá, preciso falar com você.	1	production	"{""flash38-J2"": {""verdict"": ""bp_ok"", ""drift"": ""none"", ""severity"": ""low"", ""evidence"": ""Pronounced naturally with standard Brazilian Portuguese phonology, including correct vowel reductions and intonation.""}}"	9851aabdf5	1	1	Venha cá, preciso falar com você.	Venha cá, preciso falar com você.	
1270.00.01	word	AaeZyyi87RCxtFnHPS3e	audio/1270.00.01-word-eleven_v3-v1.mp3	Ajustar.	1	production	"{""flash38-J2"": {""verdict"": ""bp_ok"", ""drift"": ""none"", ""severity"": ""low"", ""evidence"": ""Clear standard Brazilian Portuguese pronunciation of 'ajustar' with final stress and proper alveolar/retroflex/tap coda r.""}}"	9851aabdf5	1	1	ajustar	ajustar	
1270.00.01	example	AaeZyyi87RCxtFnHPS3e	audio/1270.00.01-ex-eleven_v3-v1.mp3	Preciso ajustar o relógio porque está adiantado.	1	production	"{""flash38-J2"": {""verdict"": ""bp_ok"", ""drift"": ""none"", ""severity"": ""low"", ""evidence"": ""Native Brazilian Portuguese pronunciation with correct vowel qualities, palatalization of /dʒ/ in adiantado, and standard prosody.""}}"	9851aabdf5	1	1	Preciso ajustar o relógio porque está adiantado.	Preciso ajustar o relógio porque está adiantado.	
1284.00.01	word	m151rjrbWXbBqyq56tly	audio/1284.00.01-word-eleven_v3-v1.mp3	À espera.	1	production	"{""flash38-J2"": {""verdict"": ""bp_ok"", ""drift"": ""none"", ""severity"": ""low"", ""evidence"": ""The speaker clearly pronounces the open vowel [ɛ] in the stressed syllable with standard Brazilian Portuguese phonology.""}}"	9851aabdf5	1	1	a espera	a espera	
1284.00.01	example	m151rjrbWXbBqyq56tly	audio/1284.00.01-ex-eleven_v3-v2.mp3	A espera no hospital foi longa.	1	production	"{""flash38-J2"": {""verdict"": ""bp_ok"", ""drift"": ""none"", ""severity"": ""low"", ""evidence"": ""Native standard Brazilian Portuguese pronunciation with correct open vowel in espera and vocalized final l in hospital.""}}"	9851aabdf5	1	1	A espera no hospital foi longa.	A espera no hospital foi longa.	
1292.00.01	word	qPfM2laM0pRL4rrZtBGl	audio/1292.00.01-word-eleven_v3-v1.mp3	O jogador.	1	production	"{""flash38-J2"": {""verdict"": ""bp_ok"", ""drift"": ""none"", ""severity"": ""low"", ""evidence"": ""Matches the expected Brazilian Portuguese pronunciation with correct stress on the final syllable and typical vowel qualities.""}}"	9851aabdf5	1	1	o jogador	o jogador	
1292.00.01	example	qPfM2laM0pRL4rrZtBGl	audio/1292.00.01-ex-eleven_v3-v1.mp3	O jogador de futebol marcou dois gols no jogo.	1	production	"{""flash38-J2"": {""verdict"": ""bp_ok"", ""drift"": ""none"", ""severity"": ""low"", ""evidence"": ""Native Brazilian Portuguese pronunciation with correct vowel vocalization in futebol/gols and palatalization in de/futebol.""}}"	9851aabdf5	1	1	O jogador de futebol marcou dois gols no jogo.	O jogador de futebol marcou dois gols no jogo.	
1309.00.01	word	Rw38T6bn0lTNOb1aUevR	audio/1309.00.01-word-eleven_v3-v1.mp3	Inicial.	1	production	"{""flash38-J2"": {""verdict"": ""bp_ok"", ""drift"": ""none"", ""severity"": ""low"", ""evidence"": ""Final -l is clearly vocalized to [w] and stress is placed naturally on the final syllable inisiˈaw.""}, ""pro-J2"": {""verdict"": ""bp_ok"", ""drift"": ""none"", ""severity"": ""low"", ""evidence"": ""Final l is correctly vocalized to w and stress is on the final syllable.""}}"	9851aabdf5	1	1	inicial	inicial	
1309.00.01	example	Rw38T6bn0lTNOb1aUevR	audio/1309.00.01-ex-eleven_v3-v1.mp3	O preço inicial do carro era muito alto.	1	production	"{""flash38-J2"": {""verdict"": ""bp_ok"", ""drift"": ""none"", ""severity"": ""low"", ""evidence"": ""Native Brazilian Portuguese pronunciation with correct vocalized coda /w/ in inicial and alto, correct open vowel in era, and standard intonation.""}}"	9851aabdf5	1	1	O preço inicial do carro era muito alto.	O preço inicial do carro era muito alto.	
1314.00.01	word	qPfM2laM0pRL4rrZtBGl	audio/1314.00.01-word-eleven_v3-v1.mp3	Ave.	1	relaxed	"{""flash38-J2"": {""verdict"": ""bp_ok"", ""drift"": ""none"", ""severity"": ""low"", ""evidence"": ""Pronounced with standard Brazilian Portuguese phonology, including final -e raised to [i] in 'ave'.""}}"	9851aabdf5	1	1	a ave	a ave	
1314.00.01	example	qPfM2laM0pRL4rrZtBGl	audio/1314.00.01-ex-eleven_v3-v1.mp3	Vejo uma ave voando no céu azul.	1	production	"{""flash38-J2"": {""verdict"": ""bp_ok"", ""drift"": ""none"", ""severity"": ""low"", ""evidence"": ""All words exhibit standard Brazilian Portuguese phonetic traits, including vocalized coda -l in 'céu' and 'azul', and appropriate vowel reductions.""}}"	9851aabdf5	1	1	Vejo uma ave voando no céu azul.	Vejo uma ave voando no céu azul.	
1319.00.01	word	Rw38T6bn0lTNOb1aUevR	audio/1319.00.01-word-eleven_v3-v1.mp3	A fé.	1	production	"{""flash38-J2"": {""verdict"": ""bp_ok"", ""drift"": ""none"", ""severity"": ""low"", ""evidence"": ""Open vowel [ɛ] pronounced clearly in 'fé' matching standard Brazilian Portuguese.""}}"	9851aabdf5	1	1	a fé	a fé	
1319.00.01	example	Rw38T6bn0lTNOb1aUevR	audio/1319.00.01-ex-eleven_v3-v1.mp3	Ela tem fé que tudo vai melhorar.	1	production	"{""flash38-J2"": {""verdict"": ""bp_ok"", ""drift"": ""none"", ""severity"": ""low"", ""evidence"": ""Pronounced with standard Brazilian Portuguese phonology, clear palatalization and expected vowel qualities throughout the sentence.""}}"	9851aabdf5	1	1	Ela tem fé que tudo vai melhorar.	Ela tem fé que tudo vai melhorar.	
1322.00.01	word	Rw38T6bn0lTNOb1aUevR	audio/1322.00.01-word-eleven_v3-v1.mp3	A canção.	1	production	"{""flash38-J2"": {""verdict"": ""bp_ok"", ""drift"": ""none"", ""severity"": ""low"", ""evidence"": ""Proper nasal vowel and diphthong [kɐ̃ˈsɐ̃w̃] with correct stress placement.""}}"	9851aabdf5	1	1	a canção	a canção	
1322.00.01	example	Rw38T6bn0lTNOb1aUevR	audio/1322.00.01-ex-eleven_v3-v1.mp3	Esta canção é muito popular no Brasil.	1	production	"{""flash38-J2"": {""verdict"": ""bp_ok"", ""drift"": ""none"", ""severity"": ""low"", ""evidence"": ""Native standard Brazilian Portuguese pronunciation with correct vocalization of final -l in Brasil as [w] and natural prosody.""}}"	9851aabdf5	1	1	Esta canção é muito popular no Brasil.	Esta canção é muito popular no Brasil.	
1324.00.01	word	m151rjrbWXbBqyq56tly	audio/1324.00.01-word-eleven_v3-v1.mp3	Industrial.	1	production	"{""flash38-J2"": {""verdict"": ""bp_ok"", ""drift"": ""none"", ""severity"": ""low"", ""evidence"": ""Final -l vocalized to [w], correct stress on final syllable -al, and standard Brazilian phonology throughout.""}, ""pro-J2"": {""verdict"": ""bp_ok"", ""drift"": ""none"", ""severity"": ""low"", ""evidence"": ""Clear final vocalized L as [w] and correct stress on the final syllable.""}}"	9851aabdf5	1	1	industrial	industrial	
1324.00.01	example	m151rjrbWXbBqyq56tly	audio/1324.00.01-ex-eleven_v3-v1.mp3	A zona industrial da cidade tem muitas fábricas.	1	production	"{""flash38-J2"": {""verdict"": ""bp_ok"", ""drift"": ""none"", ""severity"": ""low"", ""evidence"": ""Pronounced with standard Brazilian Portuguese phonology, including vocalized final -l in 'industrial' as [w] and palatalized -de in 'cidade' as [dʒi].""}}"	9851aabdf5	1	1	A zona industrial da cidade tem muitas fábricas.	A zona industrial da cidade tem muitas fábricas.	
1342.00.01	word	m151rjrbWXbBqyq56tly	audio/1342.00.01-word-eleven_v3-v2.mp3	Sikker.	1	relaxed	"{""flash38-J2"": {""verdict"": ""non_bp"", ""drift"": ""EP"", ""severity"": ""medium"", ""evidence"": ""Strong pretonic vowel reduction to [ɨ] / near-elision in the first syllable, typical of European Portuguese rather than Brazilian Portuguese [se]/[si].""}, ""pro-J2"": {""verdict"": ""bp_ok"", ""drift"": ""none"", ""severity"": ""low"", ""evidence"": ""The speaker correctly places stress on the final syllable with an open epsilon vowel and uses a standard back fricative for the coda r.""}}"	9851aabdf5	0	0	sequer	sequer	
1342.00.01	example	m151rjrbWXbBqyq56tly	audio/1342.00.01-ex-eleven_v3-v1.mp3	Ele não me ligou sequer uma vez.	1	production	"{""flash38-J2"": {""verdict"": ""bp_ok"", ""drift"": ""none"", ""severity"": ""low"", ""evidence"": ""Natural standard Brazilian Portuguese pronunciation of the whole sentence with proper vowel reductions and coda realization.""}}"	9851aabdf5	1	1	Ele não me ligou sequer uma vez.	Ele não me ligou sequer uma vez.	
1356.00.01	word	qPfM2laM0pRL4rrZtBGl	audio/1356.00.01-word-eleven_v3-v1.mp3	O crítico.	1	production	"{""flash38-J2"": {""verdict"": ""bp_ok"", ""drift"": ""none"", ""severity"": ""low"", ""evidence"": ""Pronounced with standard Brazilian Portuguese palatalization [tʃ] before /i/ and proper stress on the antepenultimate syllable.""}}"	9851aabdf5	1	1	o crítico	o crítico	
1356.00.01	example	qPfM2laM0pRL4rrZtBGl	audio/1356.00.01-ex-eleven_v3-v1.mp3	O crítico escreveu uma resenha positiva do filme.	1	production	"{""flash38-J2"": {""verdict"": ""bp_ok"", ""drift"": ""none"", ""severity"": ""low"", ""evidence"": ""Pronounced with standard Brazilian Portuguese phonology, including palatalization in 'crítico' and 'positiva', vocalized l in 'filme', and correct vowels.""}}"	9851aabdf5	1	1	O crítico escreveu uma resenha positiva do filme.	O crítico escreveu uma resenha positiva do filme.	
1364.00.01	word	m151rjrbWXbBqyq56tly	audio/1364.00.01-word-eleven_v3-v2.mp3	Interpretar.	1	production	"{""flash38-J2"": {""verdict"": ""bp_ok"", ""drift"": ""none"", ""severity"": ""low"", ""evidence"": ""Clear standard pronunciation matching /ĩteɾpɾeˈtaɾ/ with appropriate vowel quality and stress""}}"	9851aabdf5	1	1	interpretar	interpretar	
1364.00.01	example	m151rjrbWXbBqyq56tly	audio/1364.00.01-ex-eleven_v3-v1.mp3	O médico precisa interpretar os resultados do exame.	1	production	"{""flash38-J2"": {""verdict"": ""bp_ok"", ""drift"": ""none"", ""severity"": ""low"", ""evidence"": ""Native standard Brazilian Portuguese pronunciation with correct palatalization /dʒ/ in 'médico', vocalized coda /w/ in 'resultados', and proper reductions.""}}"	9851aabdf5	1	1	O médico precisa interpretar os resultados do exame.	O médico precisa interpretar os resultados do exame.	
1365.00.01	word	AaeZyyi87RCxtFnHPS3e	audio/1365.00.01-word-eleven_v3-v1.mp3	A sorte.	1	production	"{""flash38-J2"": {""verdict"": ""non_bp"", ""drift"": ""EP"", ""severity"": ""high"", ""evidence"": ""Final syllable 'te' pronounced as [t] without palatalization to [tʃi], typical of European Portuguese.""}, ""pro-J2"": {""verdict"": ""bp_ok"", ""drift"": ""none"", ""severity"": ""low"", ""evidence"": ""Clear palatalization of the final te to tʃi and correct open o vowel.""}}"	9851aabdf5	0	0	a sorte	a sorte	
1365.00.01	example	AaeZyyi87RCxtFnHPS3e	audio/1365.00.01-ex-eleven_v3-v1.mp3	Boa sorte no seu exame amanhã.	1	production	"{""flash38-J2"": {""verdict"": ""bp_ok"", ""drift"": ""none"", ""severity"": ""low"", ""evidence"": ""Pronounced with standard Brazilian Portuguese phonology, including palatalized [tʃ] in sorte and correct vowel reductions.""}}"	9851aabdf5	1	1	Boa sorte no seu exame amanhã!	Boa sorte no seu exame amanhã!	
1365.00.02	word	qPfM2laM0pRL4rrZtBGl	audio/1365.00.02-word-eleven_v3-v1.mp3	A sorte.	1	production	"{""flash38-J2"": {""verdict"": ""bp_ok"", ""drift"": ""none"", ""severity"": ""low"", ""evidence"": ""Stressed open [ɔ] and palatalized final affricate [tʃi] match standard Brazilian Portuguese perfectly.""}, ""pro-J2"": {""verdict"": ""bp_ok"", ""drift"": ""none"", ""severity"": ""low"", ""evidence"": ""Correct open O in the stressed syllable and palatalization of the final TE to tchi.""}}"	9851aabdf5	1	1	a sorte	a sorte	
1365.00.02	example	qPfM2laM0pRL4rrZtBGl	audio/1365.00.02-ex-eleven_v3-v1.mp3	Tirei a sorte grande na loteria.	1	production	"{""flash38-J2"": {""verdict"": ""bp_ok"", ""drift"": ""none"", ""severity"": ""low"", ""evidence"": ""Palatalization of /t/ and /d/ before /i/ observed in 'tirei', 'sorte', 'grande', and 'loteria' with natural Brazilian Portuguese intonation and phonology.""}}"	9851aabdf5	1	1	Tirei a sorte grande na loteria.	Tirei a sorte grande na loteria.	
1375.00.01	word	AaeZyyi87RCxtFnHPS3e	audio/1375.00.01-word-eleven_v3-v1.mp3	Ultrapassar.	1	production	"{""flash38-J2"": {""verdict"": ""bp_ok"", ""drift"": ""none"", ""severity"": ""low"", ""evidence"": ""Proper vocalization of coda l to [w], correct vowel quality, and final syllable stress with flap coda r.""}, ""pro-J2"": {""verdict"": ""bp_ok"", ""drift"": ""none"", ""severity"": ""low"", ""evidence"": ""Vocalized L in the first syllable and correct final stress with standard coda r.""}}"	9851aabdf5	1	1	ultrapassar	ultrapassar	
1375.00.01	example	AaeZyyi87RCxtFnHPS3e	audio/1375.00.01-ex-eleven_v3-v1.mp3	Ela conseguiu ultrapassar todos os desafios da vida.	1	production	"{""flash38-J2"": {""verdict"": ""bp_ok"", ""drift"": ""none"", ""severity"": ""low"", ""evidence"": ""Natural Brazilian Portuguese pronunciation throughout with correct vowel reduction, palatalization, and stress patterns.""}}"	9851aabdf5	1	1	Ela conseguiu ultrapassar todos os desafios da vida.	Ela conseguiu ultrapassar todos os desafios da vida.	
1389.00.01	word	AaeZyyi87RCxtFnHPS3e	audio/1389.00.01-word-eleven_v3-v2.mp3	O inimigo.	1	production	"{""flash38-J2"": {""verdict"": ""bp_ok"", ""drift"": ""none"", ""severity"": ""low"", ""evidence"": ""Vowels and consonants match expected standard Brazilian Portuguese pronunciation [u iniˈmiɡu].""}}"	9851aabdf5	1	1	o inimigo	o inimigo	
1389.00.01	example	AaeZyyi87RCxtFnHPS3e	audio/1389.00.01-ex-eleven_v3-v1.mp3	O inimigo atacou durante a noite.	1	production	"{""flash38-J2"": {""verdict"": ""bp_ok"", ""drift"": ""none"", ""severity"": ""low"", ""evidence"": ""All phonemes align well with standard Brazilian Portuguese pronunciation including proper palatalization in 'durante' and 'noite'.""}}"	9851aabdf5	1	1	O inimigo atacou durante a noite.	O inimigo atacou durante a noite.	
1398.00.01	word	m151rjrbWXbBqyq56tly	audio/1398.00.01-word-eleven_v3-v1.mp3	O começo.	1	production	"{""flash38-J2"": {""verdict"": ""bp_ok"", ""drift"": ""none"", ""severity"": ""low"", ""evidence"": ""Pronounced accurately as [u koˈmesu] with standard closed stressed /e/ and vowel reduction on final /o/.""}, ""pro-J2"": {""verdict"": ""bp_ok"", ""drift"": ""none"", ""severity"": ""low"", ""evidence"": ""The pronunciation matches the expected Brazilian Portuguese phonetics with correct stress and vowel qualities.""}}"	9851aabdf5	1	1	o começo	o começo	
1398.00.01	example	m151rjrbWXbBqyq56tly	audio/1398.00.01-ex-eleven_v3-v1.mp3	O começo do filme foi muito interessante.	1	production	"{""flash38-J2"": {""verdict"": ""bp_ok"", ""drift"": ""none"", ""severity"": ""low"", ""evidence"": ""Pronounced with standard Brazilian Portuguese phonology, including vocalized -l in 'filme' as [w] and palatalized -te in 'interessante' as [tʃi].""}}"	9851aabdf5	1	1	O começo do filme foi muito interessante.	O começo do filme foi muito interessante.	
1422.00.01	word	qPfM2laM0pRL4rrZtBGl	audio/1422.00.01-word-eleven_v3-v1.mp3	Hurá.	1	relaxed	"{""flash38-J2"": {""verdict"": ""bp_ok"", ""drift"": ""none"", ""severity"": ""low"", ""evidence"": ""Word is pronounced clearly as [hu'ɾaw] with guttural initial /r/, intervocalic tap [ɾ], and vocalized final coda /l/ as [w].""}, ""pro-J2"": {""verdict"": ""bp_ok"", ""drift"": ""none"", ""severity"": ""low"", ""evidence"": ""Initial r is a back fricative, intervocalic r is a tap, and final l is vocalized to w, matching standard BP.""}}"	9851aabdf5	1	1	rural	rural	
1422.00.01	example	qPfM2laM0pRL4rrZtBGl	audio/1422.00.01-ex-eleven_v3-v1.mp3	Minha avó mora em uma área rural.	1	production	"{""flash38-J2"": {""verdict"": ""bp_ok"", ""drift"": ""none"", ""severity"": ""low"", ""evidence"": ""Pronounced naturally with proper open vowels and vocalized final l in rural.""}}"	9851aabdf5	1	1	Minha avó mora em uma área rural.	Minha avó mora em uma área rural.	
1441.00.01	word	xNGAXaCH8MaasNuo7Hr7	audio/1441.00.01-word-eleven_v3-v1.mp3	Tradicional.	1	production	"{""flash38-J2"": {""verdict"": ""bp_ok"", ""drift"": ""none"", ""severity"": ""low"", ""evidence"": ""Word pronounced with palatalized [dʒi] and vocalized coda [w] at the end, consistent with standard Brazilian Portuguese.""}, ""pro-J2"": {""verdict"": ""bp_ok"", ""drift"": ""none"", ""severity"": ""low"", ""evidence"": ""Palatalized d in di and vocalized final l in nal match standard Brazilian Portuguese.""}}"	9851aabdf5	1	1	tradicional	tradicional	
1441.00.01	example	xNGAXaCH8MaasNuo7Hr7	audio/1441.00.01-ex-eleven_v3-v1.mp3	Minha avó faz um bolo tradicional de chocolate.	1	production	"{""flash38-J2"": {""verdict"": ""bp_ok"", ""drift"": ""none"", ""severity"": ""low"", ""evidence"": ""All words match standard Brazilian Portuguese phonology, including vocalized -l in tradicional and palatalized affricates [dʒi] in de and [latʃi] in chocolate.""}}"	9851aabdf5	1	1	Minha avó faz um bolo tradicional de chocolate.	Minha avó faz um bolo tradicional de chocolate.	
1444.00.01	word	AaeZyyi87RCxtFnHPS3e	audio/1444.00.01-word-eleven_v3-v1.mp3	O Porto.	1	production	"{""flash38-J2"": {""verdict"": ""non_bp"", ""drift"": ""EP"", ""severity"": ""high"", ""evidence"": ""The final unstressed vowel in 'porto' is completely deleted/reduced to nothing ([o ˈpoɾt]), characteristic of European Portuguese.""}, ""pro-J2"": {""verdict"": ""bp_ok"", ""drift"": ""none"", ""severity"": ""low"", ""evidence"": ""Clear closed 'o' in the stressed syllable and standard reduction of the final 'o' to 'u'.""}}"	9851aabdf5	0	0	o porto	o porto	
1444.00.01	example	AaeZyyi87RCxtFnHPS3e	audio/1444.00.01-ex-eleven_v3-v1.mp3	O navio chegou ao porto ontem de manhã.	1	production	"{""flash38-J2"": {""verdict"": ""bp_ok"", ""drift"": ""none"", ""severity"": ""low"", ""evidence"": ""Pronounced with clear standard Brazilian Portuguese phonology, including proper palatalization in 'de' [dʒi] and correct vowel reductions.""}}"	9851aabdf5	1	1	O navio chegou ao porto ontem de manhã.	O navio chegou ao porto ontem de manhã.	
1451.00.01	word	xNGAXaCH8MaasNuo7Hr7	audio/1451.00.01-word-eleven_v3-v1.mp3	Aversão.	1	relaxed	"{""flash38-J2"": {""verdict"": ""bp_ok"", ""drift"": ""none"", ""severity"": ""low"", ""evidence"": ""Clear standard pronunciation with appropriate tap coda r and nasal diphthong [ɐ̃w̃].""}}"	9851aabdf5	1	1	a versão	a versão	
1451.00.01	example	xNGAXaCH8MaasNuo7Hr7	audio/1451.00.01-ex-eleven_v3-v1.mp3	Prefiro a versão original do filme.	1	production	"{""flash38-J2"": {""verdict"": ""bp_ok"", ""drift"": ""none"", ""severity"": ""low"", ""evidence"": ""Pronounced with standard Brazilian Portuguese phonology, including vocalized final /l/ as [w] in 'original' and 'filme', proper palatalization, and expected str""}}"	9851aabdf5	1	1	Prefiro a versão original do filme.	Prefiro a versão original do filme.	
1454.00.01	word	Rw38T6bn0lTNOb1aUevR	audio/1454.00.01-word-eleven_v3-v3.mp3	دوستی	1	relaxed	"{""flash38-J2"": {""verdict"": ""bp_ok"", ""drift"": ""none"", ""severity"": ""low"", ""evidence"": ""Stressed closed [o] followed by [zi] matching standard Brazilian Portuguese /ˈdozi/""}}"	9851aabdf5	1	1	doze	doze	
1454.00.01	example	m151rjrbWXbBqyq56tly	audio/1454.00.01-ex-eleven_v3-v1.mp3	São doze horas. Vamos almoçar agora.	1	production	"{""flash38-J2"": {""verdict"": ""bp_ok"", ""drift"": ""none"", ""severity"": ""low"", ""evidence"": ""Native Brazilian Portuguese pronunciation throughout with expected vocalized coda l in 'almoçar' and proper palatalization/reduction.""}}"	9851aabdf5	1	1	São doze horas, vamos almoçar agora.	São doze horas, vamos almoçar agora.	
1465.00.01	word	Rw38T6bn0lTNOb1aUevR	audio/1465.00.01-word-eleven_v3-v1.mp3	A foresta.	1	relaxed	"{""flash38-J2"": {""verdict"": ""bp_ok"", ""drift"": ""none"", ""severity"": ""low"", ""evidence"": ""Stressed open [ɛ] with proper [s] coda and unstressed final [ɐ], matching standard Brazilian Portuguese.""}}"	9851aabdf5	1	1	a floresta	a floresta	
1465.00.01	example	Rw38T6bn0lTNOb1aUevR	audio/1465.00.01-ex-eleven_v3-v1.mp3	A floresta amazônica é muito importante para o mundo.	1	production	"{""flash38-J2"": {""verdict"": ""bp_ok"", ""drift"": ""none"", ""severity"": ""low"", ""evidence"": ""Pronounced with clear standard Brazilian Portuguese phonology, including correct palatalization of -te in 'importante' as [tʃi] and appropriate vowel quality.""}}"	9851aabdf5	1	1	A floresta amazônica é muito importante para o mundo.	A floresta amazônica é muito importante para o mundo.	
1471.00.01	word	AaeZyyi87RCxtFnHPS3e	audio/1471.00.01-word-eleven_v3-v1.mp3	Car.	1	relaxed	"{""flash38-J2"": {""verdict"": ""non_bp"", ""drift"": ""EP"", ""severity"": ""high"", ""evidence"": ""Final unstressed vowel is deleted, pronouncing the word as monosyllabic [kaɾ] rather than [ˈkaɾu]""}}"	9851aabdf5	0	0	caro	caro	
1471.00.01	example	AaeZyyi87RCxtFnHPS3e	audio/1471.00.01-ex-eleven_v3-v1.mp3	Esse restaurante é muito caro.	1	production	"{""flash38-J2"": {""verdict"": ""bp_ok"", ""drift"": ""none"", ""severity"": ""low"", ""evidence"": ""Pronunciation fully follows standard Brazilian Portuguese phonology, including palatalization of final -te in restaurante and standard vowel reductions.""}}"	9851aabdf5	1	1	Este restaurante é muito caro.	Este restaurante é muito caro.	
1473.00.01	word	m151rjrbWXbBqyq56tly	audio/1473.00.01-word-eleven_v3-v1.mp3	Recorrer.	1	production	"{""flash38-J2"": {""verdict"": ""bp_ok"", ""drift"": ""none"", ""severity"": ""low"", ""evidence"": ""Pronounced with standard Brazilian Portuguese phonemes [hekoˈheʁ], accurate stress and vowel quality.""}, ""pro-J2"": {""verdict"": ""bp_ok"", ""drift"": ""none"", ""severity"": ""low"", ""evidence"": ""Correct stress on the final syllable and standard back fricative pronunciation of the initial r and double rr.""}}"	9851aabdf5	1	1	recorrer	recorrer	
1473.00.01	example	m151rjrbWXbBqyq56tly	audio/1473.00.01-ex-eleven_v3-v1.mp3	O advogado decidiu recorrer da decisão do juiz.	1	production	"{""flash38-J2"": {""verdict"": ""bp_ok"", ""drift"": ""none"", ""severity"": ""low"", ""evidence"": ""Pronounced with standard Brazilian Portuguese phonology, including correct palatalization /dʒ/ in 'decidiu' and proper stress patterns throughout.""}}"	9851aabdf5	1	1	O advogado decidiu recorrer da decisão do juiz.	O advogado decidiu recorrer da decisão do juiz.	
1473.00.02	word	m151rjrbWXbBqyq56tly	audio/1473.00.02-word-eleven_v3-v1.mp3	Recorrer.	1	production	"{""flash38-J2"": {""verdict"": ""bp_ok"", ""drift"": ""none"", ""severity"": ""low"", ""evidence"": ""Word pronounced accurately with initial [h], medial [h], stress on final syllable with coda [ɾ].""}, ""pro-J2"": {""verdict"": ""bp_ok"", ""drift"": ""none"", ""severity"": ""low"", ""evidence"": ""Initial r and double rr are pronounced as back fricatives, and stress is correctly placed on the final syllable.""}}"	9851aabdf5	1	1	recorrer	recorrer	
1473.00.02	example	m151rjrbWXbBqyq56tly	audio/1473.00.02-ex-eleven_v3-v1.mp3	Vou recorrer à ajuda de um advogado.	1	production	"{""flash38-J2"": {""verdict"": ""bp_ok"", ""drift"": ""none"", ""severity"": ""low"", ""evidence"": ""Native standard Brazilian Portuguese pronunciation throughout with natural palatalization ('de' as [dʒi]), expected vowels, and correct stress patterns.""}}"	9851aabdf5	1	1	Vou recorrer à ajuda de um advogado.	Vou recorrer à ajuda de um advogado.	
1483.00.01	word	qPfM2laM0pRL4rrZtBGl	audio/1483.00.01-word-eleven_v3-v1.mp3	A vara.	1	production	"{""flash38-J2"": {""verdict"": ""bp_ok"", ""drift"": ""none"", ""severity"": ""low"", ""evidence"": ""Pronounced with clear Brazilian Portuguese phonology matching [a ˈvaɾɐ] with alveolar tap.""}, ""pro-J2"": {""verdict"": ""bp_ok"", ""drift"": ""none"", ""severity"": ""low"", ""evidence"": ""Clear alveolar tap for the intervocalic r and correct stress on the penultimate syllable.""}}"	9851aabdf5	1	1	a vara	a vara	
1483.00.01	example	qPfM2laM0pRL4rrZtBGl	audio/1483.00.01-ex-eleven_v3-v1.mp3	O pescador usa uma vara para pescar no rio.	1	production	"{""flash38-J2"": {""verdict"": ""bp_ok"", ""drift"": ""none"", ""severity"": ""low"", ""evidence"": ""Native Brazilian Portuguese pronunciation with correct vowel reductions, alveolar taps, and initial /h/ in rio.""}}"	9851aabdf5	1	1	O pescador usa uma vara para pescar no rio.	O pescador usa uma vara para pescar no rio.	
1488.00.01	word	Rw38T6bn0lTNOb1aUevR	audio/1488.00.01-word-eleven_v3-v1.mp3	Agricola.	1	production	"{""flash38-J2"": {""verdict"": ""bp_ok"", ""drift"": ""none"", ""severity"": ""low"", ""evidence"": ""Proper antepenultimate stress on /ɡɾi/ with standard Brazilian vowel and consonant qualities.""}}"	9851aabdf5	1	1	agrícola	agrícola	
1488.00.01	example	Rw38T6bn0lTNOb1aUevR	audio/1488.00.01-ex-eleven_v3-v1.mp3	A região agrícola produz muito café e milho.	1	production	"{""flash38-J2"": {""verdict"": ""bp_ok"", ""drift"": ""none"", ""severity"": ""low"", ""evidence"": ""All words pronounced with standard Brazilian Portuguese phonology, including nasal vowels, open vowels, and correct stress.""}}"	9851aabdf5	1	1	A região agrícola produz muito café e milho.	A região agrícola produz muito café e milho.	
1490.00.01	word	m151rjrbWXbBqyq56tly	audio/1490.00.01-word-eleven_v3-v1.mp3	Investir.	1	production	"{""flash38-J2"": {""verdict"": ""bp_ok"", ""drift"": ""none"", ""severity"": ""low"", ""evidence"": ""Clear palatalization of 'ti' to [tʃi] and standard Brazilian Portuguese pronunciation of 'investir' with final stressed syllable and guttural/uvular final r.""}}"	9851aabdf5	1	1	investir	investir	
1490.00.01	example	m151rjrbWXbBqyq56tly	audio/1490.00.01-ex-eleven_v3-v1.mp3	Vou investir meu dinheiro em ações.	1	production	"{""flash38-J2"": {""verdict"": ""bp_ok"", ""drift"": ""none"", ""severity"": ""low"", ""evidence"": ""Natural Brazilian Portuguese pronunciation with palatalized [tʃ] in investir and [dʒ] in dinheiro.""}}"	9851aabdf5	1	1	Vou investir meu dinheiro em ações.	Vou investir meu dinheiro em ações.	
1501.00.01	word	Rw38T6bn0lTNOb1aUevR	audio/1501.00.01-word-eleven_v3-v3.mp3	Absolutamente.	1	production	"{""flash38-J2"": {""verdict"": ""non_bp"", ""drift"": ""EP"", ""severity"": ""high"", ""evidence"": ""Word-final -te is pronounced with a reduced/silent vowel and unpalatalized /t/ (ending in [tʃ] or [tɨ]/[t]), rather than the standard Brazilian Portuguese [tʃi]""}}"	9851aabdf5	0	0	absolutamente	absolutamente	
1501.00.01	example	m151rjrbWXbBqyq56tly	audio/1501.00.01-ex-eleven_v3-v1.mp3	Você está absolutamente certo sobre isso.	1	production	"{""flash38-J2"": {""verdict"": ""bp_ok"", ""drift"": ""none"", ""severity"": ""low"", ""evidence"": ""Native standard Brazilian Portuguese pronunciation matching the expected phonetics, including palatalization in -mente and vocalic reductions.""}}"	9851aabdf5	1	1	Você está absolutamente certo sobre isso.	Você está absolutamente certo sobre isso.	
1508.00.01	word	m151rjrbWXbBqyq56tly	audio/1508.00.01-word-eleven_v3-v1.mp3	O silêncio.	1	production	"{""flash38-J2"": {""verdict"": ""bp_ok"", ""drift"": ""none"", ""severity"": ""low"", ""evidence"": ""Pronounced clearly as [u siˈlẽsju] with standard Brazilian Portuguese phonology.""}}"	9851aabdf5	1	1	o silêncio	o silêncio	
1508.00.01	example	m151rjrbWXbBqyq56tly	audio/1508.00.01-ex-eleven_v3-v1.mp3	O silêncio na biblioteca ajuda a concentração.	1	production	"{""flash38-J2"": {""verdict"": ""bp_ok"", ""drift"": ""none"", ""severity"": ""low"", ""evidence"": ""Pronounced with standard Brazilian Portuguese phonology, including open [ɛ] in biblioteca, palatal [ʒ] in ajuda, and nasal diphthong [ɐ̃w̃] in concentração.""}}"	9851aabdf5	1	1	O silêncio na biblioteca ajuda a concentração.	O silêncio na biblioteca ajuda a concentração.	
1550.00.01	word	ny3E2DZImeZm00WLGZi9	audio/1550.00.01-word-eleven_v3-v1.mp3	Адрода.	1	relaxed	"{""flash38-J2"": {""verdict"": ""non_bp"", ""drift"": ""other"", ""severity"": ""high"", ""evidence"": ""The speaker clearly says 'droda' (/a ˈdɾɔdɐ/) with a dental/alveolar stop [d] instead of the velar stop [ɡ] in 'droga'.""}}"	9851aabdf5	0	0	a droga	a droga	
1550.00.01	example	ny3E2DZImeZm00WLGZi9	audio/1550.00.01-ex-eleven_v3-v1.mp3	A polícia encontrou drogas na casa abandonada.	1	production	"{""flash38-J2"": {""verdict"": ""bp_ok"", ""drift"": ""none"", ""severity"": ""low"", ""evidence"": ""Native standard Brazilian Portuguese pronunciation throughout, including expected vowel reduction and voiced coda s before a nasal consonant.""}}"	9851aabdf5	1	1	A polícia encontrou drogas na casa abandonada.	A polícia encontrou drogas na casa abandonada.	
1565.00.01	word	AaeZyyi87RCxtFnHPS3e	audio/1565.00.01-word-eleven_v3-v1.mp3	Qualher.	1	relaxed	"{""flash38-J2"": {""verdict"": ""bp_ok"", ""drift"": ""none"", ""severity"": ""low"", ""evidence"": ""Word is clearly pronounced as standard Brazilian Portuguese [koˈʎeɾ] with correct stress and standard coda r tap.""}, ""pro-J2"": {""verdict"": ""bp_ok"", ""drift"": ""none"", ""severity"": ""low"", ""evidence"": ""Correct palatal lateral approximant for lh and correct final stress.""}}"	9851aabdf5	1	1	colher	colher	
1565.00.01	example	AaeZyyi87RCxtFnHPS3e	audio/1565.00.01-ex-eleven_v3-v1.mp3	Os agricultores vão colher o milho na próxima semana.	1	production	"{""flash38-J2"": {""verdict"": ""bp_ok"", ""drift"": ""none"", ""severity"": ""low"", ""evidence"": ""Pronounced with standard Brazilian Portuguese phonology, including vocalized /l/ in agricultores and correct open /ɔ/ in próxima.""}}"	9851aabdf5	1	1	Os agricultores vão colher o milho na próxima semana.	Os agricultores vão colher o milho na próxima semana.	
1580.00.01	word	qPfM2laM0pRL4rrZtBGl	audio/1580.00.01-word-eleven_v3-v1.mp3	A aventura.	1	production	"{""flash38-J2"": {""verdict"": ""bp_ok"", ""drift"": ""none"", ""severity"": ""low"", ""evidence"": ""Naturally pronounced with standard Brazilian Portuguese phonology, clear pretonic nasalization and alveolar tap.""}}"	9851aabdf5	1	1	a aventura	a aventura	
1580.00.01	example	qPfM2laM0pRL4rrZtBGl	audio/1580.00.01-ex-eleven_v3-v1.mp3	Minha aventura na floresta foi incrível!	1	production	"{""flash38-J2"": {""verdict"": ""bp_ok"", ""drift"": ""none"", ""severity"": ""low"", ""evidence"": ""Native standard Brazilian Portuguese pronunciation throughout, with vocalized coda /l/ in 'incrível' as [w] and correct open vowel in 'floresta'.""}}"	9851aabdf5	1	1	Minha aventura na floresta foi incrível.	Minha aventura na floresta foi incrível.	
1581.00.01	word	m151rjrbWXbBqyq56tly	audio/1581.00.01-word-eleven_v3-v1.mp3	A lógica.	1	production	"{""flash38-J2"": {""verdict"": ""bp_ok"", ""drift"": ""none"", ""severity"": ""low"", ""evidence"": ""Accurate pronunciation matching expected /a ˈlɔʒikɐ/ with open-mid [ɔ] and [ʒ].""}}"	9851aabdf5	1	1	a lógica	a lógica	
1581.00.01	example	m151rjrbWXbBqyq56tly	audio/1581.00.01-ex-eleven_v3-v1.mp3	A lógica dele é difícil de entender.	1	production	"{""flash38-J2"": {""verdict"": ""bp_ok"", ""drift"": ""none"", ""severity"": ""low"", ""evidence"": ""All words pronounced with standard Brazilian Portuguese phonology including palatalization of de/di and vocalization of final -l.""}}"	9851aabdf5	1	1	A lógica dele é difícil de entender.	A lógica dele é difícil de entender.	
1585.00.01	word	wxoDdfPKBuna5KnUEotz	audio/1585.00.01-word-eleven_v3-v3.mp3	O regresso.	1	production	"{""flash38-J2"": {""verdict"": ""bp_ok"", ""drift"": ""none"", ""severity"": ""low"", ""evidence"": ""Matches expected São Paulo pronunciation [u heˈɡɾɛsu] with correct stressed open [ɛ] and initial [h].""}}"	9851aabdf5	1	1	o regresso	o regresso	
1585.00.01	example	wxoDdfPKBuna5KnUEotz	audio/1585.00.01-ex-eleven_v3-v3.mp3	O regresso das férias é sempre triste.	1	production	"{""flash38-J2"": {""verdict"": ""bp_ok"", ""drift"": ""none"", ""severity"": ""low"", ""evidence"": ""Pronounced with clear Brazilian Portuguese phonology, including the palatalized [tʃi] in 'triste' and standard stress and vowel qualities throughout.""}}"	9851aabdf5	1	1	O regresso das férias é sempre triste.	O regresso das férias é sempre triste.	
1591.00.01	word	ny3E2DZImeZm00WLGZi9	audio/1591.00.01-word-eleven_v3-v1.mp3	Ai	1	production	"{""flash38-J2"": {""verdict"": ""bp_ok"", ""drift"": ""none"", ""severity"": ""low"", ""evidence"": ""Clear pronunciation of the diphthong [aj] matching standard Brazilian Portuguese.""}}"	9851aabdf5	1	1	ai	ai	
1591.00.01	example	ny3E2DZImeZm00WLGZi9	audio/1591.00.01-ex-eleven_v3-v1.mp3	Ai, bati o dedo na porta.	1	production	"{""flash38-J2"": {""verdict"": ""bp_ok"", ""drift"": ""none"", ""severity"": ""low"", ""evidence"": ""Pronounced with standard Brazilian Portuguese phonology, including the palatalized [tʃ] in 'bati' and flap [ɾ] in 'porta'.""}}"	9851aabdf5	1	1	Ai! Bati o dedo na porta.	Ai! Bati o dedo na porta.	
1595.00.01	word	qPfM2laM0pRL4rrZtBGl	audio/1595.00.01-word-eleven_v3-v1.mp3	A caça.	1	production	"{""flash38-J2"": {""verdict"": ""bp_ok"", ""drift"": ""none"", ""severity"": ""low"", ""evidence"": ""Pronounced clearly as [a ˈkasɐ] with standard Brazilian Portuguese phonology.""}, ""pro-J2"": {""verdict"": ""bp_ok"", ""drift"": ""none"", ""severity"": ""low"", ""evidence"": ""Clear [k] and [s] consonants with correct stress on the first syllable of caça.""}}"	9851aabdf5	1	1	a caça	a caça	
1595.00.01	example	qPfM2laM0pRL4rrZtBGl	audio/1595.00.01-ex-eleven_v3-v1.mp3	A caça ao tesouro foi divertida para as crianças.	1	production	"{""flash38-J2"": {""verdict"": ""bp_ok"", ""drift"": ""none"", ""severity"": ""low"", ""evidence"": ""clear standard Brazilian Portuguese phonology with palatalized dʒ in divertida and standard vowel reductions""}}"	9851aabdf5	1	1	A caça ao tesouro foi divertida para as crianças.	A caça ao tesouro foi divertida para as crianças.	
1606.00.01	word	Rw38T6bn0lTNOb1aUevR	audio/1606.00.01-word-eleven_v3-v1.mp3	Asseja.	1	relaxed	"{""flash38-J2"": {""verdict"": ""bp_ok"", ""drift"": ""none"", ""severity"": ""low"", ""evidence"": ""Stressed open vowel [ɛ] followed by a voiceless glottal fricative [h] for the medial 'rr', matching standard Brazilian Portuguese.""}, ""pro-J2"": {""verdict"": ""bp_ok"", ""drift"": ""none"", ""severity"": ""low"", ""evidence"": ""The 'rr' is pronounced as a back fricative and the stressed vowel is an open epsilon, matching standard Brazilian Portuguese.""}}"	9851aabdf5	1	1	a serra	a serra	
1606.00.01	example	Rw38T6bn0lTNOb1aUevR	audio/1606.00.01-ex-eleven_v3-v1.mp3	A Serra da Mantiqueira fica entre São Paulo e Minas Gerais.	1	production	"{""flash38-J2"": {""verdict"": ""bp_ok"", ""drift"": ""none"", ""severity"": ""low"", ""evidence"": ""Native standard Brazilian Portuguese pronunciation with correct vowel reductions and palatalization.""}}"	9851aabdf5	1	1	A Serra da Mantiqueira fica entre São Paulo e Minas Gerais.	A Serra da Mantiqueira fica entre São Paulo e Minas Gerais.	
1606.00.02	word	ny3E2DZImeZm00WLGZi9	audio/1606.00.02-word-eleven_v3-v1.mp3	Acerra.	1	relaxed	"{""flash38-J2"": {""verdict"": ""bp_ok"", ""drift"": ""none"", ""severity"": ""low"", ""evidence"": ""Stressed open vowel [ɛ] and standard Brazilian guttural fricative [h] for the double r.""}, ""pro-J2"": {""verdict"": ""bp_ok"", ""drift"": ""none"", ""severity"": ""low"", ""evidence"": ""Clear open e vowel and back fricative rr matching standard Brazilian Portuguese""}}"	9851aabdf5	1	1	a serra	a serra	
1606.00.02	example	ny3E2DZImeZm00WLGZi9	audio/1606.00.02-ex-eleven_v3-v1.mp3	O carpinteiro usa uma serra para cortar a madeira.	1	production	"{""flash38-J2"": {""verdict"": ""bp_ok"", ""drift"": ""none"", ""severity"": ""low"", ""evidence"": ""Native Brazilian Portuguese pronunciation throughout with standard tap and fricative r realizations and proper vowel qualities.""}}"	9851aabdf5	1	1	O carpinteiro usa uma serra para cortar a madeira.	O carpinteiro usa uma serra para cortar a madeira.	
1607.00.01	word	AaeZyyi87RCxtFnHPS3e	audio/1607.00.01-word-eleven_v3-v1.mp3	Perform	1	relaxed	"{""flash38-J2"": {""verdict"": ""bp_ok"", ""drift"": ""none"", ""severity"": ""low"", ""evidence"": ""Correct closed vowel [o] in the stressed syllable and natural standard Brazilian Portuguese phonology.""}}"	9851aabdf5	1	1	o forno	o forno	
1607.00.01	example	AaeZyyi87RCxtFnHPS3e	audio/1607.00.01-ex-eleven_v3-v1.mp3	O bolo está no forno há vinte minutos.	1	production	"{""flash38-J2"": {""verdict"": ""bp_ok"", ""drift"": ""none"", ""severity"": ""low"", ""evidence"": ""Pronounced with standard Brazilian Portuguese phonology, including palatalization in 'vinte' [ˈvĩtʃi] and appropriate vowel reductions.""}}"	9851aabdf5	1	1	O bolo está no forno há vinte minutos.	O bolo está no forno há vinte minutos.	
1613.00.01	word	m151rjrbWXbBqyq56tly	audio/1613.00.01-word-eleven_v3-v2.mp3	Demir.	1	relaxed	"{""flash38-J2"": {""verdict"": ""bp_ok"", ""drift"": ""none"", ""severity"": ""low"", ""evidence"": ""Stressed final syllable with correct closed vowel and coda tap.""}}"	9851aabdf5	1	1	temer	temer	
1613.00.01	example	m151rjrbWXbBqyq56tly	audio/1613.00.01-ex-eleven_v3-v1.mp3	Muitas pessoas temem a solidão.	1	production	"{""flash38-J2"": {""verdict"": ""bp_ok"", ""drift"": ""none"", ""severity"": ""low"", ""evidence"": ""Pronounced with clear and natural Brazilian Portuguese phonetics across all words, including nasal diphthongs in solidão and temem.""}}"	9851aabdf5	1	1	Muitas pessoas temem a solidão.	Muitas pessoas temem a solidão.	
1617.00.01	word	AaeZyyi87RCxtFnHPS3e	audio/1617.00.01-word-eleven_v3-v1.mp3	A realização.	1	production	"{""flash38-J2"": {""verdict"": ""bp_ok"", ""drift"": ""none"", ""severity"": ""low"", ""evidence"": ""Pronunciation clearly matches standard Brazilian Portuguese phonology with back fricative for initial r and proper nasal diphthong at the end.""}}"	9851aabdf5	1	1	a realização	a realização	
1617.00.01	example	AaeZyyi87RCxtFnHPS3e	audio/1617.00.01-ex-eleven_v3-v1.mp3	A realização do projeto foi um grande sucesso.	1	production	"{""flash38-J2"": {""verdict"": ""bp_ok"", ""drift"": ""none"", ""severity"": ""low"", ""evidence"": ""Pronounced with standard Brazilian Portuguese phonology, including palatalized 'grande' [ˈɡɾɐ̃dʒi] and appropriate vowel reductions and rhythm.""}}"	9851aabdf5	1	1	A realização do projeto foi um grande sucesso.	A realização do projeto foi um grande sucesso.	
1618.00.01	word	AaeZyyi87RCxtFnHPS3e	audio/1618.00.01-word-eleven_v3-v1.mp3	Disponível.	1	production	"{""flash38-J2"": {""verdict"": ""bp_ok"", ""drift"": ""none"", ""severity"": ""low"", ""evidence"": ""Correct palatalization of initial /d/ to [dʒ], correct stress on -ni-, and final vocalized -l to [w].""}, ""pro-J2"": {""verdict"": ""bp_ok"", ""drift"": ""none"", ""severity"": ""low"", ""evidence"": ""Palatalized d in di and vocalized final l match standard BP.""}}"	9851aabdf5	1	1	disponível	disponível	
1618.00.01	example	AaeZyyi87RCxtFnHPS3e	audio/1618.00.01-ex-eleven_v3-v1.mp3	O médico está disponível amanhã de manhã.	1	production	"{""flash38-J2"": {""verdict"": ""bp_ok"", ""drift"": ""none"", ""severity"": ""low"", ""evidence"": ""Natural Brazilian Portuguese pronunciation with palatalized 'di' /dʒi/, vocalized final -l in 'disponível', and appropriate nasal vowels.""}}"	9851aabdf5	1	1	O médico está disponível amanhã de manhã.	O médico está disponível amanhã de manhã.	
1626.00.01	word	xNGAXaCH8MaasNuo7Hr7	audio/1626.00.01-word-eleven_v3-v2.mp3	Variar.	1	production	"{""flash38-J2"": {""verdict"": ""bp_ok"", ""drift"": ""none"", ""severity"": ""low"", ""evidence"": ""Clear pronunciation of /vɐɾiˈa/ with standard Brazilian phonology and expected stress on the final syllable.""}}"	9851aabdf5	1	1	variar	variar	
1626.00.01	example	xNGAXaCH8MaasNuo7Hr7	audio/1626.00.01-ex-eleven_v3-v1.mp3	Os preços variam de acordo com a estação.	1	production	"{""flash38-J2"": {""verdict"": ""bp_ok"", ""drift"": ""none"", ""severity"": ""low"", ""evidence"": ""Pronounced with clear standard Brazilian Portuguese phonology, including palatalization in 'de acordo' [dʒi] and appropriate vowel quality throughout.""}}"	9851aabdf5	1	1	Os preços variam de acordo com a estação.	Os preços variam de acordo com a estação.	
1647.00.01	word	qPfM2laM0pRL4rrZtBGl	audio/1647.00.01-word-eleven_v3-v2.mp3	Lento.	1	production	"{""flash38-J2"": {""verdict"": ""bp_ok"", ""drift"": ""none"", ""severity"": ""low"", ""evidence"": ""Accurate nasal vowel [ẽ] and expected final vowel reduction to [u] matching /ˈlẽtu/.""}}"	9851aabdf5	1	1	lento	lento	
1647.00.01	example	qPfM2laM0pRL4rrZtBGl	audio/1647.00.01-ex-eleven_v3-v1.mp3	O ônibus é muito lento hoje.	1	production	"{""flash38-J2"": {""verdict"": ""bp_ok"", ""drift"": ""none"", ""severity"": ""low"", ""evidence"": ""Native standard Brazilian Portuguese pronunciation matching the expected phonetic targets.""}}"	9851aabdf5	1	1	O ônibus é muito lento hoje.	O ônibus é muito lento hoje.	
1650.00.01	word	Rw38T6bn0lTNOb1aUevR	audio/1650.00.01-word-eleven_v3-v3.mp3	A freguesia	1	production	"{""flash38-J2"": {""verdict"": ""bp_ok"", ""drift"": ""none"", ""severity"": ""low"", ""evidence"": ""Pronounced with clear standard Brazilian Portuguese phonemes [a fɾeɡeˈziɐ].""}}"	9851aabdf5	1	1	a freguesia	a freguesia	
1650.00.01	example	m151rjrbWXbBqyq56tly	audio/1650.00.01-ex-eleven_v3-v1.mp3	A freguesia tem uma igreja antiga no centro.	1	production	"{""flash38-J2"": {""verdict"": ""bp_ok"", ""drift"": ""none"", ""severity"": ""low"", ""evidence"": ""Pronounced with clear Brazilian Portuguese phonology, including palatalized 'ti' in antiga and natural unstressed vowel reduction.""}}"	9851aabdf5	1	1	A freguesia tem uma igreja antiga no centro.	A freguesia tem uma igreja antiga no centro.	
1650.00.02	word	Rw38T6bn0lTNOb1aUevR	audio/1650.00.02-word-eleven_v3-v3.mp3	A freguesia.	1	production	"{""flash38-J2"": {""verdict"": ""bp_ok"", ""drift"": ""none"", ""severity"": ""low"", ""evidence"": ""Pronounced correctly with standard Brazilian Portuguese phonemes [a fɾeɡeˈziɐ].""}}"	9851aabdf5	1	1	a freguesia	a freguesia	
1650.00.02	example	m151rjrbWXbBqyq56tly	audio/1650.00.02-ex-eleven_v3-v1.mp3	A padaria tem uma freguesia fiel há muitos anos.	1	production	"{""flash38-J2"": {""verdict"": ""bp_ok"", ""drift"": ""none"", ""severity"": ""low"", ""evidence"": ""Pronounced with standard Brazilian Portuguese phonology, including vocalized -l in 'fiel' and correct stress and vowel qualities.""}}"	9851aabdf5	1	1	A padaria tem uma freguesia fiel há muitos anos.	A padaria tem uma freguesia fiel há muitos anos.	
1651.00.01	word	ny3E2DZImeZm00WLGZi9	audio/1651.00.01-word-eleven_v3-v1.mp3	A féria.	1	production	"{""flash38-J2"": {""verdict"": ""bp_ok"", ""drift"": ""none"", ""severity"": ""low"", ""evidence"": ""Pronounced with open stressed vowel [ɛ] and tapped [ɾ] matching standard Brazilian Portuguese /a ˈfɛɾjɐ/.""}}"	9851aabdf5	1	1	a féria	a féria	
1651.00.01	example	ny3E2DZImeZm00WLGZi9	audio/1651.00.01-ex-eleven_v3-v1.mp3	Vou para a praia nas minhas férias de verão.	1	production	"{""flash38-J2"": {""verdict"": ""bp_ok"", ""drift"": ""none"", ""severity"": ""low"", ""evidence"": ""Native Brazilian Portuguese pronunciation throughout with natural connected speech palatalization and vowels.""}}"	9851aabdf5	1	1	Vou para a praia nas minhas férias de verão.	Vou para a praia nas minhas férias de verão.	
1673.00.01	word	qPfM2laM0pRL4rrZtBGl	audio/1673.00.01-word-eleven_v3-v1.mp3	Fiel.	1	production	"{""flash38-J2"": {""verdict"": ""bp_ok"", ""drift"": ""none"", ""severity"": ""low"", ""evidence"": ""Word pronounced accurately with final -l vocalized to [w] and open stressed [ɛ] in fiˈɛw.""}, ""pro-J2"": {""verdict"": ""bp_ok"", ""drift"": ""none"", ""severity"": ""low"", ""evidence"": ""Clear open epsilon vowel and vocalized final L as w.""}}"	9851aabdf5	1	1	fiel	fiel	
1673.00.01	example	qPfM2laM0pRL4rrZtBGl	audio/1673.00.01-ex-eleven_v3-v1.mp3	Meu cachorro é muito fiel e sempre me espera.	1	production	"{""flash38-J2"": {""verdict"": ""bp_ok"", ""drift"": ""none"", ""severity"": ""low"", ""evidence"": ""Pronounced naturally with standard Brazilian Portuguese phonology, including vocalized -l in fiel and appropriate vowel qualities.""}}"	9851aabdf5	1	1	Meu cachorro é muito fiel e sempre me espera.	Meu cachorro é muito fiel e sempre me espera.	
1674.01.01	word	m151rjrbWXbBqyq56tly	audio/1674.01.01-word-eleven_v3-v1.mp3	Em seguida.	1	production	"{""flash38-J2"": {""verdict"": ""bp_ok"", ""drift"": ""none"", ""severity"": ""low"", ""evidence"": ""The speaker clearly pronounces [ẽj̃ seˈɡidɐ] with standard Brazilian Portuguese phonology, including correct nasal diphthong and syllable stress.""}}"	9851aabdf5	1	1	em seguida	em seguida	
1674.01.01	example	m151rjrbWXbBqyq56tly	audio/1674.01.01-ex-eleven_v3-v1.mp3	Tomei café da manhã e em seguida fui trabalhar.	1	production	"{""flash38-J2"": {""verdict"": ""bp_ok"", ""drift"": ""none"", ""severity"": ""low"", ""evidence"": ""Natural standard Brazilian Portuguese pronunciation throughout the sentence with accurate phonetics and prosody.""}}"	9851aabdf5	1	1	Tomei café da manhã e em seguida fui trabalhar.	Tomei café da manhã e em seguida fui trabalhar.	
1676.00.01	word	Rw38T6bn0lTNOb1aUevR	audio/1676.00.01-word-eleven_v3-v3.mp3	Proceder.	1	production	"{""flash38-J2"": {""verdict"": ""bp_ok"", ""drift"": ""none"", ""severity"": ""low"", ""evidence"": ""clear final syllable stress /pɾoseˈdeɾ/ with accurate standard Brazilian Portuguese phonemes""}}"	9851aabdf5	1	1	proceder	proceder	
1676.00.01	example	m151rjrbWXbBqyq56tly	audio/1676.00.01-ex-eleven_v3-v1.mp3	A reunião vai proceder conforme o planejado.	1	production	"{""flash38-J2"": {""verdict"": ""bp_ok"", ""drift"": ""none"", ""severity"": ""low"", ""evidence"": ""Pronounced with standard Brazilian Portuguese phonology, including correct stress, glottal/aspirated initial r in 'reunião', and proper final reductions.""}}"	9851aabdf5	1	1	A reunião vai proceder conforme o planejado.	A reunião vai proceder conforme o planejado.	
1682.00.01	word	xNGAXaCH8MaasNuo7Hr7	audio/1682.00.01-word-eleven_v3-v1.mp3	Viza	1	relaxed	"{""flash38-J2"": {""verdict"": ""bp_ok"", ""drift"": ""none"", ""severity"": ""low"", ""evidence"": ""Pronounced with standard Brazilian Portuguese phonemes [viˈza] with expected final syllable stress.""}, ""pro-J2"": {""verdict"": ""bp_ok"", ""drift"": ""none"", ""severity"": ""low"", ""evidence"": ""Clear [z] for intervocalic s and correct stress on the final syllable.""}}"	9851aabdf5	1	1	visar	visar	
1682.00.01	example	xNGAXaCH8MaasNuo7Hr7	audio/1682.00.01-ex-eleven_v3-v1.mp3	O arqueiro visa o centro do alvo.	1	production	"{""flash38-J2"": {""verdict"": ""bp_ok"", ""drift"": ""none"", ""severity"": ""low"", ""evidence"": ""All words pronounced with natural standard Brazilian Portuguese phonology, including vocalized -l in alvo and correct vowels.""}}"	9851aabdf5	1	1	O arqueiro visa o centro do alvo.	O arqueiro visa o centro do alvo.	
1694.00.01	word	m151rjrbWXbBqyq56tly	audio/1694.00.01-word-eleven_v3-v1.mp3	U hotel.	1	relaxed	"{""flash38-J2"": {""verdict"": ""bp_ok"", ""drift"": ""none"", ""severity"": ""low"", ""evidence"": ""Final -l properly vocalized to [w], initial h is silent, stressed open [ɛ] on the final syllable.""}, ""pro-J2"": {""verdict"": ""bp_ok"", ""drift"": ""none"", ""severity"": ""low"", ""evidence"": ""Clear vocalized final L and correct stress on the final syllable with open E.""}}"	9851aabdf5	1	1	o hotel	o hotel	
1694.00.01	example	m151rjrbWXbBqyq56tly	audio/1694.00.01-ex-eleven_v3-v1.mp3	O hotel fica perto da praia.	1	production	"{""flash38-J2"": {""verdict"": ""bp_ok"", ""drift"": ""none"", ""severity"": ""low"", ""evidence"": ""Pronounced accurately with standard Brazilian phonology, including vocalized -l in hotel [u oˈtɛw], open vowels, and retroflex coda r in perto.""}}"	9851aabdf5	1	1	O hotel fica perto da praia.	O hotel fica perto da praia.	
1699.00.02	word	xNGAXaCH8MaasNuo7Hr7	audio/1699.00.02-word-eleven_v3-v4.mp3	本庇	1	relaxed	"{""flash38-J2"": {""verdict"": ""bp_ok"", ""drift"": ""none"", ""severity"": ""low"", ""evidence"": ""Pronounced with standard initial fricative [h], nasal [õ], and final coda r tap/deletion standard in Brazilian Portuguese.""}}"	9851aabdf5	1	1	romper	romper	
1699.00.02	example	ny3E2DZImeZm00WLGZi9	audio/1699.00.02-ex-eleven_v3-v1.mp3	O dia rompeu com um sol lindo.	1	production	"{""flash38-J2"": {""verdict"": ""bp_ok"", ""drift"": ""none"", ""severity"": ""low"", ""evidence"": ""Pronounced with standard Brazilian Portuguese phonology, including palatalized 'd' in dia/lindo and vocalized 'l' in sol.""}}"	9851aabdf5	1	1	O dia rompeu com um sol lindo.	O dia rompeu com um sol lindo.	
1709.00.01	word	qPfM2laM0pRL4rrZtBGl	audio/1709.00.01-word-eleven_v3-v1.mp3	A capa.	1	production	"{""flash38-J2"": {""verdict"": ""bp_ok"", ""drift"": ""none"", ""severity"": ""low"", ""evidence"": ""Native-sounding Brazilian Portuguese pronunciation matching /a ˈkapɐ/.""}, ""pro-J2"": {""verdict"": ""bp_ok"", ""drift"": ""none"", ""severity"": ""low"", ""evidence"": ""Clear and correct pronunciation of vowels and consonants with appropriate stress on the penultimate syllable.""}}"	9851aabdf5	1	1	a capa	a capa	
1709.00.01	example	qPfM2laM0pRL4rrZtBGl	audio/1709.00.01-ex-eleven_v3-v1.mp3	A capa do livro é vermelha e bonita.	1	production	"{""flash38-J2"": {""verdict"": ""bp_ok"", ""drift"": ""none"", ""severity"": ""low"", ""evidence"": ""Native Brazilian Portuguese pronunciation throughout with correct vowel reduction, palatalization in 'bonita' (/tɐ/), and accurate open vowel in 'é' [ɛ].""}}"	9851aabdf5	1	1	A capa do livro é vermelha e bonita.	A capa do livro é vermelha e bonita.	
1709.00.02	word	Rw38T6bn0lTNOb1aUevR	audio/1709.00.02-word-eleven_v3-v1.mp3	A capa.	1	production	"{""flash38-J2"": {""verdict"": ""bp_ok"", ""drift"": ""none"", ""severity"": ""low"", ""evidence"": ""matches expected standard Brazilian Portuguese pronunciation /a ˈkapɐ/""}, ""pro-J2"": {""verdict"": ""bp_ok"", ""drift"": ""none"", ""severity"": ""low"", ""evidence"": ""Clear and correct pronunciation of vowels and consonants with primary stress on the penultimate syllable.""}}"	9851aabdf5	1	1	a capa	a capa	
1709.00.02	example	Rw38T6bn0lTNOb1aUevR	audio/1709.00.02-ex-eleven_v3-v1.mp3	O super-herói usa uma capa vermelha.	1	production	"{""flash38-J2"": {""verdict"": ""bp_ok"", ""drift"": ""none"", ""severity"": ""low"", ""evidence"": ""Natural Brazilian Portuguese pronunciation matching expected IPA phonemes and rhythm.""}}"	9851aabdf5	1	1	O super-herói usa uma capa vermelha.	O super-herói usa uma capa vermelha.	
1711.00.01	word	qPfM2laM0pRL4rrZtBGl	audio/1711.00.01-word-eleven_v3-v1.mp3	o, a paciente	0	fail	{}	9851aabdf5	0	0	o/a paciente	o paciente, a paciente	
1711.00.01	example	qPfM2laM0pRL4rrZtBGl	audio/1711.00.01-ex-eleven_v3-v1.mp3	O paciente chegou ao hospital com febre.	1	production	"{""flash38-J2"": {""verdict"": ""bp_ok"", ""drift"": ""none"", ""severity"": ""low"", ""evidence"": ""Native standard Brazilian Portuguese pronunciation with correct palatalization /tʃi/ in paciente and vocalized final -l in hospital.""}}"	9851aabdf5	1	1	O paciente chegou ao hospital com febre.	O paciente chegou ao hospital com febre.	
1730.00.01	word	Rw38T6bn0lTNOb1aUevR	audio/1730.00.01-word-eleven_v3-v1.mp3	O organismo.	1	production	"{""flash38-J2"": {""verdict"": ""bp_ok"", ""drift"": ""none"", ""severity"": ""low"", ""evidence"": ""Pronounced with standard Brazilian phonology [u oɾɡɐˈnizmu] with tap coda r, nasalized a, voiced s before m [z], and final unstressed -o as [u].""}}"	9851aabdf5	1	1	o organismo	o organismo	
1730.00.01	example	Rw38T6bn0lTNOb1aUevR	audio/1730.00.01-ex-eleven_v3-v1.mp3	Cada organismo vivo precisa de água para sobreviver.	1	production	"{""flash38-J2"": {""verdict"": ""bp_ok"", ""drift"": ""none"", ""severity"": ""low"", ""evidence"": ""Natural standard Brazilian Portuguese pronunciation throughout with correct palatalization of 'de' as [dʒi] and appropriate vowel reductions.""}}"	9851aabdf5	1	1	Cada organismo vivo precisa de água para sobreviver.	Cada organismo vivo precisa de água para sobreviver.	
1734.00.01	word	Rw38T6bn0lTNOb1aUevR	audio/1734.00.01-word-eleven_v3-v1.mp3	O concerto.	1	production	"{""flash38-J2"": {""verdict"": ""bp_ok"", ""drift"": ""none"", ""severity"": ""low"", ""evidence"": ""Pronounced with standard Brazilian Portuguese phonology matching /u kõˈseɾtu/ perfectly.""}, ""pro-J2"": {""verdict"": ""bp_ok"", ""drift"": ""none"", ""severity"": ""low"", ""evidence"": ""Clear and correct pronunciation of the stressed closed vowel e and standard realization of the coda r.""}}"	9851aabdf5	1	1	o concerto	o concerto	
1734.00.01	example	Rw38T6bn0lTNOb1aUevR	audio/1734.00.01-ex-eleven_v3-v1.mp3	Vamos ao concerto de música clássica hoje à noite.	1	production	"{""flash38-J2"": {""verdict"": ""bp_ok"", ""drift"": ""none"", ""severity"": ""low"", ""evidence"": ""Accurate Brazilian Portuguese pronunciation with palatalized affricates in 'de' [dʒi] and 'noite' [ˈnojtʃi], and expected vowel reductions.""}}"	9851aabdf5	1	1	Vamos ao concerto de música clássica hoje à noite.	Vamos ao concerto de música clássica hoje à noite.	
1738.00.01	word	Rw38T6bn0lTNOb1aUevR	audio/1738.00.01-word-eleven_v3-v3.mp3	Intervir.	1	production	"{""flash38-J2"": {""verdict"": ""bp_ok"", ""drift"": ""none"", ""severity"": ""low"", ""evidence"": ""The speaker clearly pronounces /ĩteɾˈviɾ/ (with standard coda r) with final stress, matching standard Brazilian Portuguese.""}}"	9851aabdf5	1	1	intervir	intervir	
1738.00.01	example	m151rjrbWXbBqyq56tly	audio/1738.00.01-ex-eleven_v3-v1.mp3	O médico precisou intervir durante a cirurgia.	1	production	"{""flash38-J2"": {""verdict"": ""bp_ok"", ""drift"": ""none"", ""severity"": ""low"", ""evidence"": ""Pronounced with standard Brazilian Portuguese phonology, including palatalization in 'médico' [ˈmɛdʒiku] and 'durante' [duˈɾɐ̃tʃi], and expected vowel reduction""}}"	9851aabdf5	1	1	O médico precisou intervir durante a cirurgia.	O médico precisou intervir durante a cirurgia.	
1742.00.01	word	m151rjrbWXbBqyq56tly	audio/1742.00.01-word-eleven_v3-v1.mp3	A placa.	1	production	"{""flash38-J2"": {""verdict"": ""bp_ok"", ""drift"": ""none"", ""severity"": ""low"", ""evidence"": ""Matches the expected pronunciation /a ˈplakɐ/ with standard Brazilian vowel quality and stress placement.""}, ""pro-J2"": {""verdict"": ""bp_ok"", ""drift"": ""none"", ""severity"": ""low"", ""evidence"": ""Clear pronunciation with correct stress on the penultimate syllable and appropriate vowel reduction on the final a.""}}"	9851aabdf5	1	1	a placa	a placa	
1742.00.01	example	m151rjrbWXbBqyq56tly	audio/1742.00.01-ex-eleven_v3-v1.mp3	O carro tem uma placa nova.	1	production	"{""flash38-J2"": {""verdict"": ""bp_ok"", ""drift"": ""none"", ""severity"": ""low"", ""evidence"": ""Pronounced clearly and accurately with standard Brazilian Portuguese phonology, including correct open [ɔ] in 'nova' and standard [h] in 'carro'.""}}"	9851aabdf5	1	1	O carro tem uma placa nova.	O carro tem uma placa nova.	
1742.00.02	word	qPfM2laM0pRL4rrZtBGl	audio/1742.00.02-word-eleven_v3-v1.mp3	A placa.	1	production	"{""flash38-J2"": {""verdict"": ""bp_ok"", ""drift"": ""none"", ""severity"": ""low"", ""evidence"": ""Accurate Brazilian Portuguese pronunciation matching /a ˈplakɐ/ with natural vowel reduction on final unstressed a.""}, ""pro-J2"": {""verdict"": ""bp_ok"", ""drift"": ""none"", ""severity"": ""low"", ""evidence"": ""Clear and standard pronunciation with correct stress on the penultimate syllable and appropriate vowel qualities.""}}"	9851aabdf5	1	1	a placa	a placa	
1742.00.02	example	qPfM2laM0pRL4rrZtBGl	audio/1742.00.02-ex-eleven_v3-v1.mp3	O dentista removeu a placa dos meus dentes.	1	production	"{""flash38-J2"": {""verdict"": ""bp_ok"", ""drift"": ""none"", ""severity"": ""low"", ""evidence"": ""Native standard Brazilian Portuguese pronunciation with palatalized affricates [tʃ] in 'dentista' and 'dentes', and vocalized coda-l in 'removeu'.""}}"	9851aabdf5	1	1	O dentista removeu a placa dos meus dentes.	O dentista removeu a placa dos meus dentes.	
1742.00.03	word	m151rjrbWXbBqyq56tly	audio/1742.00.03-word-eleven_v3-v1.mp3	A placa.	1	production	"{""flash38-J2"": {""verdict"": ""bp_ok"", ""drift"": ""none"", ""severity"": ""low"", ""evidence"": ""Correct pronunciation of /a ˈplakɐ/ with expected open /a/ and reduced final vowel.""}, ""pro-J2"": {""verdict"": ""bp_ok"", ""drift"": ""none"", ""severity"": ""low"", ""evidence"": ""Clear pronunciation with correct stress on pla and standard Brazilian Portuguese vowels""}}"	9851aabdf5	1	1	a placa	a placa	
1742.00.03	example	m151rjrbWXbBqyq56tly	audio/1742.00.03-ex-eleven_v3-v1.mp3	A placa na rua indica o caminho para o centro.	1	production	"{""flash38-J2"": {""verdict"": ""bp_ok"", ""drift"": ""none"", ""severity"": ""low"", ""evidence"": ""Pronounced clearly with standard Brazilian Portuguese phonology, including correct palatalization of 'indica' [ĩˈdʒikɐ] and standard stress and vowel reductions""}}"	9851aabdf5	1	1	A placa na rua indica o caminho para o centro.	A placa na rua indica o caminho para o centro.	
1743.00.01	word	xNGAXaCH8MaasNuo7Hr7	audio/1743.00.01-word-eleven_v3-v1.mp3	O mandato.	1	production	"{""flash38-J2"": {""verdict"": ""bp_ok"", ""drift"": ""none"", ""severity"": ""low"", ""evidence"": ""Standard Brazilian Portuguese pronunciation with correct stress on the penultimate syllable and typical unstressed vowel reductions.""}}"	9851aabdf5	1	1	o mandato	o mandato	
1743.00.01	example	xNGAXaCH8MaasNuo7Hr7	audio/1743.00.01-ex-eleven_v3-v1.mp3	O mandato do presidente dura quatro anos.	1	production	"{""flash38-J2"": {""verdict"": ""bp_ok"", ""drift"": ""none"", ""severity"": ""low"", ""evidence"": ""Natural Brazilian Portuguese pronunciation with correct palatalization in 'presidente' [tʃi] and appropriate vowel reductions.""}}"	9851aabdf5	1	1	O mandato do presidente dura quatro anos.	O mandato do presidente dura quatro anos.	
1744.00.01	word	AaeZyyi87RCxtFnHPS3e	audio/1744.00.01-word-eleven_v3-v1.mp3	Praticamente.	1	production	"{""flash38-J2"": {""verdict"": ""bp_ok"", ""drift"": ""none"", ""severity"": ""low"", ""evidence"": ""Correct palatalization of 'ti' and 'te' to [tʃi], with proper stress on [mẽ].""}}"	9851aabdf5	1	1	praticamente	praticamente	
1744.00.01	example	AaeZyyi87RCxtFnHPS3e	audio/1744.00.01-ex-eleven_v3-v1.mp3	O trabalho está praticamente pronto. Falta pouco.	1	production	"{""flash38-J2"": {""verdict"": ""bp_ok"", ""drift"": ""none"", ""severity"": ""low"", ""evidence"": ""Pronounced with standard Brazilian Portuguese phonology, including palatalization in 'praticamente' and vocalization in 'falta'.""}}"	9851aabdf5	1	1	O trabalho está praticamente pronto, falta pouco.	O trabalho está praticamente pronto, falta pouco.	
1747.00.01	word	AaeZyyi87RCxtFnHPS3e	audio/1747.00.01-word-eleven_v3-v2.mp3	Бриллиант	1	relaxed	"{""flash38-J2"": {""verdict"": ""non_bp"", ""drift"": ""EP"", ""severity"": ""high"", ""evidence"": ""Word pronounced with European Portuguese final unstressed vowel reduction/deletion [t] instead of Brazilian palatalized [tʃi].""}}"	9851aabdf5	0	0	brilhante	brilhante	
1747.00.01	example	AaeZyyi87RCxtFnHPS3e	audio/1747.00.01-ex-eleven_v3-v1.mp3	O sol está brilhante hoje de manhã.	1	production	"{""flash38-J2"": {""verdict"": ""bp_ok"", ""drift"": ""none"", ""severity"": ""low"", ""evidence"": ""Pronounced with standard Brazilian Portuguese phonology, including palatalized affricates [tʃ] in 'brilhante' and [dʒ] in 'de', vocalized 'l' in 'sol', and corr""}}"	9851aabdf5	1	1	O sol está brilhante hoje de manhã.	O sol está brilhante hoje de manhã.	
1757.00.01	word	AaeZyyi87RCxtFnHPS3e	audio/1757.00.01-word-eleven_v3-v2.mp3	Queimar.	1	production	"{""flash38-J2"": {""verdict"": ""non_bp"", ""drift"": ""EP"", ""severity"": ""medium"", ""evidence"": ""Word-final coda 'r' pronounced with a uvular fricative /χ/ resembling EP or French rather than standard BP, and pretonic diphthong /ej/ reduced with EP intonati""}}"	9851aabdf5	0	0	queimar	queimar	
1757.00.01	example	AaeZyyi87RCxtFnHPS3e	audio/1757.00.01-ex-eleven_v3-v1.mp3	Cuidado, a panela está quente e pode queimar sua mão.	1	production	"{""flash38-J2"": {""verdict"": ""non_bp"", ""drift"": ""other"", ""severity"": ""high"", ""evidence"": ""The final syllable of 'quente' is omitted or cut off, resulting in an incomplete word ('quen-').""}}"	9851aabdf5	0	0	Cuidado, a panela está quente e pode queimar sua mão.	Cuidado, a panela está quente e pode queimar sua mão.	
1764.00.02	word	Rw38T6bn0lTNOb1aUevR	audio/1764.00.02-word-eleven_v3-v1.mp3	A marcha.	1	production	"{""flash38-J2"": {""verdict"": ""bp_ok"", ""drift"": ""none"", ""severity"": ""low"", ""evidence"": ""Speaker pronounces /a ˈmaɾʃɐ/ with standard Brazilian Portuguese phonemes, including a clear coda-r tap.""}, ""pro-J2"": {""verdict"": ""bp_ok"", ""drift"": ""none"", ""severity"": ""low"", ""evidence"": ""Clear and correct pronunciation of the stressed syllable and standard back fricative for coda r.""}}"	9851aabdf5	1	1	a marcha	a marcha	
1764.00.02	example	Rw38T6bn0lTNOb1aUevR	audio/1764.00.02-ex-eleven_v3-v1.mp3	Fizemos uma longa marcha pela floresta.	1	production	"{""flash38-J2"": {""verdict"": ""bp_ok"", ""drift"": ""none"", ""severity"": ""low"", ""evidence"": ""Pronounced with standard Brazilian Portuguese phonology, including correct vowels, palatal fricative in 'marcha', and alveolar tap in coda/onset positions.""}}"	9851aabdf5	1	1	Fizemos uma longa marcha pela floresta.	Fizemos uma longa marcha pela floresta.	
1765.00.01	word	Rw38T6bn0lTNOb1aUevR	audio/1765.00.01-word-eleven_v3-v1.mp3	O horário.	1	production	"{""flash38-J2"": {""verdict"": ""bp_ok"", ""drift"": ""none"", ""severity"": ""low"", ""evidence"": ""Pronounced clearly as [w oˈɾaɾju] with standard Brazilian Portuguese phonology.""}, ""pro-J2"": {""verdict"": ""bp_ok"", ""drift"": ""none"", ""severity"": ""low"", ""evidence"": ""Correct stress on the second syllable and correct intervocalic tap r.""}}"	9851aabdf5	1	1	o horário	o horário	
1765.00.01	example	Rw38T6bn0lTNOb1aUevR	audio/1765.00.01-ex-eleven_v3-v1.mp3	Meu horário de trabalho é das oito às cinco.	1	production	"{""flash38-J2"": {""verdict"": ""bp_ok"", ""drift"": ""none"", ""severity"": ""low"", ""evidence"": ""Matches standard Brazilian Portuguese phonology, including palatalization in 'de' [dʒi] and correct vowel reductions.""}}"	9851aabdf5	1	1	Meu horário de trabalho é das oito às cinco.	Meu horário de trabalho é das oito às cinco.	
1771.00.01	word	ny3E2DZImeZm00WLGZi9	audio/1771.00.01-word-eleven_v3-v1.mp3	O rato.	1	production	"{""flash38-J2"": {""verdict"": ""bp_ok"", ""drift"": ""none"", ""severity"": ""low"", ""evidence"": ""initial 'r' pronounced correctly as voiceless glottal fricative [h] and final 'o' reduced to [u]""}, ""pro-J2"": {""verdict"": ""bp_ok"", ""drift"": ""none"", ""severity"": ""low"", ""evidence"": ""Initial r is pronounced as a back fricative and final unstressed o is reduced to u, matching standard BP.""}}"	9851aabdf5	1	1	o rato	o rato	
1771.00.01	example	ny3E2DZImeZm00WLGZi9	audio/1771.00.01-ex-eleven_v3-v1.mp3	O rato entrou na cozinha procurando comida.	1	production	"{""flash38-J2"": {""verdict"": ""bp_ok"", ""drift"": ""none"", ""severity"": ""low"", ""evidence"": ""Pronounced with standard Brazilian Portuguese phonology, including correct palatalization, vowel reductions, and initial /h/ for 'rato'.""}}"	9851aabdf5	1	1	O rato entrou na cozinha procurando comida.	O rato entrou na cozinha procurando comida.	
1774.00.01	word	wxoDdfPKBuna5KnUEotz	audio/1774.00.01-word-eleven_v3-v1.mp3	Constitucional.	1	production	"{""flash38-J2"": {""verdict"": ""bp_ok"", ""drift"": ""none"", ""severity"": ""low"", ""evidence"": ""Final -al is properly vocalized to [aw] and stress is placed correctly on the final syllable with standard Brazilian phonology.""}, ""pro-J2"": {""verdict"": ""bp_ok"", ""drift"": ""none"", ""severity"": ""low"", ""evidence"": ""Clear palatalization of t in ti and vocalization of final l to w, matching standard Brazilian Portuguese.""}}"	9851aabdf5	1	1	constitucional	constitucional	
1774.00.01	example	wxoDdfPKBuna5KnUEotz	audio/1774.00.01-ex-eleven_v3-v1.mp3	O direito constitucional protege as liberdades básicas dos cidadãos.	1	production	"{""flash38-J2"": {""verdict"": ""bp_ok"", ""drift"": ""none"", ""severity"": ""low"", ""evidence"": ""Pronunciation follows standard Brazilian Portuguese phonology, including palatalization of /d/ and /t/ before /i/ and vocalization of final /l/.""}}"	9851aabdf5	1	1	O direito constitucional protege as liberdades básicas dos cidadãos.	O direito constitucional protege as liberdades básicas dos cidadãos.	
1775.00.01	word	qPfM2laM0pRL4rrZtBGl	audio/1775.00.01-word-eleven_v3-v1.mp3	A escala.	1	production	"{""flash38-J2"": {""verdict"": ""bp_ok"", ""drift"": ""none"", ""severity"": ""low"", ""evidence"": ""Pronounced clearly as [a isˈkalɐ] with standard Brazilian Portuguese phonology.""}}"	9851aabdf5	1	1	a escala	a escala	
1775.00.01	example	qPfM2laM0pRL4rrZtBGl	audio/1775.00.01-ex-eleven_v3-v1.mp3	O mapa tem uma escala de um para mil.	1	production	"{""flash38-J2"": {""verdict"": ""bp_ok"", ""drift"": ""none"", ""severity"": ""low"", ""evidence"": ""Pronounced clearly as standard Brazilian Portuguese with vocalized coda /l/ in 'mil' and palatalized 'de'.""}}"	9851aabdf5	1	1	O mapa tem uma escala de um para mil.	O mapa tem uma escala de um para mil.	
1795.00.01	word	m151rjrbWXbBqyq56tly	audio/1795.00.01-word-eleven_v3-v2.mp3	Forçar.	1	production	"{""flash38-J2"": {""verdict"": ""bp_ok"", ""drift"": ""none"", ""severity"": ""low"", ""evidence"": ""Pronounced with standard Brazilian Portuguese phonology matching /foɾˈsaɾ/ with correct vowels and coda /r/.""}}"	9851aabdf5	1	1	forçar	forçar	
1795.00.01	example	m151rjrbWXbBqyq56tly	audio/1795.00.01-ex-eleven_v3-v1.mp3	Não vou forçar você a comer tudo.	1	production	"{""flash38-J2"": {""verdict"": ""bp_ok"", ""drift"": ""none"", ""severity"": ""low"", ""evidence"": ""Natural standard Brazilian Portuguese pronunciation matching expected phonemes and prosody.""}}"	9851aabdf5	1	1	Não vou forçar você a comer tudo.	Não vou forçar você a comer tudo.	
1797.00.01	word	m151rjrbWXbBqyq56tly	audio/1797.00.01-word-eleven_v3-v1.mp3	O álcool.	1	production	"{""flash38-J2"": {""verdict"": ""bp_ok"", ""drift"": ""none"", ""severity"": ""low"", ""evidence"": ""Stressed syllable on 'ál' with vocalized coda /l/ realized as [w], matching standard Brazilian Portuguese.""}, ""pro-J2"": {""verdict"": ""bp_ok"", ""drift"": ""none"", ""severity"": ""low"", ""evidence"": ""Clear vocalization of both Ls as [w] and correct stress on the first syllable.""}}"	9851aabdf5	1	1	o álcool	o álcool	
1797.00.01	example	m151rjrbWXbBqyq56tly	audio/1797.00.01-ex-eleven_v3-v1.mp3	O médico disse para evitar álcool por uma semana.	1	production	"{""flash38-J2"": {""verdict"": ""bp_ok"", ""drift"": ""none"", ""severity"": ""low"", ""evidence"": ""Native standard Brazilian Portuguese pronunciation with correct palatalization of 'di' in 'médico' and 'disse', and vocalized final -l in 'álcool'.""}}"	9851aabdf5	1	1	O médico disse para evitar álcool por uma semana.	O médico disse para evitar álcool por uma semana.	
1798.00.01	word	wxoDdfPKBuna5KnUEotz	audio/1798.00.01-word-eleven_v3-v1.mp3	O convênio.	1	production	"{""flash38-J2"": {""verdict"": ""bp_ok"", ""drift"": ""none"", ""severity"": ""low"", ""evidence"": ""Accurate stress and vowel sounds corresponding to /u kõˈvenju/.""}}"	9851aabdf5	1	1	o convênio	o convênio	
1798.00.01	example	wxoDdfPKBuna5KnUEotz	audio/1798.00.01-ex-eleven_v3-v1.mp3	O hospital tem convênio com várias empresas.	1	production	"{""flash38-J2"": {""verdict"": ""bp_ok"", ""drift"": ""none"", ""severity"": ""low"", ""evidence"": ""Native standard Brazilian Portuguese pronunciation matching the expected IPA perfectly with proper vocalization of final -l, correct stress, and natural connect""}}"	9851aabdf5	1	1	O hospital tem convênio com várias empresas.	O hospital tem convênio com várias empresas.	
1802.00.01	word	AaeZyyi87RCxtFnHPS3e	audio/1802.00.01-word-eleven_v3-v2.mp3	Az	1	relaxed	"{""flash38-J2"": {""verdict"": ""bp_ok"", ""drift"": ""none"", ""severity"": ""low"", ""evidence"": ""Matches the expected pronunciation /a ˈazɐ/ with correct stress and vowels.""}}"	9851aabdf5	1	1	a asa	a asa	
1802.00.01	example	AaeZyyi87RCxtFnHPS3e	audio/1802.00.01-ex-eleven_v3-v1.mp3	O pássaro quebrou a asa e não pode voar.	1	production	"{""flash38-J2"": {""verdict"": ""bp_ok"", ""drift"": ""none"", ""severity"": ""low"", ""evidence"": ""Pronunciation fully matches standard Brazilian Portuguese phonology, including palatalization in 'pode' [ˈpɔdʒi] and appropriate vowel qualities.""}}"	9851aabdf5	1	1	O pássaro quebrou a asa e não pode voar.	O pássaro quebrou a asa e não pode voar.	
1810.00.01	word	Rw38T6bn0lTNOb1aUevR	audio/1810.00.01-word-eleven_v3-v3.mp3	Nomeadamente.	1	production	"{""flash38-J2"": {""verdict"": ""non_bp"", ""drift"": ""EP"", ""severity"": ""high"", ""evidence"": ""Final '-te' pronounced as unpalatalized reduced [tɨ] instead of Brazilian [tʃi], characteristic of European Portuguese.""}}"	9851aabdf5	0	0	nomeadamente	nomeadamente	
1810.00.01	example	m151rjrbWXbBqyq56tly	audio/1810.00.01-ex-eleven_v3-v1.mp3	Gosto de frutas tropicais, nomeadamente manga e abacaxi.	1	production	"{""flash38-J2"": {""verdict"": ""non_bp"", ""drift"": ""EP"", ""severity"": ""high"", ""evidence"": ""Pronounced with European Portuguese features including coda s as [ʃ] in 'gosto', 'frutas', 'tropicais', and unpalatalized final 'te' in 'nomeadamente'.""}}"	9851aabdf5	0	0	Gosto de frutas tropicais, nomeadamente manga e abacaxi.	Gosto de frutas tropicais, nomeadamente manga e abacaxi.	
1813.00.01	word	AaeZyyi87RCxtFnHPS3e	audio/1813.00.01-word-eleven_v3-v1.mp3	Internacional.	1	production	"{""flash38-J2"": {""verdict"": ""bp_ok"", ""drift"": ""none"", ""severity"": ""low"", ""evidence"": ""Pronounced with clear Brazilian Portuguese phonology, including nasal vowels, tap r, palatal glide in -sio-, and final -l vocalized to [w].""}, ""pro-J2"": {""verdict"": ""bp_ok"", ""drift"": ""none"", ""severity"": ""low"", ""evidence"": ""The final l is correctly vocalized as w and the stress is on the final syllable.""}}"	9851aabdf5	1	1	internacional	internacional	
1813.00.01	example	AaeZyyi87RCxtFnHPS3e	audio/1813.00.01-ex-eleven_v3-v1.mp3	O Aeroporto Internacional de São Paulo é muito grande.	1	production	"{""flash38-J2"": {""verdict"": ""bp_ok"", ""drift"": ""none"", ""severity"": ""low"", ""evidence"": ""Native standard Brazilian Portuguese pronunciation matching all phonetic features including vocalized coda -l, palatalization of /d/ before /i/, and correct str""}}"	9851aabdf5	1	1	O aeroporto internacional de São Paulo é muito grande.	O aeroporto internacional de São Paulo é muito grande.	
1818.00.01	word	m151rjrbWXbBqyq56tly	audio/1818.00.01-word-eleven_v3-v1.mp3	ah	1	production	"{""flash38-J2"": {""verdict"": ""bp_ok"", ""drift"": ""none"", ""severity"": ""low"", ""evidence"": ""The speaker clearly and naturally pronounces the open vowel [a] matching standard Brazilian Portuguese.""}}"	9851aabdf5	1	1	ah	ah	
1818.00.01	example	m151rjrbWXbBqyq56tly	audio/1818.00.01-ex-eleven_v3-v1.mp3	Agora eu entendo o problema.	1	relaxed	"{""flash38-J2"": {""verdict"": ""bp_ok"", ""drift"": ""none"", ""severity"": ""low"", ""evidence"": ""Pronounced naturally with accurate Brazilian Portuguese phonology, including open [ɔ] in 'agora', proper nasalization, and final unstressed vowel reduction.""}}"	9851aabdf5	1	1	Ah, agora eu entendo o problema!	Ah, agora eu entendo o problema!	
1826.00.01	word	qPfM2laM0pRL4rrZtBGl	audio/1826.00.01-word-eleven_v3-v1.mp3	Liberau.	1	relaxed	"{""flash38-J2"": {""verdict"": ""bp_ok"", ""drift"": ""none"", ""severity"": ""low"", ""evidence"": ""Final -l is clearly vocalized to [w] and stress correctly placed on the final syllable.""}, ""pro-J2"": {""verdict"": ""bp_ok"", ""drift"": ""none"", ""severity"": ""low"", ""evidence"": ""Correct final syllable stress and vocalized final L as [w].""}}"	9851aabdf5	1	1	liberal	liberal	
1826.00.01	example	qPfM2laM0pRL4rrZtBGl	audio/1826.00.01-ex-eleven_v3-v1.mp3	Ele tem uma visão liberal sobre educação.	1	production	"{""flash38-J2"": {""verdict"": ""bp_ok"", ""drift"": ""none"", ""severity"": ""low"", ""evidence"": ""Native standard Brazilian Portuguese pronunciation throughout the sentence.""}}"	9851aabdf5	1	1	Ele tem uma visão liberal sobre educação.	Ele tem uma visão liberal sobre educação.	
1838.00.01	word	Rw38T6bn0lTNOb1aUevR	audio/1838.00.01-word-eleven_v3-v3.mp3	O percurso.	1	production	"{""flash38-J2"": {""verdict"": ""bp_ok"", ""drift"": ""none"", ""severity"": ""low"", ""evidence"": ""Pronounced with standard Brazilian Portuguese phonology matching [u peɾˈkuɾsu].""}}"	9851aabdf5	1	1	o percurso	o percurso	
1838.00.01	example	m151rjrbWXbBqyq56tly	audio/1838.00.01-ex-eleven_v3-v1.mp3	O percurso do ônibus até o centro demora trinta minutos.	1	production	"{""flash38-J2"": {""verdict"": ""bp_ok"", ""drift"": ""none"", ""severity"": ""low"", ""evidence"": ""Accurate Brazilian Portuguese phonetic features throughout, including correct vowel qualities, stress patterns, and reduction of final unstressed vowels.""}}"	9851aabdf5	1	1	O percurso do ônibus até o centro demora trinta minutos.	O percurso do ônibus até o centro demora trinta minutos.	
1843.00.02	word	m151rjrbWXbBqyq56tly	audio/1843.00.02-word-eleven_v3-v1.mp3	O parceiro.	1	production	"{""flash38-J2"": {""verdict"": ""non_bp"", ""drift"": ""EP"", ""severity"": ""medium"", ""evidence"": ""Centralized unstressed 'a' and EP diphthong realization [ɐj] in 'parceiro'""}}"	9851aabdf5	0	0	o parceiro	o parceiro	
1843.00.02	example	m151rjrbWXbBqyq56tly	audio/1843.00.02-ex-eleven_v3-v1.mp3	Ele é meu parceiro de futebol há dois anos.	1	production	"{""flash38-J2"": {""verdict"": ""bp_ok"", ""drift"": ""none"", ""severity"": ""low"", ""evidence"": ""Native standard Brazilian Portuguese pronunciation matching the expected IPA, with vocalized coda /l/ in futebol and appropriate palatalization.""}}"	9851aabdf5	1	1	Ele é meu parceiro de futebol há dois anos.	Ele é meu parceiro de futebol há dois anos.	
1848.00.01	word	wxoDdfPKBuna5KnUEotz	audio/1848.00.01-word-eleven_v3-v1.mp3	A cópia.	1	production	"{""flash38-J2"": {""verdict"": ""bp_ok"", ""drift"": ""none"", ""severity"": ""low"", ""evidence"": ""Pronounced clearly with correct stress and open vowel [ɔ] matching standard Brazilian Portuguese.""}}"	9851aabdf5	1	1	a cópia	a cópia	
1848.00.01	example	wxoDdfPKBuna5KnUEotz	audio/1848.00.01-ex-eleven_v3-v1.mp3	Preciso fazer uma cópia deste documento.	1	production	"{""flash38-J2"": {""verdict"": ""bp_ok"", ""drift"": ""none"", ""severity"": ""low"", ""evidence"": ""Native standard Brazilian Portuguese pronunciation matching the target IPA /pɾeˈsizu faˈzeɾ ˈumɐ ˈkɔpjɐ ˈdestʃi dokuˈmẽtu/.""}}"	9851aabdf5	1	1	Preciso fazer uma cópia deste documento.	Preciso fazer uma cópia deste documento.	
1856.00.01	word	m151rjrbWXbBqyq56tly	audio/1856.00.01-word-eleven_v3-v1.mp3	Estadual.	1	production	"{""flash38-J2"": {""verdict"": ""bp_ok"", ""drift"": ""none"", ""severity"": ""low"", ""evidence"": ""Final -l vocalized to [w], proper syllabic structure [estaduˈaw] and stress.""}, ""pro-J2"": {""verdict"": ""bp_ok"", ""drift"": ""none"", ""severity"": ""low"", ""evidence"": ""Final l is vocalized to w and stress is correctly on the final syllable.""}}"	9851aabdf5	1	1	estadual	estadual	
1856.00.01	example	m151rjrbWXbBqyq56tly	audio/1856.00.01-ex-eleven_v3-v1.mp3	A polícia estadual investiga o caso.	1	production	"{""flash38-J2"": {""verdict"": ""bp_ok"", ""drift"": ""none"", ""severity"": ""low"", ""evidence"": ""Pronounced with standard Brazilian Portuguese phonology, including vocalized -l in estadual as [w] and palatalized [tʃ] in investiga.""}}"	9851aabdf5	1	1	A polícia estadual investiga o caso.	A polícia estadual investiga o caso.	
1863.00.01	word	m151rjrbWXbBqyq56tly	audio/1863.00.01-word-eleven_v3-v1.mp3	Confiar.	1	production	"{""flash38-J2"": {""verdict"": ""bp_ok"", ""drift"": ""none"", ""severity"": ""low"", ""evidence"": ""Nasalized [kõ], standard stress on final syllable with tap [ɾ], consistent with standard Brazilian Portuguese.""}}"	9851aabdf5	1	1	confiar	confiar	
1863.00.01	example	m151rjrbWXbBqyq56tly	audio/1863.00.01-ex-eleven_v3-v1.mp3	Eu confio no meu melhor amigo.	1	production	"{""flash38-J2"": {""verdict"": ""bp_ok"", ""drift"": ""none"", ""severity"": ""low"", ""evidence"": ""Matches standard Brazilian Portuguese pronunciation naturally with expected vowel qualities, palatal lateral, and flap coda r.""}}"	9851aabdf5	1	1	Eu confio no meu melhor amigo.	Eu confio no meu melhor amigo.	
1866.00.01	word	ny3E2DZImeZm00WLGZi9	audio/1866.00.01-word-eleven_v3-v1.mp3	O judeu.	1	production	"{""flash38-J2"": {""verdict"": ""bp_ok"", ""drift"": ""none"", ""severity"": ""low"", ""evidence"": ""Pronounced clearly as [u ʒuˈdew] with proper voiced postalveolar fricative [ʒ] and standard diphthong [ew].""}}"	9851aabdf5	1	1	o judeu	o judeu	
1866.00.01	example	ny3E2DZImeZm00WLGZi9	audio/1866.00.01-ex-eleven_v3-v1.mp3	Meu vizinho é judeu e trabalha no hospital.	1	production	"{""flash38-J2"": {""verdict"": ""bp_ok"", ""drift"": ""none"", ""severity"": ""low"", ""evidence"": ""Native standard Brazilian Portuguese pronunciation with correct vowel reductions, palatalizations, vocalized final -l in hospital, and silent initial h.""}}"	9851aabdf5	1	1	Meu vizinho é judeu e trabalha no hospital.	Meu vizinho é judeu e trabalha no hospital.	
1869.00.01	word	qPfM2laM0pRL4rrZtBGl	audio/1869.00.01-word-eleven_v3-v1.mp3	Sexual.	1	production	"{""flash38-J2"": {""verdict"": ""bp_ok"", ""drift"": ""none"", ""severity"": ""low"", ""evidence"": ""Clear pronunciation /sɛksuˈaw/ with vocalized final -l and standard Brazilian Portuguese phonemes.""}, ""pro-J2"": {""verdict"": ""bp_ok"", ""drift"": ""none"", ""severity"": ""low"", ""evidence"": ""Clear pronunciation with final l vocalized to w and correct stress on the final syllable.""}}"	9851aabdf5	1	1	sexual	sexual	
1869.00.01	example	qPfM2laM0pRL4rrZtBGl	audio/1869.00.01-ex-eleven_v3-v1.mp3	A educação sexual é importante nas escolas.	1	production	"{""flash38-J2"": {""verdict"": ""bp_ok"", ""drift"": ""none"", ""severity"": ""low"", ""evidence"": ""Native standard Brazilian Portuguese pronunciation matching the expected IPA with palatalized 'te' in 'importante' and vocalized 'l' in 'sexual'.""}}"	9851aabdf5	1	1	A educação sexual é importante nas escolas.	A educação sexual é importante nas escolas.	
1871.00.02	word	m151rjrbWXbBqyq56tly	audio/1871.00.02-word-eleven_v3-v2.mp3	Constar.	1	production	"{""flash38-J2"": {""verdict"": ""bp_ok"", ""drift"": ""none"", ""severity"": ""low"", ""evidence"": ""Word is pronounced clearly as [kõsˈtaχ] with standard Brazilian Portuguese coda-s and coda-r.""}}"	9851aabdf5	1	1	constar	constar	
1871.00.02	example	m151rjrbWXbBqyq56tly	audio/1871.00.02-ex-eleven_v3-v1.mp3	Meu nome não consta na lista de inscritos.	1	production	"{""flash38-J2"": {""verdict"": ""bp_ok"", ""drift"": ""none"", ""severity"": ""low"", ""evidence"": ""Pronounced with standard Brazilian Portuguese phonology, including palatalized 'de' [dʒi] and appropriate vowel reductions.""}}"	9851aabdf5	1	1	Meu nome não consta na lista de inscritos.	Meu nome não consta na lista de inscritos.	
1878.00.01	word	qPfM2laM0pRL4rrZtBGl	audio/1878.00.01-word-eleven_v3-v1.mp3	A esposa.	1	production	"{""flash38-J2"": {""verdict"": ""bp_ok"", ""drift"": ""none"", ""severity"": ""low"", ""evidence"": ""Clearly pronounced Brazilian Portuguese [a isˈpozɐ] with standard vowel quality and alveolar coda s.""}, ""pro-J2"": {""verdict"": ""bp_ok"", ""drift"": ""none"", ""severity"": ""low"", ""evidence"": ""Correct stress on the penultimate syllable with a closed o vowel and intervocalic z sound.""}}"	9851aabdf5	1	1	a esposa	a esposa	
1878.00.01	example	qPfM2laM0pRL4rrZtBGl	audio/1878.00.01-ex-eleven_v3-v1.mp3	Minha esposa trabalha no hospital.	1	production	"{""flash38-J2"": {""verdict"": ""bp_ok"", ""drift"": ""none"", ""severity"": ""low"", ""evidence"": ""Accurate Brazilian Portuguese pronunciation with correct vocalization of final -l to [w] in 'hospital' and appropriate stress patterns.""}}"	9851aabdf5	1	1	Minha esposa trabalha no hospital.	Minha esposa trabalha no hospital.	
1893.00.01	word	Rw38T6bn0lTNOb1aUevR	audio/1893.00.01-word-eleven_v3-v1.mp3	O mineiro	1	production	"{""flash38-J2"": {""verdict"": ""bp_ok"", ""drift"": ""none"", ""severity"": ""low"", ""evidence"": ""Matches standard BP phonology with clear [u miˈnejɾu].""}}"	9851aabdf5	1	1	o mineiro	o mineiro	
1893.00.01	example	Rw38T6bn0lTNOb1aUevR	audio/1893.00.01-ex-eleven_v3-v1.mp3	A cidade mineira exporta muito ferro para outros países.	1	production	"{""flash38-J2"": {""verdict"": ""bp_ok"", ""drift"": ""none"", ""severity"": ""low"", ""evidence"": ""Pronounced with standard Brazilian Portuguese phonology, including correct palatalization /dʒ/ in 'cidade' and appropriate vowel reductions.""}}"	9851aabdf5	1	1	A cidade mineira exporta muito ferro para outros países.	A cidade mineira exporta muito ferro para outros países.	
1907.00.01	word	Rw38T6bn0lTNOb1aUevR	audio/1907.00.01-word-eleven_v3-v1.mp3	Sensível.	1	production	"{""flash38-J2"": {""verdict"": ""bp_ok"", ""drift"": ""none"", ""severity"": ""low"", ""evidence"": ""Word pronounced accurately with correct stress on the penultimate syllable, nasalized first syllable, and vocalized final -l [w].""}, ""pro-J2"": {""verdict"": ""bp_ok"", ""drift"": ""none"", ""severity"": ""low"", ""evidence"": ""Clear vocalization of the final L as [w] and correct stress on the penultimate syllable.""}}"	9851aabdf5	1	1	sensível	sensível	
1907.00.01	example	Rw38T6bn0lTNOb1aUevR	audio/1907.00.01-ex-eleven_v3-v1.mp3	Minha pele é muito sensível ao sol.	1	production	"{""flash38-J2"": {""verdict"": ""bp_ok"", ""drift"": ""none"", ""severity"": ""low"", ""evidence"": ""Native standard Brazilian Portuguese pronunciation with correct vowel qualities, final -l vocalization to [w], and natural prosody.""}}"	9851aabdf5	1	1	Minha pele é muito sensível ao sol.	Minha pele é muito sensível ao sol.	
1908.00.01	word	m151rjrbWXbBqyq56tly	audio/1908.00.01-word-eleven_v3-v2.mp3	O trigo.	1	production	"{""flash38-J2"": {""verdict"": ""bp_ok"", ""drift"": ""none"", ""severity"": ""low"", ""evidence"": ""Pronounced accurately as [u ˈtɾiɡu] with standard Brazilian vowel reductions and consonant sounds.""}}"	9851aabdf5	1	1	o trigo	o trigo	
1908.00.01	example	m151rjrbWXbBqyq56tly	audio/1908.00.01-ex-eleven_v3-v1.mp3	O trigo é usado para fazer pão e massa.	1	production	"{""flash38-J2"": {""verdict"": ""bp_ok"", ""drift"": ""none"", ""severity"": ""low"", ""evidence"": ""Pronounced naturally with standard Brazilian Portuguese phonology matching expected vowel qualities and stress.""}}"	9851aabdf5	1	1	O trigo é usado para fazer pão e massa.	O trigo é usado para fazer pão e massa.	
1941.00.01	word	AaeZyyi87RCxtFnHPS3e	audio/1941.00.01-word-eleven_v3-v2.mp3	Paralelo.	1	production	"{""flash38-J2"": {""verdict"": ""bp_ok"", ""drift"": ""none"", ""severity"": ""low"", ""evidence"": ""Correct open vowel [ɛ] in the stressed syllable and natural standard Brazilian Portuguese phonemes throughout.""}, ""pro-J2"": {""verdict"": ""bp_ok"", ""drift"": ""none"", ""severity"": ""low"", ""evidence"": ""Clear tap r, correct stress on the open vowel ɛ, and final o reduced to u.""}}"	9851aabdf5	1	1	paralelo	paralelo	
1941.00.01	example	AaeZyyi87RCxtFnHPS3e	audio/1941.00.01-ex-eleven_v3-v1.mp3	As duas ruas são paralelas ao rio.	1	production	"{""flash38-J2"": {""verdict"": ""bp_ok"", ""drift"": ""none"", ""severity"": ""low"", ""evidence"": ""Native standard Brazilian Portuguese pronunciation matching the expected IPA with correct glides, vowel qualities, and standard coda/initial fricatives.""}}"	9851aabdf5	1	1	As duas ruas são paralelas ao rio.	As duas ruas são paralelas ao rio.	
1943.00.01	word	wxoDdfPKBuna5KnUEotz	audio/1943.00.01-word-eleven_v3-v3.mp3	Redondo.	1	production	"{""flash38-J2"": {""verdict"": ""bp_ok"", ""drift"": ""none"", ""severity"": ""low"", ""evidence"": ""Word pronounced accurately with initial [h], nasalized [õ], and final unstressed [u].""}}"	9851aabdf5	1	1	redondo	redondo	
1943.00.01	example	ny3E2DZImeZm00WLGZi9	audio/1943.00.01-ex-eleven_v3-v1.mp3	A mesa redonda fica no centro da sala.	1	production	"{""flash38-J2"": {""verdict"": ""bp_ok"", ""drift"": ""none"", ""severity"": ""low"", ""evidence"": ""Native Brazilian Portuguese pronunciation with correct vowel reductions, nasal vowels, and stress patterns.""}}"	9851aabdf5	1	1	A mesa redonda fica no centro da sala.	A mesa redonda fica no centro da sala.	
1946.00.01	word	m151rjrbWXbBqyq56tly	audio/1946.00.01-word-eleven_v3-v1.mp3	Cultivar.	1	production	"{""flash38-J2"": {""verdict"": ""bp_ok"", ""drift"": ""none"", ""severity"": ""low"", ""evidence"": ""Word pronounced with vocalized /w/ in 'cul', palatalized /tʃi/, and final tap [ɾ], fully conforming to standard Brazilian Portuguese.""}}"	9851aabdf5	1	1	cultivar	cultivar	
1946.00.01	example	m151rjrbWXbBqyq56tly	audio/1946.00.01-ex-eleven_v3-v1.mp3	Meu avô cultiva tomates no quintal.	1	production	"{""flash38-J2"": {""verdict"": ""bp_ok"", ""drift"": ""none"", ""severity"": ""low"", ""evidence"": ""Correct Brazilian Portuguese pronunciation with palatalized affricates in cultiva and tomates, and vocalized final l in quintal.""}}"	9851aabdf5	1	1	Meu avô cultiva tomates no quintal.	Meu avô cultiva tomates no quintal.	
1956.00.01	word	m151rjrbWXbBqyq56tly	audio/1956.00.01-word-eleven_v3-v1.mp3	O romano.	1	production	"{""flash38-J2"": {""verdict"": ""bp_ok"", ""drift"": ""none"", ""severity"": ""low"", ""evidence"": ""Accurate Brazilian Portuguese pronunciation matching /u hoˈmɐ̃nu/ with standard back fricative initial r and proper vowel qualities.""}}"	9851aabdf5	1	1	o romano	o romano	
1956.00.01	example	m151rjrbWXbBqyq56tly	audio/1956.00.01-ex-eleven_v3-v1.mp3	O Império Romano durou muitos séculos.	1	production	"{""flash38-J2"": {""verdict"": ""bp_ok"", ""drift"": ""none"", ""severity"": ""low"", ""evidence"": ""Pronounced with standard Brazilian Portuguese phonology, including correct vowel reduction, palatalization, and stress patterns.""}}"	9851aabdf5	1	1	O Império Romano durou muitos séculos.	O Império Romano durou muitos séculos.	
1958.00.01	word	m151rjrbWXbBqyq56tly	audio/1958.00.01-word-eleven_v3-v2.mp3	O conselho.	1	relaxed	"{""flash38-J2"": {""verdict"": ""bp_ok"", ""drift"": ""none"", ""severity"": ""low"", ""evidence"": ""Pronounced clearly as [u kõˈseʎu] with correct nasalization and palatal lateral consonant.""}}"	9851aabdf5	1	1	o concelho	o concelho	
1958.00.01	example	Rw38T6bn0lTNOb1aUevR	audio/1958.00.01-ex-eleven_v3-v3.mp3	O concelho tem uma população de cerca de cinquenta mil habitantes.	1	spoken	"{""flash38-J2"": {""verdict"": ""bp_ok"", ""drift"": ""none"", ""severity"": ""low"", ""evidence"": ""Matches Brazilian Portuguese phonology, including vocalized /w/ in mil and palatalized /tʃi/ in habitantes.""}}"	9851aabdf5	1	1	O concelho tem uma população de cerca de 50 mil habitantes.	O concelho tem uma população de cerca de 50 mil habitantes.	
1967.00.01	word	AaeZyyi87RCxtFnHPS3e	audio/1967.00.01-word-eleven_v3-v2.mp3	A avenida.	1	production	"{""flash38-J2"": {""verdict"": ""bp_ok"", ""drift"": ""none"", ""severity"": ""low"", ""evidence"": ""Pronounced with standard Brazilian Portuguese phonology, correct stress on -ni-, and dental [d] before final unstressed [ɐ].""}}"	9851aabdf5	1	1	a avenida	a avenida	
1967.00.01	example	AaeZyyi87RCxtFnHPS3e	audio/1967.00.01-ex-eleven_v3-v1.mp3	Moro numa avenida grande e movimentada.	1	production	"{""flash38-J2"": {""verdict"": ""bp_ok"", ""drift"": ""none"", ""severity"": ""low"", ""evidence"": ""Pronounced with clear standard Brazilian Portuguese phonetic traits, including palatalization in 'grande' [ɡɾɐ̃dʒi] and appropriate vowel reductions.""}}"	9851aabdf5	1	1	Moro numa avenida grande e movimentada.	Moro numa avenida grande e movimentada.	
1970.00.01	word	wxoDdfPKBuna5KnUEotz	audio/1970.00.01-word-eleven_v3-v1.mp3	A sensibilidade.	1	production	"{""flash38-J2"": {""verdict"": ""bp_ok"", ""drift"": ""none"", ""severity"": ""low"", ""evidence"": ""Final syllable pronounced with standard palatalized affricate [dʒi] and appropriate vowel qualities.""}}"	9851aabdf5	1	1	a sensibilidade	a sensibilidade	
1970.00.01	example	wxoDdfPKBuna5KnUEotz	audio/1970.00.01-ex-eleven_v3-v1.mp3	Ela tem muita sensibilidade para entender os sentimentos das pessoas.	1	production	"{""flash38-J2"": {""verdict"": ""bp_ok"", ""drift"": ""none"", ""severity"": ""low"", ""evidence"": ""Pronounced with standard Brazilian Portuguese phonology, including correct palatalization in 'sensibilidade' and 'sentimentos', and proper nasalization.""}}"	9851aabdf5	1	1	Ela tem muita sensibilidade para entender os sentimentos das pessoas.	Ela tem muita sensibilidade para entender os sentimentos das pessoas.	
1971.00.01	word	Rw38T6bn0lTNOb1aUevR	audio/1971.00.01-word-eleven_v3-v1.mp3	A galeria.	1	production	"{""flash38-J2"": {""verdict"": ""bp_ok"", ""drift"": ""none"", ""severity"": ""low"", ""evidence"": ""Pronounced with standard Brazilian Portuguese phonemes /a ɡaleˈɾiɐ/ with correct stress and flap r.""}}"	9851aabdf5	1	1	a galeria	a galeria	
1971.00.01	example	Rw38T6bn0lTNOb1aUevR	audio/1971.00.01-ex-eleven_v3-v1.mp3	Visitamos a galeria de arte no centro da cidade.	1	production	"{""flash38-J2"": {""verdict"": ""bp_ok"", ""drift"": ""none"", ""severity"": ""low"", ""evidence"": ""All words follow standard Brazilian Portuguese phonology, including correct palatalization of 'de' [dʒi], 'arte' [ˈaɾtʃi], and 'cidade' [siˈdadʒi].""}}"	9851aabdf5	1	1	Visitamos a galeria de arte no centro da cidade.	Visitamos a galeria de arte no centro da cidade.	
1981.00.01	word	ny3E2DZImeZm00WLGZi9	audio/1981.00.01-word-eleven_v3-v2.mp3	Pacífico.	1	production	"{""flash38-J2"": {""verdict"": ""bp_ok"", ""drift"": ""none"", ""severity"": ""low"", ""evidence"": ""Pronunciation fully matches standard Brazilian Portuguese phonology with stress correctly placed on the antepenultimate syllable [ˈsi].""}}"	9851aabdf5	1	1	pacífico	pacífico	
1981.00.01	example	ny3E2DZImeZm00WLGZi9	audio/1981.00.01-ex-eleven_v3-v1.mp3	O Oceano Pacífico é o maior do mundo.	1	production	"{""flash38-J2"": {""verdict"": ""bp_ok"", ""drift"": ""none"", ""severity"": ""low"", ""evidence"": ""Native standard Brazilian Portuguese pronunciation with correct vowel reductions, nasal vowels, and stress patterns.""}}"	9851aabdf5	1	1	O Oceano Pacífico é o maior do mundo.	O Oceano Pacífico é o maior do mundo.	
1994.00.01	word	AaeZyyi87RCxtFnHPS3e	audio/1994.00.01-word-eleven_v3-v1.mp3	Apurar.	1	production	"{""flash38-J2"": {""verdict"": ""bp_ok"", ""drift"": ""none"", ""severity"": ""low"", ""evidence"": ""clear final tap [ɾ] and correct stress on the final syllable /apuˈɾaɾ/""}}"	9851aabdf5	1	1	apurar	apurar	
1994.00.01	example	AaeZyyi87RCxtFnHPS3e	audio/1994.00.01-ex-eleven_v3-v1.mp3	A polícia vai apurar os fatos do caso.	1	production	"{""flash38-J2"": {""verdict"": ""bp_ok"", ""drift"": ""none"", ""severity"": ""low"", ""evidence"": ""All words are pronounced with natural Brazilian Portuguese phonemes, vowels, and stress patterns.""}}"	9851aabdf5	1	1	A polícia vai apurar os fatos do caso.	A polícia vai apurar os fatos do caso.	
1998.00.01	word	Rw38T6bn0lTNOb1aUevR	audio/1998.00.01-word-eleven_v3-v1.mp3	Baseado.	1	production	"{""flash38-J2"": {""verdict"": ""bp_ok"", ""drift"": ""none"", ""severity"": ""low"", ""evidence"": ""Word clearly pronounced as [bazeˈadu] with standard Brazilian Portuguese phonemes.""}}"	9851aabdf5	1	1	baseado	baseado	
1998.00.01	example	Rw38T6bn0lTNOb1aUevR	audio/1998.00.01-ex-eleven_v3-v1.mp3	O filme é baseado em uma história real.	1	production	"{""flash38-J2"": {""verdict"": ""bp_ok"", ""drift"": ""none"", ""severity"": ""low"", ""evidence"": ""Pronounced with clear standard Brazilian Portuguese phonology, including vocalized coda /l/ to [w] in 'filme' and 'real', and standard stress and intonation.""}}"	9851aabdf5	1	1	O filme é baseado em uma história real.	O filme é baseado em uma história real.	
2008.00.01	word	qPfM2laM0pRL4rrZtBGl	audio/2008.00.01-word-eleven_v3-v2.mp3	alargar.	1	production	"{""flash38-J2"": {""verdict"": ""bp_ok"", ""drift"": ""none"", ""severity"": ""low"", ""evidence"": ""Word pronounced accurately with correct stress on the final syllable and natural tap r realizations.""}}"	9851aabdf5	1	1	alargar	alargar	
2008.00.01	example	qPfM2laM0pRL4rrZtBGl	audio/2008.00.01-ex-eleven_v3-v1.mp3	A prefeitura vai alargar a rua principal.	1	production	"{""flash38-J2"": {""verdict"": ""bp_ok"", ""drift"": ""none"", ""severity"": ""low"", ""evidence"": ""Accurate Brazilian Portuguese pronunciation with proper vocalization of final -l in 'principal' as [w] and standard back fricative [h] for 'rua'.""}}"	9851aabdf5	1	1	A prefeitura vai alargar a rua principal.	A prefeitura vai alargar a rua principal.	
2024.00.01	word	AaeZyyi87RCxtFnHPS3e	audio/2024.00.01-word-eleven_v3-v2.mp3	O deserto.	1	production	"{""flash38-J2"": {""verdict"": ""bp_ok"", ""drift"": ""none"", ""severity"": ""low"", ""evidence"": ""Matches standard São Paulo Brazilian Portuguese /u deˈzɛɾtu/ with open [ɛ] and alveolar flap [ɾ].""}}"	9851aabdf5	1	1	o deserto	o deserto	
2024.00.01	example	AaeZyyi87RCxtFnHPS3e	audio/2024.00.01-ex-eleven_v3-v1.mp3	O deserto do Saara é muito quente e seco.	1	production	"{""flash38-J2"": {""verdict"": ""bp_ok"", ""drift"": ""none"", ""severity"": ""low"", ""evidence"": ""Native standard Brazilian Portuguese pronunciation matching the expected IPA perfectly with palatalized 'quente' [ˈkẽtʃi] and correct vowel qualities.""}}"	9851aabdf5	1	1	O deserto do Saara é muito quente e seco.	O deserto do Saara é muito quente e seco.	
2024.00.02	word	m151rjrbWXbBqyq56tly	audio/2024.00.02-word-eleven_v3-v2.mp3	Deserto.	1	production	"{""flash38-J2"": {""verdict"": ""bp_ok"", ""drift"": ""none"", ""severity"": ""low"", ""evidence"": ""Correct open vowel [ɛ] in the stressed syllable and natural Brazilian Portuguese phonology.""}}"	9851aabdf5	1	1	deserto	deserto	
2024.00.02	example	m151rjrbWXbBqyq56tly	audio/2024.00.02-ex-eleven_v3-v1.mp3	A rua está deserta à noite.	1	production	"{""flash38-J2"": {""verdict"": ""bp_ok"", ""drift"": ""none"", ""severity"": ""low"", ""evidence"": ""Native standard Brazilian Portuguese pronunciation with open stressed [ɛ] in deserta and palatalized [tʃi] in noite.""}}"	9851aabdf5	1	1	A rua está deserta à noite.	A rua está deserta à noite.	
2025.00.03	word	m151rjrbWXbBqyq56tly	audio/2025.00.03-word-eleven_v3-v1.mp3	Reparar.	1	production	"{""flash38-J2"": {""verdict"": ""bp_ok"", ""drift"": ""none"", ""severity"": ""low"", ""evidence"": ""Word pronounced with standard Brazilian Portuguese phonology: initial [h], correct stress on the final syllable, and appropriate flap / coda r.""}}"	9851aabdf5	1	1	reparar	reparar	
2025.00.03	example	m151rjrbWXbBqyq56tly	audio/2025.00.03-ex-eleven_v3-v1.mp3	Você reparou no corte de cabelo dela?	1	production	"{""flash38-J2"": {""verdict"": ""bp_ok"", ""drift"": ""none"", ""severity"": ""low"", ""evidence"": ""Native standard Brazilian Portuguese pronunciation with correct palatalization of 'de' and 'te' as [dʒi] and [tʃi], correct vowel open qualities [ɔ] in corte an""}}"	9851aabdf5	1	1	Você reparou no corte de cabelo dela?	Você reparou no corte de cabelo dela?	
2032.00.01	word	qPfM2laM0pRL4rrZtBGl	audio/2032.00.01-word-eleven_v3-v1.mp3	Regular.	1	production	"{""flash38-J2"": {""verdict"": ""bp_ok"", ""drift"": ""none"", ""severity"": ""low"", ""evidence"": ""Pronounced clearly with standard Brazilian Portuguese phonemes [heɡuˈlaɾ] and correct stress on the final syllable.""}}"	9851aabdf5	1	1	regular	regular	
2032.00.01	example	qPfM2laM0pRL4rrZtBGl	audio/2032.00.01-ex-eleven_v3-v1.mp3	Vôo ao mercado em horários regulares.	1	production	"{""flash38-J2"": {""verdict"": ""bp_ok"", ""drift"": ""none"", ""severity"": ""low"", ""evidence"": ""Native Brazilian Portuguese pronunciation with correct vowel reductions and coda /r/ realizations.""}}"	9851aabdf5	1	1	Vou ao mercado em horários regulares.	Vou ao mercado em horários regulares.	
2037.00.01	word	xNGAXaCH8MaasNuo7Hr7	audio/2037.00.01-word-eleven_v3-v1.mp3	O centímetro	1	production	"{""flash38-J2"": {""verdict"": ""bp_ok"", ""drift"": ""none"", ""severity"": ""low"", ""evidence"": ""Correct palatalization [tʃi] and stress on the antepenultimate syllable""}}"	9851aabdf5	1	1	o centímetro	o centímetro	
2037.00.01	example	xNGAXaCH8MaasNuo7Hr7	audio/2037.00.01-ex-eleven_v3-v1.mp3	Meu filho cresceu cinco centímetros este ano.	1	production	"{""flash38-J2"": {""verdict"": ""bp_ok"", ""drift"": ""none"", ""severity"": ""low"", ""evidence"": ""Pronounced with standard Brazilian Portuguese phonology, including palatalization and vocalized codas.""}}"	9851aabdf5	1	1	Meu filho cresceu cinco centímetros este ano.	Meu filho cresceu cinco centímetros este ano.	
2040.00.01	word	AaeZyyi87RCxtFnHPS3e	audio/2040.00.01-word-eleven_v3-v1.mp3	Concorrer.	1	production	"{""flash38-J2"": {""verdict"": ""bp_ok"", ""drift"": ""none"", ""severity"": ""low"", ""evidence"": ""Pronounced with accurate nasal vowel, medial glottal fricative [h] for 'rr', final stress, and tap [ɾ] coda, consistent with standard Brazilian Portuguese.""}}"	9851aabdf5	1	1	concorrer	concorrer	
2040.00.01	example	AaeZyyi87RCxtFnHPS3e	audio/2040.00.01-ex-eleven_v3-v1.mp3	Vou concorrer a uma vaga na universidade.	1	production	"{""flash38-J2"": {""verdict"": ""bp_ok"", ""drift"": ""none"", ""severity"": ""low"", ""evidence"": ""Pronounced with standard Brazilian Portuguese phonology, including correct palatalization of final -de to [dʒi] in universidade.""}}"	9851aabdf5	1	1	Vou concorrer a uma vaga na universidade.	Vou concorrer a uma vaga na universidade.	
2042.01.01	word	ny3E2DZImeZm00WLGZi9	audio/2042.01.01-word-eleven_v3-v1.mp3	Em vigor.	1	production	"{""flash38-J2"": {""verdict"": ""bp_ok"", ""drift"": ""none"", ""severity"": ""low"", ""evidence"": ""Accurate nasal diphthong in 'em' followed by standard Brazilian Portuguese pronunciation of 'vigor' with tap final r.""}}"	9851aabdf5	1	1	em vigor	em vigor	
2042.01.01	example	ny3E2DZImeZm00WLGZi9	audio/2042.01.01-ex-eleven_v3-v1.mp3	A nova lei está em vigor desde janeiro.	1	production	"{""flash38-J2"": {""verdict"": ""bp_ok"", ""drift"": ""none"", ""severity"": ""low"", ""evidence"": ""Native standard Brazilian Portuguese pronunciation matching the expected IPA.""}}"	9851aabdf5	1	1	A nova lei está em vigor desde janeiro.	A nova lei está em vigor desde janeiro.	
2045.00.01	word	qPfM2laM0pRL4rrZtBGl	audio/2045.00.01-word-eleven_v3-v1.mp3	A sugestão.	1	production	"{""flash38-J2"": {""verdict"": ""bp_ok"", ""drift"": ""none"", ""severity"": ""low"", ""evidence"": ""Native-like pronunciation of /a suʒesˈtɐ̃w̃/ with standard Brazilian nasal diphthong [ɐ̃w̃] and alveolar coda sibilant [s].""}}"	9851aabdf5	1	1	a sugestão	a sugestão	
2045.00.01	example	qPfM2laM0pRL4rrZtBGl	audio/2045.00.01-ex-eleven_v3-v1.mp3	Você tem alguma sugestão para o jantar?	1	production	"{""flash38-J2"": {""verdict"": ""bp_ok"", ""drift"": ""none"", ""severity"": ""low"", ""evidence"": ""Natural and accurate standard Brazilian Portuguese pronunciation matching the expected phonetic realization.""}}"	9851aabdf5	1	1	Você tem alguma sugestão para o jantar?	Você tem alguma sugestão para o jantar?	
2050.00.01	word	AaeZyyi87RCxtFnHPS3e	audio/2050.00.01-word-eleven_v3-v1.mp3	U interval.	1	relaxed	"{""flash38-J2"": {""verdict"": ""bp_ok"", ""drift"": ""none"", ""severity"": ""low"", ""evidence"": ""Word pronounced accurately with expected vocalized final coda-l to [u] and proper stress placement on -va-.""}}"	9851aabdf5	1	1	o intervalo	o intervalo	
2050.00.01	example	AaeZyyi87RCxtFnHPS3e	audio/2050.00.01-ex-eleven_v3-v1.mp3	O intervalo do filme dura quinze minutos.	1	production	"{""flash38-J2"": {""verdict"": ""bp_ok"", ""drift"": ""none"", ""severity"": ""low"", ""evidence"": ""Pronounced with standard Brazilian Portuguese phonology, including vocalized coda l in filme [ˈfiwmi] and appropriate palatalization/vowel reduction.""}}"	9851aabdf5	1	1	O intervalo do filme dura quinze minutos.	O intervalo do filme dura quinze minutos.	
2051.00.01	word	m151rjrbWXbBqyq56tly	audio/2051.00.01-word-eleven_v3-v2.mp3	Fundar.	1	production	"{""flash38-J2"": {""verdict"": ""bp_ok"", ""drift"": ""none"", ""severity"": ""low"", ""evidence"": ""Nasalized first syllable [fũ] followed by stressed second syllable with alveolar tap coda r [daɾ], fully consistent with standard Brazilian Portuguese.""}}"	9851aabdf5	1	1	fundar	fundar	
2051.00.01	example	m151rjrbWXbBqyq56tly	audio/2051.00.01-ex-eleven_v3-v1.mp3	Meu avô fundou esta empresa em 1950.	1	production	"{""flash38-J2"": {""verdict"": ""bp_ok"", ""drift"": ""none"", ""severity"": ""low"", ""evidence"": ""Native Brazilian Portuguese pronunciation throughout with accurate vowel qualities and reductions.""}}"	9851aabdf5	1	1	Meu avô fundou esta empresa em 1950.	Meu avô fundou esta empresa em 1950.	
2054.00.01	word	xNGAXaCH8MaasNuo7Hr7	audio/2054.00.01-word-eleven_v3-v1.mp3	Registrar.	1	production	"{""flash38-J2"": {""verdict"": ""bp_ok"", ""drift"": ""none"", ""severity"": ""low"", ""evidence"": ""Pronounced clearly with standard Brazilian Portuguese phonemes [heʒisˈtɾa] / [heʒisˈtɾaɾ].""}}"	9851aabdf5	1	1	registrar	registrar	
2054.00.01	example	xNGAXaCH8MaasNuo7Hr7	audio/2054.00.01-ex-eleven_v3-v1.mp3	Preciso registrar meu carro no Detran.	1	production	"{""flash38-J2"": {""verdict"": ""bp_ok"", ""drift"": ""none"", ""severity"": ""low"", ""evidence"": ""Pronounced with standard Brazilian Portuguese phonology, including correct palatalization /ʒ/ in registrar and proper vocalization/reduction.""}}"	9851aabdf5	1	1	Preciso registrar meu carro no Detran.	Preciso registrar meu carro no Detran.	
2058.00.01	word	Rw38T6bn0lTNOb1aUevR	audio/2058.00.01-word-eleven_v3-v1.mp3	O pescoço	1	production	"{""flash38-J2"": {""verdict"": ""bp_ok"", ""drift"": ""none"", ""severity"": ""low"", ""evidence"": ""Pronounced accurately with expected vowels and stress as [u pesˈkosu].""}}"	9851aabdf5	1	1	o pescoço	o pescoço	
2058.00.01	example	Rw38T6bn0lTNOb1aUevR	audio/2058.00.01-ex-eleven_v3-v1.mp3	Ela usa um colar bonito no pescoço.	1	production	"{""flash38-J2"": {""verdict"": ""bp_ok"", ""drift"": ""none"", ""severity"": ""low"", ""evidence"": ""standard Brazilian Portuguese pronunciation throughout with expected phonemes and reductions""}}"	9851aabdf5	1	1	Ela usa um colar bonito no pescoço.	Ela usa um colar bonito no pescoço.	
2060.00.01	word	m151rjrbWXbBqyq56tly	audio/2060.00.01-word-eleven_v3-v1.mp3	A legislação.	1	production	"{""flash38-J2"": {""verdict"": ""bp_ok"", ""drift"": ""none"", ""severity"": ""low"", ""evidence"": ""Correct standard Brazilian Portuguese pronunciation with epenthetic [i] in [leʒizlaˈsɐ̃w̃].""}}"	9851aabdf5	1	1	a legislação	a legislação	
2060.00.01	example	m151rjrbWXbBqyq56tly	audio/2060.00.01-ex-eleven_v3-v1.mp3	O governo vai mudar a legislação sobre impostos.	1	production	"{""flash38-J2"": {""verdict"": ""bp_ok"", ""drift"": ""none"", ""severity"": ""low"", ""evidence"": ""Pronounced clearly with standard Brazilian Portuguese phonology, including epenthetic vowel in legislação [leʒizlaˈsɐ̃w̃] and correct open [ɔ] in impostos.""}}"	9851aabdf5	1	1	O governo vai mudar a legislação sobre impostos.	O governo vai mudar a legislação sobre impostos.	
2072.00.01	word	m151rjrbWXbBqyq56tly	audio/2072.00.01-word-eleven_v3-v2.mp3	Animach.	1	relaxed	"{""flash38-J2"": {""verdict"": ""non_bp"", ""drift"": ""FR"", ""severity"": ""high"", ""evidence"": ""French uvular fricative /ʁ/ used for the coda 'r' in animar, along with French intonation and vowel timbre.""}}"	9851aabdf5	0	0	animar	animar	
2072.00.01	example	m151rjrbWXbBqyq56tly	audio/2072.00.01-ex-eleven_v3-v1.mp3	Meus amigos me animaram antes da prova.	1	production	"{""flash38-J2"": {""verdict"": ""bp_ok"", ""drift"": ""none"", ""severity"": ""low"", ""evidence"": ""Native standard Brazilian Portuguese pronunciation with correct palatalization on 'antes' [ˈɐ̃tʃis] and proper vowel qualities.""}}"	9851aabdf5	1	1	Meus amigos me animaram antes da prova.	Meus amigos me animaram antes da prova.	
2074.00.01	word	wxoDdfPKBuna5KnUEotz	audio/2074.00.01-word-eleven_v3-v1.mp3	Conferir.	1	production	"{""flash38-J2"": {""verdict"": ""bp_ok"", ""drift"": ""none"", ""severity"": ""low"", ""evidence"": ""Pronounced with clear Brazilian Portuguese phonology matching [kõfeˈɾiɾ].""}}"	9851aabdf5	1	1	conferir	conferir	
2074.00.01	example	wxoDdfPKBuna5KnUEotz	audio/2074.00.01-ex-eleven_v3-v1.mp3	A lei confere direitos iguais a todos os cidadãos.	1	production	"{""flash38-J2"": {""verdict"": ""bp_ok"", ""drift"": ""none"", ""severity"": ""low"", ""evidence"": ""Pronounced with clear standard Brazilian Portuguese phonology, including palatalization in direitos /dʒiˈɾejtus/, vowel reduction on confere /kõˈfɛɾi/, and natu""}}"	9851aabdf5	1	1	A lei confere direitos iguais a todos os cidadãos.	A lei confere direitos iguais a todos os cidadãos.	
2075.00.01	word	ny3E2DZImeZm00WLGZi9	audio/2075.00.01-word-eleven_v3-v1.mp3	法院。	1	relaxed	"{""flash38-J2"": {""verdict"": ""bp_ok"", ""drift"": ""none"", ""severity"": ""low"", ""evidence"": ""Pronounced with initial glottal fricative [h] and stress on the final nasal vowel [ĩ], standard for Brazilian Portuguese.""}, ""pro-J2"": {""verdict"": ""bp_ok"", ""drift"": ""none"", ""severity"": ""low"", ""evidence"": ""Initial r is pronounced as a back fricative and stress is correctly placed on the final nasal vowel.""}}"	9851aabdf5	1	1	ruim	ruim	
2075.00.01	example	ny3E2DZImeZm00WLGZi9	audio/2075.00.01-ex-eleven_v3-v1.mp3	O tempo está ruim hoje, vai chover.	1	production	"{""flash38-J2"": {""verdict"": ""bp_ok"", ""drift"": ""none"", ""severity"": ""low"", ""evidence"": ""Pronounced with standard Brazilian Portuguese phonology, including correct palatalization of 'hoje' /'oʒi/ and vocalized rhythm.""}}"	9851aabdf5	1	1	O tempo está ruim hoje, vai chover.	O tempo está ruim hoje, vai chover.	
2079.00.01	word	m151rjrbWXbBqyq56tly	audio/2079.00.01-word-eleven_v3-v1.mp3	A estabilidade.	1	production	"{""flash38-J2"": {""verdict"": ""bp_ok"", ""drift"": ""none"", ""severity"": ""low"", ""evidence"": ""Final syllable is properly palatalized as [dʒi] with correct stress placement on the penultimate syllable.""}}"	9851aabdf5	1	1	a estabilidade	a estabilidade	
2079.00.01	example	m151rjrbWXbBqyq56tly	audio/2079.00.01-ex-eleven_v3-v1.mp3	A estabilidade econômica é importante para o país.	1	production	"{""flash38-J2"": {""verdict"": ""bp_ok"", ""drift"": ""none"", ""severity"": ""low"", ""evidence"": ""Pronounced with standard Brazilian Portuguese phonology, including palatalization of final -de and -te to [dʒi] and [tʃi].""}}"	9851aabdf5	1	1	A estabilidade econômica é importante para o país.	A estabilidade econômica é importante para o país.	
2087.00.01	word	Rw38T6bn0lTNOb1aUevR	audio/2087.00.01-word-eleven_v3-v1.mp3	A tragédia.	1	production	"{""flash38-J2"": {""verdict"": ""bp_ok"", ""drift"": ""none"", ""severity"": ""low"", ""evidence"": ""Correct palatalization of 'di' to [dʒi], standard open [ɛ] in the stressed syllable, and natural Brazilian Portuguese phonetics throughout.""}}"	9851aabdf5	1	1	a tragédia	a tragédia	
2087.00.01	example	Rw38T6bn0lTNOb1aUevR	audio/2087.00.01-ex-eleven_v3-v1.mp3	A tragédia no teatro foi muito triste.	1	production	"{""flash38-J2"": {""verdict"": ""bp_ok"", ""drift"": ""none"", ""severity"": ""low"", ""evidence"": ""Pronounced with standard Brazilian Portuguese phonology, including palatalized 'd' in tragédia [dʒi] and 'te' in triste [tʃi].""}}"	9851aabdf5	1	1	A tragédia no teatro foi muito triste.	A tragédia no teatro foi muito triste.	
2092.00.01	word	m151rjrbWXbBqyq56tly	audio/2092.00.01-word-eleven_v3-v1.mp3	Nottavio.	1	relaxed	"{""flash38-J2"": {""verdict"": ""bp_ok"", ""drift"": ""none"", ""severity"": ""low"", ""evidence"": ""Correct vocalization of final -l to [w] and proper stress placement on -tá-""}, ""pro-J2"": {""verdict"": ""bp_ok"", ""drift"": ""none"", ""severity"": ""low"", ""evidence"": ""Clear vocalized final L and correct stress on the penultimate syllable.""}}"	9851aabdf5	1	1	notável	notável	
2092.00.01	example	m151rjrbWXbBqyq56tly	audio/2092.00.01-ex-eleven_v3-v1.mp3	Einstein foi um cientista notável do século XX.	1	numbers	"{""flash38-J2"": {""verdict"": ""bp_ok"", ""drift"": ""none"", ""severity"": ""low"", ""evidence"": ""All words exhibit expected standard Brazilian Portuguese phonology, including palatalization in 'cientista' and 'vinte', and vocalized final -l in 'notável'.""}}"	9851aabdf5	1	1	Einstein foi um cientista notável do século vinte.	Einstein foi um cientista notável do século vinte.	
2109.00.01	word	Rw38T6bn0lTNOb1aUevR	audio/2109.00.01-word-eleven_v3-v1.mp3	nu	1	production	"{""flash38-J2"": {""verdict"": ""bp_ok"", ""drift"": ""none"", ""severity"": ""low"", ""evidence"": ""Pronounced clearly as [nu] with appropriate vowel quality and no foreign phonemes.""}}"	9851aabdf5	1	1	nu	nu	
2109.00.01	example	Rw38T6bn0lTNOb1aUevR	audio/2109.00.01-ex-eleven_v3-v1.mp3	O bebê estava nu depois do banho.	1	production	"{""flash38-J2"": {""verdict"": ""bp_ok"", ""drift"": ""none"", ""severity"": ""low"", ""evidence"": ""Accurate Brazilian Portuguese pronunciation with correct vowel reductions and natural intonation throughout the sentence.""}}"	9851aabdf5	1	1	O bebê estava nu depois do banho.	O bebê estava nu depois do banho.	
2120.00.02	word	Rw38T6bn0lTNOb1aUevR	audio/2120.00.02-word-eleven_v3-v3.mp3	A pista.	1	production	"{""flash38-J2"": {""verdict"": ""bp_ok"", ""drift"": ""none"", ""severity"": ""low"", ""evidence"": ""Pronounced with standard alveolar coda [s] and correct vowel qualities and stress placement matching Brazilian Portuguese.""}}"	9851aabdf5	1	1	a pista	a pista	
2120.00.02	example	m151rjrbWXbBqyq56tly	audio/2120.00.02-ex-eleven_v3-v1.mp3	Os jogadores correm na pista de atletismo.	1	production	"{""flash38-J2"": {""verdict"": ""bp_ok"", ""drift"": ""none"", ""severity"": ""low"", ""evidence"": ""Pronounced with clear standard Brazilian Portuguese phonology, including palatalization in 'de' [dʒi] and 'atletismo' [ɐtleˈtʃizmu], and appropriate vowel reduc""}}"	9851aabdf5	1	1	Os jogadores correm na pista de atletismo.	Os jogadores correm na pista de atletismo.	
2120.00.04	word	Rw38T6bn0lTNOb1aUevR	audio/2120.00.04-word-eleven_v3-v3.mp3	A pista.	1	production	"{""flash38-J2"": {""verdict"": ""bp_ok"", ""drift"": ""none"", ""severity"": ""low"", ""evidence"": ""Pronounced with clear standard Brazilian Portuguese phonemes [a ˈpistɐ] with alveolar coda s.""}}"	9851aabdf5	1	1	a pista	a pista	
2120.00.04	example	m151rjrbWXbBqyq56tly	audio/2120.00.04-ex-eleven_v3-v1.mp3	O carro mudou de pista na rodovia.	1	production	"{""flash38-J2"": {""verdict"": ""bp_ok"", ""drift"": ""none"", ""severity"": ""low"", ""evidence"": ""All words pronounced with natural standard Brazilian Portuguese phonology including expected palatalization and vowel reductions""}}"	9851aabdf5	1	1	O carro mudou de pista na rodovia.	O carro mudou de pista na rodovia.	
2124.00.01	word	wxoDdfPKBuna5KnUEotz	audio/2124.00.01-word-eleven_v3-v1.mp3	A rapariga.	1	production	"{""flash38-J2"": {""verdict"": ""bp_ok"", ""drift"": ""none"", ""severity"": ""low"", ""evidence"": ""Word pronounced accurately with standard Brazilian Portuguese phonemes [a hɐpɐˈɾiɡɐ].""}, ""pro-J2"": {""verdict"": ""bp_ok"", ""drift"": ""none"", ""severity"": ""low"", ""evidence"": ""Clear back fricative for initial r and correct stress on the penultimate syllable.""}}"	9851aabdf5	1	1	a rapariga	a rapariga	
2124.00.01	example	wxoDdfPKBuna5KnUEotz	audio/2124.00.01-ex-eleven_v3-v1.mp3	A rapariga brincava no parque com as amigas.	1	production	"{""flash38-J2"": {""verdict"": ""bp_ok"", ""drift"": ""none"", ""severity"": ""low"", ""evidence"": ""Pronounced with standard Brazilian Portuguese phonology, including correct palatalization /ki/ in 'parque' and standard vowels and rhythm.""}}"	9851aabdf5	1	1	A rapariga brincava no parque com as amigas.	A rapariga brincava no parque com as amigas.	
2124.00.02	word	Rw38T6bn0lTNOb1aUevR	audio/2124.00.02-word-eleven_v3-v3.mp3	A rapariga.	1	production	"{""flash38-J2"": {""verdict"": ""bp_ok"", ""drift"": ""none"", ""severity"": ""low"", ""evidence"": ""Word pronounced with expected Brazilian Portuguese phonology (/a hapaˈɾiɡɐ/).""}, ""pro-J2"": {""verdict"": ""bp_ok"", ""drift"": ""none"", ""severity"": ""low"", ""evidence"": ""Clear back fricative for initial r and correct stress on the penultimate syllable.""}}"	9851aabdf5	1	1	a rapariga	a rapariga	
2124.00.02	example	m151rjrbWXbBqyq56tly	audio/2124.00.02-ex-eleven_v3-v1.mp3	A polícia prendeu uma rapariga na operação contra o tráfico.	1	production	"{""flash38-J2"": {""verdict"": ""bp_ok"", ""drift"": ""none"", ""severity"": ""low"", ""evidence"": ""All words follow standard Brazilian Portuguese phonology, including nasal vowels, vowel reduction, and clear unstressed final vowels.""}}"	9851aabdf5	1	1	A polícia prendeu uma rapariga na operação contra o tráfico.	A polícia prendeu uma rapariga na operação contra o tráfico.	
2125.00.01	word	m151rjrbWXbBqyq56tly	audio/2125.00.01-word-eleven_v3-v1.mp3	Indispensável.	1	production	"{""flash38-J2"": {""verdict"": ""bp_ok"", ""drift"": ""none"", ""severity"": ""low"", ""evidence"": ""Palatalized 'di' to [dʒi], correct open/stressed [a], and vocalized final coda [w].""}, ""pro-J2"": {""verdict"": ""bp_ok"", ""drift"": ""none"", ""severity"": ""low"", ""evidence"": ""Clear palatalization of di to dʒi and vocalization of final l to w, matching standard BP.""}}"	9851aabdf5	1	1	indispensável	indispensável	
2125.00.01	example	m151rjrbWXbBqyq56tly	audio/2125.00.01-ex-eleven_v3-v1.mp3	A água é indispensável para a vida.	1	production	"{""flash38-J2"": {""verdict"": ""bp_ok"", ""drift"": ""none"", ""severity"": ""low"", ""evidence"": ""All words correctly pronounced with standard Brazilian phonology, including [dʒ] in indispensável, vocalized final -l, and expected vowel qualities.""}}"	9851aabdf5	1	1	A água é indispensável para a vida.	A água é indispensável para a vida.	
2131.00.01	word	AaeZyyi87RCxtFnHPS3e	audio/2131.00.01-word-eleven_v3-v1.mp3	Jantar.	1	production	"{""flash38-J2"": {""verdict"": ""non_bp"", ""drift"": ""EP"", ""severity"": ""medium"", ""evidence"": ""Word-final coda is pronounced with European Portuguese characteristics (voiceless palatal/uvular fricative sound) rather than standard Brazilian Portuguese tap ""}}"	9851aabdf5	0	0	jantar	jantar	
2131.00.01	example	AaeZyyi87RCxtFnHPS3e	audio/2131.00.01-ex-eleven_v3-v1.mp3	Vamos jantar às sete hoje.	1	production	"{""flash38-J2"": {""verdict"": ""bp_ok"", ""drift"": ""none"", ""severity"": ""low"", ""evidence"": ""Matches standard São Paulo Brazilian Portuguese pronunciation with proper palatalization of 'sete' and 'hoje'.""}}"	9851aabdf5	1	1	Vamos jantar às sete hoje.	Vamos jantar às sete hoje.	
2148.00.01	word	xNGAXaCH8MaasNuo7Hr7	audio/2148.00.01-word-eleven_v3-v1.mp3	A mancha.	1	production	"{""flash38-J2"": {""verdict"": ""bp_ok"", ""drift"": ""none"", ""severity"": ""low"", ""evidence"": ""Pronounced with standard Brazilian Portuguese phonology [a ˈmɐ̃ʃɐ] with correct stress and vowels.""}}"	9851aabdf5	1	1	a mancha	a mancha	
2148.00.01	example	xNGAXaCH8MaasNuo7Hr7	audio/2148.00.01-ex-eleven_v3-v1.mp3	Tem uma mancha de café na minha camisa.	1	production	"{""flash38-J2"": {""verdict"": ""bp_ok"", ""drift"": ""none"", ""severity"": ""low"", ""evidence"": ""Natural standard Brazilian Portuguese pronunciation with correct palatalization and vowel reductions throughout.""}}"	9851aabdf5	1	1	Tem uma mancha de café na minha camisa.	Tem uma mancha de café na minha camisa.	
2154.00.01	word	xNGAXaCH8MaasNuo7Hr7	audio/2154.00.01-word-eleven_v3-v1.mp3	O ferido.	1	production	"{""flash38-J2"": {""verdict"": ""bp_ok"", ""drift"": ""none"", ""severity"": ""low"", ""evidence"": ""Matches standard BP phonology with correctly placed stress on [ˈɾi] and natural vowels.""}}"	9851aabdf5	1	1	o ferido	o ferido	
2154.00.01	example	xNGAXaCH8MaasNuo7Hr7	audio/2154.00.01-ex-eleven_v3-v1.mp3	O soldado ferido foi levado ao hospital.	1	production	"{""flash38-J2"": {""verdict"": ""bp_ok"", ""drift"": ""none"", ""severity"": ""low"", ""evidence"": ""Native Brazilian Portuguese pronunciation with vocalized final /l/ in 'hospital' and 'soldado', and appropriate unstressed vowel reductions.""}}"	9851aabdf5	1	1	O soldado ferido foi levado ao hospital.	O soldado ferido foi levado ao hospital.	
2157.00.01	word	qPfM2laM0pRL4rrZtBGl	audio/2157.00.01-word-eleven_v3-v4.mp3	Surpreender.	1	production	"{""flash38-J2"": {""verdict"": ""bp_ok"", ""drift"": ""none"", ""severity"": ""low"", ""evidence"": ""The word is clearly and correctly pronounced as standard Brazilian Portuguese with appropriate stress and phonemes.""}}"	9851aabdf5	1	1	surpreender	surpreender	
2157.00.01	example	wxoDdfPKBuna5KnUEotz	audio/2157.00.01-ex-eleven_v3-v1.mp3	A festa surpresa vai surpreender minha mãe.	1	production	"{""flash38-J2"": {""verdict"": ""bp_ok"", ""drift"": ""none"", ""severity"": ""low"", ""evidence"": ""Native Brazilian Portuguese pronunciation throughout with expected open 'e' in 'festa', palatalized 'nh', and correct prosody.""}}"	9851aabdf5	1	1	A festa surpresa vai surpreender minha mãe.	A festa surpresa vai surpreender minha mãe.	
2158.00.01	word	m151rjrbWXbBqyq56tly	audio/2158.00.01-word-eleven_v3-v1.mp3	o, a auxiliar	0	fail	{}	9851aabdf5	0	0	o/a auxiliar	o auxiliar, a auxiliar	
2158.00.01	example	m151rjrbWXbBqyq56tly	audio/2158.00.01-ex-eleven_v3-v1.mp3	A auxiliar de enfermagem ajuda os pacientes no hospital.	1	production	"{""flash38-J2"": {""verdict"": ""bp_ok"", ""drift"": ""none"", ""severity"": ""low"", ""evidence"": ""Correct palatalization of 'de' and 'pacientes', vocalized coda -l in 'hospital', and standard Brazilian Portuguese prosody throughout.""}}"	9851aabdf5	1	1	A auxiliar de enfermagem ajuda os pacientes no hospital.	A auxiliar de enfermagem ajuda os pacientes no hospital.	
2163.00.01	word	wxoDdfPKBuna5KnUEotz	audio/2163.00.01-word-eleven_v3-v1.mp3	Radical.	1	production	"{""flash38-J2"": {""verdict"": ""bp_ok"", ""drift"": ""none"", ""severity"": ""low"", ""evidence"": ""Correct standard BP pronunciation with palatalized [dʒi], initial /h/, and vocalized final coda [w].""}, ""pro-J2"": {""verdict"": ""bp_ok"", ""drift"": ""none"", ""severity"": ""low"", ""evidence"": ""Clear palatalized dʒi and vocalized final l as w.""}}"	9851aabdf5	1	1	radical	radical	
2163.00.01	example	wxoDdfPKBuna5KnUEotz	audio/2163.00.01-ex-eleven_v3-v1.mp3	A mudança radical transformou a cidade completamente.	1	production	"{""flash38-J2"": {""verdict"": ""bp_ok"", ""drift"": ""none"", ""severity"": ""low"", ""evidence"": ""Natural Brazilian Portuguese pronunciation with palatalized affricates [dʒ] in 'radical' and 'cidade', [tʃ] in 'completamente', and vocalized coda-l [w].""}}"	9851aabdf5	1	1	A mudança radical transformou a cidade completamente.	A mudança radical transformou a cidade completamente.	
2173.00.01	word	qPfM2laM0pRL4rrZtBGl	audio/2173.00.01-word-eleven_v3-v1.mp3	A meta.	1	production	"{""flash38-J2"": {""verdict"": ""bp_ok"", ""drift"": ""none"", ""severity"": ""low"", ""evidence"": ""Stressed open [ɛ] and unstressed final [ɐ] match expected standard Brazilian Portuguese pronunciation /a ˈmɛtɐ/.""}, ""pro-J2"": {""verdict"": ""bp_ok"", ""drift"": ""none"", ""severity"": ""low"", ""evidence"": ""Correct open e vowel and stress placement on the first syllable of meta.""}}"	9851aabdf5	1	1	a meta	a meta	
2173.00.01	example	qPfM2laM0pRL4rrZtBGl	audio/2173.00.01-ex-eleven_v3-v1.mp3	Minha meta é aprender português este ano.	1	production	"{""flash38-J2"": {""verdict"": ""bp_ok"", ""drift"": ""none"", ""severity"": ""low"", ""evidence"": ""Pronounced accurately with standard Brazilian Portuguese phonology, including appropriate vowel reductions and palatalization.""}}"	9851aabdf5	1	1	Minha meta é aprender português este ano.	Minha meta é aprender português este ano.	
2179.00.01	word	m151rjrbWXbBqyq56tly	audio/2179.00.01-word-eleven_v3-v1.mp3	O bico.	1	production	"{""flash38-J2"": {""verdict"": ""bp_ok"", ""drift"": ""none"", ""severity"": ""low"", ""evidence"": ""Matches standard BP phonology perfectly: /u ˈbiku/ with unstressed final -o raised to [u].""}}"	9851aabdf5	1	1	o bico	o bico	
2179.00.01	example	m151rjrbWXbBqyq56tly	audio/2179.00.01-ex-eleven_v3-v2.mp3	O pássaro pegou a semente com o bico.	1	production	"{""flash38-J2"": {""verdict"": ""bp_ok"", ""drift"": ""none"", ""severity"": ""low"", ""evidence"": ""Palatalization of -te in semente as [tʃi], correct vowel reductions and natural Brazilian Portuguese prosody.""}}"	9851aabdf5	1	1	O pássaro pegou a semente com o bico.	O pássaro pegou a semente com o bico.	
2181.00.01	word	xNGAXaCH8MaasNuo7Hr7	audio/2181.00.01-word-eleven_v3-v1.mp3	A herança	1	production	"{""flash38-J2"": {""verdict"": ""bp_ok"", ""drift"": ""none"", ""severity"": ""low"", ""evidence"": ""The speaker clearly pronounces /a eˈɾɐ̃sɐ/ with correct stress, tap r, nasalization, and final reduced vowel.""}, ""pro-J2"": {""verdict"": ""bp_ok"", ""drift"": ""none"", ""severity"": ""low"", ""evidence"": ""Clear alveolar tap and nasalized vowel on the stressed syllable ran, matching standard BP.""}}"	9851aabdf5	1	1	a herança	a herança	
2181.00.01	example	xNGAXaCH8MaasNuo7Hr7	audio/2181.00.01-ex-eleven_v3-v1.mp3	Ela recebeu uma herança grande do avô.	1	production	"{""flash38-J2"": {""verdict"": ""bp_ok"", ""drift"": ""none"", ""severity"": ""low"", ""evidence"": ""Native standard Brazilian Portuguese pronunciation matching the expected IPA perfectly with natural palatalization in 'grande' [ˈɡɾɐ̃dʒi] and correct vowel qual""}}"	9851aabdf5	1	1	Ela recebeu uma herança grande do avô.	Ela recebeu uma herança grande do avô.	
2186.00.01	word	ny3E2DZImeZm00WLGZi9	audio/2186.00.01-word-eleven_v3-v2.mp3	Aveia.	1	relaxed	"{""flash38-J2"": {""verdict"": ""non_bp"", ""drift"": ""other"", ""severity"": ""medium"", ""evidence"": ""Stressed vowel in 'vela' is pronounced as a closed [e] (/a ˈve.lɐ/) instead of an open [ɛ] (/a ˈvɛ.lɐ/).""}}"	9851aabdf5	0	0	a vela	a vela	
2186.00.01	example	ny3E2DZImeZm00WLGZi9	audio/2186.00.01-ex-eleven_v3-v1.mp3	A vela está acesa na mesa da sala.	1	production	"{""flash38-J2"": {""verdict"": ""bp_ok"", ""drift"": ""none"", ""severity"": ""low"", ""evidence"": ""Pronounced with standard Brazilian Portuguese phonology, including open [ɛ] in vela, closed [e] in acesa and mesa, and proper vowel reduction.""}}"	9851aabdf5	1	1	A vela está acesa na mesa da sala.	A vela está acesa na mesa da sala.	
2188.00.01	word	Rw38T6bn0lTNOb1aUevR	audio/2188.00.01-word-eleven_v3-v1.mp3	Especializado.	1	production	"{""flash38-J2"": {""verdict"": ""bp_ok"", ""drift"": ""none"", ""severity"": ""low"", ""evidence"": ""Word is pronounced clearly with standard Brazilian Portuguese phonology /espesjaliˈzadu/.""}}"	9851aabdf5	1	1	especializado	especializado	
2188.00.01	example	Rw38T6bn0lTNOb1aUevR	audio/2188.00.01-ex-eleven_v3-v1.mp3	Ele trabalha em um hospital especializado em crianças.	1	production	"{""flash38-J2"": {""verdict"": ""bp_ok"", ""drift"": ""none"", ""severity"": ""low"", ""evidence"": ""Native Brazilian Portuguese pronunciation with correct vowel reductions, palatalization, and vocalization of coda -l in 'hospital' as [w].""}}"	9851aabdf5	1	1	Ele trabalha em um hospital especializado em crianças.	Ele trabalha em um hospital especializado em crianças.	
2192.00.01	word	m151rjrbWXbBqyq56tly	audio/2192.00.01-word-eleven_v3-v2.mp3	O pólo.	1	production	"{""flash38-J2"": {""verdict"": ""bp_ok"", ""drift"": ""none"", ""severity"": ""low"", ""evidence"": ""Correct open-mid stressed vowel [ɔ] and expected reduction of final -o to [u].""}}"	9851aabdf5	1	1	o pólo	o pólo	
2192.00.01	example	m151rjrbWXbBqyq56tly	audio/2192.00.01-ex-eleven_v3-v1.mp3	O Polo Norte é muito frio no inverno.	1	production	"{""flash38-J2"": {""verdict"": ""bp_ok"", ""drift"": ""none"", ""severity"": ""low"", ""evidence"": ""Native Brazilian Portuguese pronunciation with correct palatalization of 'Norte' [ˈnɔɾtʃi] and appropriate vowel reductions.""}}"	9851aabdf5	1	1	O Pólo Norte é muito frio no inverno.	O Pólo Norte é muito frio no inverno.	
2193.00.01	word	xNGAXaCH8MaasNuo7Hr7	audio/2193.00.01-word-eleven_v3-v1.mp3	O argentino	1	production	"{""flash38-J2"": {""verdict"": ""bp_ok"", ""drift"": ""none"", ""severity"": ""low"", ""evidence"": ""Standard Brazilian Portuguese pronunciation with palatalized [tʃi] in 'ti' and reduced final -o to [u].""}}"	9851aabdf5	1	1	o argentino	o argentino	
2193.00.01	example	xNGAXaCH8MaasNuo7Hr7	audio/2193.00.01-ex-eleven_v3-v1.mp3	Meu amigo argentino joga futebol muito bem.	1	production	"{""flash38-J2"": {""verdict"": ""bp_ok"", ""drift"": ""none"", ""severity"": ""low"", ""evidence"": ""Native standard Brazilian Portuguese pronunciation with correct palatalization /tʃ/ in 'argentino' and 'futebol', and vocalized coda /l/ to [w].""}}"	9851aabdf5	1	1	Meu amigo argentino joga futebol muito bem.	Meu amigo argentino joga futebol muito bem.	
2203.00.02	word	Rw38T6bn0lTNOb1aUevR	audio/2203.00.02-word-eleven_v3-v3.mp3	Efetivamente.	1	production	"{""flash38-J2"": {""verdict"": ""bp_ok"", ""drift"": ""none"", ""severity"": ""low"", ""evidence"": ""Clear pronunciation conforming to standard Brazilian Portuguese phonology, including expected palatalization in [tʃi].""}}"	9851aabdf5	1	1	efetivamente	efetivamente	
2203.00.02	example	m151rjrbWXbBqyq56tly	audio/2203.00.02-ex-eleven_v3-v1.mp3	O governo efetivamente melhorou a economia este ano.	1	production	"{""flash38-J2"": {""verdict"": ""bp_ok"", ""drift"": ""none"", ""severity"": ""low"", ""evidence"": ""Natural Brazilian Portuguese pronunciation throughout with proper palatalization of /ti/ in 'efetivamente' and 'este'.""}}"	9851aabdf5	1	1	O governo efetivamente melhorou a economia este ano.	O governo efetivamente melhorou a economia este ano.	
2210.00.01	word	wxoDdfPKBuna5KnUEotz	audio/2210.00.01-word-eleven_v3-v1.mp3	Ocidental.	1	production	"{""flash38-J2"": {""verdict"": ""bp_ok"", ""drift"": ""none"", ""severity"": ""low"", ""evidence"": ""Pronounced accurately with expected final -l vocalization to [w] and correct primary stress on the final syllable.""}, ""pro-J2"": {""verdict"": ""bp_ok"", ""drift"": ""none"", ""severity"": ""low"", ""evidence"": ""Clear vocalization of final L to w and correct stress on the final syllable""}}"	9851aabdf5	1	1	ocidental	ocidental	
2210.00.01	example	wxoDdfPKBuna5KnUEotz	audio/2210.00.01-ex-eleven_v3-v1.mp3	A cultura ocidental influenciou muitos países do mundo.	1	production	"{""flash38-J2"": {""verdict"": ""bp_ok"", ""drift"": ""none"", ""severity"": ""low"", ""evidence"": ""Native standard Brazilian Portuguese pronunciation with correct vowel reductions, palatalizations, and vocalized final l.""}}"	9851aabdf5	1	1	A cultura ocidental influenciou muitos países do mundo.	A cultura ocidental influenciou muitos países do mundo.	
2211.00.01	word	AaeZyyi87RCxtFnHPS3e	audio/2211.00.01-word-eleven_v3-v2.mp3	Apertar.	1	production	"{""flash38-J2"": {""verdict"": ""bp_ok"", ""drift"": ""none"", ""severity"": ""low"", ""evidence"": ""Pronounced with standard Brazilian Portuguese phonology, including appropriate coda r pronunciation and correct stress placement on the final syllable.""}}"	9851aabdf5	1	1	apertar	apertar	
2211.00.01	example	AaeZyyi87RCxtFnHPS3e	audio/2211.00.01-ex-eleven_v3-v1.mp3	Vou apertar a mão do meu novo chefe.	1	production	"{""flash38-J2"": {""verdict"": ""bp_ok"", ""drift"": ""none"", ""severity"": ""low"", ""evidence"": ""All words pronounced with natural standard Brazilian Portuguese phonology, including correct palatalization and vowel reductions.""}}"	9851aabdf5	1	1	Vou apertar a mão do meu novo chefe.	Vou apertar a mão do meu novo chefe.	
2215.00.01	word	Rw38T6bn0lTNOb1aUevR	audio/2215.00.01-word-eleven_v3-v1.mp3	Habitual.	1	production	"{""flash38-J2"": {""verdict"": ""bp_ok"", ""drift"": ""none"", ""severity"": ""low"", ""evidence"": ""Pronounced correctly with silent initial h, stress on final syllable, and vocalized final l as [w].""}, ""pro-J2"": {""verdict"": ""bp_ok"", ""drift"": ""none"", ""severity"": ""low"", ""evidence"": ""Final l is correctly vocalized to [w] and stress is on the final syllable.""}}"	9851aabdf5	1	1	habitual	habitual	
2215.00.01	example	Rw38T6bn0lTNOb1aUevR	audio/2215.00.01-ex-eleven_v3-v1.mp3	Ele sentou no seu lugar habitual na sala.	1	production	"{""flash38-J2"": {""verdict"": ""bp_ok"", ""drift"": ""none"", ""severity"": ""low"", ""evidence"": ""Native Brazilian Portuguese pronunciation with correct vowel reductions, palatalization, and vocalized final -l in habitual [abituˈaw].""}}"	9851aabdf5	1	1	Ele sentou no seu lugar habitual na sala.	Ele sentou no seu lugar habitual na sala.	
2221.00.01	word	AaeZyyi87RCxtFnHPS3e	audio/2221.00.01-word-eleven_v3-v2.mp3	O rigor.	1	production	"{""flash38-J2"": {""verdict"": ""bp_ok"", ""drift"": ""none"", ""severity"": ""low"", ""evidence"": ""Pronounced with standard Brazilian Portuguese phonemes [u hiˈɡoɾ] with tap final r and fricative initial r.""}}"	9851aabdf5	1	1	o rigor	o rigor	
2221.00.01	example	AaeZyyi87RCxtFnHPS3e	audio/2221.00.01-ex-eleven_v3-v1.mp3	O professor ensina com muito rigor.	1	production	"{""flash38-J2"": {""verdict"": ""bp_ok"", ""drift"": ""none"", ""severity"": ""low"", ""evidence"": ""Native Brazilian Portuguese pronunciation throughout with correct vowel reduction, nasalization, and initial /r/ as [h].""}}"	9851aabdf5	1	1	O professor ensina com muito rigor.	O professor ensina com muito rigor.	
2224.01.01	word	ny3E2DZImeZm00WLGZi9	audio/2224.01.01-word-eleven_v3-v1.mp3	Em redor.	1	production	"{""flash38-J2"": {""verdict"": ""non_bp"", ""drift"": ""other"", ""severity"": ""medium"", ""evidence"": ""Stressed vowel in 'redor' is pronounced with an open [ɔ] instead of the standard closed [o].""}}"	9851aabdf5	0	0	em redor	em redor	
2224.01.01	example	ny3E2DZImeZm00WLGZi9	audio/2224.01.01-ex-eleven_v3-v1.mp3	As crianças brincam em redor da árvore.	1	production	"{""flash38-J2"": {""verdict"": ""bp_ok"", ""drift"": ""none"", ""severity"": ""low"", ""evidence"": ""Native Brazilian Portuguese pronunciation throughout with natural vowel reduction, correct stress, and tap/retroflex coda-r.""}}"	9851aabdf5	1	1	As crianças brincam em redor da árvore.	As crianças brincam em redor da árvore.	
2228.00.01	word	AaeZyyi87RCxtFnHPS3e	audio/2228.00.01-word-eleven_v3-v1.mp3	O humor.	1	production	"{""flash38-J2"": {""verdict"": ""non_bp"", ""drift"": ""EP"", ""severity"": ""high"", ""evidence"": ""Word-final -r pronounced as a voiceless postalveolar fricative [ʃ], typical of European Portuguese regional features.""}, ""pro-J2"": {""verdict"": ""bp_ok"", ""drift"": ""none"", ""severity"": ""low"", ""evidence"": ""Silent initial h and correct final syllable stress with closed o.""}}"	9851aabdf5	0	0	o humor	o humor	
2228.00.01	example	AaeZyyi87RCxtFnHPS3e	audio/2228.00.01-ex-eleven_v3-v1.mp3	Ela está de bom humor hoje.	1	production	"{""flash38-J2"": {""verdict"": ""bp_ok"", ""drift"": ""none"", ""severity"": ""low"", ""evidence"": ""Native standard Brazilian Portuguese pronunciation matching the target sentence accurately.""}}"	9851aabdf5	1	1	Ela está de bom humor hoje.	Ela está de bom humor hoje.	
2228.00.02	word	Rw38T6bn0lTNOb1aUevR	audio/2228.00.02-word-eleven_v3-v3.mp3	O humor.	1	production	"{""flash38-J2"": {""verdict"": ""bp_ok"", ""drift"": ""none"", ""severity"": ""low"", ""evidence"": ""Pronounced with smooth vowel contraction/hiatus /u uˈmoɾ/ with standard tap coda r and correct stress.""}, ""pro-J2"": {""verdict"": ""bp_ok"", ""drift"": ""none"", ""severity"": ""low"", ""evidence"": ""Clear pronunciation with silent initial h and correct stress on the final syllable with a closed o.""}}"	9851aabdf5	1	1	o humor	o humor	
2228.00.02	example	m151rjrbWXbBqyq56tly	audio/2228.00.02-ex-eleven_v3-v1.mp3	Ela está de bom humor hoje.	1	production	"{""flash38-J2"": {""verdict"": ""bp_ok"", ""drift"": ""none"", ""severity"": ""low"", ""evidence"": ""Pronounced with standard Brazilian Portuguese phonology, including palatalized 'de' as [dʒi] and final 'hoje' as [ˈoʒi].""}}"	9851aabdf5	1	1	Ela está de bom humor hoje.	Ela está de bom humor hoje.	
2241.00.02	word	xNGAXaCH8MaasNuo7Hr7	audio/2241.00.02-word-eleven_v3-v1.mp3	Эрге.	1	relaxed	"{""flash38-J2"": {""verdict"": ""bp_ok"", ""drift"": ""none"", ""severity"": ""low"", ""evidence"": ""Correct pronunciation of /eɾˈɡe/ with standard Brazilian final r dropping/rhotic behavior and appropriate vowels.""}}"	9851aabdf5	1	1	erguer	erguer	
2241.00.02	example	xNGAXaCH8MaasNuo7Hr7	audio/2241.00.02-ex-eleven_v3-v1.mp3	Os operários ergueram o muro em dois dias.	1	production	"{""flash38-J2"": {""verdict"": ""bp_ok"", ""drift"": ""none"", ""severity"": ""low"", ""evidence"": ""Natural standard Brazilian Portuguese pronunciation throughout with expected palatalization and vowel reductions.""}}"	9851aabdf5	1	1	Os operários ergueram o muro em dois dias.	Os operários ergueram o muro em dois dias.	
2247.00.01	word	Rw38T6bn0lTNOb1aUevR	audio/2247.00.01-word-eleven_v3-v3.mp3	Adorar.	1	production	"{""flash38-J2"": {""verdict"": ""bp_ok"", ""drift"": ""none"", ""severity"": ""low"", ""evidence"": ""clear standard Brazilian Portuguese pronunciation of adorar with alveolar tap [ɾ] and correct stress on the final syllable""}}"	9851aabdf5	1	1	adorar	adorar	
2247.00.01	example	m151rjrbWXbBqyq56tly	audio/2247.00.01-ex-eleven_v3-v1.mp3	Eu adoro chocolate e café.	1	production	"{""flash38-J2"": {""verdict"": ""bp_ok"", ""drift"": ""none"", ""severity"": ""low"", ""evidence"": ""Native standard Brazilian Portuguese pronunciation with correct open vowels in adoro and café, and palatalized -te [tʃi] in chocolate.""}}"	9851aabdf5	1	1	Eu adoro chocolate e café.	Eu adoro chocolate e café.	
2254.00.02	word	wxoDdfPKBuna5KnUEotz	audio/2254.00.02-word-eleven_v3-v3.mp3	Cruzado.	1	production	"{""flash38-J2"": {""verdict"": ""bp_ok"", ""drift"": ""none"", ""severity"": ""low"", ""evidence"": ""Pronounced with standard Brazilian Portuguese phonemes [kɾuˈzadu] matching the expected stress and vowel reductions.""}}"	9851aabdf5	1	1	cruzado	cruzado	
2254.00.02	example	ny3E2DZImeZm00WLGZi9	audio/2254.00.02-ex-eleven_v3-v1.mp3	Ele estava sentado com os braços cruzados.	1	production	"{""flash38-J2"": {""verdict"": ""bp_ok"", ""drift"": ""none"", ""severity"": ""low"", ""evidence"": ""Native Brazilian Portuguese pronunciation throughout with correct vowel reduction, palatalization, and cadence.""}}"	9851aabdf5	1	1	Ele estava sentado com os braços cruzados.	Ele estava sentado com os braços cruzados.	
2264.00.01	word	m151rjrbWXbBqyq56tly	audio/2264.00.01-word-eleven_v3-v1.mp3	Uppo.	1	relaxed	"{""flash38-J2"": {""verdict"": ""bp_ok"", ""drift"": ""none"", ""severity"": ""low"", ""evidence"": ""Accurate Brazilian Portuguese pronunciation of 'o pó' with open-mid back vowel [ɔ].""}}"	9851aabdf5	1	1	o pó	o pó	
2264.00.01	example	m151rjrbWXbBqyq56tly	audio/2264.00.01-ex-eleven_v3-v1.mp3	Ela colocou pó de café na máquina.	1	production	"{""flash38-J2"": {""verdict"": ""bp_ok"", ""drift"": ""none"", ""severity"": ""low"", ""evidence"": ""Correct standard Brazilian Portuguese pronunciation of all words including palatalization in 'de' [dʒi] and open vowels in 'pó' [pɔ] and 'café' [kaˈfɛ].""}}"	9851aabdf5	1	1	Ela colocou pó de café na máquina.	Ela colocou pó de café na máquina.	
2264.00.02	word	Rw38T6bn0lTNOb1aUevR	audio/2264.00.02-word-eleven_v3-v1.mp3	Upo	1	relaxed	"{""flash38-J2"": {""verdict"": ""bp_ok"", ""drift"": ""none"", ""severity"": ""low"", ""evidence"": ""Pronounced clearly as [u ˈpɔ] with an open-mid back rounded vowel [ɔ] and standard pretonic vowel reduction.""}}"	9851aabdf5	1	1	o pó	o pó	
2264.00.02	example	Rw38T6bn0lTNOb1aUevR	audio/2264.00.02-ex-eleven_v3-v1.mp3	Tem muito pó na estante da sala.	1	production	"{""flash38-J2"": {""verdict"": ""bp_ok"", ""drift"": ""none"", ""severity"": ""low"", ""evidence"": ""Native standard Brazilian Portuguese pronunciation matching all phonetic targets including palatalization in 'estante'.""}}"	9851aabdf5	1	1	Tem muito pó na estante da sala.	Tem muito pó na estante da sala.	
2265.00.01	word	AaeZyyi87RCxtFnHPS3e	audio/2265.00.01-word-eleven_v3-v1.mp3	O relacionamento.	1	production	"{""flash38-J2"": {""verdict"": ""bp_ok"", ""drift"": ""none"", ""severity"": ""low"", ""evidence"": ""Native standard Brazilian Portuguese pronunciation matching /u helɐsionɐˈmẽtu/.""}}"	9851aabdf5	1	1	o relacionamento	o relacionamento	
2265.00.01	example	AaeZyyi87RCxtFnHPS3e	audio/2265.00.01-ex-eleven_v3-v1.mp3	Meu relacionamento com minha irmã é muito bom.	1	production	"{""flash38-J2"": {""verdict"": ""bp_ok"", ""drift"": ""none"", ""severity"": ""low"", ""evidence"": ""Pronounced with standard Brazilian Portuguese phonology, including correct palatalization, nasalization, and rhythm.""}}"	9851aabdf5	1	1	Meu relacionamento com minha irmã é muito bom.	Meu relacionamento com minha irmã é muito bom.	
2275.00.01	word	wxoDdfPKBuna5KnUEotz	audio/2275.00.01-word-eleven_v3-v3.mp3	Rekuar.	1	relaxed	"{""flash38-J2"": {""verdict"": ""bp_ok"", ""drift"": ""none"", ""severity"": ""low"", ""evidence"": ""Pronounced with standard Brazilian Portuguese phonemes [hekuˈaɾ] with guttural initial r and tap coda r.""}}"	9851aabdf5	1	1	recuar	recuar	
2275.00.01	example	qPfM2laM0pRL4rrZtBGl	audio/2275.00.01-ex-eleven_v3-v1.mp3	Os soldados recuaram quando viram o inimigo.	1	production	"{""flash38-J2"": {""verdict"": ""bp_ok"", ""drift"": ""none"", ""severity"": ""low"", ""evidence"": ""Natural Brazilian Portuguese pronunciation matching the expected IPA, with correct coda-l vocalization and standard prosody.""}}"	9851aabdf5	1	1	Os soldados recuaram quando viram o inimigo.	Os soldados recuaram quando viram o inimigo.	
2277.00.01	word	Rw38T6bn0lTNOb1aUevR	audio/2277.00.01-word-eleven_v3-v2.mp3	Hei keri.	1	relaxed	"{""flash38-J2"": {""verdict"": ""bp_ok"", ""drift"": ""none"", ""severity"": ""low"", ""evidence"": ""Pronounced with standard Brazilian Portuguese phonology: initial [h], tap [ɾ], and final stress.""}}"	9851aabdf5	1	1	requerer	requerer	
2277.00.01	example	Rw38T6bn0lTNOb1aUevR	audio/2277.00.01-ex-eleven_v3-v1.mp3	Este trabalho requer muita atenção e paciência.	1	production	"{""flash38-J2"": {""verdict"": ""bp_ok"", ""drift"": ""none"", ""severity"": ""low"", ""evidence"": ""Pronounced with standard Brazilian Portuguese phonology, including correct palatalization on 'este' [ˈeʃtʃi/ˈestʃi], natural rhythm and standard intonation.""}}"	9851aabdf5	1	1	Este trabalho requer muita atenção e paciência.	Este trabalho requer muita atenção e paciência.	
2283.00.01	word	Rw38T6bn0lTNOb1aUevR	audio/2283.00.01-word-eleven_v3-v1.mp3	Global.	1	production	"{""flash38-J2"": {""verdict"": ""bp_ok"", ""drift"": ""none"", ""severity"": ""low"", ""evidence"": ""Final coda /l/ is appropriately vocalized to [w] and stress is properly on the final syllable [ɡloˈbaw].""}, ""pro-J2"": {""verdict"": ""bp_ok"", ""drift"": ""none"", ""severity"": ""low"", ""evidence"": ""Final L is correctly vocalized to [w] and stress is on the final syllable.""}}"	9851aabdf5	1	1	global	global	
2283.00.01	example	Rw38T6bn0lTNOb1aUevR	audio/2283.00.01-ex-eleven_v3-v1.mp3	A economia global está crescendo este ano.	1	production	"{""flash38-J2"": {""verdict"": ""bp_ok"", ""drift"": ""none"", ""severity"": ""low"", ""evidence"": ""Native Brazilian Portuguese pronunciation with correct vocalized /w/ in global and palatalized /tʃi/ in este.""}}"	9851aabdf5	1	1	A economia global está crescendo este ano.	A economia global está crescendo este ano.	
2297.00.01	word	Rw38T6bn0lTNOb1aUevR	audio/2297.00.01-word-eleven_v3-v3.mp3	A roxa.	1	relaxed	"{""flash38-J2"": {""verdict"": ""bp_ok"", ""drift"": ""none"", ""severity"": ""low"", ""evidence"": ""Correct pronunciation of /a ˈhɔʃɐ/ with standard initial [h] and open [ɔ] vowel.""}}"	9851aabdf5	1	1	a rocha	a rocha	
2297.00.01	example	m151rjrbWXbBqyq56tly	audio/2297.00.01-ex-eleven_v3-v1.mp3	A rocha é muito grande e pesada.	1	production	"{""flash38-J2"": {""verdict"": ""bp_ok"", ""drift"": ""none"", ""severity"": ""low"", ""evidence"": ""Native standard Brazilian Portuguese pronunciation with correct phonology for 'rocha', 'grande' [ɡɾɐ̃dʒi], and 'pesada'.""}}"	9851aabdf5	1	1	A rocha é muito grande e pesada.	A rocha é muito grande e pesada.	
2313.00.01	word	wxoDdfPKBuna5KnUEotz	audio/2313.00.01-word-eleven_v3-v3.mp3	Suspender.	1	production	"{""flash38-J2"": {""verdict"": ""bp_ok"", ""drift"": ""none"", ""severity"": ""low"", ""evidence"": ""Pronounced accurately with proper nasalization and final syllable stress as [sũspẽˈdeɾ].""}}"	9851aabdf5	1	1	suspender	suspender	
2313.00.01	example	ny3E2DZImeZm00WLGZi9	audio/2313.00.01-ex-eleven_v3-v1.mp3	A escola suspendeu as aulas por causa da chuva.	1	production	"{""flash38-J2"": {""verdict"": ""bp_ok"", ""drift"": ""none"", ""severity"": ""low"", ""evidence"": ""Native Brazilian Portuguese pronunciation throughout with accurate vowel quality, vocalized /w/ in 'aulas', alveolar coda /s/ and /z/, and expected intonation.""}}"	9851aabdf5	1	1	A escola suspendeu as aulas por causa da chuva.	A escola suspendeu as aulas por causa da chuva.	
2316.00.01	word	wxoDdfPKBuna5KnUEotz	audio/2316.00.01-word-eleven_v3-v3.mp3	Rodear.	1	production	"{""flash38-J2"": {""verdict"": ""bp_ok"", ""drift"": ""none"", ""severity"": ""low"", ""evidence"": ""Pronounced clearly as [hodʒiˈaɾ] with palatalized 'd' before 'i' and standard São Paulo coda tap r.""}}"	9851aabdf5	1	1	rodear	rodear	
2316.00.01	example	ny3E2DZImeZm00WLGZi9	audio/2316.00.01-ex-eleven_v3-v1.mp3	As montanhas rodeiam a cidade pequena.	1	production	"{""flash38-J2"": {""verdict"": ""bp_ok"", ""drift"": ""none"", ""severity"": ""low"", ""evidence"": ""Accurate Brazilian Portuguese pronunciation with palatalized 'de' in cidade as [dʒi] and appropriate nasalization throughout.""}}"	9851aabdf5	1	1	As montanhas rodeiam a cidade pequena.	As montanhas rodeiam a cidade pequena.	
2341.00.01	word	AaeZyyi87RCxtFnHPS3e	audio/2341.00.01-word-eleven_v3-v1.mp3	O festival.	1	production	"{""flash38-J2"": {""verdict"": ""bp_ok"", ""drift"": ""none"", ""severity"": ""low"", ""evidence"": ""Accurate palatalization [tʃi] and vocalized coda [w] in 'festival'""}, ""pro-J2"": {""verdict"": ""bp_ok"", ""drift"": ""none"", ""severity"": ""low"", ""evidence"": ""Clear palatalization of ti to tʃi and vocalization of final l to w.""}}"	9851aabdf5	1	1	o festival	o festival	
2341.00.01	example	AaeZyyi87RCxtFnHPS3e	audio/2341.00.01-ex-eleven_v3-v1.mp3	O festival de música acontece em julho.	1	production	"{""flash38-J2"": {""verdict"": ""bp_ok"", ""drift"": ""none"", ""severity"": ""low"", ""evidence"": ""Pronounced with standard Brazilian Portuguese phonology, including vocalized coda -l as [w] in festival, palatalized [tʃi] and [dʒi], and proper stress and vowe""}}"	9851aabdf5	1	1	O festival de música acontece em julho.	O festival de música acontece em julho.	
2347.00.01	word	qPfM2laM0pRL4rrZtBGl	audio/2347.00.01-word-eleven_v3-v2.mp3	Cruzar.	1	production	"{""flash38-J2"": {""verdict"": ""non_bp"", ""drift"": ""ES"", ""severity"": ""medium"", ""evidence"": ""The intervocalic 'z' is pronounced as a voiceless fricative [s] instead of voiced [z], sounding like 'crussar'.""}}"	9851aabdf5	0	0	cruzar	cruzar	
2347.00.01	example	qPfM2laM0pRL4rrZtBGl	audio/2347.00.01-ex-eleven_v3-v1.mp3	Precisamos cruzar a rua com cuidado.	1	production	"{""flash38-J2"": {""verdict"": ""bp_ok"", ""drift"": ""none"", ""severity"": ""low"", ""evidence"": ""Pronounced with standard Brazilian Portuguese phonology, including correct palatalization/vowel reductions and clear r-sounds.""}}"	9851aabdf5	1	1	Precisamos cruzar a rua com cuidado.	Precisamos cruzar a rua com cuidado.	
2348.00.01	word	wxoDdfPKBuna5KnUEotz	audio/2348.00.01-word-eleven_v3-v3.mp3	Designar.	1	production	"{""flash38-J2"": {""verdict"": ""bp_ok"", ""drift"": ""none"", ""severity"": ""low"", ""evidence"": ""Pronounced with standard Brazilian Portuguese phonology, including epenthetic [i] in [deziɡiˈnaɾ] and final tap [ɾ].""}}"	9851aabdf5	1	1	designar	designar	
2348.00.01	example	ny3E2DZImeZm00WLGZi9	audio/2348.00.01-ex-eleven_v3-v1.mp3	O diretor vai designar um novo coordenador na próxima semana.	1	production	"{""flash38-J2"": {""verdict"": ""bp_ok"", ""drift"": ""none"", ""severity"": ""low"", ""evidence"": ""Native standard Brazilian Portuguese pronunciation with correct palatalization /dʒi/, vocalization, and stress patterns.""}}"	9851aabdf5	1	1	O diretor vai designar um novo coordenador na próxima semana.	O diretor vai designar um novo coordenador na próxima semana.	
2350.00.01	word	qPfM2laM0pRL4rrZtBGl	audio/2350.00.01-word-eleven_v3-v1.mp3	A neve.	1	production	"{""flash38-J2"": {""verdict"": ""bp_ok"", ""drift"": ""none"", ""severity"": ""low"", ""evidence"": ""Stressed open [ɛ] and final unstressed [i] matching standard Brazilian Portuguese [a ˈnɛvi].""}}"	9851aabdf5	1	1	a neve	a neve	
2350.00.01	example	qPfM2laM0pRL4rrZtBGl	audio/2350.00.01-ex-eleven_v3-v1.mp3	A neve cobre as montanhas no inverno.	1	production	"{""flash38-J2"": {""verdict"": ""bp_ok"", ""drift"": ""none"", ""severity"": ""low"", ""evidence"": ""Vowels and consonants match standard Brazilian Portuguese phonology throughout the sentence.""}}"	9851aabdf5	1	1	A neve cobre as montanhas no inverno.	A neve cobre as montanhas no inverno.	
2370.00.01	word	m151rjrbWXbBqyq56tly	audio/2370.00.01-word-eleven_v3-v1.mp3	Situado.	1	production	"{""flash38-J2"": {""verdict"": ""bp_ok"", ""drift"": ""none"", ""severity"": ""low"", ""evidence"": ""Word pronounced cleanly with expected Brazilian Portuguese phonology [situˈadu].""}}"	9851aabdf5	1	1	situado	situado	
2370.00.01	example	m151rjrbWXbBqyq56tly	audio/2370.00.01-ex-eleven_v3-v1.mp3	O banco está situado na Avenida Paulista.	1	production	"{""flash38-J2"": {""verdict"": ""bp_ok"", ""drift"": ""none"", ""severity"": ""low"", ""evidence"": ""Pronounced with standard Brazilian Portuguese phonology, including correct vocalization of coda-l in Paulista as [w] and dental/palatal features intact.""}}"	9851aabdf5	1	1	O banco está situado na Avenida Paulista.	O banco está situado na Avenida Paulista.	
2375.00.01	word	m151rjrbWXbBqyq56tly	audio/2375.00.01-word-eleven_v3-v1.mp3	Poetičku.	1	relaxed	"{""flash38-J2"": {""verdict"": ""bp_ok"", ""drift"": ""none"", ""severity"": ""low"", ""evidence"": ""Correct stress on open /ɛ/ and palatalization of /t/ before /i/ as [tʃi].""}}"	9851aabdf5	1	1	poético	poético	
2375.00.01	example	m151rjrbWXbBqyq56tly	audio/2375.00.01-ex-eleven_v3-v2.mp3	O pôr do sol na praia é muito poético.	1	production	"{""flash38-J2"": {""verdict"": ""non_bp"", ""drift"": ""EP"", ""severity"": ""high"", ""evidence"": ""Consonantal velarized final -l in 'sol' and unpalatalized [ti] in 'poético' characteristic of European Portuguese.""}}"	9851aabdf5	0	0	O pôr do sol na praia é muito poético.	O pôr do sol na praia é muito poético.	
2376.00.01	word	Rw38T6bn0lTNOb1aUevR	audio/2376.00.01-word-eleven_v3-v1.mp3	O servidor.	1	production	"{""flash38-J2"": {""verdict"": ""bp_ok"", ""drift"": ""none"", ""severity"": ""low"", ""evidence"": ""Natural Brazilian Portuguese pronunciation matching /u seɾviˈdoɾ/ with standard vowels and coda tap r""}}"	9851aabdf5	1	1	o servidor	o servidor	
2376.00.01	example	Rw38T6bn0lTNOb1aUevR	audio/2376.00.01-ex-eleven_v3-v1.mp3	O servidor público trabalha no hospital da cidade.	1	production	"{""flash38-J2"": {""verdict"": ""bp_ok"", ""drift"": ""none"", ""severity"": ""low"", ""evidence"": ""Native standard Brazilian Portuguese pronunciation with correct vowel reductions, palatalization of 'de' to [dʒi], and vocalization of final -l to [w] in 'hospi""}}"	9851aabdf5	1	1	O servidor público trabalha no hospital da cidade.	O servidor público trabalha no hospital da cidade.	
2376.00.02	word	m151rjrbWXbBqyq56tly	audio/2376.00.02-word-eleven_v3-v1.mp3	O servidor.	1	production	"{""flash38-J2"": {""verdict"": ""bp_ok"", ""drift"": ""none"", ""severity"": ""low"", ""evidence"": ""Pronounced with standard Brazilian Portuguese phonology matching [u seɾviˈdoɾ].""}}"	9851aabdf5	1	1	o servidor	o servidor	
2376.00.02	example	m151rjrbWXbBqyq56tly	audio/2376.00.02-ex-eleven_v3-v1.mp3	O servidor do banco está fora do ar hoje.	1	production	"{""flash38-J2"": {""verdict"": ""bp_ok"", ""drift"": ""none"", ""severity"": ""low"", ""evidence"": ""Native Brazilian Portuguese pronunciation throughout with accurate vowel quality, stress, and standard palatalization on 'hoje' ([ˈoʒi]).""}}"	9851aabdf5	1	1	O servidor do banco está fora do ar hoje.	O servidor do banco está fora do ar hoje.	
2378.00.01	word	ny3E2DZImeZm00WLGZi9	audio/2378.00.01-word-eleven_v3-v1.mp3	Wamos.	1	relaxed	"{""flash38-J2"": {""verdict"": ""bp_ok"", ""drift"": ""none"", ""severity"": ""low"", ""evidence"": ""Final and coda l vocalization to [w] and natural pronunciation of /u awˈmosu/ matching standard Brazilian Portuguese.""}, ""pro-J2"": {""verdict"": ""bp_ok"", ""drift"": ""none"", ""severity"": ""low"", ""evidence"": ""Vocalized L in almoço and correct closed stressed o.""}}"	9851aabdf5	1	1	o almoço	o almoço	
2378.00.01	example	ny3E2DZImeZm00WLGZi9	audio/2378.00.01-ex-eleven_v3-v2.mp3	Vou ao supermercado depois do almoço.	1	production	"{""flash38-J2"": {""verdict"": ""bp_ok"", ""drift"": ""none"", ""severity"": ""low"", ""evidence"": ""Native standard Brazilian Portuguese pronunciation throughout with vocalized final -l in almoço, tap coda r, and expected vowel reductions.""}}"	9851aabdf5	1	1	Vou ao supermercado depois do almoço.	Vou ao supermercado depois do almoço.	
2379.00.01	word	qPfM2laM0pRL4rrZtBGl	audio/2379.00.01-word-eleven_v3-v1.mp3	o, a piloto	0	fail	{}	9851aabdf5	0	0	o/a piloto	o piloto, a piloto	
2379.00.01	example	qPfM2laM0pRL4rrZtBGl	audio/2379.00.01-ex-eleven_v3-v1.mp3	O piloto do avião anunciou a aterrissagem.	1	production	"{""flash38-J2"": {""verdict"": ""bp_ok"", ""drift"": ""none"", ""severity"": ""low"", ""evidence"": ""Native standard Brazilian Portuguese pronunciation matching the expected IPA perfectly throughout the sentence.""}}"	9851aabdf5	1	1	O piloto do avião anunciou a aterrissagem.	O piloto do avião anunciou a aterrissagem.	
2415.00.01	word	wxoDdfPKBuna5KnUEotz	audio/2415.00.01-word-eleven_v3-v3.mp3	Depositar.	1	production	"{""flash38-J2"": {""verdict"": ""bp_ok"", ""drift"": ""none"", ""severity"": ""low"", ""evidence"": ""Pronounced with standard Brazilian Portuguese phonology and correct stress on the final syllable.""}}"	9851aabdf5	1	1	depositar	depositar	
2415.00.01	example	ny3E2DZImeZm00WLGZi9	audio/2415.00.01-ex-eleven_v3-v1.mp3	Vou depositar o dinheiro no banco amanhã.	1	production	"{""flash38-J2"": {""verdict"": ""bp_ok"", ""drift"": ""none"", ""severity"": ""low"", ""evidence"": ""Native standard Brazilian Portuguese pronunciation with palatalized [dʒ] in 'dinheiro' and expected vowel reduction and rhythm.""}}"	9851aabdf5	1	1	Vou depositar o dinheiro no banco amanhã.	Vou depositar o dinheiro no banco amanhã.	
2417.00.01	word	qPfM2laM0pRL4rrZtBGl	audio/2417.00.01-word-eleven_v3-v1.mp3	o, a testemunha	0	fail	{}	9851aabdf5	0	0	o/a testemunha	o testemunha, a testemunha	
2417.00.01	example	qPfM2laM0pRL4rrZtBGl	audio/2417.00.01-ex-eleven_v3-v1.mp3	A testemunha viu o acidente na rua.	1	production	"{""flash38-J2"": {""verdict"": ""bp_ok"", ""drift"": ""none"", ""severity"": ""low"", ""evidence"": ""Pronounced with clear Brazilian Portuguese phonology, including the palatalized [tʃi] in 'acidente' and glottal fricative [h] in 'rua'.""}}"	9851aabdf5	1	1	A testemunha viu o acidente na rua.	A testemunha viu o acidente na rua.	
2422.00.02	word	qPfM2laM0pRL4rrZtBGl	audio/2422.00.02-word-eleven_v3-v1.mp3	Lateral.	1	production	"{""flash38-J2"": {""verdict"": ""bp_ok"", ""drift"": ""none"", ""severity"": ""low"", ""evidence"": ""Word is pronounced with proper stress on the final syllable, tap /ɾ/, and final -l vocalized as [w].""}, ""pro-J2"": {""verdict"": ""bp_ok"", ""drift"": ""none"", ""severity"": ""low"", ""evidence"": ""Clear vocalized final L and correct stress on the final syllable.""}}"	9851aabdf5	1	1	lateral	lateral	
2422.00.02	example	qPfM2laM0pRL4rrZtBGl	audio/2422.00.02-ex-eleven_v3-v1.mp3	O juiz ficou na linha lateral do campo.	1	production	"{""flash38-J2"": {""verdict"": ""bp_ok"", ""drift"": ""none"", ""severity"": ""low"", ""evidence"": ""Native standard Brazilian Portuguese pronunciation matching the expected IPA /u ʒuˈis fiˈkow nɐ ˈlĩɲɐ lateˈɾaw du ˈkɐ̃pu/.""}}"	9851aabdf5	1	1	O juiz ficou na linha lateral do campo.	O juiz ficou na linha lateral do campo.	
2436.00.01	word	m151rjrbWXbBqyq56tly	audio/2436.00.01-word-eleven_v3-v2.mp3	o, a guia	0	fail	{}	9851aabdf5	0	0	o/a guia	o guia, a guia	
2436.00.01	example	m151rjrbWXbBqyq56tly	audio/2436.00.01-ex-eleven_v3-v1.mp3	O guia mostrou os pontos turísticos da cidade.	1	production	"{""flash38-J2"": {""verdict"": ""bp_ok"", ""drift"": ""none"", ""severity"": ""low"", ""evidence"": ""Pronunciation fully matches standard Brazilian Portuguese phonology, including correct palatalization in turísticos and cidade.""}}"	9851aabdf5	1	1	O guia mostrou os pontos turísticos da cidade.	O guia mostrou os pontos turísticos da cidade.	
2451.00.01	word	wxoDdfPKBuna5KnUEotz	audio/2451.00.01-word-eleven_v3-v1.mp3	Habitar.	1	production	"{""flash38-J2"": {""verdict"": ""bp_ok"", ""drift"": ""none"", ""severity"": ""low"", ""evidence"": ""Silent initial 'h', correct syllable stress on final syllable with voiceless flap/tap coda r.""}, ""pro-J2"": {""verdict"": ""bp_ok"", ""drift"": ""none"", ""severity"": ""low"", ""evidence"": ""Clear pronunciation with silent initial h, correct stress on the final syllable, and standard coda r.""}}"	9851aabdf5	1	1	habitar	habitar	
2451.00.01	example	wxoDdfPKBuna5KnUEotz	audio/2451.00.01-ex-eleven_v3-v1.mp3	Muitas pessoas habitam esta cidade grande.	1	production	"{""flash38-J2"": {""verdict"": ""bp_ok"", ""drift"": ""none"", ""severity"": ""low"", ""evidence"": ""All words pronounced with standard Brazilian Portuguese phonology, including palatalized final -de in cidade and grande.""}}"	9851aabdf5	1	1	Muitas pessoas habitam esta cidade grande.	Muitas pessoas habitam esta cidade grande.	
2457.00.01	word	Rw38T6bn0lTNOb1aUevR	audio/2457.00.01-word-eleven_v3-v1.mp3	O litoral.	1	production	"{""flash38-J2"": {""verdict"": ""bp_ok"", ""drift"": ""none"", ""severity"": ""low"", ""evidence"": ""Final -l is fully vocalized to [w] and stress is correctly placed on the final syllable.""}, ""pro-J2"": {""verdict"": ""bp_ok"", ""drift"": ""none"", ""severity"": ""low"", ""evidence"": ""Clear tap r and vocalized final l as [w] with correct final syllable stress.""}}"	9851aabdf5	1	1	o litoral	o litoral	
2457.00.01	example	Rw38T6bn0lTNOb1aUevR	audio/2457.00.01-ex-eleven_v3-v1.mp3	O litoral brasileiro tem praias muito bonitas.	1	production	"{""flash38-J2"": {""verdict"": ""bp_ok"", ""drift"": ""none"", ""severity"": ""low"", ""evidence"": ""Pronounced with standard Brazilian Portuguese phonology throughout, including vocalized coda -l in 'litoral' and standard palatalization/vowels.""}}"	9851aabdf5	1	1	O litoral brasileiro tem praias muito bonitas.	O litoral brasileiro tem praias muito bonitas.	
2460.00.01	word	m151rjrbWXbBqyq56tly	audio/2460.00.01-word-eleven_v3-v2.mp3	Родар.	1	relaxed	"{""flash38-J2"": {""verdict"": ""bp_ok"", ""drift"": ""none"", ""severity"": ""low"", ""evidence"": ""Accurate Brazilian Portuguese pronunciation with initial fricative [h], correct stress, and flap [ɾ].""}}"	9851aabdf5	1	1	rodar	rodar	
2460.00.01	example	m151rjrbWXbBqyq56tly	audio/2460.00.01-ex-eleven_v3-v1.mp3	A roda do carro roda rápido na estrada.	1	production	"{""flash38-J2"": {""verdict"": ""bp_ok"", ""drift"": ""none"", ""severity"": ""low"", ""evidence"": ""All words follow standard Brazilian Portuguese phonology, including open [ɔ] in 'roda', initial and medial [h] in 'roda', 'carro', 'rápido', and correct stress ""}}"	9851aabdf5	1	1	A roda do carro roda rápido na estrada.	A roda do carro roda rápido na estrada.	
2461.00.01	word	qPfM2laM0pRL4rrZtBGl	audio/2461.00.01-word-eleven_v3-v1.mp3	O Carnaval.	1	production	"{""flash38-J2"": {""verdict"": ""bp_ok"", ""drift"": ""none"", ""severity"": ""low"", ""evidence"": ""Pronounced accurately as /u kaɾnaˈvaw/ with correct final -l vocalization to [w] and natural intonation.""}, ""pro-J2"": {""verdict"": ""bp_ok"", ""drift"": ""none"", ""severity"": ""low"", ""evidence"": ""Final L is correctly vocalized to w and stress is on the final syllable""}}"	9851aabdf5	1	1	o carnaval	o carnaval	
2461.00.01	example	qPfM2laM0pRL4rrZtBGl	audio/2461.00.01-ex-eleven_v3-v1.mp3	O carnaval no Rio é uma festa muito grande.	1	production	"{""flash38-J2"": {""verdict"": ""bp_ok"", ""drift"": ""none"", ""severity"": ""low"", ""evidence"": ""Correct vocalization of final -l in 'carnaval' as [w], palatalized [dʒi] in 'grande', and standard Brazilian Portuguese prosody and vowel qualities throughout.""}}"	9851aabdf5	1	1	O carnaval no Rio é uma festa muito grande.	O carnaval no Rio é uma festa muito grande.	
2464.00.01	word	Rw38T6bn0lTNOb1aUevR	audio/2464.00.01-word-eleven_v3-v3.mp3	Aderich.	1	relaxed	"{""flash38-J2"": {""verdict"": ""bp_ok"", ""drift"": ""none"", ""severity"": ""low"", ""evidence"": ""Word pronounced with expected stress on the final syllable, standard Brazilian vowels, and final coda-r as [h].""}}"	9851aabdf5	1	1	aderir	aderir	
2464.00.01	example	m151rjrbWXbBqyq56tly	audio/2464.00.01-ex-eleven_v3-v1.mp3	Vou aderir ao novo plano de saúde da empresa.	1	production	"{""flash38-J2"": {""verdict"": ""bp_ok"", ""drift"": ""none"", ""severity"": ""low"", ""evidence"": ""Native standard Brazilian Portuguese pronunciation with correct palatalization of 'de' and 'saúde', vocalized /w/ diphthongs, and natural rhythm.""}}"	9851aabdf5	1	1	Vou aderir ao novo plano de saúde da empresa.	Vou aderir ao novo plano de saúde da empresa.	
2481.00.01	word	m151rjrbWXbBqyq56tly	audio/2481.00.01-word-eleven_v3-v1.mp3	O enfermeiro.	1	production	"{""flash38-J2"": {""verdict"": ""bp_ok"", ""drift"": ""none"", ""severity"": ""low"", ""evidence"": ""Matches standard Brazilian Portuguese pronunciation /u ẽfeɾˈmejɾu/ with correct stress, diphthong, and vowel reductions.""}}"	9851aabdf5	1	1	o enfermeiro	o enfermeiro	
2481.00.01	example	m151rjrbWXbBqyq56tly	audio/2481.00.01-ex-eleven_v3-v1.mp3	O enfermeiro cuida dos pacientes no hospital.	1	production	"{""flash38-J2"": {""verdict"": ""bp_ok"", ""drift"": ""none"", ""severity"": ""low"", ""evidence"": ""Native Brazilian Portuguese pronunciation with palatalized 'pacientes' [tʃis] and vocalized final -l in 'hospital' [aw].""}}"	9851aabdf5	1	1	O enfermeiro cuida dos pacientes no hospital.	O enfermeiro cuida dos pacientes no hospital.	
2490.00.01	word	xNGAXaCH8MaasNuo7Hr7	audio/2490.00.01-word-eleven_v3-v1.mp3	presidencial.	1	production	"{""flash38-J2"": {""verdict"": ""bp_ok"", ""drift"": ""none"", ""severity"": ""low"", ""evidence"": ""Word pronounced accurately with final -al vocalized to [aw] and correct palatalization of /d/ before /i/.""}, ""pro-J2"": {""verdict"": ""bp_ok"", ""drift"": ""none"", ""severity"": ""low"", ""evidence"": ""Final L is vocalized to [w] and stress is correctly on the final syllable.""}}"	9851aabdf5	1	1	presidencial	presidencial	
2490.00.01	example	xNGAXaCH8MaasNuo7Hr7	audio/2490.00.01-ex-eleven_v3-v1.mp3	A eleição presidencial acontece em outubro.	1	production	"{""flash38-J2"": {""verdict"": ""bp_ok"", ""drift"": ""none"", ""severity"": ""low"", ""evidence"": ""Native standard Brazilian Portuguese pronunciation throughout with vocalized coda /l/ in 'presidencial' and proper reduction of final unstressed vowels.""}}"	9851aabdf5	1	1	A eleição presidencial acontece em outubro.	A eleição presidencial acontece em outubro.	
2492.00.01	word	Rw38T6bn0lTNOb1aUevR	audio/2492.00.01-word-eleven_v3-v1.mp3	Escolar.	1	production	"{""flash38-J2"": {""verdict"": ""bp_ok"", ""drift"": ""none"", ""severity"": ""low"", ""evidence"": ""Word pronounced accurately with final stress on -lar and standard Brazilian Portuguese phonemes.""}}"	9851aabdf5	1	1	escolar	escolar	
2492.00.01	example	Rw38T6bn0lTNOb1aUevR	audio/2492.00.01-ex-eleven_v3-v1.mp3	O ano escolar começa em fevereiro no Brasil.	1	production	"{""flash38-J2"": {""verdict"": ""bp_ok"", ""drift"": ""none"", ""severity"": ""low"", ""evidence"": ""All words pronounced with natural Brazilian Portuguese phonology, including final -l vocalization in Brasil as [w] and correct vowel reductions.""}}"	9851aabdf5	1	1	O ano escolar começa em fevereiro no Brasil.	O ano escolar começa em fevereiro no Brasil.	
2516.00.01	word	m151rjrbWXbBqyq56tly	audio/2516.00.01-word-eleven_v3-v1.mp3	A prestação.	1	production	"{""flash38-J2"": {""verdict"": ""bp_ok"", ""drift"": ""none"", ""severity"": ""low"", ""evidence"": ""Accurate standard Brazilian Portuguese pronunciation with correct stress on the final syllable and nasal diphthong.""}}"	9851aabdf5	1	1	a prestação	a prestação	
2516.00.01	example	m151rjrbWXbBqyq56tly	audio/2516.00.01-ex-eleven_v3-v1.mp3	Vou pagar o sofá em seis prestações.	1	production	"{""flash38-J2"": {""verdict"": ""bp_ok"", ""drift"": ""none"", ""severity"": ""low"", ""evidence"": ""Natural standard Brazilian Portuguese pronunciation across all words in the sentence.""}}"	9851aabdf5	1	1	Vou pagar o sofá em seis prestações.	Vou pagar o sofá em seis prestações.	
2521.00.02	word	qPfM2laM0pRL4rrZtBGl	audio/2521.00.02-word-eleven_v3-v1.mp3	O químico	1	production	"{""flash38-J2"": {""verdict"": ""bp_ok"", ""drift"": ""none"", ""severity"": ""low"", ""evidence"": ""Matches the expected Brazilian Portuguese pronunciation /u ˈkimiku/ with correct stress and vowel quality.""}}"	9851aabdf5	1	1	o químico	o químico	
2521.00.02	example	qPfM2laM0pRL4rrZtBGl	audio/2521.00.02-ex-eleven_v3-v1.mp3	O químico trabalha no laboratório da universidade.	1	production	"{""flash38-J2"": {""verdict"": ""bp_ok"", ""drift"": ""none"", ""severity"": ""low"", ""evidence"": ""Matches standard Brazilian Portuguese pronunciation throughout the entire sentence, including palatalization of -de as [dʒi].""}}"	9851aabdf5	1	1	O químico trabalha no laboratório da universidade.	O químico trabalha no laboratório da universidade.	
2522.00.01	word	m151rjrbWXbBqyq56tly	audio/2522.00.01-word-eleven_v3-v1.mp3	Utehos.	1	relaxed	"{""flash38-J2"": {""verdict"": ""bp_ok"", ""drift"": ""none"", ""severity"": ""low"", ""evidence"": ""Clear standard Brazilian pronunciation of 'o terror' with proper vowel quality and guttural 'rr'.""}, ""pro-J2"": {""verdict"": ""bp_ok"", ""drift"": ""none"", ""severity"": ""low"", ""evidence"": ""Clear pronunciation of the back fricative for double r and correct stress on the final syllable.""}}"	9851aabdf5	1	1	o terror	o terror	
2522.00.01	example	m151rjrbWXbBqyq56tly	audio/2522.00.01-ex-eleven_v3-v1.mp3	O filme de terror me deu muito medo.	1	production	"{""flash38-J2"": {""verdict"": ""bp_ok"", ""drift"": ""none"", ""severity"": ""low"", ""evidence"": ""Accurate Brazilian Portuguese pronunciation with palatalized 'de' as [dʒi], vocalized 'l' in 'filme', and standard intonation throughout.""}}"	9851aabdf5	1	1	O filme de terror me deu muito medo.	O filme de terror me deu muito medo.	
2562.00.01	word	wxoDdfPKBuna5KnUEotz	audio/2562.00.01-word-eleven_v3-v3.mp3	Partilhar.	1	production	"{""flash38-J2"": {""verdict"": ""bp_ok"", ""drift"": ""none"", ""severity"": ""low"", ""evidence"": ""Word pronounced accurately with standard Brazilian Portuguese phonemes [paɾtʃiˈʎaɾ], including palatalized [tʃ] before [i] and correct stress on the final sylla""}}"	9851aabdf5	1	1	partilhar	partilhar	
2562.00.01	example	ny3E2DZImeZm00WLGZi9	audio/2562.00.01-ex-eleven_v3-v1.mp3	Vamos partilhar a pizza com nossos amigos.	1	production	"{""flash38-J2"": {""verdict"": ""bp_ok"", ""drift"": ""none"", ""severity"": ""low"", ""evidence"": ""Pronounces palatalized /tʃi/ in 'partilhar' and all vowels/consonants consistently with standard Brazilian Portuguese phonology.""}}"	9851aabdf5	1	1	Vamos partilhar a pizza com nossos amigos.	Vamos partilhar a pizza com nossos amigos.	
2570.00.01	word	m151rjrbWXbBqyq56tly	audio/2570.00.01-word-eleven_v3-v2.mp3	Expulsar.	1	production	"{""flash38-J2"": {""verdict"": ""bp_ok"", ""drift"": ""none"", ""severity"": ""low"", ""evidence"": ""Pronounced with vocalized coda l [w] and stress on the final syllable as expected in standard BP.""}}"	9851aabdf5	1	1	expulsar	expulsar	
2570.00.01	example	m151rjrbWXbBqyq56tly	audio/2570.00.01-ex-eleven_v3-v1.mp3	O diretor expulsou o aluno da escola.	1	production	"{""flash38-J2"": {""verdict"": ""bp_ok"", ""drift"": ""none"", ""severity"": ""low"", ""evidence"": ""Palatalization of 'di' in diretor and vocalization of final -l in expulsou and aluno da escola pronounced correctly with standard BP phonology.""}}"	9851aabdf5	1	1	O diretor expulsou o aluno da escola.	O diretor expulsou o aluno da escola.	
2573.00.01	word	qPfM2laM0pRL4rrZtBGl	audio/2573.00.01-word-eleven_v3-v1.mp3	O sono.	1	production	"{""flash38-J2"": {""verdict"": ""bp_ok"", ""drift"": ""none"", ""severity"": ""low"", ""evidence"": ""Accurate closed stressed vowel [o] followed by nasal consonant [n] and standard reduction to [u].""}}"	9851aabdf5	1	1	o sono	o sono	
2573.00.01	example	qPfM2laM0pRL4rrZtBGl	audio/2573.00.01-ex-eleven_v3-v1.mp3	Estou com muito sono depois do trabalho.	1	production	"{""flash38-J2"": {""verdict"": ""bp_ok"", ""drift"": ""none"", ""severity"": ""low"", ""evidence"": ""Entire sentence is pronounced with standard Brazilian Portuguese phonology, including correct vowel reductions and natural rhythm.""}}"	9851aabdf5	1	1	Estou com muito sono depois do trabalho.	Estou com muito sono depois do trabalho.	
2576.00.01	word	m151rjrbWXbBqyq56tly	audio/2576.00.01-word-eleven_v3-v1.mp3	O apelo.	1	production	"{""flash38-J2"": {""verdict"": ""bp_ok"", ""drift"": ""none"", ""severity"": ""low"", ""evidence"": ""Pronounced clearly with expected stress and vowel reduction as [u aˈpelu].""}, ""pro-J2"": {""verdict"": ""bp_ok"", ""drift"": ""none"", ""severity"": ""low"", ""evidence"": ""Correct stress on the penultimate syllable with a closed e vowel and final o reduced to u.""}}"	9851aabdf5	1	1	o apelo	o apelo	
2576.00.01	example	m151rjrbWXbBqyq56tly	audio/2576.00.01-ex-eleven_v3-v1.mp3	O advogado fez um apelo ao juiz.	1	production	"{""flash38-J2"": {""verdict"": ""non_bp"", ""drift"": ""other"", ""severity"": ""medium"", ""evidence"": ""In the word 'fez', the speaker pronounced the stressed vowel with closed [e] (/fez/) instead of the standard open vowel [ɛ] (/fɛz/).""}}"	9851aabdf5	0	0	O advogado fez um apelo ao juiz.	O advogado fez um apelo ao juiz.	
2588.00.01	word	Rw38T6bn0lTNOb1aUevR	audio/2588.00.01-word-eleven_v3-v1.mp3	O gelo.	1	production	"{""flash38-J2"": {""verdict"": ""bp_ok"", ""drift"": ""none"", ""severity"": ""low"", ""evidence"": ""Stressed vowel is closed [e], initial /ʒ/ and final unstressed -o pronounced as [u] correctly match standard Brazilian Portuguese.""}, ""pro-J2"": {""verdict"": ""bp_ok"", ""drift"": ""none"", ""severity"": ""low"", ""evidence"": ""The speaker correctly pronounces the word with the expected stress and vowel qualities, including the final unstressed 'o' as [u].""}}"	9851aabdf5	1	1	o gelo	o gelo	
2588.00.01	example	Rw38T6bn0lTNOb1aUevR	audio/2588.00.01-ex-eleven_v3-v1.mp3	Quero água com gelo, por favor.	1	production	"{""flash38-J2"": {""verdict"": ""bp_ok"", ""drift"": ""none"", ""severity"": ""low"", ""evidence"": ""Pronounced naturally with accurate Brazilian Portuguese phonology, including correct vowel reduction and rhotic tap.""}}"	9851aabdf5	1	1	Quero água com gelo, por favor.	Quero água com gelo, por favor.	
2607.00.01	word	xNGAXaCH8MaasNuo7Hr7	audio/2607.00.01-word-eleven_v3-v1.mp3	Colonial.	1	production	"{""flash38-J2"": {""verdict"": ""bp_ok"", ""drift"": ""none"", ""severity"": ""low"", ""evidence"": ""Final -l properly vocalized to [w] and stress correctly on the final syllable [ˈaw].""}, ""pro-J2"": {""verdict"": ""bp_ok"", ""drift"": ""none"", ""severity"": ""low"", ""evidence"": ""The final 'l' is correctly vocalized to [w] and the stress is on the final syllable.""}}"	9851aabdf5	1	1	colonial	colonial	
2607.00.01	example	xNGAXaCH8MaasNuo7Hr7	audio/2607.00.01-ex-eleven_v3-v1.mp3	O Brasil tem muitas igrejas coloniais históricas.	1	production	"{""flash38-J2"": {""verdict"": ""bp_ok"", ""drift"": ""none"", ""severity"": ""low"", ""evidence"": ""Native Brazilian Portuguese pronunciation throughout with vocalized final -l, proper palatalization, and correct vowel qualities.""}}"	9851aabdf5	1	1	O Brasil tem muitas igrejas coloniais históricas.	O Brasil tem muitas igrejas coloniais históricas.	
2608.00.01	word	ny3E2DZImeZm00WLGZi9	audio/2608.00.01-word-eleven_v3-v1.mp3	Estrutural.	1	production	"{""flash38-J2"": {""verdict"": ""bp_ok"", ""drift"": ""none"", ""severity"": ""low"", ""evidence"": ""Pronounced with standard Brazilian Portuguese phonology, including vocalized final -l as [w] and correct stress placement on the final syllable.""}, ""pro-J2"": {""verdict"": ""bp_ok"", ""drift"": ""none"", ""severity"": ""low"", ""evidence"": ""Final L is correctly vocalized to [w] and stress is on the final syllable.""}}"	9851aabdf5	1	1	estrutural	estrutural	
2608.00.01	example	ny3E2DZImeZm00WLGZi9	audio/2608.00.01-ex-eleven_v3-v1.mp3	O engenheiro encontrou um problema estrutural no prédio.	1	production	"{""flash38-J2"": {""verdict"": ""bp_ok"", ""drift"": ""none"", ""severity"": ""low"", ""evidence"": ""Natural standard Brazilian Portuguese pronunciation of all words with appropriate palatalization of 'di' in prédio as [dʒi] and vocalized final -l in estrutural""}}"	9851aabdf5	1	1	O engenheiro encontrou um problema estrutural no prédio.	O engenheiro encontrou um problema estrutural no prédio.	
2615.00.01	word	Rw38T6bn0lTNOb1aUevR	audio/2615.00.01-word-eleven_v3-v1.mp3	O holandês.	1	production	"{""flash38-J2"": {""verdict"": ""bp_ok"", ""drift"": ""none"", ""severity"": ""low"", ""evidence"": ""The speaker clearly pronounces /u olɐ̃ˈdes/ with expected stress, closed stressed vowel, and alveolar coda s.""}, ""pro-J2"": {""verdict"": ""bp_ok"", ""drift"": ""none"", ""severity"": ""low"", ""evidence"": ""Clear and correct pronunciation with silent h, nasalized a, and final s as [s].""}}"	9851aabdf5	1	1	o holandês	o holandês	
2615.00.01	example	Rw38T6bn0lTNOb1aUevR	audio/2615.00.01-ex-eleven_v3-v1.mp3	Meu amigo holandês mora em Amsterdã.	1	production	"{""flash38-J2"": {""verdict"": ""bp_ok"", ""drift"": ""none"", ""severity"": ""low"", ""evidence"": ""All vowels and consonants align with standard Brazilian Portuguese phonology.""}}"	9851aabdf5	1	1	Meu amigo holandês mora em Amsterdã.	Meu amigo holandês mora em Amsterdã.	
2626.00.01	word	wxoDdfPKBuna5KnUEotz	audio/2626.00.01-word-eleven_v3-v1.mp3	A Ribeira.	1	production	"{""flash38-J2"": {""verdict"": ""bp_ok"", ""drift"": ""none"", ""severity"": ""low"", ""evidence"": ""Pronounced with standard Brazilian Portuguese phonemes /a hiˈbejɾɐ/, including glottal fricative for initial r and tap for intervocalic r.""}, ""pro-J2"": {""verdict"": ""bp_ok"", ""drift"": ""none"", ""severity"": ""low"", ""evidence"": ""Initial r is pronounced as a back fricative [h] and the intervocalic r is a clear tap [ɾ], matching standard BP.""}}"	9851aabdf5	1	1	a ribeira	a ribeira	
2626.00.01	example	wxoDdfPKBuna5KnUEotz	audio/2626.00.01-ex-eleven_v3-v1.mp3	A ribeira passa pelo meio da fazenda.	1	production	"{""flash38-J2"": {""verdict"": ""bp_ok"", ""drift"": ""none"", ""severity"": ""low"", ""evidence"": ""Native standard Brazilian Portuguese pronunciation with correct vowels, glides, and rhotics.""}}"	9851aabdf5	1	1	A ribeira passa pelo meio da fazenda.	A ribeira passa pelo meio da fazenda.	
2626.00.02	word	wxoDdfPKBuna5KnUEotz	audio/2626.00.02-word-eleven_v3-v1.mp3	Ahí vira.	1	relaxed	"{""flash38-J2"": {""verdict"": ""bp_ok"", ""drift"": ""none"", ""severity"": ""low"", ""evidence"": ""Word pronounced accurately with initial back fricative [h], correct diphthong [ej], alveolar flap [ɾ], and unstressed final [ɐ].""}, ""pro-J2"": {""verdict"": ""bp_ok"", ""drift"": ""none"", ""severity"": ""low"", ""evidence"": ""Initial r is pronounced as a back fricative and the medial r is a tap, matching standard Brazilian Portuguese.""}}"	9851aabdf5	1	1	a ribeira	a ribeira	
2626.00.02	example	wxoDdfPKBuna5KnUEotz	audio/2626.00.02-ex-eleven_v3-v1.mp3	As crianças brincam na ribeira todos os dias.	1	production	"{""flash38-J2"": {""verdict"": ""non_bp"", ""drift"": ""EP"", ""severity"": ""high"", ""evidence"": ""European Portuguese phonology throughout: palatoalveolar coda sibilants [ʃ]/[ʒ] ('as crianças', 'todos os dias'), alveolar trill/uvular r for ribeira, and unpal""}}"	9851aabdf5	0	0	As crianças brincam na ribeira todos os dias.	As crianças brincam na ribeira todos os dias.	
2652.00.01	word	wxoDdfPKBuna5KnUEotz	audio/2652.00.01-word-eleven_v3-v1.mp3	A prefeitura.	1	production	"{""flash38-J2"": {""verdict"": ""bp_ok"", ""drift"": ""none"", ""severity"": ""low"", ""evidence"": ""Accurate Brazilian Portuguese pronunciation with correct vowel quality, diphthong [ej], tap rhotic, and final syllable reduction.""}}"	9851aabdf5	1	1	a prefeitura	a prefeitura	
2652.00.01	example	wxoDdfPKBuna5KnUEotz	audio/2652.00.01-ex-eleven_v3-v1.mp3	A prefeitura vai reformar a praça central.	1	production	"{""flash38-J2"": {""verdict"": ""bp_ok"", ""drift"": ""none"", ""severity"": ""low"", ""evidence"": ""Native Brazilian Portuguese pronunciation with correct vowel reductions, flap r, guttural r on 'reformar', and vocalized coda-l in 'central'.""}}"	9851aabdf5	1	1	A prefeitura vai reformar a praça central.	A prefeitura vai reformar a praça central.	
2670.00.01	word	Rw38T6bn0lTNOb1aUevR	audio/2670.00.01-word-eleven_v3-v1.mp3	Aorta.	1	relaxed	"{""flash38-J2"": {""verdict"": ""bp_ok"", ""drift"": ""none"", ""severity"": ""low"", ""evidence"": ""Correct pronunciation of 'a horta' with open stressed /ɔ/ and standard Brazilian phonology.""}, ""pro-J2"": {""verdict"": ""bp_ok"", ""drift"": ""none"", ""severity"": ""low"", ""evidence"": ""Clear open 'o' vowel and correct stress placement with silent initial h.""}}"	9851aabdf5	1	1	a horta	a horta	
2670.00.01	example	Rw38T6bn0lTNOb1aUevR	audio/2670.00.01-ex-eleven_v3-v1.mp3	Minha avó cultiva tomates e alface na horta.	1	production	"{""flash38-J2"": {""verdict"": ""bp_ok"", ""drift"": ""none"", ""severity"": ""low"", ""evidence"": ""Native standard Brazilian Portuguese pronunciation matching the expected IPA, with proper palatalization in 'cultiva' and 'tomates', vocalized -l, and open vowe""}}"	9851aabdf5	1	1	Minha avó cultiva tomates e alface na horta.	Minha avó cultiva tomates e alface na horta.	
2702.00.01	word	m151rjrbWXbBqyq56tly	audio/2702.00.01-word-eleven_v3-v2.mp3	Сихкулар.	1	relaxed	"{""flash38-J2"": {""verdict"": ""bp_ok"", ""drift"": ""none"", ""severity"": ""low"", ""evidence"": ""Pronounced with accurate Brazilian Portuguese phonology /siɾkuˈlaɾ/ with stress on the final syllable.""}}"	9851aabdf5	1	1	circular	circular	
2702.00.01	example	m151rjrbWXbBqyq56tly	audio/2702.00.01-ex-eleven_v3-v1.mp3	A mesa circular tem seis cadeiras ao redor.	1	production	"{""flash38-J2"": {""verdict"": ""bp_ok"", ""drift"": ""none"", ""severity"": ""low"", ""evidence"": ""Pronounced with standard Brazilian Portuguese phonology, including correct vowels, palatalization, and stress patterns.""}}"	9851aabdf5	1	1	A mesa circular tem seis cadeiras ao redor.	A mesa circular tem seis cadeiras ao redor.	
2702.00.02	word	Rw38T6bn0lTNOb1aUevR	audio/2702.00.02-word-eleven_v3-v3.mp3	A circular.	1	production	"{""flash38-J2"": {""verdict"": ""non_bp"", ""drift"": ""EP"", ""severity"": ""medium"", ""evidence"": ""European Portuguese prosody and vowel quality, with characteristic vowel reduction of the article 'a'.""}}"	9851aabdf5	0	0	a circular	a circular	
2702.00.02	example	m151rjrbWXbBqyq56tly	audio/2702.00.02-ex-eleven_v3-v2.mp3	A circular da empresa passa aqui às sete da manhã.	1	production	"{""flash38-J2"": {""verdict"": ""bp_ok"", ""drift"": ""none"", ""severity"": ""low"", ""evidence"": ""Pronounced with standard Brazilian Portuguese phonology, including correct palatalization of 'sete' as [ˈsɛtʃi] and standard vowel qualities.""}}"	9851aabdf5	1	1	A circular da empresa passa aqui às sete da manhã.	A circular da empresa passa aqui às sete da manhã.	
2710.00.01	word	m151rjrbWXbBqyq56tly	audio/2710.00.01-word-eleven_v3-v1.mp3	Hirdach	1	relaxed	"{""flash38-J2"": {""verdict"": ""non_bp"", ""drift"": ""other"", ""severity"": ""medium"", ""evidence"": ""Aspiration or friction on initial silent 'h', sounding like /h/ or /x/ instead of silent vowel onset /e/.""}, ""pro-J2"": {""verdict"": ""bp_ok"", ""drift"": ""none"", ""severity"": ""low"", ""evidence"": ""Stress is correctly on the final syllable and the final r is pronounced as a back fricative, typical of Brazilian Portuguese.""}}"	9851aabdf5	0	0	herdar	herdar	
2710.00.01	example	m151rjrbWXbBqyq56tly	audio/2710.00.01-ex-eleven_v3-v1.mp3	Meu irmão herdou a casa do meu avô.	1	production	"{""flash38-J2"": {""verdict"": ""bp_ok"", ""drift"": ""none"", ""severity"": ""low"", ""evidence"": ""Entire sentence pronounced naturally with standard Brazilian Portuguese phonology, stress, and intonation.""}}"	9851aabdf5	1	1	Meu irmão herdou a casa do meu avô.	Meu irmão herdou a casa do meu avô.	
2712.00.01	word	qPfM2laM0pRL4rrZtBGl	audio/2712.00.01-word-eleven_v3-v1.mp3	o/a carioca	0	fail	{}	9851aabdf5	0	0	o/a carioca	o carioca, a carioca	
2712.00.01	example	qPfM2laM0pRL4rrZtBGl	audio/2712.00.01-ex-eleven_v3-v1.mp3	Meu amigo carioca adora praia e samba.	1	production	"{""flash38-J2"": {""verdict"": ""bp_ok"", ""drift"": ""none"", ""severity"": ""low"", ""evidence"": ""Natural standard Brazilian Portuguese pronunciation matching the expected phonetics and intonation.""}}"	9851aabdf5	1	1	Meu amigo carioca adora praia e samba.	Meu amigo carioca adora praia e samba.	
2740.00.01	word	Rw38T6bn0lTNOb1aUevR	audio/2740.00.01-word-eleven_v3-v3.mp3	A pata.	1	production	"{""flash38-J2"": {""verdict"": ""bp_ok"", ""drift"": ""none"", ""severity"": ""low"", ""evidence"": ""Matches standard São Paulo pronunciation with clear [a ˈpatɐ].""}}"	9851aabdf5	1	1	a pata	a pata	
2740.00.01	example	m151rjrbWXbBqyq56tly	audio/2740.00.01-ex-eleven_v3-v1.mp3	O cavalo machucou a pata na corrida.	1	production	"{""flash38-J2"": {""verdict"": ""bp_ok"", ""drift"": ""none"", ""severity"": ""low"", ""evidence"": ""Pronounced naturally with accurate Brazilian Portuguese phonology throughout the entire phrase.""}}"	9851aabdf5	1	1	O cavalo machucou a pata na corrida.	O cavalo machucou a pata na corrida.	
2747.00.01	word	wxoDdfPKBuna5KnUEotz	audio/2747.00.01-word-eleven_v3-v1.mp3	A šansi.	1	relaxed	"{""flash38-J2"": {""verdict"": ""bp_ok"", ""drift"": ""none"", ""severity"": ""low"", ""evidence"": ""Pronounced with clear standard Brazilian Portuguese phonemes [a ˈʃɐ̃si], including proper nasalization and final unstressed -e as [i].""}, ""pro-J2"": {""verdict"": ""bp_ok"", ""drift"": ""none"", ""severity"": ""low"", ""evidence"": ""Clear palatal fricative and nasalized vowel with final unstressed i.""}}"	9851aabdf5	1	1	a chance	a chance	
2747.00.01	example	wxoDdfPKBuna5KnUEotz	audio/2747.00.01-ex-eleven_v3-v1.mp3	Ele teve uma chance de ganhar o jogo.	1	production	"{""flash38-J2"": {""verdict"": ""bp_ok"", ""drift"": ""none"", ""severity"": ""low"", ""evidence"": ""Pronounced accurately with standard Brazilian Portuguese phonemes, including palatalized 'de' as [dʒi] and appropriate vowel reductions.""}}"	9851aabdf5	1	1	Ele teve uma chance de ganhar o jogo.	Ele teve uma chance de ganhar o jogo.	
2768.00.01	word	AaeZyyi87RCxtFnHPS3e	audio/2768.00.01-word-eleven_v3-v1.mp3	O morador.	1	production	"{""flash38-J2"": {""verdict"": ""bp_ok"", ""drift"": ""none"", ""severity"": ""low"", ""evidence"": ""Pronounced with standard Brazilian Portuguese phonemes [u moɾaˈdoɾ] with expected closed 'o' and tap coda r.""}}"	9851aabdf5	1	1	o morador	o morador	
2768.00.01	example	AaeZyyi87RCxtFnHPS3e	audio/2768.00.01-ex-eleven_v3-v1.mp3	Os moradores do prédio fizeram uma reunião ontem.	1	production	"{""flash38-J2"": {""verdict"": ""bp_ok"", ""drift"": ""none"", ""severity"": ""low"", ""evidence"": ""Pronounced with standard Brazilian Portuguese phonology, including palatalization in 'prédio' [ˈpɾɛdʒju] and correct glottal/aspirated 'r' in 'reunião' [hew̃niˈ""}}"	9851aabdf5	1	1	Os moradores do prédio fizeram uma reunião ontem.	Os moradores do prédio fizeram uma reunião ontem.	
2778.00.01	word	xNGAXaCH8MaasNuo7Hr7	audio/2778.00.01-word-eleven_v3-v2.mp3	O frango	1	production	"{""flash38-J2"": {""verdict"": ""bp_ok"", ""drift"": ""none"", ""severity"": ""low"", ""evidence"": ""Native Brazilian Portuguese pronunciation of 'o frango' [u ˈfɾɐ̃ɡu] with tapped r and reduced final vowel.""}}"	9851aabdf5	1	1	o frango	o frango	
2778.00.01	example	xNGAXaCH8MaasNuo7Hr7	audio/2778.00.01-ex-eleven_v3-v1.mp3	Eu comprei frango no mercado para o jantar.	1	production	"{""flash38-J2"": {""verdict"": ""bp_ok"", ""drift"": ""none"", ""severity"": ""low"", ""evidence"": ""All words pronounced with natural standard Brazilian Portuguese phonology, including nasal vowels, tap r, and final vowel reductions.""}}"	9851aabdf5	1	1	Eu comprei frango no mercado para o jantar.	Eu comprei frango no mercado para o jantar.	
2784.00.01	word	wxoDdfPKBuna5KnUEotz	audio/2784.00.01-word-eleven_v3-v3.mp3	Judicial.	1	production	"{""flash38-J2"": {""verdict"": ""bp_ok"", ""drift"": ""none"", ""severity"": ""low"", ""evidence"": ""Word is pronounced clearly as [ʒudʒisiˈaw] with proper palatalization of 'di' and vocalization of final 'l'.""}, ""pro-J2"": {""verdict"": ""bp_ok"", ""drift"": ""none"", ""severity"": ""low"", ""evidence"": ""Clear palatalization of di as [dʒi] and vocalization of final l as [w] with correct final stress.""}}"	9851aabdf5	1	1	judicial	judicial	
2784.00.01	example	AaeZyyi87RCxtFnHPS3e	audio/2784.00.01-ex-eleven_v3-v1.mp3	O processo judicial demora muito tempo no Brasil.	1	production	"{""flash38-J2"": {""verdict"": ""bp_ok"", ""drift"": ""none"", ""severity"": ""low"", ""evidence"": ""Pronounced with standard Brazilian Portuguese phonology, including vocalized -l to [w] in 'judicial' and 'Brasil', palatalized [dʒ] in 'judicial', and proper op""}}"	9851aabdf5	1	1	O processo judicial demora muito tempo no Brasil.	O processo judicial demora muito tempo no Brasil.	
2797.00.01	word	Rw38T6bn0lTNOb1aUevR	audio/2797.00.01-word-eleven_v3-v3.mp3	A borracha.	1	production	"{""flash38-J2"": {""verdict"": ""bp_ok"", ""drift"": ""none"", ""severity"": ""low"", ""evidence"": ""Native Brazilian Portuguese pronunciation with correct stress on the penultimate syllable, standard back fricative for 'rr', and palato-alveolar fricative for '""}}"	9851aabdf5	1	1	a borracha	a borracha	
2797.00.01	example	m151rjrbWXbBqyq56tly	audio/2797.00.01-ex-eleven_v3-v1.mp3	A borracha do meu lápis é pequena.	1	production	"{""flash38-J2"": {""verdict"": ""bp_ok"", ""drift"": ""none"", ""severity"": ""low"", ""evidence"": ""Pronounced with standard Brazilian Portuguese phonology, including correct stress, vowel qualities, and linking /lapiz ɛ/.""}}"	9851aabdf5	1	1	A borracha do meu lápis é pequena.	A borracha do meu lápis é pequena.	
2801.00.01	word	AaeZyyi87RCxtFnHPS3e	audio/2801.00.01-word-eleven_flash_v2_5-v2.mp3	ó	1	production	"{""flash38-J2"": {""verdict"": ""bp_ok"", ""drift"": ""none"", ""severity"": ""low"", ""evidence"": ""Accurate open back-mid rounded vowel [ɔ] matching standard Brazilian Portuguese.""}}"	9851aabdf5	1	1	ó	ó	
2801.00.01	example	AaeZyyi87RCxtFnHPS3e	audio/2801.00.01-ex-eleven_v3-v1.mp3	Ó Maria, você pode me ajudar?	1	production	"{""flash38-J2"": {""verdict"": ""bp_ok"", ""drift"": ""none"", ""severity"": ""low"", ""evidence"": ""Pronounced with standard Brazilian Portuguese phonology, including correct palatalization on 'pode' and natural vowel reductions.""}}"	9851aabdf5	1	1	Ó Maria, você pode me ajudar?	Ó Maria, você pode me ajudar?	
2813.00.01	word	xNGAXaCH8MaasNuo7Hr7	audio/2813.00.01-word-eleven_v3-v1.mp3	oh	1	production	"{""flash38-J2"": {""verdict"": ""bp_ok"", ""drift"": ""none"", ""severity"": ""low"", ""evidence"": ""Pronounced as clear open back rounded vowel [ɔ] matching expected standard BP.""}, ""pro-J2"": {""verdict"": ""bp_ok"", ""drift"": ""none"", ""severity"": ""low"", ""evidence"": ""Clear open O vowel matching the expected pronunciation.""}}"	9851aabdf5	1	1	oh	oh	
2813.00.01	example	xNGAXaCH8MaasNuo7Hr7	audio/2813.00.01-ex-eleven_v3-v1.mp3	Oh, que surpresa te ver aqui!	1	production	"{""flash38-J2"": {""verdict"": ""bp_ok"", ""drift"": ""none"", ""severity"": ""low"", ""evidence"": ""Pronounced with standard Brazilian Portuguese phonology, including palatalized [tʃi] for 'te' and standard vowel qualities.""}}"	9851aabdf5	1	1	Oh, que surpresa te ver aqui!	Oh, que surpresa te ver aqui!	
2821.00.01	word	m151rjrbWXbBqyq56tly	audio/2821.00.01-word-eleven_v3-v1.mp3	O poço.	1	production	"{""flash38-J2"": {""verdict"": ""non_bp"", ""drift"": ""other"", ""severity"": ""medium"", ""evidence"": ""Stressed vowel pronounced as open [ɔ] (/ˈpɔsu/) instead of expected closed [o] (/ˈposu/)""}, ""pro-J2"": {""verdict"": ""bp_ok"", ""drift"": ""none"", ""severity"": ""low"", ""evidence"": ""Correct closed 'o' vowel and final 'o' reduced to 'u' with proper stress.""}}"	9851aabdf5	0	0	o poço	o poço	
2821.00.01	example	m151rjrbWXbBqyq56tly	audio/2821.00.01-ex-eleven_v3-v1.mp3	O poço da fazenda tem água fresca.	1	production	"{""flash38-J2"": {""verdict"": ""bp_ok"", ""drift"": ""none"", ""severity"": ""low"", ""evidence"": ""Pronounced with standard Brazilian Portuguese phonology, including correct vowels, palatalization, and stress patterns.""}}"	9851aabdf5	1	1	O poço da fazenda tem água fresca.	O poço da fazenda tem água fresca.	
2830.00.01	word	Rw38T6bn0lTNOb1aUevR	audio/2830.00.01-word-eleven_v3-v1.mp3	U protokolu.	1	relaxed	"{""flash38-J2"": {""verdict"": ""bp_ok"", ""drift"": ""none"", ""severity"": ""low"", ""evidence"": ""Stressed syllable correctly pronounced with open [ɔ] and unstressed final vowels reduced to [u] matching standard Brazilian Portuguese.""}, ""pro-J2"": {""verdict"": ""bp_ok"", ""drift"": ""none"", ""severity"": ""low"", ""evidence"": ""Clear pronunciation with correct stress on the penultimate syllable and standard vowel qualities.""}}"	9851aabdf5	1	1	o protocolo	o protocolo	
2830.00.01	example	Rw38T6bn0lTNOb1aUevR	audio/2830.00.01-ex-eleven_v3-v1.mp3	O hospital segue um protocolo rigoroso para cirurgias.	1	production	"{""flash38-J2"": {""verdict"": ""bp_ok"", ""drift"": ""none"", ""severity"": ""low"", ""evidence"": ""Native standard Brazilian Portuguese pronunciation throughout with vocalized final -l in hospital and correct stress and vowels across all words.""}}"	9851aabdf5	1	1	O hospital segue um protocolo rigoroso para cirurgias.	O hospital segue um protocolo rigoroso para cirurgias.	
2845.00.01	word	m151rjrbWXbBqyq56tly	audio/2845.00.01-word-eleven_v3-v1.mp3	Convencional.	1	production	"{""flash38-J2"": {""verdict"": ""bp_ok"", ""drift"": ""none"", ""severity"": ""low"", ""evidence"": ""Word pronounced accurately as [kõvẽsjoˈnaw] with final -l vocalized to [w] and proper stress.""}, ""pro-J2"": {""verdict"": ""bp_ok"", ""drift"": ""none"", ""severity"": ""low"", ""evidence"": ""Clear vocalized final L as [w] and correct stress on the final syllable.""}}"	9851aabdf5	1	1	convencional	convencional	
2845.00.01	example	m151rjrbWXbBqyq56tly	audio/2845.00.01-ex-eleven_v3-v1.mp3	Prefiro métodos convencionais de ensino.	1	production	"{""flash38-J2"": {""verdict"": ""bp_ok"", ""drift"": ""none"", ""severity"": ""low"", ""evidence"": ""Native Brazilian Portuguese pronunciation with correct vowel reductions, palatalization of 'de' [dʒi], and stress patterns across the entire phrase.""}}"	9851aabdf5	1	1	Prefiro métodos convencionais de ensino.	Prefiro métodos convencionais de ensino.	
2847.00.01	word	AaeZyyi87RCxtFnHPS3e	audio/2847.00.01-word-eleven_v3-v1.mp3	Reto.	1	production	"{""flash38-J2"": {""verdict"": ""bp_ok"", ""drift"": ""none"", ""severity"": ""low"", ""evidence"": ""Word is clearly pronounced as standard Brazilian Portuguese /ˈhɛtu/ with initial glottal fricative [h] and open [ɛ].""}, ""pro-J2"": {""verdict"": ""bp_ok"", ""drift"": ""none"", ""severity"": ""low"", ""evidence"": ""Initial r is pronounced as a back fricative [h] and the stressed vowel is an open [ɛ], matching standard Brazilian Portuguese.""}}"	9851aabdf5	1	1	reto	reto	
2847.00.01	example	AaeZyyi87RCxtFnHPS3e	audio/2847.00.01-ex-eleven_v3-v1.mp3	A linha reta é mais curta que a curva.	1	production	"{""flash38-J2"": {""verdict"": ""bp_ok"", ""drift"": ""none"", ""severity"": ""low"", ""evidence"": ""Standard Brazilian Portuguese pronunciation with open stressed vowels and natural reduction.""}}"	9851aabdf5	1	1	A linha reta é mais curta que a curva.	A linha reta é mais curta que a curva.	
2851.00.01	word	AaeZyyi87RCxtFnHPS3e	audio/2851.00.01-word-eleven_v3-v1.mp3	O passo.	1	relaxed	"{""flash38-J2"": {""verdict"": ""non_bp"", ""drift"": ""EP"", ""severity"": ""high"", ""evidence"": ""Final unstressed vowel is deleted, pronouncing [u ˈpas] instead of [u ˈpasu], characteristic of European Portuguese vowel reduction""}, ""pro-J2"": {""verdict"": ""bp_ok"", ""drift"": ""none"", ""severity"": ""low"", ""evidence"": ""Clear pronunciation of 'o paço' with correct stress and final vowel reduction to [u].""}}"	9851aabdf5	0	0	o paço	o paço	
2851.00.01	example	AaeZyyi87RCxtFnHPS3e	audio/2851.00.01-ex-eleven_v3-v1.mp3	O Paço Imperial fica no centro da cidade.	1	production	"{""flash38-J2"": {""verdict"": ""bp_ok"", ""drift"": ""none"", ""severity"": ""low"", ""evidence"": ""Pronounced clearly as standard Brazilian Portuguese with proper palatalization in 'cidade' [siˈdadʒi] and vocalized final -l in 'imperial' [ĩpeɾiˈaw].""}}"	9851aabdf5	1	1	O paço imperial fica no centro da cidade.	O paço imperial fica no centro da cidade.	
2861.00.01	word	m151rjrbWXbBqyq56tly	audio/2861.00.01-word-eleven_v3-v1.mp3	A habilidade.	1	production	"{""flash38-J2"": {""verdict"": ""bp_ok"", ""drift"": ""none"", ""severity"": ""low"", ""evidence"": ""Final syllable pronounced clearly as [dʒi] with correct stress on -da-.""}, ""pro-J2"": {""verdict"": ""bp_ok"", ""drift"": ""none"", ""severity"": ""low"", ""evidence"": ""Clear palatalization of the final -de as [dʒi] and correct stress placement.""}}"	9851aabdf5	1	1	a habilidade	a habilidade	
2861.00.01	example	m151rjrbWXbBqyq56tly	audio/2861.00.01-ex-eleven_v3-v1.mp3	Ela tem muita habilidade para cozinhar.	1	production	"{""flash38-J2"": {""verdict"": ""bp_ok"", ""drift"": ""none"", ""severity"": ""low"", ""evidence"": ""Pronounced with standard Brazilian Portuguese phonology, including palatalized [dʒi] in 'habilidade' and standard vowels throughout.""}}"	9851aabdf5	1	1	Ela tem muita habilidade para cozinhar.	Ela tem muita habilidade para cozinhar.	
2872.00.01	word	m151rjrbWXbBqyq56tly	audio/2872.00.01-word-eleven_v3-v2.mp3	Lamentar.	1	production	"{""flash38-J2"": {""verdict"": ""bp_ok"", ""drift"": ""none"", ""severity"": ""low"", ""evidence"": ""Word pronounced with correct nasal vowel and stress on final syllable with standard tap coda r.""}}"	9851aabdf5	1	1	lamentar	lamentar	
2872.00.01	example	m151rjrbWXbBqyq56tly	audio/2872.00.01-ex-eleven_v3-v1.mp3	Boa da cidade lamenta a morte do prefeito.	1	production	"{""flash38-J2"": {""verdict"": ""bp_ok"", ""drift"": ""none"", ""severity"": ""low"", ""evidence"": ""Native standard Brazilian Portuguese pronunciation with palatalized affricates in 'cidade' [dʒi] and 'morte' [tʃi].""}}"	9851aabdf5	1	1	Toda a cidade lamenta a morte do prefeito.	Toda a cidade lamenta a morte do prefeito.	
2875.00.01	word	wxoDdfPKBuna5KnUEotz	audio/2875.00.01-word-eleven_v3-v3.mp3	Necessariamente.	1	production	"{""flash38-J2"": {""verdict"": ""bp_ok"", ""drift"": ""none"", ""severity"": ""low"", ""evidence"": ""Correct palatalization of final -te to [tʃi] and standard Brazilian stress placement and vowel sounds.""}}"	9851aabdf5	1	1	necessariamente	necessariamente	
2875.00.01	example	ny3E2DZImeZm00WLGZi9	audio/2875.00.01-ex-eleven_v3-v1.mp3	Caro não é necessariamente melhor.	1	production	"{""flash38-J2"": {""verdict"": ""bp_ok"", ""drift"": ""none"", ""severity"": ""low"", ""evidence"": ""All words follow standard Brazilian Portuguese phonology, including the palatalized [tʃi] in necessariamente and correct vowels throughout.""}}"	9851aabdf5	1	1	Caro não é necessariamente melhor.	Caro não é necessariamente melhor.	
2880.00.01	word	ny3E2DZImeZm00WLGZi9	audio/2880.00.01-word-eleven_v3-v1.mp3	O titular.	1	production	"{""flash38-J2"": {""verdict"": ""bp_ok"", ""drift"": ""none"", ""severity"": ""low"", ""evidence"": ""Word pronounced clearly as standard BP with palatalized initial affricate [tʃi] and standard final flap [ɾ].""}}"	9851aabdf5	1	1	o titular	o titular	
2880.00.01	example	ny3E2DZImeZm00WLGZi9	audio/2880.00.01-ex-eleven_v3-v1.mp3	O titular do time joga muito bem.	1	production	"{""flash38-J2"": {""verdict"": ""bp_ok"", ""drift"": ""none"", ""severity"": ""low"", ""evidence"": ""Clear standard São Paulo pronunciation with palatalized 'ti' [tʃi] in titular and time, correct vowels, and natural cadence.""}}"	9851aabdf5	1	1	O titular do time joga muito bem.	O titular do time joga muito bem.	
2884.00.01	word	wxoDdfPKBuna5KnUEotz	audio/2884.00.01-word-eleven_v3-v3.mp3	Articular.	1	production	"{""flash38-J2"": {""verdict"": ""bp_ok"", ""drift"": ""none"", ""severity"": ""low"", ""evidence"": ""Pronounced with clear palatalization [tʃi] in 'ti', correct vowel qualities, and standard stress on the final syllable.""}}"	9851aabdf5	1	1	articular	articular	
2884.00.01	example	ny3E2DZImeZm00WLGZi9	audio/2884.00.01-ex-eleven_v3-v1.mp3	Ele não consegue articular as palavras claramente.	1	production	"{""flash38-J2"": {""verdict"": ""bp_ok"", ""drift"": ""none"", ""severity"": ""low"", ""evidence"": ""Pronounced with standard Brazilian Portuguese phonology, including correct palatalization on 'articular' and 'claramente', and proper vowel reductions.""}}"	9851aabdf5	1	1	Ele não consegue articular as palavras claramente.	Ele não consegue articular as palavras claramente.	
2894.00.01	word	ny3E2DZImeZm00WLGZi9	audio/2894.00.01-word-eleven_v3-v2.mp3	A vertente.	1	production	"{""flash38-J2"": {""verdict"": ""non_bp"", ""drift"": ""EP"", ""severity"": ""medium"", ""evidence"": ""Final syllable -te is pronounced with an unpalatalized dental stop [te]/[tɨ] instead of palatalized [tʃi].""}}"	9851aabdf5	0	0	a vertente	a vertente	
2894.00.01	example	ny3E2DZImeZm00WLGZi9	audio/2894.00.01-ex-eleven_v3-v1.mp3	A vertente da montanha é muito íngreme.	1	production	"{""flash38-J2"": {""verdict"": ""bp_ok"", ""drift"": ""none"", ""severity"": ""low"", ""evidence"": ""Native Brazilian Portuguese pronunciation with correct palatalization in vertente [veɾˈtẽtʃi] and accurate stress patterns throughout the sentence.""}}"	9851aabdf5	1	1	A vertente da montanha é muito íngreme.	A vertente da montanha é muito íngreme.	
2899.00.01	word	wxoDdfPKBuna5KnUEotz	audio/2899.00.01-word-eleven_v3-v3.mp3	Delgado.	1	production	"{""flash38-J2"": {""verdict"": ""bp_ok"", ""drift"": ""none"", ""severity"": ""low"", ""evidence"": ""Coda 'l' is properly vocalized as [w] and vowels are typical of standard Brazilian Portuguese.""}}"	9851aabdf5	1	1	delgado	delgado	
2899.00.01	example	qPfM2laM0pRL4rrZtBGl	audio/2899.00.01-ex-eleven_v3-v1.mp3	Meu irmão é muito delgado e alto.	1	production	"{""flash38-J2"": {""verdict"": ""bp_ok"", ""drift"": ""none"", ""severity"": ""low"", ""evidence"": ""Native standard Brazilian Portuguese pronunciation matching the expected IPA phonemes, with vocalized coda /l/ as [w].""}}"	9851aabdf5	1	1	Meu irmão é muito delgado e alto.	Meu irmão é muito delgado e alto.	
2915.00.01	word	AaeZyyi87RCxtFnHPS3e	audio/2915.00.01-word-eleven_v3-v1.mp3	A guitarra.	1	production	"{""flash38-J2"": {""verdict"": ""non_bp"", ""drift"": ""other"", ""severity"": ""high"", ""evidence"": ""The speaker omits the final syllable, saying 'a guitár' instead of 'a guitarra' (/a ɡiˈtahɐ/).""}}"	9851aabdf5	0	0	a guitarra	a guitarra	
2915.00.01	example	AaeZyyi87RCxtFnHPS3e	audio/2915.00.01-ex-eleven_v3-v1.mp3	Meu irmão toca guitarra em uma banda de rock.	1	production	"{""flash38-J2"": {""verdict"": ""bp_ok"", ""drift"": ""none"", ""severity"": ""low"", ""evidence"": ""Pronounced with standard Brazilian Portuguese phonology, including correct palatalization of 'de' [dʒi] and loanword adaptation of 'rock'.""}}"	9851aabdf5	1	1	Meu irmão toca guitarra em uma banda de rock.	Meu irmão toca guitarra em uma banda de rock.	
2937.00.01	word	qPfM2laM0pRL4rrZtBGl	audio/2937.00.01-word-eleven_v3-v1.mp3	A pá.	1	production	"{""flash38-J2"": {""verdict"": ""bp_ok"", ""drift"": ""none"", ""severity"": ""low"", ""evidence"": ""Clear pronunciation of 'a pá' [a ˈpa] with standard open vowel quality and appropriate stress.""}}"	9851aabdf5	1	1	a pá	a pá	
2937.00.01	example	qPfM2laM0pRL4rrZtBGl	audio/2937.00.01-ex-eleven_v3-v1.mp3	O jardineiro usa uma pá para cavar o buraco.	1	production	"{""flash38-J2"": {""verdict"": ""bp_ok"", ""drift"": ""none"", ""severity"": ""low"", ""evidence"": ""Pronounced with standard Brazilian Portuguese phonology, including palatalized 'd' in jardineiro and natural rhythm/vowels.""}}"	9851aabdf5	1	1	O jardineiro usa uma pá para cavar o buraco.	O jardineiro usa uma pá para cavar o buraco.	
2938.00.02	word	Rw38T6bn0lTNOb1aUevR	audio/2938.00.02-word-eleven_v3-v3.mp3	An batir.	1	relaxed	"{""flash38-J2"": {""verdict"": ""non_bp"", ""drift"": ""other"", ""severity"": ""medium"", ""evidence"": ""Word is pronounced with an intrusive nasal consonant as 'ambater' [ãmbaˈte] instead of 'abater' [abaˈteɾ].""}}"	9851aabdf5	0	0	abater	abater	
2938.00.02	example	m151rjrbWXbBqyq56tly	audio/2938.00.02-ex-eleven_v3-v1.mp3	Os trabalhadores vão abater a árvore velha amanhã?	1	production	"{""flash38-J2"": {""verdict"": ""bp_ok"", ""drift"": ""none"", ""severity"": ""low"", ""evidence"": ""Pronunciation naturally matches standard Brazilian Portuguese phonology across all words.""}}"	9851aabdf5	1	1	Os trabalhadores vão abater a árvore velha amanhã.	Os trabalhadores vão abater a árvore velha amanhã.	
2973.00.01	word	m151rjrbWXbBqyq56tly	audio/2973.00.01-word-eleven_v3-v1.mp3	O touro.	1	production	"{""flash38-J2"": {""verdict"": ""bp_ok"", ""drift"": ""none"", ""severity"": ""low"", ""evidence"": ""Pronounced with standard Brazilian Portuguese phonology [u ˈtowɾu] including clear diphthong and alveolar tap.""}, ""pro-J2"": {""verdict"": ""bp_ok"", ""drift"": ""none"", ""severity"": ""low"", ""evidence"": ""Clear alveolar tap and correct closed 'o' vowel with appropriate stress.""}}"	9851aabdf5	1	1	o touro	o touro	
2973.00.01	example	m151rjrbWXbBqyq56tly	audio/2973.00.01-ex-eleven_v3-v1.mp3	O touro está no pasto com as vacas.	1	production	"{""flash38-J2"": {""verdict"": ""bp_ok"", ""drift"": ""none"", ""severity"": ""low"", ""evidence"": ""Natural Brazilian Portuguese pronunciation matching standard phonetic features throughout the entire sentence.""}}"	9851aabdf5	1	1	O touro está no pasto com as vacas.	O touro está no pasto com as vacas.	
2980.00.01	word	qPfM2laM0pRL4rrZtBGl	audio/2980.00.01-word-eleven_v3-v1.mp3	Vital.	1	production	"{""flash38-J2"": {""verdict"": ""bp_ok"", ""drift"": ""none"", ""severity"": ""low"", ""evidence"": ""Pronounced with stress on the final syllable /viˈtaw/ and vocalized final -l as [w].""}, ""pro-J2"": {""verdict"": ""bp_ok"", ""drift"": ""none"", ""severity"": ""low"", ""evidence"": ""Final L is correctly vocalized to [w] and stress is on the final syllable.""}}"	9851aabdf5	1	1	vital	vital	
2980.00.01	example	qPfM2laM0pRL4rrZtBGl	audio/2980.00.01-ex-eleven_v3-v1.mp3	A água é vital para todos os seres vivos.	1	production	"{""flash38-J2"": {""verdict"": ""bp_ok"", ""drift"": ""none"", ""severity"": ""low"", ""evidence"": ""Native standard Brazilian Portuguese pronunciation with correct vocalization of final l in 'vital', standard reduction of unstressed vowels, and proper stress p""}}"	9851aabdf5	1	1	A água é vital para todos os seres vivos.	A água é vital para todos os seres vivos.	
2984.00.01	word	Rw38T6bn0lTNOb1aUevR	audio/2984.00.01-word-eleven_v3-v1.mp3	O post.	1	relaxed	"{""flash38-J2"": {""verdict"": ""bp_ok"", ""drift"": ""none"", ""severity"": ""low"", ""evidence"": ""Clearly pronounced as [u ˈpostu] with correct closed stressed [o] and coda [s]""}, ""pro-J2"": {""verdict"": ""bp_ok"", ""drift"": ""none"", ""severity"": ""low"", ""evidence"": ""Clear closed o and correct stress on pos with final unstressed o reduced to u""}}"	9851aabdf5	1	1	o posto	o posto	
2984.00.01	example	Rw38T6bn0lTNOb1aUevR	audio/2984.00.01-ex-eleven_v3-v1.mp3	Preciso abastecer o carro no posto de gasolina.	1	production	"{""flash38-J2"": {""verdict"": ""bp_ok"", ""drift"": ""none"", ""severity"": ""low"", ""evidence"": ""Pronounced with standard Brazilian Portuguese phonology, including palatalized 'de' [dʒi] and correct vowel reductions.""}}"	9851aabdf5	1	1	Preciso abastecer o carro no posto de gasolina.	Preciso abastecer o carro no posto de gasolina.	
2989.00.01	word	Rw38T6bn0lTNOb1aUevR	audio/2989.00.01-word-eleven_v3-v3.mp3	A planície.	1	production	"{""flash38-J2"": {""verdict"": ""non_bp"", ""drift"": ""EP"", ""severity"": ""medium"", ""evidence"": ""Final vowel reduced to [ɨ] / [ə] instead of standard Brazilian Portuguese final unstressed [i].""}}"	9851aabdf5	0	0	a planície	a planície	
2989.00.01	example	m151rjrbWXbBqyq56tly	audio/2989.00.01-ex-eleven_v3-v1.mp3	A planície é muito grande e tem poucos morros.	1	production	"{""flash38-J2"": {""verdict"": ""bp_ok"", ""drift"": ""none"", ""severity"": ""low"", ""evidence"": ""Pronounced with standard Brazilian Portuguese phonology, including palatalized [dʒi] in 'grande' and velar/glottal fricative [h] in 'morros'.""}}"	9851aabdf5	1	1	A planície é muito grande e tem poucos morros.	A planície é muito grande e tem poucos morros.	
2994.00.01	word	Rw38T6bn0lTNOb1aUevR	audio/2994.00.01-word-eleven_v3-v1.mp3	Acida.	1	relaxed	"{""flash38-J2"": {""verdict"": ""bp_ok"", ""drift"": ""none"", ""severity"": ""low"", ""evidence"": ""Pronounced with clear standard Brazilian Portuguese phonemes [a ˈsedɐ] with correct closed [e] and unstressed final vowel reduction.""}, ""pro-J2"": {""verdict"": ""bp_ok"", ""drift"": ""none"", ""severity"": ""low"", ""evidence"": ""Clear closed e in the stressed syllable and correct stress placement.""}}"	9851aabdf5	1	1	a seda	a seda	
2994.00.01	example	Rw38T6bn0lTNOb1aUevR	audio/2994.00.01-ex-eleven_v3-v1.mp3	Ela comprou um vestido de seda para a festa.	1	production	"{""flash38-J2"": {""verdict"": ""bp_ok"", ""drift"": ""none"", ""severity"": ""low"", ""evidence"": ""Pronounced with standard Brazilian Portuguese phonology, including palatalized 'vestido' [vesˈtʃidu] and 'de' [dʒi], and proper stress/vowel quality.""}}"	9851aabdf5	1	1	Ela comprou um vestido de seda para a festa.	Ela comprou um vestido de seda para a festa.	
3009.00.01	word	qPfM2laM0pRL4rrZtBGl	audio/3009.00.01-word-eleven_v3-v1.mp3	Proveniente.	1	production	"{""flash38-J2"": {""verdict"": ""bp_ok"", ""drift"": ""none"", ""severity"": ""low"", ""evidence"": ""Proper palatalization of final -te as [tʃi] and correct penultimate stress /ẽ/.""}, ""pro-J2"": {""verdict"": ""bp_ok"", ""drift"": ""none"", ""severity"": ""low"", ""evidence"": ""Clear palatalization of the final -te to [tʃi] and correct stress placement.""}}"	9851aabdf5	1	1	proveniente	proveniente	
3009.00.01	example	qPfM2laM0pRL4rrZtBGl	audio/3009.00.01-ex-eleven_v3-v1.mp3	O calor proveniente do Sol aquece a Terra.	1	production	"{""flash38-J2"": {""verdict"": ""bp_ok"", ""drift"": ""none"", ""severity"": ""low"", ""evidence"": ""Pronounced fully in standard Brazilian Portuguese with appropriate palatalization in proveniente [tʃi], vocalized sol [sɔw], and correct stress patterns through""}}"	9851aabdf5	1	1	O calor proveniente do sol aquece a Terra.	O calor proveniente do sol aquece a Terra.	
3013.00.01	word	m151rjrbWXbBqyq56tly	audio/3013.00.01-word-eleven_v3-v1.mp3	Udzies.	1	relaxed	"{""flash38-J2"": {""verdict"": ""bp_ok"", ""drift"": ""none"", ""severity"": ""low"", ""evidence"": ""Standard pronunciation /u dʒɛs/ matching expected São Paulo Brazilian Portuguese.""}, ""pro-J2"": {""verdict"": ""bp_ok"", ""drift"": ""none"", ""severity"": ""low"", ""evidence"": ""Clear [dʒ] and open [ɛ] matching the expected Brazilian Portuguese pronunciation.""}}"	9851aabdf5	1	1	o jazz	o jazz	
3013.00.01	example	m151rjrbWXbBqyq56tly	audio/3013.00.01-ex-eleven_v3-v1.mp3	Eu gosto de ouvir jazz no fim de semana.	1	production	"{""flash38-J2"": {""verdict"": ""bp_ok"", ""drift"": ""none"", ""severity"": ""low"", ""evidence"": ""Native standard Brazilian Portuguese pronunciation matching the expected IPA with correct palatalization of 'de' [dʒi] and appropriate vowel reductions.""}}"	9851aabdf5	1	1	Eu gosto de ouvir jazz no fim de semana.	Eu gosto de ouvir jazz no fim de semana.	
3018.00.01	word	Rw38T6bn0lTNOb1aUevR	audio/3018.00.01-word-eleven_v3-v1.mp3	A catedral.	1	production	"{""flash38-J2"": {""verdict"": ""bp_ok"", ""drift"": ""none"", ""severity"": ""low"", ""evidence"": ""Pronounced accurately with final -l vocalized to [w] and stress correctly placed on the final syllable.""}, ""pro-J2"": {""verdict"": ""bp_ok"", ""drift"": ""none"", ""severity"": ""low"", ""evidence"": ""Final L is correctly vocalized to [w] and stress is on the final syllable.""}}"	9851aabdf5	1	1	a catedral	a catedral	
3018.00.01	example	Rw38T6bn0lTNOb1aUevR	audio/3018.00.01-ex-eleven_v3-v1.mp3	A catedral da cidade é muito antiga e bonita.	1	production	"{""flash38-J2"": {""verdict"": ""bp_ok"", ""drift"": ""none"", ""severity"": ""low"", ""evidence"": ""Native standard Brazilian Portuguese pronunciation matching the expected IPA perfectly, with palatalization of /d/ and /t/ in 'cidade' and 'antiga', and vocaliz""}}"	9851aabdf5	1	1	A catedral da cidade é muito antiga e bonita.	A catedral da cidade é muito antiga e bonita.	
3019.00.01	word	m151rjrbWXbBqyq56tly	audio/3019.00.01-word-eleven_v3-v1.mp3	Estável.	1	production	"{""flash38-J2"": {""verdict"": ""bp_ok"", ""drift"": ""none"", ""severity"": ""low"", ""evidence"": ""Correct vocalization of final -l to [w] and proper stress placement on -tá- [esˈtavew]""}, ""pro-J2"": {""verdict"": ""bp_ok"", ""drift"": ""none"", ""severity"": ""low"", ""evidence"": ""Clear vocalization of the final L to [w] and correct stress on the penultimate syllable.""}}"	9851aabdf5	1	1	estável	estável	
3019.00.01	example	m151rjrbWXbBqyq56tly	audio/3019.00.01-ex-eleven_v3-v1.mp3	O paciente está estável agora.	1	production	"{""flash38-J2"": {""verdict"": ""bp_ok"", ""drift"": ""none"", ""severity"": ""low"", ""evidence"": ""Native standard Brazilian Portuguese pronunciation matching the expected IPA (/u pasiˈẽtʃi esˈta esˈtavew aˈɡɔɾɐ/).""}}"	9851aabdf5	1	1	O paciente está estável agora.	O paciente está estável agora.	
3023.00.01	word	qPfM2laM0pRL4rrZtBGl	audio/3023.00.01-word-eleven_v3-v1.mp3	Estatal.	1	production	"{""flash38-J2"": {""verdict"": ""bp_ok"", ""drift"": ""none"", ""severity"": ""low"", ""evidence"": ""Pronounced with standard Brazilian Portuguese phonology, including final -l vocalized to [w] and stress on the final syllable.""}, ""pro-J2"": {""verdict"": ""bp_ok"", ""drift"": ""none"", ""severity"": ""low"", ""evidence"": ""Final L is vocalized to [w] and stress is correctly on the final syllable.""}}"	9851aabdf5	1	1	estatal	estatal	
3023.00.01	example	qPfM2laM0pRL4rrZtBGl	audio/3023.00.01-ex-eleven_v3-v1.mp3	A empresa estatal controla o petróleo do país.	1	production	"{""flash38-J2"": {""verdict"": ""bp_ok"", ""drift"": ""none"", ""severity"": ""low"", ""evidence"": ""Pronounced with clear and natural Brazilian Portuguese phonetics, including vocalized coda l in 'estatal' and open vowels in 'controla' and 'petróleo'.""}}"	9851aabdf5	1	1	A empresa estatal controla o petróleo do país.	A empresa estatal controla o petróleo do país.	
3025.00.01	word	m151rjrbWXbBqyq56tly	audio/3025.00.01-word-eleven_v3-v2.mp3	As sinalar.	1	relaxed	"{""flash38-J2"": {""verdict"": ""bp_ok"", ""drift"": ""none"", ""severity"": ""low"", ""evidence"": ""Pronounced with standard Brazilian Portuguese phonology, ending with an acceptable coda r [x]/[χ].""}}"	9851aabdf5	1	1	assinalar	assinalar	
3025.00.01	example	m151rjrbWXbBqyq56tly	audio/3025.00.01-ex-eleven_v3-v1.mp3	O professor assinalou o erro no texto.	1	production	"{""flash38-J2"": {""verdict"": ""bp_ok"", ""drift"": ""none"", ""severity"": ""low"", ""evidence"": ""Naturally and accurately pronounced sentence adhering to Brazilian Portuguese phonetics.""}}"	9851aabdf5	1	1	O professor assinalou o erro no texto.	O professor assinalou o erro no texto.	
3031.00.01	word	m151rjrbWXbBqyq56tly	audio/3031.00.01-word-eleven_v3-v2.mp3	Amare.	1	relaxed	"{""flash38-J2"": {""verdict"": ""bp_ok"", ""drift"": ""none"", ""severity"": ""low"", ""evidence"": ""Correct open vowel [ɛ] on the final stressed syllable and tap [ɾ].""}, ""pro-J2"": {""verdict"": ""bp_ok"", ""drift"": ""none"", ""severity"": ""low"", ""evidence"": ""Clear open vowel on the stressed final syllable with standard alveolar tap.""}}"	9851aabdf5	1	1	a maré	a maré	
3031.00.01	example	m151rjrbWXbBqyq56tly	audio/3031.00.01-ex-eleven_v3-v1.mp3	A maré está baixa agora. Podemos caminhar na praia.	1	production	"{""flash38-J2"": {""verdict"": ""bp_ok"", ""drift"": ""none"", ""severity"": ""low"", ""evidence"": ""All words pronounced accurately in standard Brazilian Portuguese phonology, with clear open vowels where expected and correct prosody.""}}"	9851aabdf5	1	1	A maré está baixa agora, podemos caminhar na praia.	A maré está baixa agora, podemos caminhar na praia.	
3035.00.01	word	m151rjrbWXbBqyq56tly	audio/3035.00.01-word-eleven_v3-v1.mp3	O leito.	1	production	"{""flash38-J2"": {""verdict"": ""bp_ok"", ""drift"": ""none"", ""severity"": ""low"", ""evidence"": ""Pronounced with clear Brazilian Portuguese phonology [u ˈlejtu].""}}"	9851aabdf5	1	1	o leito	o leito	
3035.00.01	example	m151rjrbWXbBqyq56tly	audio/3035.00.01-ex-eleven_v3-v1.mp3	O paciente descansava em seu leito no hospital.	1	production	"{""flash38-J2"": {""verdict"": ""bp_ok"", ""drift"": ""none"", ""severity"": ""low"", ""evidence"": ""Pronounced with standard Brazilian Portuguese phonology, including palatalized [tʃi] in paciente and leito, vocalized coda [w] in hospital, and standard intonat""}}"	9851aabdf5	1	1	O paciente descansava em seu leito no hospital.	O paciente descansava em seu leito no hospital.	
3042.00.01	word	xNGAXaCH8MaasNuo7Hr7	audio/3042.00.01-word-eleven_v3-v1.mp3	Asiático.	1	production	"{""flash38-J2"": {""verdict"": ""bp_ok"", ""drift"": ""none"", ""severity"": ""low"", ""evidence"": ""Pronounced with accurate Brazilian Portuguese phonology, including the palatalized [tʃi] in 'ti' and correct stress on 'a'.""}}"	9851aabdf5	1	1	asiático	asiático	
3042.00.01	example	xNGAXaCH8MaasNuo7Hr7	audio/3042.00.01-ex-eleven_v3-v1.mp3	O restaurante asiático serve comida japonesa e tailandesa.	1	production	"{""flash38-J2"": {""verdict"": ""bp_ok"", ""drift"": ""none"", ""severity"": ""low"", ""evidence"": ""Natural Brazilian Portuguese pronunciation throughout with appropriate palatalization of /t/ in 'restaurante' and 'asiático'""}}"	9851aabdf5	1	1	O restaurante asiático serve comida japonesa e tailandesa.	O restaurante asiático serve comida japonesa e tailandesa.	
3048.00.01	word	Rw38T6bn0lTNOb1aUevR	audio/3048.00.01-word-eleven_v3-v1.mp3	Proibido.	1	production	"{""flash38-J2"": {""verdict"": ""bp_ok"", ""drift"": ""none"", ""severity"": ""low"", ""evidence"": ""Matches expected pronunciation /pɾoiˈbidu/ accurately with standard Brazilian Portuguese phonology.""}}"	9851aabdf5	1	1	proibido	proibido	
3048.00.01	example	Rw38T6bn0lTNOb1aUevR	audio/3048.00.01-ex-eleven_v3-v1.mp3	É proibido fumar dentro do hospital.	1	production	"{""flash38-J2"": {""verdict"": ""bp_ok"", ""drift"": ""none"", ""severity"": ""low"", ""evidence"": ""All words, including hospital with final vocalized [w], follow standard Brazilian Portuguese phonology.""}}"	9851aabdf5	1	1	É proibido fumar dentro do hospital.	É proibido fumar dentro do hospital.	
3063.00.01	word	m151rjrbWXbBqyq56tly	audio/3063.00.01-word-eleven_v3-v2.mp3	A gravura.	1	production	"{""flash38-J2"": {""verdict"": ""bp_ok"", ""drift"": ""none"", ""severity"": ""low"", ""evidence"": ""The speaker clearly pronounces /a ɡɾaˈvuɾɐ/ with standard Brazilian Portuguese phonology, stress, and tap flap.""}}"	9851aabdf5	1	1	a gravura	a gravura	
3063.00.01	example	m151rjrbWXbBqyq56tly	audio/3063.00.01-ex-eleven_v3-v1.mp3	A gravura na parede da sala é muito bonita.	1	production	"{""flash38-J2"": {""verdict"": ""bp_ok"", ""drift"": ""none"", ""severity"": ""low"", ""evidence"": ""Pronounced with standard Brazilian Portuguese phonology, including palatalization in 'parede' [paˈɾedʒi] and appropriate vowel quality throughout.""}}"	9851aabdf5	1	1	A gravura na parede da sala é muito bonita.	A gravura na parede da sala é muito bonita.	
3064.00.02	word	xNGAXaCH8MaasNuo7Hr7	audio/3064.00.02-word-eleven_v3-v1.mp3	Trabalhista.	1	production	"{""flash38-J2"": {""verdict"": ""bp_ok"", ""drift"": ""none"", ""severity"": ""low"", ""evidence"": ""Matches expected São Paulo pronunciation [tɾabaˈʎistɐ] with alveolar coda s and correct stress.""}}"	9851aabdf5	1	1	trabalhista	trabalhista	
3064.00.02	example	xNGAXaCH8MaasNuo7Hr7	audio/3064.00.02-ex-eleven_v3-v1.mp3	O sindicato defende os direitos trabalhistas dos funcionários.	1	production	"{""flash38-J2"": {""verdict"": ""bp_ok"", ""drift"": ""none"", ""severity"": ""low"", ""evidence"": ""Pronounced with standard Brazilian Portuguese phonology, including palatalization of /d/ to [dʒ] in sindicato, defende, and direitos, and proper vowel reduction""}}"	9851aabdf5	1	1	O sindicato defende os direitos trabalhistas dos funcionários.	O sindicato defende os direitos trabalhistas dos funcionários.	
3072.00.01	word	m151rjrbWXbBqyq56tly	audio/3072.00.01-word-eleven_v3-v1.mp3	O vaso.	1	production	"{""flash38-J2"": {""verdict"": ""bp_ok"", ""drift"": ""none"", ""severity"": ""low"", ""evidence"": ""Pronounced clearly as [u ˈvazu] with correct vowel reduction and voiced sibilant.""}}"	9851aabdf5	1	1	o vaso	o vaso	
3072.00.01	example	m151rjrbWXbBqyq56tly	audio/3072.00.01-ex-eleven_v3-v1.mp3	O médico examinou os vasos sanguíneos do paciente.	1	production	"{""flash38-J2"": {""verdict"": ""bp_ok"", ""drift"": ""none"", ""severity"": ""low"", ""evidence"": ""Natural Brazilian Portuguese pronunciation throughout with correct palatalization of /dʒ/ in médico and /tʃ/ in paciente, as well as proper diphthongs and reduc""}}"	9851aabdf5	1	1	O médico examinou os vasos sanguíneos do paciente.	O médico examinou os vasos sanguíneos do paciente.	
3087.00.01	word	AaeZyyi87RCxtFnHPS3e	audio/3087.00.01-word-eleven_v3-v1.mp3	A sé.	1	production	"{""flash38-J2"": {""verdict"": ""bp_ok"", ""drift"": ""none"", ""severity"": ""low"", ""evidence"": ""Pronounced correctly as [a ˈsɛ] with open stressed vowel [ɛ].""}}"	9851aabdf5	1	1	a sé	a sé	
3087.00.01	example	AaeZyyi87RCxtFnHPS3e	audio/3087.00.01-ex-eleven_v3-v1.mp3	A Sé de São Paulo é uma catedral muito bonita.	1	production	"{""flash38-J2"": {""verdict"": ""bp_ok"", ""drift"": ""none"", ""severity"": ""low"", ""evidence"": ""Pronounced with standard Brazilian Portuguese phonology, including correct palatalization of 'de' [dʒi] and vocalized final coda /l/.""}}"	9851aabdf5	1	1	A sé de São Paulo é uma catedral muito bonita.	A sé de São Paulo é uma catedral muito bonita.	
3087.00.02	word	xNGAXaCH8MaasNuo7Hr7	audio/3087.00.02-word-eleven_v3-v1.mp3	Ase.	1	relaxed	"{""flash38-J2"": {""verdict"": ""bp_ok"", ""drift"": ""none"", ""severity"": ""low"", ""evidence"": ""Open vowel [ɛ] and correct stress matching standard Brazilian Portuguese /a ˈsɛ/.""}}"	9851aabdf5	1	1	a sé	a sé	
3087.00.02	example	xNGAXaCH8MaasNuo7Hr7	audio/3087.00.02-ex-eleven_v3-v1.mp3	A Sé fica no centro da cidade.	1	production	"{""flash38-J2"": {""verdict"": ""bp_ok"", ""drift"": ""none"", ""severity"": ""low"", ""evidence"": ""Accurate Brazilian Portuguese pronunciation with correct palatalization of final -de in cidade and natural vowel reductions.""}}"	9851aabdf5	1	1	A sé fica no centro da cidade.	A sé fica no centro da cidade.	
3094.00.01	word	m151rjrbWXbBqyq56tly	audio/3094.00.01-word-eleven_v3-v1.mp3	Incrível.	1	production	"{""flash38-J2"": {""verdict"": ""bp_ok"", ""drift"": ""none"", ""severity"": ""low"", ""evidence"": ""Stressed syllable is correctly on /kɾi/ and final -l is vocalized to [w].""}, ""pro-J2"": {""verdict"": ""bp_ok"", ""drift"": ""none"", ""severity"": ""low"", ""evidence"": ""Correct stress on the penultimate syllable and vocalization of the final L to [w].""}}"	9851aabdf5	1	1	incrível	incrível	
3094.00.01	example	m151rjrbWXbBqyq56tly	audio/3094.00.01-ex-eleven_v3-v1.mp3	A vista do Cristo Redentor é incrível.	1	production	"{""flash38-J2"": {""verdict"": ""bp_ok"", ""drift"": ""none"", ""severity"": ""low"", ""evidence"": ""Pronounced with clear standard Brazilian Portuguese phonology, including vocalized final -l in incrível [ĩˈkɾivew] and tap coda-r.""}}"	9851aabdf5	1	1	A vista do Cristo Redentor é incrível.	A vista do Cristo Redentor é incrível.	
3098.00.01	word	qPfM2laM0pRL4rrZtBGl	audio/3098.00.01-word-eleven_v3-v1.mp3	A dose.	1	production	"{""flash38-J2"": {""verdict"": ""bp_ok"", ""drift"": ""none"", ""severity"": ""low"", ""evidence"": ""Stressed vowel is properly open [ɔ] and final unstressed -e is reduced to [i].""}, ""pro-J2"": {""verdict"": ""bp_ok"", ""drift"": ""none"", ""severity"": ""low"", ""evidence"": ""Clear open 'o' [ɔ] and final unstressed 'e' pronounced as [i] with correct stress.""}}"	9851aabdf5	1	1	a dose	a dose	
3098.00.01	example	qPfM2laM0pRL4rrZtBGl	audio/3098.00.01-ex-eleven_v3-v1.mp3	Preciso tomar uma dose do remédio.	1	production	"{""flash38-J2"": {""verdict"": ""bp_ok"", ""drift"": ""none"", ""severity"": ""low"", ""evidence"": ""Pronounced fully in standard Brazilian Portuguese phonology, including correct palatalization on 'dose' [ˈdɔzi] and 'remédio' [heˈmɛdʒju].""}}"	9851aabdf5	1	1	Preciso tomar uma dose do remédio.	Preciso tomar uma dose do remédio.	
3114.00.01	word	xNGAXaCH8MaasNuo7Hr7	audio/3114.00.01-word-eleven_v3-v1.mp3	Escasso.	1	production	"{""flash38-J2"": {""verdict"": ""bp_ok"", ""drift"": ""none"", ""severity"": ""low"", ""evidence"": ""Matches standard BP phonology with [isˈkasu] and alveolar sibilants.""}}"	9851aabdf5	1	1	escasso	escasso	
3114.00.01	example	xNGAXaCH8MaasNuo7Hr7	audio/3114.00.01-ex-eleven_v3-v1.mp3	A água é escassa no deserto.	1	production	"{""flash38-J2"": {""verdict"": ""bp_ok"", ""drift"": ""none"", ""severity"": ""low"", ""evidence"": ""All words pronounced accurately according to standard Brazilian Portuguese phonology.""}}"	9851aabdf5	1	1	A água é escassa no deserto.	A água é escassa no deserto.	
3116.00.01	word	qPfM2laM0pRL4rrZtBGl	audio/3116.00.01-word-eleven_v3-v1.mp3	Expandi.	1	relaxed	"{""flash38-J2"": {""verdict"": ""bp_ok"", ""drift"": ""none"", ""severity"": ""low"", ""evidence"": ""Pronounced with clear palatalization of 'di' as [dʒi] and standard nasal vowel.""}}"	9851aabdf5	1	1	expandir	expandir	
3116.00.01	example	qPfM2laM0pRL4rrZtBGl	audio/3116.00.01-ex-eleven_v3-v1.mp3	A empresa vai expandir para outros países.	1	production	"{""flash38-J2"": {""verdict"": ""bp_ok"", ""drift"": ""none"", ""severity"": ""low"", ""evidence"": ""Pronounced with standard Brazilian Portuguese phonology including palatalization in 'expandir' [dʒiɾ] and alveolar sibilants.""}}"	9851aabdf5	1	1	A empresa vai expandir para outros países.	A empresa vai expandir para outros países.	
3125.00.01	word	AaeZyyi87RCxtFnHPS3e	audio/3125.00.01-word-eleven_v3-v2.mp3	Allah.	1	relaxed	"{""flash38-J2"": {""verdict"": ""non_bp"", ""drift"": ""other"", ""severity"": ""medium"", ""evidence"": ""The final vowel is non-nasal and sounds like a short schwa/open vowel [a lə] instead of a clearly nasalized [lɐ̃].""}}"	9851aabdf5	0	0	a lã	a lã	
3125.00.01	example	AaeZyyi87RCxtFnHPS3e	audio/3125.00.01-ex-eleven_v3-v1.mp3	Minha avó faz suéteres de lã.	1	production	"{""flash38-J2"": {""verdict"": ""bp_ok"", ""drift"": ""none"", ""severity"": ""low"", ""evidence"": ""Pronounced with standard Brazilian Portuguese phonology, including correct palatalization of 'de' [dʒi] and stress on suéteres and avó.""}}"	9851aabdf5	1	1	Minha avó faz suéteres de lã.	Minha avó faz suéteres de lã.	
3148.00.01	word	ny3E2DZImeZm00WLGZi9	audio/3148.00.01-word-eleven_v3-v1.mp3	A ala.	1	production	"{""flash38-J2"": {""verdict"": ""bp_ok"", ""drift"": ""none"", ""severity"": ""low"", ""evidence"": ""The speaker clearly pronounces 'a ala' with standard Brazilian Portuguese phonemes [a ˈalɐ].""}}"	9851aabdf5	1	1	a ala	a ala	
3148.00.01	example	ny3E2DZImeZm00WLGZi9	audio/3148.00.01-ex-eleven_v3-v1.mp3	A ala nova do hospital abre na segunda-feira.	1	production	"{""flash38-J2"": {""verdict"": ""bp_ok"", ""drift"": ""none"", ""severity"": ""low"", ""evidence"": ""Pronounced clearly in standard Brazilian Portuguese with vocalized coda /w/ in hospital and correct palatalized /t/ or flap variants.""}}"	9851aabdf5	1	1	A ala nova do hospital abre na segunda-feira.	A ala nova do hospital abre na segunda-feira.	
3148.00.02	word	ny3E2DZImeZm00WLGZi9	audio/3148.00.02-word-eleven_v3-v1.mp3	A ala.	1	production	"{""flash38-J2"": {""verdict"": ""bp_ok"", ""drift"": ""none"", ""severity"": ""low"", ""evidence"": ""Clear pronunciation matching expected Brazilian Portuguese phonology /a ˈalɐ/ with correct stress and vowel quality.""}}"	9851aabdf5	1	1	a ala	a ala	
3148.00.02	example	ny3E2DZImeZm00WLGZi9	audio/3148.00.02-ex-eleven_v3-v2.mp3	A ala infantil do hospital fica no segundo andar.	1	production	"{""flash38-J2"": {""verdict"": ""non_bp"", ""drift"": ""other"", ""severity"": ""medium"", ""evidence"": ""Lack of palatalization on 'ti' in 'infantil', pronounced with a dental [ti] instead of the standard São Paulo [tʃi].""}}"	9851aabdf5	0	0	A ala infantil do hospital fica no segundo andar.	A ala infantil do hospital fica no segundo andar.	
3154.00.01	word	m151rjrbWXbBqyq56tly	audio/3154.00.01-word-eleven_v3-v1.mp3	A permanência.	1	production	"{""flash38-J2"": {""verdict"": ""bp_ok"", ""drift"": ""none"", ""severity"": ""low"", ""evidence"": ""Matches the expected São Paulo pronunciation /a peɾmɐˈnẽsjɐ/ with standard vowel quality and retroflex/tap coda r.""}}"	9851aabdf5	1	1	a permanência	a permanência	
3154.00.01	example	m151rjrbWXbBqyq56tly	audio/3154.00.01-ex-eleven_v3-v1.mp3	A permanência dele no hospital foi de cinco dias.	1	production	"{""flash38-J2"": {""verdict"": ""bp_ok"", ""drift"": ""none"", ""severity"": ""low"", ""evidence"": ""Pronounced with standard Brazilian Portuguese phonology, including vocalized -l in hospital and palatalized 'd' in de and dias.""}}"	9851aabdf5	1	1	A permanência dele no hospital foi de cinco dias.	A permanência dele no hospital foi de cinco dias.	
3171.00.01	word	m151rjrbWXbBqyq56tly	audio/3171.00.01-word-eleven_v3-v2.mp3	Posterior.	1	production	"{""flash38-J2"": {""verdict"": ""bp_ok"", ""drift"": ""none"", ""severity"": ""low"", ""evidence"": ""Correct stress on final syllable with expected vowel qualities and alveolar tap consonants.""}}"	9851aabdf5	1	1	posterior	posterior	
3171.00.01	example	m151rjrbWXbBqyq56tly	audio/3171.00.01-ex-eleven_v3-v1.mp3	Vamos marcar uma reunião posterior para discutir o projeto.	1	production	"{""flash38-J2"": {""verdict"": ""bp_ok"", ""drift"": ""none"", ""severity"": ""low"", ""evidence"": ""Pronounced with standard Brazilian Portuguese phonology, including palatalization in 'discutir' [dʒiskuˈtʃiɾ] and standard vowel reductions.""}}"	9851aabdf5	1	1	Vamos marcar uma reunião posterior para discutir o projeto.	Vamos marcar uma reunião posterior para discutir o projeto.	
3188.00.01	word	AaeZyyi87RCxtFnHPS3e	audio/3188.00.01-word-eleven_v3-v1.mp3	O bolo.	1	production	"{""flash38-J2"": {""verdict"": ""bp_ok"", ""drift"": ""none"", ""severity"": ""low"", ""evidence"": ""Pronounced clearly as [u ˈbolu] with correct closed [o] stressed vowel and final vowel reduction to [u].""}, ""pro-J2"": {""verdict"": ""bp_ok"", ""drift"": ""none"", ""severity"": ""low"", ""evidence"": ""The speaker correctly pronounces the closed stressed vowel o and the final unstressed vowel as u.""}}"	9851aabdf5	1	1	o bolo	o bolo	
3188.00.01	example	AaeZyyi87RCxtFnHPS3e	audio/3188.00.01-ex-eleven_v3-v1.mp3	Minha avó fez um bolo de chocolate delicioso.	1	production	"{""flash38-J2"": {""verdict"": ""bp_ok"", ""drift"": ""none"", ""severity"": ""low"", ""evidence"": ""Native standard Brazilian Portuguese pronunciation matching the expected IPA phonemes closely, including palatalization in 'de' and 'chocolate'.""}}"	9851aabdf5	1	1	Minha avó fez um bolo de chocolate delicioso.	Minha avó fez um bolo de chocolate delicioso.	
3200.00.01	word	Rw38T6bn0lTNOb1aUevR	audio/3200.00.01-word-eleven_v3-v2.mp3	Abstratto.	1	relaxed	"{""flash38-J2"": {""verdict"": ""bp_ok"", ""drift"": ""none"", ""severity"": ""low"", ""evidence"": ""Correct São Paulo pronunciation [abisˈtɾatu] with standard epenthesis and vowel reductions.""}}"	9851aabdf5	1	1	abstrato	abstrato	
3200.00.01	example	Rw38T6bn0lTNOb1aUevR	audio/3200.00.01-ex-eleven_v3-v1.mp3	A arte abstrata usa formas e cores sem representar objetos reais.	1	production	"{""flash38-J2"": {""verdict"": ""bp_ok"", ""drift"": ""none"", ""severity"": ""low"", ""evidence"": ""Pronounced with standard Brazilian Portuguese phonology throughout, including palatalization in 'arte' [ˈaɾtʃi] and 'objetos' [obˈʒɛtus], and clear standard vow""}}"	9851aabdf5	1	1	A arte abstrata usa formas e cores sem representar objetos reais.	A arte abstrata usa formas e cores sem representar objetos reais.	
3203.00.01	word	qPfM2laM0pRL4rrZtBGl	audio/3203.00.01-word-eleven_v3-v1.mp3	Referente.	1	production	"{""flash38-J2"": {""verdict"": ""bp_ok"", ""drift"": ""none"", ""severity"": ""low"", ""evidence"": ""Word pronounced with standard Brazilian phonology including initial /h/ and palatalized final /tʃi/.""}, ""pro-J2"": {""verdict"": ""bp_ok"", ""drift"": ""none"", ""severity"": ""low"", ""evidence"": ""Clear palatalization of the final 'te' as [tʃi] and correct stress placement.""}}"	9851aabdf5	1	1	referente	referente	
3203.00.01	example	qPfM2laM0pRL4rrZtBGl	audio/3203.00.01-ex-eleven_v3-v1.mp3	O documento referente ao contrato está na mesa.	1	production	"{""flash38-J2"": {""verdict"": ""bp_ok"", ""drift"": ""none"", ""severity"": ""low"", ""evidence"": ""Native standard Brazilian Portuguese pronunciation with correct palatalization /tʃ/ in 'referente' and proper vowel reductions.""}}"	9851aabdf5	1	1	O documento referente ao contrato está na mesa.	O documento referente ao contrato está na mesa.	
3240.00.01	word	Rw38T6bn0lTNOb1aUevR	audio/3240.00.01-word-eleven_v3-v1.mp3	O selo	1	production	"{""flash38-J2"": {""verdict"": ""bp_ok"", ""drift"": ""none"", ""severity"": ""low"", ""evidence"": ""Pronounced with accurate closed vowel /e/ in stressed syllable and proper final reduction to /u/.""}, ""pro-J2"": {""verdict"": ""bp_ok"", ""drift"": ""none"", ""severity"": ""low"", ""evidence"": ""Clear closed 'e' in the stressed syllable and correct final 'u' sound, matching standard BP.""}}"	9851aabdf5	1	1	o selo	o selo	
3240.00.01	example	Rw38T6bn0lTNOb1aUevR	audio/3240.00.01-ex-eleven_v3-v1.mp3	Comprei selos no correio para enviar a carta.	1	production	"{""flash38-J2"": {""verdict"": ""bp_ok"", ""drift"": ""none"", ""severity"": ""low"", ""evidence"": ""Pronounced with standard Brazilian Portuguese phonology, including nasal vowels, tap coda/intervocalic r, and correct vowel reductions.""}}"	9851aabdf5	1	1	Comprei selos no correio para enviar a carta.	Comprei selos no correio para enviar a carta.	
3263.00.01	word	m151rjrbWXbBqyq56tly	audio/3263.00.01-word-eleven_v3-v2.mp3	Ocultar.	1	production	"{""flash38-J2"": {""verdict"": ""non_bp"", ""drift"": ""EP"", ""severity"": ""medium"", ""evidence"": ""Consonantal [l] in the coda of the second syllable instead of standard Brazilian vocalized [w].""}}"	9851aabdf5	0	0	ocultar	ocultar	
3263.00.01	example	m151rjrbWXbBqyq56tly	audio/3263.00.01-ex-eleven_v3-v1.mp3	Ela tentou ocultar a verdade dos pais.	1	production	"{""flash38-J2"": {""verdict"": ""bp_ok"", ""drift"": ""none"", ""severity"": ""low"", ""evidence"": ""Pronounced with standard Brazilian Portuguese phonology, including vocalized -l in 'ocultar', palatalized -de in 'verdade', and correct vowels.""}}"	9851aabdf5	1	1	Ela tentou ocultar a verdade dos pais.	Ela tentou ocultar a verdade dos pais.	
3266.00.01	word	m151rjrbWXbBqyq56tly	audio/3266.00.01-word-eleven_v3-v1.mp3	Tropical.	1	production	"{""flash38-J2"": {""verdict"": ""bp_ok"", ""drift"": ""none"", ""severity"": ""low"", ""evidence"": ""Final /l/ is vocalized to [w] and stress is correctly placed on the final syllable.""}, ""pro-J2"": {""verdict"": ""bp_ok"", ""drift"": ""none"", ""severity"": ""low"", ""evidence"": ""Final L is correctly vocalized to [w] and stress is on the final syllable.""}}"	9851aabdf5	1	1	tropical	tropical	
3266.00.01	example	m151rjrbWXbBqyq56tly	audio/3266.00.01-ex-eleven_v3-v1.mp3	O Brasil tem um clima tropical e quente.	1	production	"{""flash38-J2"": {""verdict"": ""bp_ok"", ""drift"": ""none"", ""severity"": ""low"", ""evidence"": ""Pronounced with standard Brazilian Portuguese phonology, including vocalized final /l/ as [w] and palatalized -te as [tʃi].""}}"	9851aabdf5	1	1	O Brasil tem um clima tropical e quente.	O Brasil tem um clima tropical e quente.	
3280.00.01	word	m151rjrbWXbBqyq56tly	audio/3280.00.01-word-eleven_v3-v2.mp3	o, a marginal	0	fail	{}	9851aabdf5	0	0	o/a marginal	o marginal, a marginal	
3280.00.01	example	m151rjrbWXbBqyq56tly	audio/3280.00.01-ex-eleven_v3-v1.mp3	A área marginal da cidade precisa de mais policiamento.	1	production	"{""flash38-J2"": {""verdict"": ""bp_ok"", ""drift"": ""none"", ""severity"": ""low"", ""evidence"": ""Pronounced with standard Brazilian Portuguese phonology, including vocalized -l in 'marginal' and palatalized 'da cidade' and 'de'.""}}"	9851aabdf5	1	1	A área marginal da cidade precisa de mais policiamento.	A área marginal da cidade precisa de mais policiamento.	
3306.00.01	word	Rw38T6bn0lTNOb1aUevR	audio/3306.00.01-word-eleven_v3-v3.mp3	Antena.	1	relaxed	"{""flash38-J2"": {""verdict"": ""bp_ok"", ""drift"": ""none"", ""severity"": ""low"", ""evidence"": ""Pronounced with standard Brazilian Portuguese phonology: /a ɐ̃ˈtenɐ/ with correct stress and vowel qualities.""}}"	9851aabdf5	1	1	a antena	a antena	
3306.00.01	example	m151rjrbWXbBqyq56tly	audio/3306.00.01-ex-eleven_v3-v1.mp3	A antena da TV quebrou durante a tempestade.	1	production	"{""flash38-J2"": {""verdict"": ""bp_ok"", ""drift"": ""none"", ""severity"": ""low"", ""evidence"": ""Pronounced with standard Brazilian Portuguese phonology throughout, including appropriate vowel reductions and palatalization in 'durante' and 'tempestade'.""}}"	9851aabdf5	1	1	A antena da TV quebrou durante a tempestade.	A antena da TV quebrou durante a tempestade.	
3311.00.01	word	m151rjrbWXbBqyq56tly	audio/3311.00.01-word-eleven_v3-v1.mp3	O mel.	1	production	"{""flash38-J2"": {""verdict"": ""bp_ok"", ""drift"": ""none"", ""severity"": ""low"", ""evidence"": ""Open vowel [ɛ] and final -l vocalized as [w] match standard Brazilian Portuguese.""}, ""pro-J2"": {""verdict"": ""bp_ok"", ""drift"": ""none"", ""severity"": ""low"", ""evidence"": ""The final l is correctly vocalized to w and the stressed vowel is an open epsilon.""}}"	9851aabdf5	1	1	o mel	o mel	
3311.00.01	example	m151rjrbWXbBqyq56tly	audio/3311.00.01-ex-eleven_v3-v1.mp3	Eu gosto de mel no meu café da manhã.	1	production	"{""flash38-J2"": {""verdict"": ""bp_ok"", ""drift"": ""none"", ""severity"": ""low"", ""evidence"": ""Pronounced with standard Brazilian Portuguese phonology, including open vowels in gosto and café, vocalized l in mel, and palatalized de as [dʒi].""}}"	9851aabdf5	1	1	Eu gosto de mel no meu café da manhã.	Eu gosto de mel no meu café da manhã.	
3322.00.01	word	ny3E2DZImeZm00WLGZi9	audio/3322.00.01-word-eleven_v3-v1.mp3	O tubo.	1	production	"{""flash38-J2"": {""verdict"": ""bp_ok"", ""drift"": ""none"", ""severity"": ""low"", ""evidence"": ""Pronounced with standard Brazilian Portuguese phonology [u ˈtubu] with regular vowel reduction and stress.""}, ""pro-J2"": {""verdict"": ""bp_ok"", ""drift"": ""none"", ""severity"": ""low"", ""evidence"": ""Clear pronunciation of u tubu with correct stress on the first syllable of tubo.""}}"	9851aabdf5	1	1	o tubo	o tubo	
3322.00.01	example	ny3E2DZImeZm00WLGZi9	audio/3322.00.01-ex-eleven_v3-v1.mp3	O encanador trocou o tubo velho da pia.	1	production	"{""flash38-J2"": {""verdict"": ""bp_ok"", ""drift"": ""none"", ""severity"": ""low"", ""evidence"": ""Native Brazilian Portuguese pronunciation with correct vowel reductions, palatal lateral /ʎ/, and appropriate stress patterns throughout the sentence.""}}"	9851aabdf5	1	1	O encanador trocou o tubo velho da pia.	O encanador trocou o tubo velho da pia.	
3334.00.01	word	AaeZyyi87RCxtFnHPS3e	audio/3334.00.01-word-eleven_v3-v1.mp3	Temporal.	1	production	"{""flash38-J2"": {""verdict"": ""bp_ok"", ""drift"": ""none"", ""severity"": ""low"", ""evidence"": ""Word pronounced accurately with nasal [ẽ], tap [ɾ], stressed final syllable, and vocalized coda /l/ to [w].""}, ""pro-J2"": {""verdict"": ""bp_ok"", ""drift"": ""none"", ""severity"": ""low"", ""evidence"": ""Clear final vocalized L as [w] and correct stress on the final syllable.""}}"	9851aabdf5	1	1	temporal	temporal	
3334.00.01	example	AaeZyyi87RCxtFnHPS3e	audio/3334.00.01-ex-eleven_v3-v1.mp3	A temperatura é uma medida temporal e espacial.	1	production	"{""flash38-J2"": {""verdict"": ""bp_ok"", ""drift"": ""none"", ""severity"": ""low"", ""evidence"": ""Native standard Brazilian Portuguese pronunciation with correct vocalization of final -l, proper palatalization of 'd' before 'i' in 'medida', and natural rhyth""}}"	9851aabdf5	1	1	A temperatura é uma medida temporal e espacial.	A temperatura é uma medida temporal e espacial.	
3348.00.01	word	Rw38T6bn0lTNOb1aUevR	audio/3348.00.01-word-eleven_v3-v3.mp3	O cardeal.	1	production	"{""flash38-J2"": {""verdict"": ""bp_ok"", ""drift"": ""none"", ""severity"": ""low"", ""evidence"": ""Pronounced /u kaɾdeˈaw/ with correct tap coda-r, stressed final syllable, and vocalized final -l to [w].""}, ""pro-J2"": {""verdict"": ""bp_ok"", ""drift"": ""none"", ""severity"": ""low"", ""evidence"": ""Clear vocalized final L as [w] and correct stress on the final syllable.""}}"	9851aabdf5	1	1	o cardeal	o cardeal	
3348.00.01	example	m151rjrbWXbBqyq56tly	audio/3348.00.01-ex-eleven_v3-v2.mp3	O cardeal celebrou a missa na catedral ontem.	1	production	"{""flash38-J2"": {""verdict"": ""non_bp"", ""drift"": ""EP"", ""severity"": ""high"", ""evidence"": ""Coda -l in 'cardeal' and 'catedral' is pronounced as a consonantal dark [ɫ] instead of vocalized [w], along with strong European Portuguese vowel reduction.""}}"	9851aabdf5	0	0	O cardeal celebrou a missa na catedral ontem.	O cardeal celebrou a missa na catedral ontem.	
3349.00.01	word	m151rjrbWXbBqyq56tly	audio/3349.00.01-word-eleven_v3-v2.mp3	o/a rival	0	fail	{}	9851aabdf5	0	0	o/a rival	o rival, a rival	
3349.00.01	example	m151rjrbWXbBqyq56tly	audio/3349.00.01-ex-eleven_v3-v1.mp3	Os dois times são rivais há muitos anos.	1	production	"{""flash38-J2"": {""verdict"": ""bp_ok"", ""drift"": ""none"", ""severity"": ""low"", ""evidence"": ""Native standard Brazilian Portuguese pronunciation with palatalized [tʃ] in times, appropriate vowels, and natural prosody.""}}"	9851aabdf5	1	1	Os dois times são rivais há muitos anos.	Os dois times são rivais há muitos anos.	
3358.00.01	word	xNGAXaCH8MaasNuo7Hr7	audio/3358.00.01-word-eleven_v3-v1.mp3	Depara.	1	relaxed	"{""flash38-J2"": {""verdict"": ""bp_ok"", ""drift"": ""none"", ""severity"": ""low"", ""evidence"": ""Pronounced with standard Brazilian Portuguese phonology and final syllable stress /depaˈɾa(ɾ)/.""}}"	9851aabdf5	1	1	deparar	deparar	
3358.00.01	example	xNGAXaCH8MaasNuo7Hr7	audio/3358.00.01-ex-eleven_v3-v1.mp3	Deparei com meu professor no supermercado ontem.	1	production	"{""flash38-J2"": {""verdict"": ""bp_ok"", ""drift"": ""none"", ""severity"": ""low"", ""evidence"": ""Native standard Brazilian Portuguese pronunciation with correct vowel reductions, diphthongs, and retroflex coda-r characteristic of São Paulo/interior.""}}"	9851aabdf5	1	1	Deparei com meu professor no supermercado ontem.	Deparei com meu professor no supermercado ontem.	
3359.00.01	word	Rw38T6bn0lTNOb1aUevR	audio/3359.00.01-word-eleven_v3-v2.mp3	O gênio.	1	production	"{""flash38-J2"": {""verdict"": ""bp_ok"", ""drift"": ""none"", ""severity"": ""low"", ""evidence"": ""The speaker clearly pronounces /u ˈʒenju/ with correct closed vowel and standard Brazilian Portuguese phonology.""}}"	9851aabdf5	1	1	o génio	o gênio	
3359.00.01	example	Rw38T6bn0lTNOb1aUevR	audio/3359.00.01-ex-eleven_v3-v1.mp3	Ela tem um gênio difícil e fica brava fácil.	1	production	"{""flash38-J2"": {""verdict"": ""bp_ok"", ""drift"": ""none"", ""severity"": ""low"", ""evidence"": ""Native standard Brazilian Portuguese pronunciation matching the expected IPA with palatalization and vocalized final l.""}}"	9851aabdf5	1	1	Ela tem um génio difícil e fica brava fácil.	Ela tem um gênio difícil e fica brava fácil.	
3365.00.01	word	m151rjrbWXbBqyq56tly	audio/3365.00.01-word-eleven_v3-v2.mp3	A fachada.	1	production	"{""flash38-J2"": {""verdict"": ""non_bp"", ""drift"": ""EN"", ""severity"": ""medium"", ""evidence"": ""The initial article 'a' is pronounced with an English-like open/front vowel [ɛ]/[eɪ] rather than the expected Portuguese [a] or [ɐ].""}}"	9851aabdf5	0	0	a fachada	a fachada	
3365.00.01	example	m151rjrbWXbBqyq56tly	audio/3365.00.01-ex-eleven_v3-v1.mp3	A fachada do prédio é muito bonita.	1	production	"{""flash38-J2"": {""verdict"": ""bp_ok"", ""drift"": ""none"", ""severity"": ""low"", ""evidence"": ""Pronounced with standard Brazilian Portuguese phonology, including correct palatalization /dʒ/ in prédio and clear final unstressed vowels.""}}"	9851aabdf5	1	1	A fachada do prédio é muito bonita.	A fachada do prédio é muito bonita.	
3381.00.02	word	wxoDdfPKBuna5KnUEotz	audio/3381.00.02-word-eleven_v3-v3.mp3	O fado.	1	production	"{""flash38-J2"": {""verdict"": ""bp_ok"", ""drift"": ""none"", ""severity"": ""low"", ""evidence"": ""Matches standard BP phonology with unstressed final -o reduced to [u] and clear [fadu].""}}"	9851aabdf5	1	1	o fado	o fado	
3381.00.02	example	wxoDdfPKBuna5KnUEotz	audio/3381.00.02-ex-eleven_v3-v3.mp3	O fado de cada pessoa já está escrito.	1	production	"{""flash38-J2"": {""verdict"": ""bp_ok"", ""drift"": ""none"", ""severity"": ""low"", ""evidence"": ""Palatalization of 'de' to [dʒi] and standard Brazilian vowel reductions and stress patterns across the entire sentence.""}}"	9851aabdf5	1	1	O fado de cada pessoa já está escrito.	O fado de cada pessoa já está escrito.	
3383.00.01	word	ny3E2DZImeZm00WLGZi9	audio/3383.00.01-word-eleven_v3-v1.mp3	Ilegal.	1	production	"{""flash38-J2"": {""verdict"": ""bp_ok"", ""drift"": ""none"", ""severity"": ""low"", ""evidence"": ""Correct vocalization of final -l to [w] and stress on the final syllable [ˈɡaw].""}, ""pro-J2"": {""verdict"": ""bp_ok"", ""drift"": ""none"", ""severity"": ""low"", ""evidence"": ""Final L is correctly vocalized to [w] and stress is on the final syllable.""}}"	9851aabdf5	1	1	ilegal	ilegal	
3383.00.01	example	ny3E2DZImeZm00WLGZi9	audio/3383.00.01-ex-eleven_v3-v1.mp3	É ilegal estacionar o carro aqui.	1	production	"{""flash38-J2"": {""verdict"": ""bp_ok"", ""drift"": ""none"", ""severity"": ""low"", ""evidence"": ""Native Brazilian Portuguese pronunciation with vocalized final -l in ilegal [ileˈɡaw] and standard glottal fricative in carro [ˈkahu].""}}"	9851aabdf5	1	1	É ilegal estacionar o carro aqui.	É ilegal estacionar o carro aqui.	
3404.00.01	word	m151rjrbWXbBqyq56tly	audio/3404.00.01-word-eleven_v3-v1.mp3	Contestar.	1	production	"{""flash38-J2"": {""verdict"": ""bp_ok"", ""drift"": ""none"", ""severity"": ""low"", ""evidence"": ""Clearly pronounced as standard Brazilian Portuguese with coda s as [s] and primary stress on the final syllable.""}}"	9851aabdf5	1	1	contestar	contestar	
3404.00.01	example	m151rjrbWXbBqyq56tly	audio/3404.00.01-ex-eleven_v3-v1.mp3	O time vai contestar a decisão do árbitro.	1	production	"{""flash38-J2"": {""verdict"": ""bp_ok"", ""drift"": ""none"", ""severity"": ""low"", ""evidence"": ""Standard Brazilian Portuguese pronunciation with proper palatalization in 'time' [ˈtʃĩmi] and natural vowel reductions throughout the sentence.""}}"	9851aabdf5	1	1	O time vai contestar a decisão do árbitro.	O time vai contestar a decisão do árbitro.	
3413.00.01	word	Rw38T6bn0lTNOb1aUevR	audio/3413.00.01-word-eleven_v3-v3.mp3	O revisor.	1	production	"{""flash38-J2"": {""verdict"": ""bp_ok"", ""drift"": ""none"", ""severity"": ""low"", ""evidence"": ""Pronounced clearly as [u heviˈzoɾ] matching standard Brazilian Portuguese phonology.""}}"	9851aabdf5	1	1	o revisor	o revisor	
3413.00.01	example	m151rjrbWXbBqyq56tly	audio/3413.00.01-ex-eleven_v3-v1.mp3	O revisor encontrou vários erros no texto.	1	production	"{""flash38-J2"": {""verdict"": ""bp_ok"", ""drift"": ""none"", ""severity"": ""low"", ""evidence"": ""All words follow standard Brazilian Portuguese phonology, including correct stress, vowel qualities, and coda consonants.""}}"	9851aabdf5	1	1	O revisor encontrou vários erros no texto.	O revisor encontrou vários erros no texto.	
3420.00.01	word	m151rjrbWXbBqyq56tly	audio/3420.00.01-word-eleven_v3-v2.mp3	Torcer.	1	production	"{""flash38-J2"": {""verdict"": ""bp_ok"", ""drift"": ""none"", ""severity"": ""low"", ""evidence"": ""Pronounced with clear standard Brazilian Portuguese phonemes [toɾˈseɾ] with appropriate stress on the final syllable.""}}"	9851aabdf5	1	1	torcer	torcer	
3420.00.01	example	m151rjrbWXbBqyq56tly	audio/3420.00.01-ex-eleven_v3-v1.mp3	Cuidado para não torcer o tornozelo na escada.	1	production	"{""flash38-J2"": {""verdict"": ""bp_ok"", ""drift"": ""none"", ""severity"": ""low"", ""evidence"": ""All words are pronounced with natural standard Brazilian Portuguese phonology, stress, and vowel reduction.""}}"	9851aabdf5	1	1	Cuidado para não torcer o tornozelo na escada.	Cuidado para não torcer o tornozelo na escada.	
3426.00.01	word	qPfM2laM0pRL4rrZtBGl	audio/3426.00.01-word-eleven_v3-v1.mp3	O elogio.	1	production	"{""flash38-J2"": {""verdict"": ""bp_ok"", ""drift"": ""none"", ""severity"": ""low"", ""evidence"": ""Clear pronunciation of [u eloˈʒiu] matching standard Brazilian Portuguese phonology.""}, ""pro-J2"": {""verdict"": ""bp_ok"", ""drift"": ""none"", ""severity"": ""low"", ""evidence"": ""Clear pronunciation of the palatal fricative [ʒ] and correct stress on the penultimate syllable.""}}"	9851aabdf5	1	1	o elogio	o elogio	
3426.00.01	example	qPfM2laM0pRL4rrZtBGl	audio/3426.00.01-ex-eleven_v3-v1.mp3	Ela recebeu um elogio do professor.	1	production	"{""flash38-J2"": {""verdict"": ""bp_ok"", ""drift"": ""none"", ""severity"": ""low"", ""evidence"": ""Native standard Brazilian Portuguese pronunciation matching the expected phonetic features.""}}"	9851aabdf5	1	1	Ela recebeu um elogio do professor.	Ela recebeu um elogio do professor.	
3427.00.01	word	wxoDdfPKBuna5KnUEotz	audio/3427.00.01-word-eleven_v3-v3.mp3	Barbaro.	1	production	"{""flash38-J2"": {""verdict"": ""bp_ok"", ""drift"": ""none"", ""severity"": ""low"", ""evidence"": ""Clear pronunciation matching expected /ˈbaɾbaɾu/ with correct proparoxytone stress on the first syllable.""}}"	9851aabdf5	1	1	bárbaro	bárbaro	
3427.00.01	example	AaeZyyi87RCxtFnHPS3e	audio/3427.00.01-ex-eleven_v3-v1.mp3	Os romanos consideravam os invasores bárbaros.	1	production	"{""flash38-J2"": {""verdict"": ""bp_ok"", ""drift"": ""none"", ""severity"": ""low"", ""evidence"": ""Native standard Brazilian Portuguese pronunciation with correct vowel reductions and coda /s/ as voiced [z] before vowels.""}}"	9851aabdf5	1	1	Os romanos consideravam os invasores bárbaros.	Os romanos consideravam os invasores bárbaros.	
3437.00.03	word	xNGAXaCH8MaasNuo7Hr7	audio/3437.00.03-word-eleven_v3-v1.mp3	Precipitar.	1	production	"{""flash38-J2"": {""verdict"": ""bp_ok"", ""drift"": ""none"", ""severity"": ""low"", ""evidence"": ""Pronounced with standard Brazilian Portuguese phonology, correct stress on the final syllable, and alveolar taps.""}}"	9851aabdf5	1	1	precipitar	precipitar	
3437.00.03	example	xNGAXaCH8MaasNuo7Hr7	audio/3437.00.03-ex-eleven_v3-v1.mp3	Não se precipite, pense bem antes de decidir.	1	production	"{""flash38-J2"": {""verdict"": ""bp_ok"", ""drift"": ""none"", ""severity"": ""low"", ""evidence"": ""Native standard Brazilian Portuguese pronunciation with palatalized affricates [tʃ] in 'precipite' and 'antes', and [dʒ] in 'de' and 'decidir'.""}}"	9851aabdf5	1	1	Não se precipite, pense bem antes de decidir.	Não se precipite, pense bem antes de decidir.	
3442.00.01	word	AaeZyyi87RCxtFnHPS3e	audio/3442.00.01-word-eleven_v3-v1.mp3	A adolescência.	1	production	"{""flash38-J2"": {""verdict"": ""bp_ok"", ""drift"": ""none"", ""severity"": ""low"", ""evidence"": ""Stress placed correctly on 'sên' /sẽ/ with standard Brazilian vowel and consonant quality""}}"	9851aabdf5	1	1	a adolescência	a adolescência	
3442.00.01	example	AaeZyyi87RCxtFnHPS3e	audio/3442.00.01-ex-eleven_v3-v1.mp3	A adolescência é uma fase de muitas mudanças.	1	production	"{""flash38-J2"": {""verdict"": ""bp_ok"", ""drift"": ""none"", ""severity"": ""low"", ""evidence"": ""clear standard Brazilian Portuguese phonology across all words, including palatalization in 'de' [dʒi] and appropriate vowel reductions""}}"	9851aabdf5	1	1	A adolescência é uma fase de muitas mudanças.	A adolescência é uma fase de muitas mudanças.	
3449.00.01	word	m151rjrbWXbBqyq56tly	audio/3449.00.01-word-eleven_v3-v1.mp3	Insuportável.	1	production	"{""flash38-J2"": {""verdict"": ""bp_ok"", ""drift"": ""none"", ""severity"": ""low"", ""evidence"": ""Correct stress on the penultimate syllable and vocalization of coda -l to [w].""}, ""pro-J2"": {""verdict"": ""bp_ok"", ""drift"": ""none"", ""severity"": ""low"", ""evidence"": ""Clear vocalized final L and correct stress on the penultimate syllable.""}}"	9851aabdf5	1	1	insuportável	insuportável	
3449.00.01	example	m151rjrbWXbBqyq56tly	audio/3449.00.01-ex-eleven_v3-v1.mp3	O calor está insuportável hoje.	1	production	"{""flash38-J2"": {""verdict"": ""bp_ok"", ""drift"": ""none"", ""severity"": ""low"", ""evidence"": ""Vocalization of final -l to [w] in insuportável and palatalization of -je to [ʒi] in hoje are clearly standard BP.""}}"	9851aabdf5	1	1	O calor está insuportável hoje.	O calor está insuportável hoje.	
3453.00.01	word	ny3E2DZImeZm00WLGZi9	audio/3453.00.01-word-eleven_v3-v2.mp3	Oba, aqui é o concorrente.	0	fail	{}	9851aabdf5	0	0	o/a concorrente	o concorrente, a concorrente	
3453.00.01	example	ny3E2DZImeZm00WLGZi9	audio/3453.00.01-ex-eleven_v3-v1.mp3	A concorrente venceu a competição de tênis ontem.	1	production	"{""flash38-J2"": {""verdict"": ""bp_ok"", ""drift"": ""none"", ""severity"": ""low"", ""evidence"": ""Native Brazilian Portuguese pronunciation with correct palatalization of -te and de as [tʃi] and [dʒi], and standard vowel nasalization.""}}"	9851aabdf5	1	1	A concorrente venceu a competição de tênis ontem.	A concorrente venceu a competição de tênis ontem.	
3457.00.01	word	Rw38T6bn0lTNOb1aUevR	audio/3457.00.01-word-eleven_v3-v1.mp3	He met te.	1	relaxed	"{""flash38-J2"": {""verdict"": ""bp_ok"", ""drift"": ""none"", ""severity"": ""low"", ""evidence"": ""Word pronounced clearly with standard Brazilian Portuguese phonemes [xemeˈteʁ], correct stress on the final syllable.""}, ""pro-J2"": {""verdict"": ""bp_ok"", ""drift"": ""none"", ""severity"": ""low"", ""evidence"": ""Initial r is pronounced as a back fricative and stress is correctly placed on the final syllable.""}}"	9851aabdf5	1	1	remeter	remeter	
3457.00.01	example	Rw38T6bn0lTNOb1aUevR	audio/3457.00.01-ex-eleven_v3-v1.mp3	Vou remeter o documento por e-mail amanhã.	1	production	"{""flash38-J2"": {""verdict"": ""bp_ok"", ""drift"": ""none"", ""severity"": ""low"", ""evidence"": ""Natural Brazilian Portuguese pronunciation with correct vowel reductions and intonation.""}}"	9851aabdf5	1	1	Vou remeter o documento por e-mail amanhã.	Vou remeter o documento por e-mail amanhã.	
3461.00.01	word	Rw38T6bn0lTNOb1aUevR	audio/3461.00.01-word-eleven_v3-v1.mp3	Experimental.	1	production	"{""flash38-J2"": {""verdict"": ""non_bp"", ""drift"": ""other"", ""severity"": ""medium"", ""evidence"": ""Word-final -l is pronounced as a consonantal lateral [l] rather than vocalized to [w].""}, ""pro-J2"": {""verdict"": ""bp_ok"", ""drift"": ""none"", ""severity"": ""low"", ""evidence"": ""Clear vocalized final L as [w] and correct stress on the final syllable.""}}"	9851aabdf5	0	0	experimental	experimental	
3461.00.01	example	Rw38T6bn0lTNOb1aUevR	audio/3461.00.01-ex-eleven_v3-v1.mp3	O remédio experimental ainda não está aprovado.	1	production	"{""flash38-J2"": {""verdict"": ""bp_ok"", ""drift"": ""none"", ""severity"": ""low"", ""evidence"": ""Pronounced with standard Brazilian Portuguese phonology, including palatalization in 'remédio', vocalization of final -l in 'experimental', and correct vowel re""}}"	9851aabdf5	1	1	O remédio experimental ainda não está aprovado.	O remédio experimental ainda não está aprovado.	
3466.00.01	word	Rw38T6bn0lTNOb1aUevR	audio/3466.00.01-word-eleven_v3-v3.mp3	У претексту.	1	relaxed	"{""flash38-J2"": {""verdict"": ""non_bp"", ""drift"": ""other"", ""severity"": ""medium"", ""evidence"": ""The stressed vowel is pronounced as open [ɛ] instead of the standard closed [e].""}}"	9851aabdf5	0	0	o pretexto	o pretexto	
3466.00.01	example	m151rjrbWXbBqyq56tly	audio/3466.00.01-ex-eleven_v3-v1.mp3	Ele usou o trabalho como pretexto para sair cedo.	1	production	"{""flash38-J2"": {""verdict"": ""bp_ok"", ""drift"": ""none"", ""severity"": ""low"", ""evidence"": ""Native Brazilian Portuguese pronunciation throughout with expected vowel reductions, palatalization, and stress placement.""}}"	9851aabdf5	1	1	Ele usou o trabalho como pretexto para sair cedo.	Ele usou o trabalho como pretexto para sair cedo.	
3469.00.01	word	wxoDdfPKBuna5KnUEotz	audio/3469.00.01-word-eleven_v3-v3.mp3	Proklama.	1	relaxed	"{""flash38-J2"": {""verdict"": ""bp_ok"", ""drift"": ""none"", ""severity"": ""low"", ""evidence"": ""Pronounced with accurate Brazilian Portuguese phonology /pɾoklaˈmaɾ/.""}}"	9851aabdf5	1	1	proclamar	proclamar	
3469.00.01	example	ny3E2DZImeZm00WLGZi9	audio/3469.00.01-ex-eleven_v3-v1.mp3	O presidente proclamou a independência do país.	1	production	"{""flash38-J2"": {""verdict"": ""bp_ok"", ""drift"": ""none"", ""severity"": ""low"", ""evidence"": ""Standard Brazilian Portuguese pronunciation with palatalized /tʃi/ in 'presidente', appropriate vowel reductions, and natural prosody.""}}"	9851aabdf5	1	1	O presidente proclamou a independência do país.	O presidente proclamou a independência do país.	
3476.00.01	word	wxoDdfPKBuna5KnUEotz	audio/3476.00.01-word-eleven_v3-v3.mp3	O tabaco.	1	production	"{""flash38-J2"": {""verdict"": ""bp_ok"", ""drift"": ""none"", ""severity"": ""low"", ""evidence"": ""Pronounced accurately as [u taˈbaku] with correct vowel qualities and stress placement.""}}"	9851aabdf5	1	1	o tabaco	o tabaco	
3476.00.01	example	ny3E2DZImeZm00WLGZi9	audio/3476.00.01-ex-eleven_v3-v1.mp3	O tabaco é ruim para a saúde.	1	production	"{""flash38-J2"": {""verdict"": ""bp_ok"", ""drift"": ""none"", ""severity"": ""low"", ""evidence"": ""Pronounced with clear Brazilian Portuguese phonology, including the palatalized final -de as [dʒi] in 'saúde' and correct stress patterns throughout.""}}"	9851aabdf5	1	1	O tabaco é ruim para a saúde.	O tabaco é ruim para a saúde.	
3482.00.01	word	qPfM2laM0pRL4rrZtBGl	audio/3482.00.01-word-eleven_v3-v1.mp3	Medieval.	1	production	"{""flash38-J2"": {""verdict"": ""bp_ok"", ""drift"": ""none"", ""severity"": ""low"", ""evidence"": ""Pronounced with palatalized [dʒi] and vocalized coda [w] in [medʒieˈvaw], matching standard Brazilian Portuguese.""}, ""pro-J2"": {""verdict"": ""bp_ok"", ""drift"": ""none"", ""severity"": ""low"", ""evidence"": ""Palatalized d in di and vocalized final l match standard Brazilian Portuguese.""}}"	9851aabdf5	1	1	medieval	medieval	
3482.00.01	example	qPfM2laM0pRL4rrZtBGl	audio/3482.00.01-ex-eleven_v3-v1.mp3	O castelo medieval tem muitas torres antigas.	1	production	"{""flash38-J2"": {""verdict"": ""bp_ok"", ""drift"": ""none"", ""severity"": ""low"", ""evidence"": ""Pronounced with standard Brazilian Portuguese phonology, including vocalized -l in medieval, palatalized 'ti' in antigas, and expected rhythm/vowels.""}}"	9851aabdf5	1	1	O castelo medieval tem muitas torres antigas.	O castelo medieval tem muitas torres antigas.	
3502.00.01	word	qPfM2laM0pRL4rrZtBGl	audio/3502.00.01-word-eleven_v3-v2.mp3	Genético.	1	production	"{""flash38-J2"": {""verdict"": ""non_bp"", ""drift"": ""ES"", ""severity"": ""high"", ""evidence"": ""Initial consonant is pronounced as a voiceless glottal/velar fricative [h]/[x] instead of [ʒ], and 'ti' is pronounced as [ti] instead of [tʃi].""}}"	9851aabdf5	0	0	genético	genético	
3502.00.01	example	qPfM2laM0pRL4rrZtBGl	audio/3502.00.01-ex-eleven_v3-v1.mp3	O médico pediu um teste genético para verificar a doença.	1	production	"{""flash38-J2"": {""verdict"": ""bp_ok"", ""drift"": ""none"", ""severity"": ""low"", ""evidence"": ""Native Brazilian Portuguese pronunciation with accurate palatalization of /di/ and /ti/ to [dʒi] and [tʃi], and correct vowel qualities throughout.""}}"	9851aabdf5	1	1	O médico pediu um teste genético para verificar a doença.	O médico pediu um teste genético para verificar a doença.	
3511.00.01	word	Rw38T6bn0lTNOb1aUevR	audio/3511.00.01-word-eleven_v3-v1.mp3	O painel.	1	production	"{""flash38-J2"": {""verdict"": ""bp_ok"", ""drift"": ""none"", ""severity"": ""low"", ""evidence"": ""Matches expected São Paulo pronunciation [u pajˈnɛw] with open [ɛ] and vocalized coda -l as [w].""}, ""pro-J2"": {""verdict"": ""bp_ok"", ""drift"": ""none"", ""severity"": ""low"", ""evidence"": ""Clear vocalization of final L to [w] and correct open [ɛ] vowel on the stressed syllable.""}}"	9851aabdf5	1	1	o painel	o painel	
3511.00.01	example	Rw38T6bn0lTNOb1aUevR	audio/3511.00.01-ex-eleven_v3-v1.mp3	O painel de controle do carro é moderno.	1	production	"{""flash38-J2"": {""verdict"": ""bp_ok"", ""drift"": ""none"", ""severity"": ""low"", ""evidence"": ""Pronounced with standard Brazilian Portuguese phonology, including vocalized -l in painel and palatalized de.""}}"	9851aabdf5	1	1	O painel de controle do carro é moderno.	O painel de controle do carro é moderno.	
3517.00.01	word	qPfM2laM0pRL4rrZtBGl	audio/3517.00.01-word-eleven_v3-v1.mp3	O pulso.	1	production	"{""flash38-J2"": {""verdict"": ""bp_ok"", ""drift"": ""none"", ""severity"": ""low"", ""evidence"": ""Final and medial l vocalized properly as [w] in pulso, with standard vowels and stress.""}}"	9851aabdf5	1	1	o pulso	o pulso	
3517.00.01	example	qPfM2laM0pRL4rrZtBGl	audio/3517.00.01-ex-eleven_v3-v1.mp3	A enfermeira mediu meu pulso no hospital.	1	production	"{""flash38-J2"": {""verdict"": ""bp_ok"", ""drift"": ""none"", ""severity"": ""low"", ""evidence"": ""Native standard Brazilian Portuguese pronunciation with correct vocalization of final l in hospital and expected palatalization and vowels.""}}"	9851aabdf5	1	1	A enfermeira mediu meu pulso no hospital.	A enfermeira mediu meu pulso no hospital.	
3524.00.01	word	Rw38T6bn0lTNOb1aUevR	audio/3524.00.01-word-eleven_v3-v1.mp3	A máscara.	1	production	"{""flash38-J2"": {""verdict"": ""bp_ok"", ""drift"": ""none"", ""severity"": ""low"", ""evidence"": ""Correct stress on 'más', alveolar fricative [s] in coda, and tap [ɾ] in the final syllable.""}}"	9851aabdf5	1	1	a máscara	a máscara	
3524.00.01	example	Rw38T6bn0lTNOb1aUevR	audio/3524.00.01-ex-eleven_v3-v1.mp3	Use uma máscara no hospital para proteção.	1	production	"{""flash38-J2"": {""verdict"": ""bp_ok"", ""drift"": ""none"", ""severity"": ""low"", ""evidence"": ""Native Brazilian Portuguese pronunciation throughout with correct vowel reduction, palatalization, and final [w] in hospital.""}}"	9851aabdf5	1	1	Uso uma máscara no hospital para proteção.	Uso uma máscara no hospital para proteção.	
3536.00.01	word	Rw38T6bn0lTNOb1aUevR	audio/3536.00.01-word-eleven_v3-v1.mp3	Ai litchi.	1	relaxed	"{""flash38-J2"": {""verdict"": ""bp_ok"", ""drift"": ""none"", ""severity"": ""low"", ""evidence"": ""Final syllable is properly palatalized to [tʃi] and stress is correctly placed on the penult.""}, ""pro-J2"": {""verdict"": ""bp_ok"", ""drift"": ""none"", ""severity"": ""low"", ""evidence"": ""Clear palatalization of the final te as tʃi and correct stress on li.""}}"	9851aabdf5	1	1	a elite	a elite	
3536.00.01	example	Rw38T6bn0lTNOb1aUevR	audio/3536.00.01-ex-eleven_v3-v1.mp3	A elite do país controla muitas empresas grandes.	1	production	"{""flash38-J2"": {""verdict"": ""bp_ok"", ""drift"": ""none"", ""severity"": ""low"", ""evidence"": ""Pronounced with clear standard Brazilian Portuguese phonology, including palatalization of final /te/ and /des/ as [tʃi] and [dʒis].""}}"	9851aabdf5	1	1	A elite do país controla muitas empresas grandes.	A elite do país controla muitas empresas grandes.	
3543.00.01	word	m151rjrbWXbBqyq56tly	audio/3543.00.01-word-eleven_v3-v2.mp3	Copiar.	1	production	"{""flash38-J2"": {""verdict"": ""bp_ok"", ""drift"": ""none"", ""severity"": ""low"", ""evidence"": ""Clearly pronounced as standard Brazilian Portuguese with stress on the final syllable /kɔpiˈaɾ/.""}}"	9851aabdf5	1	1	copiar	copiar	
3543.00.01	example	m151rjrbWXbBqyq56tly	audio/3543.00.01-ex-eleven_v3-v1.mp3	Vou copiar o texto para o meu caderno.	1	production	"{""flash38-J2"": {""verdict"": ""bp_ok"", ""drift"": ""none"", ""severity"": ""low"", ""evidence"": ""All words pronounced with natural Brazilian Portuguese phonology, including correct vowel reductions and alveolar tap coda-r.""}}"	9851aabdf5	1	1	Vou copiar o texto para o meu caderno.	Vou copiar o texto para o meu caderno.	
3564.00.01	word	m151rjrbWXbBqyq56tly	audio/3564.00.01-word-eleven_v3-v1.mp3	O óculos.	1	production	"{""flash38-J2"": {""verdict"": ""bp_ok"", ""drift"": ""none"", ""severity"": ""low"", ""evidence"": ""Pronounced clearly as [u ˈɔkulus] matching standard Brazilian Portuguese phonology.""}}"	9851aabdf5	1	1	o óculos	o óculos	
3564.00.01	example	m151rjrbWXbBqyq56tly	audio/3564.00.01-ex-eleven_v3-v1.mp3	Preciso de óculos novos para ler.	1	production	"{""flash38-J2"": {""verdict"": ""bp_ok"", ""drift"": ""none"", ""severity"": ""low"", ""evidence"": ""Native standard Brazilian Portuguese pronunciation with palatalized 'de' as [dʒi], correct open vowels in 'óculos' and 'novos', and standard reduction of unstre""}}"	9851aabdf5	1	1	Preciso de óculos novos para ler.	Preciso de óculos novos para ler.	
3591.00.01	word	qPfM2laM0pRL4rrZtBGl	audio/3591.00.01-word-eleven_v3-v2.mp3	A injustiça.	1	production	"{""flash38-J2"": {""verdict"": ""bp_ok"", ""drift"": ""none"", ""severity"": ""low"", ""evidence"": ""Pronounced with standard Brazilian Portuguese phonology including palatalized [tʃi] in -tiça.""}}"	9851aabdf5	1	1	a injustiça	a injustiça	
3591.00.01	example	qPfM2laM0pRL4rrZtBGl	audio/3591.00.01-ex-eleven_v3-v1.mp3	A injustiça social é um problema grave no país.	1	production	"{""flash38-J2"": {""verdict"": ""bp_ok"", ""drift"": ""none"", ""severity"": ""low"", ""evidence"": ""Native standard Brazilian Portuguese pronunciation matching the expected phonetic features including vocalized coda -l in social, palatalized ti in injustiça, a""}}"	9851aabdf5	1	1	A injustiça social é um problema grave no país.	A injustiça social é um problema grave no país.	
3592.00.01	word	Rw38T6bn0lTNOb1aUevR	audio/3592.00.01-word-eleven_v3-v1.mp3	Institucional.	1	production	"{""flash38-J2"": {""verdict"": ""non_bp"", ""drift"": ""EP"", ""severity"": ""high"", ""evidence"": ""Coda s pronounced as postalveolar [ʃ], 'ti' unpalatalized as [ti], and final -l is consonantal [ɫ] instead of vocalized [w].""}, ""pro-J2"": {""verdict"": ""bp_ok"", ""drift"": ""none"", ""severity"": ""low"", ""evidence"": ""Clear palatalization of ti as [tʃi] and vocalization of final l as [w].""}}"	9851aabdf5	0	0	institucional	institucional	
3592.00.01	example	Rw38T6bn0lTNOb1aUevR	audio/3592.00.01-ex-eleven_v3-v1.mp3	O site institucional da empresa tem informações importantes.	1	production	"{""flash38-J2"": {""verdict"": ""bp_ok"", ""drift"": ""none"", ""severity"": ""low"", ""evidence"": ""Native standard Brazilian Portuguese pronunciation with palatalized affricates and vocalized syllable-final /l/.""}}"	9851aabdf5	1	1	O site institucional da empresa tem informações importantes.	O site institucional da empresa tem informações importantes.	
3594.00.01	word	qPfM2laM0pRL4rrZtBGl	audio/3594.00.01-word-eleven_v3-v1.mp3	O molho.	1	production	"{""flash38-J2"": {""verdict"": ""bp_ok"", ""drift"": ""none"", ""severity"": ""low"", ""evidence"": ""Stressed vowel correctly pronounced as closed [o] with proper palatal lateral [ʎ].""}, ""pro-J2"": {""verdict"": ""bp_ok"", ""drift"": ""none"", ""severity"": ""low"", ""evidence"": ""The speaker correctly pronounces the palatal lateral approximant lh and the closed stressed o vowel.""}}"	9851aabdf5	1	1	o molho	o molho	
3594.00.01	example	qPfM2laM0pRL4rrZtBGl	audio/3594.00.01-ex-eleven_v3-v1.mp3	Gosto de macarrão com molho de tomate.	1	production	"{""flash38-J2"": {""verdict"": ""bp_ok"", ""drift"": ""none"", ""severity"": ""low"", ""evidence"": ""Pronounced with standard Brazilian Portuguese phonology, including palatalization of /d/ and /t/ before unstressed final /e/.""}}"	9851aabdf5	1	1	Gosto de macarrão com molho de tomate.	Gosto de macarrão com molho de tomate.	
3597.00.01	word	Rw38T6bn0lTNOb1aUevR	audio/3597.00.01-word-eleven_v3-v1.mp3	O torno.	1	relaxed	"{""flash38-J2"": {""verdict"": ""bp_ok"", ""drift"": ""none"", ""severity"": ""low"", ""evidence"": ""Pronounced clearly as [u ˈtuɾnu] with natural Brazilian Portuguese phonetics and stress.""}, ""pro-J2"": {""verdict"": ""bp_ok"", ""drift"": ""none"", ""severity"": ""low"", ""evidence"": ""Clear pronunciation with correct stress and vowels, using a standard back fricative for the coda r.""}}"	9851aabdf5	1	1	o turno	o turno	
3597.00.01	example	Rw38T6bn0lTNOb1aUevR	audio/3597.00.01-ex-eleven_v3-v1.mp3	Espero meu turno na fila do banco.	1	production	"{""flash38-J2"": {""verdict"": ""bp_ok"", ""drift"": ""none"", ""severity"": ""low"", ""evidence"": ""Pronounced with clear standard Brazilian Portuguese phonology, including open [ɛ] in 'espero', proper vocalization/reduction, and standard intonation.""}}"	9851aabdf5	1	1	Espero meu turno na fila do banco.	Espero meu turno na fila do banco.	
3597.00.02	word	m151rjrbWXbBqyq56tly	audio/3597.00.02-word-eleven_v3-v1.mp3	U turno.	1	relaxed	"{""flash38-J2"": {""verdict"": ""bp_ok"", ""drift"": ""none"", ""severity"": ""low"", ""evidence"": ""Pronounced clearly as [u ˈtuɾnu] with natural Brazilian Portuguese phonetics and stress.""}, ""pro-J2"": {""verdict"": ""bp_ok"", ""drift"": ""none"", ""severity"": ""low"", ""evidence"": ""Correct stress on the first syllable of turno and standard reduction of unstressed o to u.""}}"	9851aabdf5	1	1	o turno	o turno	
3597.00.02	example	m151rjrbWXbBqyq56tly	audio/3597.00.02-ex-eleven_v3-v1.mp3	Meu turno no hospital começa às sete da manhã.	1	production	"{""flash38-J2"": {""verdict"": ""bp_ok"", ""drift"": ""none"", ""severity"": ""low"", ""evidence"": ""Native standard Brazilian Portuguese pronunciation matching the expected phonetics, including palatalization in 'sete' [ˈsɛtʃi] and vocalized final l in 'hospit""}}"	9851aabdf5	1	1	Meu turno no hospital começa às sete da manhã.	Meu turno no hospital começa às sete da manhã.	
3599.00.01	word	Rw38T6bn0lTNOb1aUevR	audio/3599.00.01-word-eleven_v3-v1.mp3	Adecida.	1	relaxed	"{""flash38-J2"": {""verdict"": ""bp_ok"", ""drift"": ""none"", ""severity"": ""low"", ""evidence"": ""Clear standard Brazilian pronunciation of /a deˈsidɐ/ with expected vowel qualities and stress""}, ""pro-J2"": {""verdict"": ""bp_ok"", ""drift"": ""none"", ""severity"": ""low"", ""evidence"": ""Clear pronunciation matching standard Brazilian Portuguese with correct stress on the penultimate syllable.""}}"	9851aabdf5	1	1	a descida	a descida	
3599.00.01	example	Rw38T6bn0lTNOb1aUevR	audio/3599.00.01-ex-eleven_v3-v1.mp3	A descida da temperatura foi rápida ontem à noite.	1	production	"{""flash38-J2"": {""verdict"": ""bp_ok"", ""drift"": ""none"", ""severity"": ""low"", ""evidence"": ""All words follow standard Brazilian Portuguese pronunciation rules, including palatalization in noite [ˈnojtʃi] and [h] in rápida.""}}"	9851aabdf5	1	1	A descida da temperatura foi rápida ontem à noite.	A descida da temperatura foi rápida ontem à noite.	
3609.00.01	word	m151rjrbWXbBqyq56tly	audio/3609.00.01-word-eleven_v3-v1.mp3	Pikas.	1	relaxed	"{""flash38-J2"": {""verdict"": ""bp_ok"", ""drift"": ""none"", ""severity"": ""low"", ""evidence"": ""Pronounced with clear Brazilian phonology, final stress on /kaɾ/ with standard tap coda.""}}"	9851aabdf5	1	1	picar	picar	
3609.00.01	example	m151rjrbWXbBqyq56tly	audio/3609.00.01-ex-eleven_v3-v1.mp3	A abelha picou meu braço no jardim.	1	production	"{""flash38-J2"": {""verdict"": ""bp_ok"", ""drift"": ""none"", ""severity"": ""low"", ""evidence"": ""Pronounced with clear standard Brazilian Portuguese phonemes including palatalization in 'jardim' [ʒaɾˈdʒĩ] and correct vowel reductions.""}}"	9851aabdf5	1	1	A abelha picou meu braço no jardim.	A abelha picou meu braço no jardim.	
3611.00.01	word	wxoDdfPKBuna5KnUEotz	audio/3611.00.01-word-eleven_v3-v1.mp3	Sindical.	1	production	"{""flash38-J2"": {""verdict"": ""bp_ok"", ""drift"": ""none"", ""severity"": ""low"", ""evidence"": ""Word is pronounced with standard Brazilian palatalization [dʒi] and vocalized coda [w] in [sĩdʒiˈkaw].""}, ""pro-J2"": {""verdict"": ""bp_ok"", ""drift"": ""none"", ""severity"": ""low"", ""evidence"": ""Clear palatalization of di to dʒi and vocalization of final l to w.""}}"	9851aabdf5	1	1	sindical	sindical	
3611.00.01	example	wxoDdfPKBuna5KnUEotz	audio/3611.00.01-ex-eleven_v3-v1.mp3	O líder sindical falou sobre os direitos dos trabalhadores.	1	production	"{""flash38-J2"": {""verdict"": ""bp_ok"", ""drift"": ""none"", ""severity"": ""low"", ""evidence"": ""Pronounced with clear standard Brazilian Portuguese phonology, including vocalized -l in 'sindical' as [w] and proper palatalization of /d/ before /i/.""}}"	9851aabdf5	1	1	O líder sindical falou sobre os direitos dos trabalhadores.	O líder sindical falou sobre os direitos dos trabalhadores.	
3615.00.01	word	m151rjrbWXbBqyq56tly	audio/3615.00.01-word-eleven_v3-v1.mp3	O socorro.	1	production	"{""flash38-J2"": {""verdict"": ""bp_ok"", ""drift"": ""none"", ""severity"": ""low"", ""evidence"": ""Stressed syllable correctly pronounced as [ˈko] with appropriate back fricative [h] for 'rr'.""}, ""pro-J2"": {""verdict"": ""bp_ok"", ""drift"": ""none"", ""severity"": ""low"", ""evidence"": ""The double rr is pronounced as a back fricative and the stress is correctly placed on the penultimate syllable.""}}"	9851aabdf5	1	1	o socorro	o socorro	
3615.00.01	example	m151rjrbWXbBqyq56tly	audio/3615.00.01-ex-eleven_v3-v1.mp3	Preciso de socorro, meu carro quebrou na estrada.	1	production	"{""flash38-J2"": {""verdict"": ""bp_ok"", ""drift"": ""none"", ""severity"": ""low"", ""evidence"": ""Pronounced with standard Brazilian Portuguese phonology, including palatalized 'de' as [dʒi], guttural rr as [h], and natural vowel reductions.""}}"	9851aabdf5	1	1	Preciso de socorro, meu carro quebrou na estrada.	Preciso de socorro, meu carro quebrou na estrada.	
3631.00.01	word	Rw38T6bn0lTNOb1aUevR	audio/3631.00.01-word-eleven_v3-v3.mp3	Wingspétour.	1	relaxed	"{""flash38-J2"": {""verdict"": ""bp_ok"", ""drift"": ""none"", ""severity"": ""low"", ""evidence"": ""Pronounced with standard Brazilian Portuguese phonemes [u ĩspeˈtoɾ].""}}"	9851aabdf5	1	1	o inspetor	o inspetor	
3631.00.01	example	m151rjrbWXbBqyq56tly	audio/3631.00.01-ex-eleven_v3-v1.mp3	O inspetor verificou os documentos na entrada.	1	production	"{""flash38-J2"": {""verdict"": ""non_bp"", ""drift"": ""EP"", ""severity"": ""high"", ""evidence"": ""Coda 's' pronounced as postalveolar fricative [ʃ] in 'inspetor' and 'os documentos', along with European Portuguese vowel reduction and rhythm.""}}"	9851aabdf5	0	0	O inspetor verificou os documentos na entrada.	O inspetor verificou os documentos na entrada.	
3640.00.01	word	Rw38T6bn0lTNOb1aUevR	audio/3640.00.01-word-eleven_v3-v1.mp3	Habituado.	1	production	"{""flash38-J2"": {""verdict"": ""bp_ok"", ""drift"": ""none"", ""severity"": ""low"", ""evidence"": ""Clear standard Brazilian pronunciation with palatalized /tʃ/ before u/i-glide and expected stress on -a-""}, ""pro-J2"": {""verdict"": ""bp_ok"", ""drift"": ""none"", ""severity"": ""low"", ""evidence"": ""Clear native pronunciation with correct stress on the penultimate syllable and appropriate vowel reduction.""}}"	9851aabdf5	1	1	habituado	habituado	
3640.00.01	example	Rw38T6bn0lTNOb1aUevR	audio/3640.00.01-ex-eleven_v3-v1.mp3	Ela está habituada a acordar cedo todo dia.	1	production	"{""flash38-J2"": {""verdict"": ""non_bp"", ""drift"": ""EP"", ""severity"": ""high"", ""evidence"": ""Word 'dia' pronounced with dental [d] instead of palatalized [dʒi], and European Portuguese prosody throughout.""}}"	9851aabdf5	0	0	Ela está habituada a acordar cedo todo dia.	Ela está habituada a acordar cedo todo dia.	
3646.00.01	word	AaeZyyi87RCxtFnHPS3e	audio/3646.00.01-word-eleven_v3-v1.mp3	A vegetação.	1	production	"{""flash38-J2"": {""verdict"": ""bp_ok"", ""drift"": ""none"", ""severity"": ""low"", ""evidence"": ""Pronounced clearly as [a veʒetaˈsɐ̃w̃] with correct vowel qualities, nasal diphthong, and standard Brazilian Portuguese phonology.""}}"	9851aabdf5	1	1	a vegetação	a vegetação	
3646.00.01	example	AaeZyyi87RCxtFnHPS3e	audio/3646.00.01-ex-eleven_v3-v1.mp3	A vegetação da Amazônia é muito rica.	1	production	"{""flash38-J2"": {""verdict"": ""bp_ok"", ""drift"": ""none"", ""severity"": ""low"", ""evidence"": ""Native Brazilian Portuguese pronunciation throughout with natural nasalization, appropriate rhythm, and typical phonemes.""}}"	9851aabdf5	1	1	A vegetação da Amazônia é muito rica.	A vegetação da Amazônia é muito rica.	
3655.00.01	word	Rw38T6bn0lTNOb1aUevR	audio/3655.00.01-word-eleven_v3-v3.mp3	Hezar.	1	relaxed	"{""flash38-J2"": {""verdict"": ""bp_ok"", ""drift"": ""none"", ""severity"": ""low"", ""evidence"": ""Pronounced with standard Brazilian Portuguese initial [h], correct stress on the final syllable, and acceptable coda r variant.""}}"	9851aabdf5	1	1	rezar	rezar	
3655.00.01	example	m151rjrbWXbBqyq56tly	audio/3655.00.01-ex-eleven_v3-v1.mp3	Minha avó reza todos os dias de manhã.	1	production	"{""flash38-J2"": {""verdict"": ""bp_ok"", ""drift"": ""none"", ""severity"": ""low"", ""evidence"": ""Pronounced with standard Brazilian Portuguese phonology, including correct palatalization of 'dias' and 'de', open vowel on 'avó', and [h] on 'reza'.""}}"	9851aabdf5	1	1	Minha avó reza todos os dias de manhã.	Minha avó reza todos os dias de manhã.	
3659.00.01	word	AaeZyyi87RCxtFnHPS3e	audio/3659.00.01-word-eleven_v3-v1.mp3	O sino?	1	production	"{""flash38-J2"": {""verdict"": ""bp_ok"", ""drift"": ""none"", ""severity"": ""low"", ""evidence"": ""Pronounced as /u ˈsinu/ with rising question-like intonation, standard Brazilian Portuguese vowels and stress.""}, ""pro-J2"": {""verdict"": ""bp_ok"", ""drift"": ""none"", ""severity"": ""low"", ""evidence"": ""Correct stress on the penultimate syllable and appropriate vowel qualities for 'o sino'.""}}"	9851aabdf5	1	1	o sino	o sino	
3659.00.01	example	AaeZyyi87RCxtFnHPS3e	audio/3659.00.01-ex-eleven_v3-v1.mp3	O sino da igreja toca todos os domingos de manhã.	1	production	"{""flash38-J2"": {""verdict"": ""bp_ok"", ""drift"": ""none"", ""severity"": ""low"", ""evidence"": ""Pronounced cleanly with natural Brazilian Portuguese phonology, including correct palatalization /dʒi/ and reduction of unstressed vowels.""}}"	9851aabdf5	1	1	O sino da igreja toca todos os domingos de manhã.	O sino da igreja toca todos os domingos de manhã.	
3662.00.02	word	m151rjrbWXbBqyq56tly	audio/3662.00.02-word-eleven_v3-v1.mp3	O saldo.	1	production	"{""flash38-J2"": {""verdict"": ""bp_ok"", ""drift"": ""none"", ""severity"": ""low"", ""evidence"": ""Coda 'l' is vocalized as [w] in 'saldo' and final vowels are properly reduced to [u].""}}"	9851aabdf5	1	1	o saldo	o saldo	
3662.00.02	example	m151rjrbWXbBqyq56tly	audio/3662.00.02-ex-eleven_v3-v1.mp3	O saldo da conta está positivo este mês.	1	production	"{""flash38-J2"": {""verdict"": ""bp_ok"", ""drift"": ""none"", ""severity"": ""low"", ""evidence"": ""Native standard Brazilian Portuguese pronunciation throughout, including palatalization in 'positivo' and 'este' and vocalized coda-l in 'saldo'.""}}"	9851aabdf5	1	1	O saldo da conta está positivo este mês.	O saldo da conta está positivo este mês.	
3664.00.01	word	qPfM2laM0pRL4rrZtBGl	audio/3664.00.01-word-eleven_v3-v1.mp3	Amália.	1	relaxed	"{""flash38-J2"": {""verdict"": ""bp_ok"", ""drift"": ""none"", ""severity"": ""low"", ""evidence"": ""Correct standard Brazilian Portuguese pronunciation of 'a malha' [a ˈmaʎɐ].""}, ""pro-J2"": {""verdict"": ""bp_ok"", ""drift"": ""none"", ""severity"": ""low"", ""evidence"": ""Correct stress on the penultimate syllable and clear palatal lateral approximant for lh.""}}"	9851aabdf5	1	1	a malha	a malha	
3664.00.01	example	qPfM2laM0pRL4rrZtBGl	audio/3664.00.01-ex-eleven_v3-v1.mp3	Comprei uma malha nova para o inverno.	1	production	"{""flash38-J2"": {""verdict"": ""bp_ok"", ""drift"": ""none"", ""severity"": ""low"", ""evidence"": ""All words pronounced with natural standard Brazilian Portuguese phonology, stress, and vowel qualities.""}}"	9851aabdf5	1	1	Comprei uma malha nova para o inverno.	Comprei uma malha nova para o inverno.	
3664.00.02	word	ny3E2DZImeZm00WLGZi9	audio/3664.00.02-word-eleven_v3-v1.mp3	A malha.	1	production	"{""flash38-J2"": {""verdict"": ""bp_ok"", ""drift"": ""none"", ""severity"": ""low"", ""evidence"": ""Pronounced clearly as [a ˈmaʎɐ] with expected palatal lateral and vowel quality.""}, ""pro-J2"": {""verdict"": ""bp_ok"", ""drift"": ""none"", ""severity"": ""low"", ""evidence"": ""Clear palatal lateral approximant for lh and correct stress on the penultimate syllable.""}}"	9851aabdf5	1	1	a malha	a malha	
3664.00.02	example	ny3E2DZImeZm00WLGZi9	audio/3664.00.02-ex-eleven_v3-v1.mp3	O pescador consertou a malha do barco.	1	production	"{""flash38-J2"": {""verdict"": ""bp_ok"", ""drift"": ""none"", ""severity"": ""low"", ""evidence"": ""Pronounced with standard Brazilian Portuguese phonology, including correct coda s, tap coda r, and proper vocalic reductions.""}}"	9851aabdf5	1	1	O pescador consertou a malha do barco.	O pescador consertou a malha do barco.	
3664.00.03	word	m151rjrbWXbBqyq56tly	audio/3664.00.03-word-eleven_v3-v1.mp3	A malha.	1	production	"{""flash38-J2"": {""verdict"": ""bp_ok"", ""drift"": ""none"", ""severity"": ""low"", ""evidence"": ""Pronounced clearly as [a ˈmaʎɐ] with standard Brazilian Portuguese phonology.""}, ""pro-J2"": {""verdict"": ""bp_ok"", ""drift"": ""none"", ""severity"": ""low"", ""evidence"": ""Correct pronunciation of the palatal lateral approximant lh and accurate stress placement.""}}"	9851aabdf5	1	1	a malha	a malha	
3664.00.03	example	m151rjrbWXbBqyq56tly	audio/3664.00.03-ex-eleven_v3-v1.mp3	O jogador bateu na bola com a malha.	1	production	"{""flash38-J2"": {""verdict"": ""bp_ok"", ""drift"": ""none"", ""severity"": ""low"", ""evidence"": ""Standard Brazilian Portuguese pronunciation with correct vowel reductions and palatal lateral /ʎ/.""}}"	9851aabdf5	1	1	O jogador bateu na bola com a malha.	O jogador bateu na bola com a malha.	
3672.00.01	word	xNGAXaCH8MaasNuo7Hr7	audio/3672.00.01-word-eleven_v3-v1.mp3	A inspeção.	1	production	"{""flash38-J2"": {""verdict"": ""bp_ok"", ""drift"": ""none"", ""severity"": ""low"", ""evidence"": ""The speaker clearly pronounces 'a inspeção' with standard Brazilian Portuguese phonology and proper nasal diphthong [ɐ̃w̃].""}}"	9851aabdf5	1	1	a inspeção	a inspeção	
3672.00.01	example	xNGAXaCH8MaasNuo7Hr7	audio/3672.00.01-ex-eleven_v3-v1.mp3	O carro passou na inspeção sem problemas.	1	production	"{""flash38-J2"": {""verdict"": ""bp_ok"", ""drift"": ""none"", ""severity"": ""low"", ""evidence"": ""Pronounced with clear and natural Brazilian Portuguese phonetics matching standard São Paulo pronunciation.""}}"	9851aabdf5	1	1	O carro passou na inspeção sem problemas.	O carro passou na inspeção sem problemas.	
3683.00.01	word	qPfM2laM0pRL4rrZtBGl	audio/3683.00.01-word-eleven_v3-v1.mp3	Desagradável.	1	production	"{""flash38-J2"": {""verdict"": ""non_bp"", ""drift"": ""EP"", ""severity"": ""medium"", ""evidence"": ""Coda -l is pronounced as a consonantal lateral [l] instead of being vocalized to [w].""}, ""pro-J2"": {""verdict"": ""bp_ok"", ""drift"": ""none"", ""severity"": ""low"", ""evidence"": ""Clear vocalization of the final L to [w] and correct stress on the penultimate syllable.""}}"	9851aabdf5	0	0	desagradável	desagradável	
3683.00.01	example	qPfM2laM0pRL4rrZtBGl	audio/3683.00.01-ex-eleven_v3-v1.mp3	O cheiro da comida estragada era muito desagradável.	1	production	"{""flash38-J2"": {""verdict"": ""bp_ok"", ""drift"": ""none"", ""severity"": ""low"", ""evidence"": ""Native standard Brazilian Portuguese pronunciation matching the expected phonetics, including vocalized coda /w/ in 'desagradável'.""}}"	9851aabdf5	1	1	O cheiro da comida estragada era muito desagradável.	O cheiro da comida estragada era muito desagradável.	
3689.00.01	word	xNGAXaCH8MaasNuo7Hr7	audio/3689.00.01-word-eleven_v3-v1.mp3	A uva.	1	production	"{""flash38-J2"": {""verdict"": ""bp_ok"", ""drift"": ""none"", ""severity"": ""low"", ""evidence"": ""Matches standard São Paulo Brazilian Portuguese pronunciation /a ˈuvɐ/ with appropriate stress and vowel quality.""}}"	9851aabdf5	1	1	a uva	a uva	
3689.00.01	example	xNGAXaCH8MaasNuo7Hr7	audio/3689.00.01-ex-eleven_v3-v1.mp3	Comprei uvas frescas na feira hoje.	1	production	"{""flash38-J2"": {""verdict"": ""bp_ok"", ""drift"": ""none"", ""severity"": ""low"", ""evidence"": ""Pronounced with standard Brazilian Portuguese phonology, including correct palatalization of 'hoje' as [ˈoʒi] and standard vowels.""}}"	9851aabdf5	1	1	Comprei uvas frescas na feira hoje.	Comprei uvas frescas na feira hoje.	
3694.00.01	word	ny3E2DZImeZm00WLGZi9	audio/3694.00.01-word-eleven_v3-v2.mp3	Pena.	1	relaxed	"{""flash38-J2"": {""verdict"": ""non_bp"", ""drift"": ""other"", ""severity"": ""high"", ""evidence"": ""Speaker pronounces 'pena' instead of 'penal' without final /w/""}, ""pro-J2"": {""verdict"": ""bp_ok"", ""drift"": ""none"", ""severity"": ""low"", ""evidence"": ""Final l is correctly vocalized to w and stress is on the final syllable.""}}"	9851aabdf5	0	0	penal	penal	
3694.00.01	example	ny3E2DZImeZm00WLGZi9	audio/3694.00.01-ex-eleven_v3-v1.mp3	O Código Penal define os crimes e as punições.	1	production	"{""flash38-J2"": {""verdict"": ""bp_ok"", ""drift"": ""none"", ""severity"": ""low"", ""evidence"": ""All words exhibit standard Brazilian Portuguese phonology, including vocalized final /w/ in penal and palatalized affricate /dʒ/ in código.""}}"	9851aabdf5	1	1	O código penal define os crimes e as punições.	O código penal define os crimes e as punições.	
3698.00.01	word	m151rjrbWXbBqyq56tly	audio/3698.00.01-word-eleven_v3-v2.mp3	A soberania.	1	production	"{""flash38-J2"": {""verdict"": ""bp_ok"", ""drift"": ""none"", ""severity"": ""low"", ""evidence"": ""Word pronounced cleanly with standard Brazilian Portuguese phonemes /a sobeɾaˈniɐ/.""}}"	9851aabdf5	1	1	a soberania	a soberania	
3698.00.01	example	m151rjrbWXbBqyq56tly	audio/3698.00.01-ex-eleven_v3-v1.mp3	O país defende sua soberania nacional.	1	production	"{""flash38-J2"": {""verdict"": ""bp_ok"", ""drift"": ""none"", ""severity"": ""low"", ""evidence"": ""Native Brazilian Portuguese pronunciation with palatalized 'defende' [dʒi] and vocalized final -l [w] in 'nacional'.""}}"	9851aabdf5	1	1	O país defende sua soberania nacional.	O país defende sua soberania nacional.	
3702.00.01	word	m151rjrbWXbBqyq56tly	audio/3702.00.01-word-eleven_v3-v1.mp3	O árbitro.	1	production	"{""flash38-J2"": {""verdict"": ""bp_ok"", ""drift"": ""none"", ""severity"": ""low"", ""evidence"": ""Matches the expected Brazilian Portuguese pronunciation with correct stress on the first syllable of árbitro and vocalic realization of unstressed vowels.""}}"	9851aabdf5	1	1	o árbitro	o árbitro	
3702.00.01	example	m151rjrbWXbBqyq56tly	audio/3702.00.01-ex-eleven_v3-v1.mp3	O árbitro marcou um pênalti no jogo.	1	production	"{""flash38-J2"": {""verdict"": ""bp_ok"", ""drift"": ""none"", ""severity"": ""low"", ""evidence"": ""Pronounced fully in accordance with standard Brazilian Portuguese phonology, including correct palatalization in pênalti [ˈpenawtʃi] and vowel reduction.""}}"	9851aabdf5	1	1	O árbitro marcou um pênalti no jogo.	O árbitro marcou um pênalti no jogo.	
3704.00.01	word	qPfM2laM0pRL4rrZtBGl	audio/3704.00.01-word-eleven_v3-v1.mp3	Fatal.	1	production	"{""flash38-J2"": {""verdict"": ""bp_ok"", ""drift"": ""none"", ""severity"": ""low"", ""evidence"": ""Final /l/ is properly vocalized as [w] and stress is placed correctly on the final syllable /faˈtaw/.""}, ""pro-J2"": {""verdict"": ""bp_ok"", ""drift"": ""none"", ""severity"": ""low"", ""evidence"": ""The final 'l' is correctly vocalized to [w] and the stress is on the final syllable.""}}"	9851aabdf5	1	1	fatal	fatal	
3704.00.01	example	qPfM2laM0pRL4rrZtBGl	audio/3704.00.01-ex-eleven_v3-v1.mp3	O acidente de carro foi fatal para duas pessoas.	1	production	"{""flash38-J2"": {""verdict"": ""bp_ok"", ""drift"": ""none"", ""severity"": ""low"", ""evidence"": ""Pronounced with clear Brazilian Portuguese phonology, including palatalized 'te'/'de' and vocalized final -l in 'fatal'.""}}"	9851aabdf5	1	1	O acidente de carro foi fatal para duas pessoas.	O acidente de carro foi fatal para duas pessoas.	
3705.00.01	word	wxoDdfPKBuna5KnUEotz	audio/3705.00.01-word-eleven_v3-v3.mp3	Desesperado.	1	production	"{""flash38-J2"": {""verdict"": ""bp_ok"", ""drift"": ""none"", ""severity"": ""low"", ""evidence"": ""Pronunciation follows standard Brazilian Portuguese with clear [dezespeˈɾadu] phonemes.""}}"	9851aabdf5	1	1	desesperado	desesperado	
3705.00.01	example	ny3E2DZImeZm00WLGZi9	audio/3705.00.01-ex-eleven_v3-v1.mp3	Ele está desesperado para encontrar um emprego.	1	production	"{""flash38-J2"": {""verdict"": ""bp_ok"", ""drift"": ""none"", ""severity"": ""low"", ""evidence"": ""Pronounced with standard Brazilian Portuguese phonology, including correct palatalization/vowel reduction and rhythm.""}}"	9851aabdf5	1	1	Ele está desesperado para encontrar um emprego.	Ele está desesperado para encontrar um emprego.	
3707.00.01	word	m151rjrbWXbBqyq56tly	audio/3707.00.01-word-eleven_v3-v1.mp3	O Imperial.	1	production	"{""flash38-J2"": {""verdict"": ""bp_ok"", ""drift"": ""none"", ""severity"": ""low"", ""evidence"": ""The speaker correctly pronounces the phrase with standard Brazilian Portuguese phonology, including the vocalized coda -l as [w] and tap [ɾ].""}, ""pro-J2"": {""verdict"": ""bp_ok"", ""drift"": ""none"", ""severity"": ""low"", ""evidence"": ""Clear vocalized L at the end and correct stress on the final syllable.""}}"	9851aabdf5	1	1	o imperial	o imperial	
3707.00.01	example	m151rjrbWXbBqyq56tly	audio/3707.00.01-ex-eleven_v3-v1.mp3	O Palácio Imperial fica no centro da cidade.	1	production	"{""flash38-J2"": {""verdict"": ""bp_ok"", ""drift"": ""none"", ""severity"": ""low"", ""evidence"": ""Native Brazilian Portuguese pronunciation with palatalized 'de' in cidade as [dʒi] and vocalized 'l' in imperial as [w].""}}"	9851aabdf5	1	1	O palácio imperial fica no centro da cidade.	O palácio imperial fica no centro da cidade.	
3712.00.01	word	qPfM2laM0pRL4rrZtBGl	audio/3712.00.01-word-eleven_v3-v2.mp3	Fing hier.	1	relaxed	"{""flash38-J2"": {""verdict"": ""non_bp"", ""drift"": ""ES"", ""severity"": ""high"", ""evidence"": ""pronounced the letter 'g' before 'i' as a velar/glottal fricative [h] instead of voiced postalveolar fricative [ʒ]""}}"	9851aabdf5	0	0	fingir	fingir	
3712.00.01	example	qPfM2laM0pRL4rrZtBGl	audio/3712.00.01-ex-eleven_v3-v1.mp3	Ele fingiu estar doente para não ir à escola.	1	production	"{""flash38-J2"": {""verdict"": ""bp_ok"", ""drift"": ""none"", ""severity"": ""low"", ""evidence"": ""Pronounced with standard Brazilian Portuguese phonology throughout, including palatalization in 'doente' [doˈẽtʃi], vocalization in 'fingiu' [-iw], and typical ""}}"	9851aabdf5	1	1	Ele fingiu estar doente para não ir à escola.	Ele fingiu estar doente para não ir à escola.	
3717.00.01	word	wxoDdfPKBuna5KnUEotz	audio/3717.00.01-word-eleven_v3-v1.mp3	O pop.	1	production	"{""flash38-J2"": {""verdict"": ""bp_ok"", ""drift"": ""none"", ""severity"": ""low"", ""evidence"": ""Pronounced with standard open-mid [ɔ] vowel and characteristic Brazilian unreleased or slightly epenthetic coda [p].""}, ""pro-J2"": {""verdict"": ""bp_ok"", ""drift"": ""none"", ""severity"": ""low"", ""evidence"": ""Clear open vowel and standard epenthetic i at the end.""}}"	9851aabdf5	1	1	o pop	o pop	
3717.00.01	example	wxoDdfPKBuna5KnUEotz	audio/3717.00.01-ex-eleven_v3-v1.mp3	Ela gosta de música pop.	1	production	"{""flash38-J2"": {""verdict"": ""bp_ok"", ""drift"": ""none"", ""severity"": ""low"", ""evidence"": ""Native standard Brazilian Portuguese pronunciation matching /ˈɛlɐ ˈɡɔstɐ dʒi ˈmuzikɐ ˈpɔp/ perfectly, including palatalization in 'de' as [dʒi].""}}"	9851aabdf5	1	1	Ela gosta de música pop.	Ela gosta de música pop.	
3728.00.01	word	Rw38T6bn0lTNOb1aUevR	audio/3728.00.01-word-eleven_v3-v1.mp3	A aranha.	1	production	"{""flash38-J2"": {""verdict"": ""bp_ok"", ""drift"": ""none"", ""severity"": ""low"", ""evidence"": ""Native standard Brazilian Portuguese pronunciation matching /a aˈɾɐ̃ɲɐ/ with correct tap [ɾ] and palatal nasal [ɲ].""}, ""pro-J2"": {""verdict"": ""bp_ok"", ""drift"": ""none"", ""severity"": ""low"", ""evidence"": ""Clear tap r and correct palatal nasal nh with appropriate stress.""}}"	9851aabdf5	1	1	a aranha	a aranha	
3728.00.01	example	Rw38T6bn0lTNOb1aUevR	audio/3728.00.01-ex-eleven_v3-v1.mp3	Viu uma aranha grande na parede do quarto.	1	production	"{""flash38-J2"": {""verdict"": ""bp_ok"", ""drift"": ""none"", ""severity"": ""low"", ""evidence"": ""Native standard Brazilian Portuguese pronunciation with palatalized affricates in 'grande' and 'parede', and natural rhythm and vowel reductions.""}}"	9851aabdf5	1	1	Vi uma aranha grande na parede do quarto.	Vi uma aranha grande na parede do quarto.	
3732.00.01	word	xNGAXaCH8MaasNuo7Hr7	audio/3732.00.01-word-eleven_v3-v1.mp3	Há quando?	1	relaxed	"{""flash38-J2"": {""verdict"": ""bp_ok"", ""drift"": ""none"", ""severity"": ""low"", ""evidence"": ""Pronounced with standard Brazilian Portuguese phonology matching /aˈkwɐ̃du/.""}, ""pro-J2"": {""verdict"": ""bp_ok"", ""drift"": ""none"", ""severity"": ""low"", ""evidence"": ""Clear nasalization on the stressed syllable and correct final vowel reduction to u.""}}"	9851aabdf5	1	1	aquando	aquando	
3732.00.01	example	xNGAXaCH8MaasNuo7Hr7	audio/3732.00.01-ex-eleven_v3-v1.mp3	A quando da reunião todos estavam presentes.	1	production	"{""flash38-J2"": {""verdict"": ""bp_ok"", ""drift"": ""none"", ""severity"": ""low"", ""evidence"": ""Pronounced with standard Brazilian Portuguese phonology, including palatalization in 'presentes' [pɾeˈzẽtʃis].""}}"	9851aabdf5	1	1	Aquando da reunião, todos estavam presentes.	Aquando da reunião, todos estavam presentes.	
3742.00.01	word	wxoDdfPKBuna5KnUEotz	audio/3742.00.01-word-eleven_v3-v3.mp3	Hežir.	1	relaxed	"{""flash38-J2"": {""verdict"": ""non_bp"", ""drift"": ""other"", ""severity"": ""high"", ""evidence"": ""The speaker inserts an extra [i] sound, pronouncing the word as 'regier' [heˈʒjeɾ] instead of 'reger' [heˈʒeɾ].""}, ""pro-J2"": {""verdict"": ""bp_ok"", ""drift"": ""none"", ""severity"": ""low"", ""evidence"": ""Initial r is pronounced as a back fricative and stress is correctly placed on the final syllable.""}}"	9851aabdf5	0	0	reger	reger	
3742.00.01	example	ny3E2DZImeZm00WLGZi9	audio/3742.00.01-ex-eleven_v3-v1.mp3	O rei regeu o país por muitos anos.	1	production	"{""flash38-J2"": {""verdict"": ""bp_ok"", ""drift"": ""none"", ""severity"": ""low"", ""evidence"": ""Pronounced with standard Brazilian Portuguese phonology throughout, including appropriate fricative r, vocalized l/w in regeu, and correct linking/vowel reducti""}}"	9851aabdf5	1	1	O rei regeu o país por muitos anos.	O rei regeu o país por muitos anos.	
3742.00.02	word	Rw38T6bn0lTNOb1aUevR	audio/3742.00.02-word-eleven_v3-v1.mp3	Reger.	1	production	"{""flash38-J2"": {""verdict"": ""bp_ok"", ""drift"": ""none"", ""severity"": ""low"", ""evidence"": ""Word is pronounced cleanly as [heˈʒeɾ] with standard glottal initial fricative, correct stressed vowel, and coda tap.""}, ""pro-J2"": {""verdict"": ""bp_ok"", ""drift"": ""none"", ""severity"": ""low"", ""evidence"": ""Initial r is pronounced as a back fricative and stress is correctly on the final syllable.""}}"	9851aabdf5	1	1	reger	reger	
3742.00.02	example	Rw38T6bn0lTNOb1aUevR	audio/3742.00.02-ex-eleven_v3-v1.mp3	O diretor rege a orquestra com muita habilidade.	1	production	"{""flash38-J2"": {""verdict"": ""bp_ok"", ""drift"": ""none"", ""severity"": ""low"", ""evidence"": ""Native standard Brazilian Portuguese pronunciation matching the expected phonetics, including palatalization in 'diretor' [dʒi-] and 'habilidade' [-dʒi].""}}"	9851aabdf5	1	1	O diretor rege a orquestra com muita habilidade.	O diretor rege a orquestra com muita habilidade.	
3742.00.03	word	m151rjrbWXbBqyq56tly	audio/3742.00.03-word-eleven_v3-v1.mp3	Režir.	1	relaxed	"{""flash38-J2"": {""verdict"": ""non_bp"", ""drift"": ""other"", ""severity"": ""high"", ""evidence"": ""Stressed syllable pronounced with vowel [i] ('regir') instead of expected [e] ('reger').""}, ""pro-J2"": {""verdict"": ""bp_ok"", ""drift"": ""none"", ""severity"": ""low"", ""evidence"": ""Clear initial [h], correct stress on the final syllable, and standard [ʒ] for the g.""}}"	9851aabdf5	0	0	reger	reger	
3742.00.03	example	m151rjrbWXbBqyq56tly	audio/3742.00.03-ex-eleven_v3-v1.mp3	O maestro rege a orquestra no teatro hoje.	1	production	"{""flash38-J2"": {""verdict"": ""bp_ok"", ""drift"": ""none"", ""severity"": ""low"", ""evidence"": ""Pronounced with standard Brazilian Portuguese phonology, including correct palatalization /ʒ/ in 'rege' and 'hoje', proper open vowels in 'maestro' and 'orquest""}}"	9851aabdf5	1	1	O maestro rege a orquestra no teatro hoje.	O maestro rege a orquestra no teatro hoje.	
3745.00.01	word	qPfM2laM0pRL4rrZtBGl	audio/3745.00.01-word-eleven_v3-v1.mp3	A clareza.	1	production	"{""flash38-J2"": {""verdict"": ""bp_ok"", ""drift"": ""none"", ""severity"": ""low"", ""evidence"": ""Matches standard Brazilian Portuguese pronunciation /a klaˈɾezɐ/ with correct stress, alveolar tap, and voiced sibilant [z].""}}"	9851aabdf5	1	1	a clareza	a clareza	
3745.00.01	example	qPfM2laM0pRL4rrZtBGl	audio/3745.00.01-ex-eleven_v3-v1.mp3	O professor explica com clareza.	1	production	"{""flash38-J2"": {""verdict"": ""bp_ok"", ""drift"": ""none"", ""severity"": ""low"", ""evidence"": ""Native Brazilian Portuguese pronunciation with correct vowel reductions, alveolar tap, and dental sibilant coda [s].""}}"	9851aabdf5	1	1	O professor explica com clareza.	O professor explica com clareza.	
3749.00.01	word	wxoDdfPKBuna5KnUEotz	audio/3749.00.01-word-eleven_v3-v3.mp3	O cunhado.	1	production	"{""flash38-J2"": {""verdict"": ""bp_ok"", ""drift"": ""none"", ""severity"": ""low"", ""evidence"": ""Accurate Brazilian Portuguese pronunciation with correct vowel qualities and stress placement: [u kuˈɲadu].""}}"	9851aabdf5	1	1	o cunhado	o cunhado	
3749.00.01	example	ny3E2DZImeZm00WLGZi9	audio/3749.00.01-ex-eleven_v3-v1.mp3	Meu cunhado mora em São Paulo com minha irmã.	1	production	"{""flash38-J2"": {""verdict"": ""bp_ok"", ""drift"": ""none"", ""severity"": ""low"", ""evidence"": ""Native Brazilian Portuguese pronunciation with correct vowel reductions, nasal diphthongs, and retroflex/tap rhotic realization.""}}"	9851aabdf5	1	1	Meu cunhado mora em São Paulo com minha irmã.	Meu cunhado mora em São Paulo com minha irmã.	
3755.00.01	word	AaeZyyi87RCxtFnHPS3e	audio/3755.00.01-word-eleven_v3-v1.mp3	Igen.	1	relaxed	"{""flash38-J2"": {""verdict"": ""non_bp"", ""drift"": ""FR"", ""severity"": ""high"", ""evidence"": ""Speaker pronounces French word 'ingénu' /ɛ̃.ʒe.ny/ rather than Portuguese 'ingênuo' /ĩˈʒenuu/.""}}"	9851aabdf5	0	0	ingénuo	ingênuo	
3755.00.01	example	AaeZyyi87RCxtFnHPS3e	audio/3755.00.01-ex-eleven_v3-v1.mp3	Ele é muito ingênuo e acredita em tudo.	1	production	"{""flash38-J2"": {""verdict"": ""bp_ok"", ""drift"": ""none"", ""severity"": ""low"", ""evidence"": ""Natural Brazilian Portuguese pronunciation of 'ingênuo' and palatalized 'acredita' with standard vowel reduction""}}"	9851aabdf5	1	1	Ele é muito ingênuo e acredita em tudo.	Ele é muito ingênuo e acredita em tudo.	
3770.00.01	word	Rw38T6bn0lTNOb1aUevR	audio/3770.00.01-word-eleven_v3-v1.mp3	A secca.	1	relaxed	"{""flash38-J2"": {""verdict"": ""bp_ok"", ""drift"": ""none"", ""severity"": ""low"", ""evidence"": ""Pronounced with standard Brazilian Portuguese phonology matching expected stress and closed vowel quality [e].""}, ""pro-J2"": {""verdict"": ""bp_ok"", ""drift"": ""none"", ""severity"": ""low"", ""evidence"": ""The speaker pronounces the word with the expected closed 'e' vowel and correct stress placement, matching standard Brazilian Portuguese.""}}"	9851aabdf5	1	1	a seca	a seca	
3770.00.01	example	Rw38T6bn0lTNOb1aUevR	audio/3770.00.01-ex-eleven_v3-v1.mp3	A seca destruiu as plantações este ano.	1	production	"{""flash38-J2"": {""verdict"": ""bp_ok"", ""drift"": ""none"", ""severity"": ""low"", ""evidence"": ""Correct Brazilian Portuguese phonetics throughout, with palatalization of 'este' as [ˈestʃi] and appropriate vowel reductions.""}}"	9851aabdf5	1	1	A seca destruiu as plantações este ano.	A seca destruiu as plantações este ano.	
3779.00.01	word	Rw38T6bn0lTNOb1aUevR	audio/3779.00.01-word-eleven_v3-v2.mp3	Vinga.	1	relaxed	"{""flash38-J2"": {""verdict"": ""bp_ok"", ""drift"": ""none"", ""severity"": ""low"", ""evidence"": ""Pronounced accurately as standard Brazilian Portuguese /vĩˈɡaɾ/ with final alveolar flap.""}}"	9851aabdf5	1	1	vingar	vingar	
3779.00.01	example	Rw38T6bn0lTNOb1aUevR	audio/3779.00.01-ex-eleven_v3-v1.mp3	Ele quer vingar a morte do irmão.	1	production	"{""flash38-J2"": {""verdict"": ""bp_ok"", ""drift"": ""none"", ""severity"": ""low"", ""evidence"": ""Native Brazilian Portuguese pronunciation with correct palatalization in 'morte' [ˈmɔɾtʃi] and accurate stress patterns throughout.""}}"	9851aabdf5	1	1	Ele quer vingar a morte do irmão.	Ele quer vingar a morte do irmão.	
3781.00.01	word	ny3E2DZImeZm00WLGZi9	audio/3781.00.01-word-eleven_v3-v1.mp3	O quintal.	1	production	"{""flash38-J2"": {""verdict"": ""bp_ok"", ""drift"": ""none"", ""severity"": ""low"", ""evidence"": ""Final /l/ is properly vocalized as [w] and stress is placed on the final syllable [taw].""}, ""pro-J2"": {""verdict"": ""bp_ok"", ""drift"": ""none"", ""severity"": ""low"", ""evidence"": ""Clear vocalized final L and correct stress on the final syllable.""}}"	9851aabdf5	1	1	o quintal	o quintal	
3781.00.01	example	ny3E2DZImeZm00WLGZi9	audio/3781.00.01-ex-eleven_v3-v1.mp3	As crianças brincam no quintal toda tarde.	1	production	"{""flash38-J2"": {""verdict"": ""bp_ok"", ""drift"": ""none"", ""severity"": ""low"", ""evidence"": ""Pronounced with standard Brazilian Portuguese phonology, including vocalized -l in 'quintal' [kĩˈtaw] and palatalized -de in 'tarde' [ˈtaɾdʒi].""}}"	9851aabdf5	1	1	As crianças brincam no quintal toda tarde.	As crianças brincam no quintal toda tarde.	
3787.00.01	word	m151rjrbWXbBqyq56tly	audio/3787.00.01-word-eleven_v3-v1.mp3	O instinto.	1	production	"{""flash38-J2"": {""verdict"": ""bp_ok"", ""drift"": ""none"", ""severity"": ""low"", ""evidence"": ""Pronounced with standard palatalized [tʃ] before /i/ and proper vowel nasalization [u ĩsˈtʃĩtu]""}}"	9851aabdf5	1	1	o instinto	o instinto	
3787.00.01	example	m151rjrbWXbBqyq56tly	audio/3787.00.01-ex-eleven_v3-v1.mp3	Os animais seguem seu instinto para sobreviver.	1	production	"{""flash38-J2"": {""verdict"": ""bp_ok"", ""drift"": ""none"", ""severity"": ""low"", ""evidence"": ""Pronounced with standard Brazilian Portuguese phonology, including correct palatalization of /ti/ in instinto and vocalization where expected.""}}"	9851aabdf5	1	1	Os animais seguem seu instinto para sobreviver.	Os animais seguem seu instinto para sobreviver.	
3798.00.01	word	Rw38T6bn0lTNOb1aUevR	audio/3798.00.01-word-eleven_v3-v1.mp3	Misterioso.	1	production	"{""flash38-J2"": {""verdict"": ""bp_ok"", ""drift"": ""none"", ""severity"": ""low"", ""evidence"": ""Pronounced with clear Brazilian Portuguese phonology matching /misteɾiˈozu/.""}}"	9851aabdf5	1	1	misterioso	misterioso	
3798.00.01	example	Rw38T6bn0lTNOb1aUevR	audio/3798.00.01-ex-eleven_v3-v1.mp3	A casa abandonada parece muito misteriosa à noite.	1	production	"{""flash38-J2"": {""verdict"": ""bp_ok"", ""drift"": ""none"", ""severity"": ""low"", ""evidence"": ""Native Brazilian Portuguese pronunciation with correct palatalization in 'noite' [ˈnojtʃi] and natural intonation throughout the sentence.""}}"	9851aabdf5	1	1	A casa abandonada parece muito misteriosa à noite.	A casa abandonada parece muito misteriosa à noite.	
3803.00.01	word	AaeZyyi87RCxtFnHPS3e	audio/3803.00.01-word-eleven_v3-v1.mp3	Apetecer.	1	production	"{""flash38-J2"": {""verdict"": ""bp_ok"", ""drift"": ""none"", ""severity"": ""low"", ""evidence"": ""Pronounced as /apeteˈseɾ/ with clear Brazilian vowels and alveolar tap coda r.""}}"	9851aabdf5	1	1	apetecer	apetecer	
3803.00.01	example	wxoDdfPKBuna5KnUEotz	audio/3803.00.01-ex-eleven_v3-v3.mp3	Não me apetece sair hoje, estou cansado.	1	production	"{""flash38-J2"": {""verdict"": ""bp_ok"", ""drift"": ""none"", ""severity"": ""low"", ""evidence"": ""Pronounced with clear standard Brazilian Portuguese phonemes: palatalized affricates [dʒi] in hoje, [si] in apetece, vocalized diphthong in estou [isˈtow], and ""}}"	9851aabdf5	1	1	Não me apetece sair hoje, estou cansado.	Não me apetece sair hoje, estou cansado.	
3808.00.01	word	wxoDdfPKBuna5KnUEotz	audio/3808.00.01-word-eleven_v3-v3.mp3	Honesto.	1	production	"{""flash38-J2"": {""verdict"": ""bp_ok"", ""drift"": ""none"", ""severity"": ""low"", ""evidence"": ""Pronounced correctly as [oˈnɛstu] with an open stressed /ɛ/ and silent initial h.""}, ""pro-J2"": {""verdict"": ""bp_ok"", ""drift"": ""none"", ""severity"": ""low"", ""evidence"": ""The stressed vowel is correctly pronounced as an open epsilon and the final o is reduced to u.""}}"	9851aabdf5	1	1	honesto	honesto	
3808.00.01	example	qPfM2laM0pRL4rrZtBGl	audio/3808.00.01-ex-eleven_v3-v1.mp3	Meu amigo é muito honesto e sempre diz a verdade.	1	production	"{""flash38-J2"": {""verdict"": ""bp_ok"", ""drift"": ""none"", ""severity"": ""low"", ""evidence"": ""Native standard Brazilian Portuguese pronunciation matching the expected IPA with correct palatalization on 'diz' and 'verdade'.""}}"	9851aabdf5	1	1	Meu amigo é muito honesto e sempre diz a verdade.	Meu amigo é muito honesto e sempre diz a verdade.	
3810.00.01	word	ny3E2DZImeZm00WLGZi9	audio/3810.00.01-word-eleven_v3-v1.mp3	Ultimamente.	1	production	"{""flash38-J2"": {""verdict"": ""bp_ok"", ""drift"": ""none"", ""severity"": ""low"", ""evidence"": ""Word pronounced with correct Brazilian Portuguese phonology: vocalized initial 'l' ([w]), palatalized 'ti' ([tʃi]), correct stress on -men-, and final palataliz""}}"	9851aabdf5	1	1	ultimamente	ultimamente	
3810.00.01	example	ny3E2DZImeZm00WLGZi9	audio/3810.00.01-ex-eleven_v3-v2.mp3	Ultimamente tenho trabalhado muito.	1	production	"{""flash38-J2"": {""verdict"": ""non_bp"", ""drift"": ""EP"", ""severity"": ""medium"", ""evidence"": ""'ultimamente' pronounced with European Portuguese unpalatalized alveolar [t] and reduced vowels instead of [tʃi]""}}"	9851aabdf5	0	0	Ultimamente tenho trabalhado muito.	Ultimamente tenho trabalhado muito.	
3814.00.01	word	m151rjrbWXbBqyq56tly	audio/3814.00.01-word-eleven_v3-v1.mp3	Verbal.	1	production	"{""flash38-J2"": {""verdict"": ""bp_ok"", ""drift"": ""none"", ""severity"": ""low"", ""evidence"": ""Final /l/ is properly vocalized as [w] and stress is placed correctly on the second syllable with a standard flap coda-r.""}, ""pro-J2"": {""verdict"": ""bp_ok"", ""drift"": ""none"", ""severity"": ""low"", ""evidence"": ""Final L is correctly vocalized to [w] and stress is on the final syllable.""}}"	9851aabdf5	1	1	verbal	verbal	
3814.00.01	example	m151rjrbWXbBqyq56tly	audio/3814.00.01-ex-eleven_v3-v1.mp3	O acordo verbal não foi respeitado.	1	production	"{""flash38-J2"": {""verdict"": ""bp_ok"", ""drift"": ""none"", ""severity"": ""low"", ""evidence"": ""Native standard Brazilian Portuguese pronunciation with correct vocalization of coda -l in verbal, proper stress and vowels.""}}"	9851aabdf5	1	1	O acordo verbal não foi respeitado.	O acordo verbal não foi respeitado.	
3820.00.01	word	Rw38T6bn0lTNOb1aUevR	audio/3820.00.01-word-eleven_v3-v1.mp3	Operacional.	1	production	"{""flash38-J2"": {""verdict"": ""bp_ok"", ""drift"": ""none"", ""severity"": ""low"", ""evidence"": ""Pronounced with clear final /l/ vocalization to [w] and correct stress on the final syllable.""}, ""pro-J2"": {""verdict"": ""bp_ok"", ""drift"": ""none"", ""severity"": ""low"", ""evidence"": ""Clear tap r, correct stress on the final syllable, and vocalized final l to w.""}}"	9851aabdf5	1	1	operacional	operacional	
3820.00.01	example	Rw38T6bn0lTNOb1aUevR	audio/3820.00.01-ex-eleven_v3-v1.mp3	O sistema de segurança está operacional desde ontem.	1	production	"{""flash38-J2"": {""verdict"": ""bp_ok"", ""drift"": ""none"", ""severity"": ""low"", ""evidence"": ""Pronounced with clear standard Brazilian Portuguese phonology, including correct palatalization of 'de' and vocalization of final -l in 'operacional'.""}}"	9851aabdf5	1	1	O sistema de segurança está operacional desde ontem.	O sistema de segurança está operacional desde ontem.	
3821.00.01	word	xNGAXaCH8MaasNuo7Hr7	audio/3821.00.01-word-eleven_v3-v1.mp3	A Montieg.	1	relaxed	"{""flash38-J2"": {""verdict"": ""bp_ok"", ""drift"": ""none"", ""severity"": ""low"", ""evidence"": ""Accurate Brazilian Portuguese pronunciation matching /a mɐ̃ˈtejɡɐ/ with appropriate nasalization and diphthong [ej].""}, ""pro-J2"": {""verdict"": ""bp_ok"", ""drift"": ""none"", ""severity"": ""low"", ""evidence"": ""Correct nasalization on the first syllable and accurate stress and diphthong on 'tei'.""}}"	9851aabdf5	1	1	a manteiga	a manteiga	
3821.00.01	example	xNGAXaCH8MaasNuo7Hr7	audio/3821.00.01-ex-eleven_v3-v1.mp3	Eu passo manteiga no pão todo dia.	1	production	"{""flash38-J2"": {""verdict"": ""bp_ok"", ""drift"": ""none"", ""severity"": ""low"", ""evidence"": ""Native standard Brazilian Portuguese pronunciation matching the expected IPA perfectly, with clear palatalization in [ˈdʒiɐ].""}}"	9851aabdf5	1	1	Eu passo manteiga no pão todo dia.	Eu passo manteiga no pão todo dia.	
3833.00.01	word	wxoDdfPKBuna5KnUEotz	audio/3833.00.01-word-eleven_v3-v3.mp3	Kruha.	1	relaxed	"{""flash38-J2"": {""verdict"": ""bp_ok"", ""drift"": ""none"", ""severity"": ""low"", ""evidence"": ""Matches expected /kɾuˈɛw/ with correct open [ɛ] and vocalized coda -l as [w]""}, ""pro-J2"": {""verdict"": ""bp_ok"", ""drift"": ""none"", ""severity"": ""low"", ""evidence"": ""Clear vocalized final L as [w] and correct stress on the open vowel [ɛ].""}}"	9851aabdf5	1	1	cruel	cruel	
3833.00.01	example	qPfM2laM0pRL4rrZtBGl	audio/3833.00.01-ex-eleven_v3-v1.mp3	O homem cruel maltratou o cachorro.	1	production	"{""flash38-J2"": {""verdict"": ""bp_ok"", ""drift"": ""none"", ""severity"": ""low"", ""evidence"": ""Vocalization of coda /l/ to [w] in 'cruel' and 'maltratou', correct stress, and natural standard Brazilian Portuguese rhythm and phonetics throughout the phrase""}}"	9851aabdf5	1	1	O homem cruel maltratou o cachorro.	O homem cruel maltratou o cachorro.	
3834.00.01	word	AaeZyyi87RCxtFnHPS3e	audio/3834.00.01-word-eleven_v3-v1.mp3	Ondar.	1	relaxed	"{""flash38-J2"": {""verdict"": ""non_bp"", ""drift"": ""ES"", ""severity"": ""high"", ""evidence"": ""Speaker pronounced initial 'r' as silent/omitted, saying 'ondar' instead of starting with /h/ or /χ/.""}}"	9851aabdf5	0	0	rondar	rondar	
3834.00.01	example	AaeZyyi87RCxtFnHPS3e	audio/3834.00.01-ex-eleven_v3-v2.mp3	O preço do arroz ronda dez reais o quilo.	1	production	"{""flash38-J2"": {""verdict"": ""bp_ok"", ""drift"": ""none"", ""severity"": ""low"", ""evidence"": ""Natural Brazilian Portuguese pronunciation matching standard phonology with correct palatalization/vocalizations and stress patterns.""}}"	9851aabdf5	1	1	O preço do arroz ronda dez reais o quilo.	O preço do arroz ronda dez reais o quilo.	
3842.00.01	word	Rw38T6bn0lTNOb1aUevR	audio/3842.00.01-word-eleven_v3-v3.mp3	A camisola.	1	production	"{""flash38-J2"": {""verdict"": ""bp_ok"", ""drift"": ""none"", ""severity"": ""low"", ""evidence"": ""Stressed syllable features open [ɔ] in 'camisola' and vowels match standard Brazilian Portuguese phonology.""}, ""pro-J2"": {""verdict"": ""bp_ok"", ""drift"": ""none"", ""severity"": ""low"", ""evidence"": ""Correct stress on the penultimate syllable with an open o vowel and voiced s.""}}"	9851aabdf5	1	1	a camisola	a camisola	
3842.00.01	example	Rw38T6bn0lTNOb1aUevR	audio/3842.00.01-ex-eleven_v3-v3.mp3	Ela colocou a camisola antes de dormir.	1	production	"{""flash38-J2"": {""verdict"": ""bp_ok"", ""drift"": ""none"", ""severity"": ""low"", ""evidence"": ""All words exhibit standard Brazilian Portuguese phonology, including the palatalization in 'antes de' [ˈɐ̃tʃiz dʒi] and accurate open vowel in 'camisola' [kɐmiˈ""}}"	9851aabdf5	1	1	Ela colocou a camisola antes de dormir.	Ela colocou a camisola antes de dormir.	
3842.00.02	word	Rw38T6bn0lTNOb1aUevR	audio/3842.00.02-word-eleven_v3-v3.mp3	A camisola	1	production	"{""flash38-J2"": {""verdict"": ""bp_ok"", ""drift"": ""none"", ""severity"": ""low"", ""evidence"": ""Correct open stressed vowel [ɔ] and standard Brazilian Portuguese prosody and phonetics throughout.""}, ""pro-J2"": {""verdict"": ""bp_ok"", ""drift"": ""none"", ""severity"": ""low"", ""evidence"": ""The stressed vowel is correctly pronounced as an open [ɔ] and the intervocalic s is voiced as [z], matching standard Brazilian Portuguese.""}}"	9851aabdf5	1	1	a camisola	a camisola	
3842.00.02	example	m151rjrbWXbBqyq56tly	audio/3842.00.02-ex-eleven_v3-v1.mp3	Ela colocou a camisola antes de dormir.	1	production	"{""flash38-J2"": {""verdict"": ""bp_ok"", ""drift"": ""none"", ""severity"": ""low"", ""evidence"": ""Pronounced with standard Brazilian Portuguese phonology, including open [ɔ] in 'camisola' and palatalized affricates [tʃ] and [dʒ] in 'antes de'.""}}"	9851aabdf5	1	1	Ela colocou a camisola antes de dormir.	Ela colocou a camisola antes de dormir.	
3848.00.01	word	ny3E2DZImeZm00WLGZi9	audio/3848.00.01-word-eleven_v3-v2.mp3	Ascender.	1	production	"{""flash38-J2"": {""verdict"": ""bp_ok"", ""drift"": ""none"", ""severity"": ""low"", ""evidence"": ""The speaker clearly pronounces /asẽˈdeɾ/ with stress on the final syllable and typical Brazilian Portuguese phonology.""}}"	9851aabdf5	1	1	ascender	ascender	
3848.00.01	example	ny3E2DZImeZm00WLGZi9	audio/3848.00.01-ex-eleven_v3-v1.mp3	O balão ascendeu rapidamente no céu azul.	1	production	"{""flash38-J2"": {""verdict"": ""bp_ok"", ""drift"": ""none"", ""severity"": ""low"", ""evidence"": ""Pronounced with standard Brazilian Portuguese phonology, including correct palatalization [tʃi] in rapidamente, vocalized coda l [w] in azul/céu/balão, and gutt""}}"	9851aabdf5	1	1	O balão ascendeu rapidamente no céu azul.	O balão ascendeu rapidamente no céu azul.	
3864.00.01	word	wxoDdfPKBuna5KnUEotz	audio/3864.00.01-word-eleven_v3-v1.mp3	Virtual.	1	production	"{""flash38-J2"": {""verdict"": ""bp_ok"", ""drift"": ""none"", ""severity"": ""low"", ""evidence"": ""Final -l vocalized to [w], tap coda-r, and correct stress on the final syllable.""}, ""pro-J2"": {""verdict"": ""bp_ok"", ""drift"": ""none"", ""severity"": ""low"", ""evidence"": ""Correct final syllable stress and vocalized final L.""}}"	9851aabdf5	1	1	virtual	virtual	
3864.00.01	example	wxoDdfPKBuna5KnUEotz	audio/3864.00.01-ex-eleven_v3-v1.mp3	A reunião virtual começa às três horas.	1	production	"{""flash38-J2"": {""verdict"": ""bp_ok"", ""drift"": ""none"", ""severity"": ""low"", ""evidence"": ""Pronounced with clear standard Brazilian Portuguese phonetic features including vocalized coda -l in virtual and correct vowel qualities.""}}"	9851aabdf5	1	1	A reunião virtual começa às três horas.	A reunião virtual começa às três horas.	
3877.00.01	word	m151rjrbWXbBqyq56tly	audio/3877.00.01-word-eleven_v3-v1.mp3	Asela.	1	relaxed	"{""flash38-J2"": {""verdict"": ""bp_ok"", ""drift"": ""none"", ""severity"": ""low"", ""evidence"": ""Stressed open vowel [ɛ] and standard Brazilian cadence and phonemes throughout.""}, ""pro-J2"": {""verdict"": ""bp_ok"", ""drift"": ""none"", ""severity"": ""low"", ""evidence"": ""Clear open epsilon vowel and correct stress placement.""}}"	9851aabdf5	1	1	a cela	a cela	
3877.00.01	example	m151rjrbWXbBqyq56tly	audio/3877.00.01-ex-eleven_v3-v1.mp3	O prisioneiro ficou sozinho na cela.	1	production	"{""flash38-J2"": {""verdict"": ""bp_ok"", ""drift"": ""none"", ""severity"": ""low"", ""evidence"": ""Pronounced fully in standard Brazilian Portuguese with natural vowel reductions, open /sɛlɐ/, and correct diphthongs.""}}"	9851aabdf5	1	1	O prisioneiro ficou sozinho na cela.	O prisioneiro ficou sozinho na cela.	
3879.00.01	word	m151rjrbWXbBqyq56tly	audio/3879.00.01-word-eleven_v3-v1.mp3	A sanção.	1	production	"{""flash38-J2"": {""verdict"": ""bp_ok"", ""drift"": ""none"", ""severity"": ""low"", ""evidence"": ""Accurate standard Brazilian Portuguese pronunciation matching /a sɐ̃ˈsɐ̃w̃/ with nasal vowels and diphthong intact.""}, ""pro-J2"": {""verdict"": ""bp_ok"", ""drift"": ""none"", ""severity"": ""low"", ""evidence"": ""Correct nasal vowels and stress placement for a sanção.""}}"	9851aabdf5	1	1	a sanção	a sanção	
3879.00.01	example	m151rjrbWXbBqyq56tly	audio/3879.00.01-ex-eleven_v3-v1.mp3	O presidente aplicou sanções econômicas ao país vizinho.	1	production	"{""flash38-J2"": {""verdict"": ""bp_ok"", ""drift"": ""none"", ""severity"": ""low"", ""evidence"": ""Native Brazilian Portuguese pronunciation with correct palatalization of final -te (/tʃi/), vocalization of final -u in aplicou (/ow/), and appropriate nasal vo""}}"	9851aabdf5	1	1	O presidente aplicou sanções econômicas ao país vizinho.	O presidente aplicou sanções econômicas ao país vizinho.	
3883.00.01	word	Rw38T6bn0lTNOb1aUevR	audio/3883.00.01-word-eleven_v3-v3.mp3	Ponderar.	1	production	"{""flash38-J2"": {""verdict"": ""bp_ok"", ""drift"": ""none"", ""severity"": ""low"", ""evidence"": ""Standard nasal vowel, mid vowel, flap, and final stress conforming to Brazilian Portuguese phonology.""}}"	9851aabdf5	1	1	ponderar	ponderar	
3883.00.01	example	m151rjrbWXbBqyq56tly	audio/3883.00.01-ex-eleven_v3-v1.mp3	Preciso ponderar essa decisão com calma.	1	production	"{""flash38-J2"": {""verdict"": ""bp_ok"", ""drift"": ""none"", ""severity"": ""low"", ""evidence"": ""All words pronounced with standard Brazilian Portuguese phonology, including vocalized coda l in calma [ˈkawmɐ] and natural rhythm.""}}"	9851aabdf5	1	1	Preciso ponderar essa decisão com calma.	Preciso ponderar essa decisão com calma.	
3887.00.01	word	ny3E2DZImeZm00WLGZi9	audio/3887.00.01-word-eleven_v3-v1.mp3	A polémica.	1	production	"{""flash38-J2"": {""verdict"": ""non_bp"", ""drift"": ""EP"", ""severity"": ""medium"", ""evidence"": ""Stressed vowel pronounced open [ɛ] (polémica) instead of standard Brazilian closed [e] (polêmica).""}}"	9851aabdf5	0	0	a polémica	a polêmica	
3887.00.01	example	ny3E2DZImeZm00WLGZi9	audio/3887.00.01-ex-eleven_v3-v1.mp3	A polêmica sobre o novo imposto dividiu o país.	1	production	"{""flash38-J2"": {""verdict"": ""bp_ok"", ""drift"": ""none"", ""severity"": ""low"", ""evidence"": ""Native standard Brazilian Portuguese pronunciation matching the expected phonemes throughout the entire sentence.""}}"	9851aabdf5	1	1	A polémica sobre o novo imposto dividiu o país.	A polêmica sobre o novo imposto dividiu o país.	
3890.00.01	word	m151rjrbWXbBqyq56tly	audio/3890.00.01-word-eleven_v3-v1.mp3	O secretário-geral	1	production	"{""flash38-J2"": {""verdict"": ""bp_ok"", ""drift"": ""none"", ""severity"": ""low"", ""evidence"": ""Pronounced with clear Brazilian Portuguese phonology: proper stress, vocalized final -l as [w], and natural flap r.""}}"	9851aabdf5	1	1	o secretário-geral	o secretário-geral	
3890.00.01	example	m151rjrbWXbBqyq56tly	audio/3890.00.01-ex-eleven_v3-v1.mp3	O secretário-geral da ONU visitou o Brasil.	1	production	"{""flash38-J2"": {""verdict"": ""bp_ok"", ""drift"": ""none"", ""severity"": ""low"", ""evidence"": ""Pronounced with standard Brazilian Portuguese phonology, including vocalized final /l/ as [w] in 'geral' and 'Brasil', standard vowel reductions, and appropriat""}}"	9851aabdf5	1	1	O secretário-geral da ONU visitou o Brasil.	O secretário-geral da ONU visitou o Brasil.	
3897.00.01	word	qPfM2laM0pRL4rrZtBGl	audio/3897.00.01-word-eleven_v3-v1.mp3	Salarial.	1	production	"{""flash38-J2"": {""verdict"": ""bp_ok"", ""drift"": ""none"", ""severity"": ""low"", ""evidence"": ""Final -al is properly vocalized to [aw] with final syllable stress matching standard Brazilian Portuguese.""}, ""pro-J2"": {""verdict"": ""bp_ok"", ""drift"": ""none"", ""severity"": ""low"", ""evidence"": ""Final l is correctly vocalized to w and stress is on the final syllable.""}}"	9851aabdf5	1	1	salarial	salarial	
3897.00.01	example	qPfM2laM0pRL4rrZtBGl	audio/3897.00.01-ex-eleven_v3-v1.mp3	O reajuste salarial será de cinco por cento este ano.	1	production	"{""flash38-J2"": {""verdict"": ""bp_ok"", ""drift"": ""none"", ""severity"": ""low"", ""evidence"": ""Pronounced with standard Brazilian Portuguese phonology, including correct palatalization and vocalization.""}}"	9851aabdf5	1	1	O reajuste salarial será de cinco por cento este ano.	O reajuste salarial será de cinco por cento este ano.	
3898.00.01	word	Rw38T6bn0lTNOb1aUevR	audio/3898.00.01-word-eleven_v3-v1.mp3	O adjunto.	1	production	"{""flash38-J2"": {""verdict"": ""non_bp"", ""drift"": ""other"", ""severity"": ""medium"", ""evidence"": ""The stressed vowel in 'adjunto' is pronounced as [õ] ('adjonto') instead of [ũ].""}}"	9851aabdf5	0	0	o adjunto	o adjunto	
3898.00.01	example	Rw38T6bn0lTNOb1aUevR	audio/3898.00.01-ex-eleven_v3-v1.mp3	O adjunto do diretor organiza as reuniões.	1	production	"{""flash38-J2"": {""verdict"": ""bp_ok"", ""drift"": ""none"", ""severity"": ""low"", ""evidence"": ""Pronounced with standard Brazilian Portuguese phonology, including correct palatalization of 'adjunto' and 'diretor', retroflex/tap coda r, and correct nasal di""}}"	9851aabdf5	1	1	O adjunto do diretor organiza as reuniões.	O adjunto do diretor organiza as reuniões.	
3899.00.01	word	qPfM2laM0pRL4rrZtBGl	audio/3899.00.01-word-eleven_v3-v1.mp3	A caridade.	1	production	"{""flash38-J2"": {""verdict"": ""bp_ok"", ""drift"": ""none"", ""severity"": ""low"", ""evidence"": ""Matches the expected pronunciation with proper palatalization of final -de to [dʒi] and correct stress on -da-.""}}"	9851aabdf5	1	1	a caridade	a caridade	
3899.00.01	example	qPfM2laM0pRL4rrZtBGl	audio/3899.00.01-ex-eleven_v3-v1.mp3	Ela faz trabalho de caridade no hospital.	1	production	"{""flash38-J2"": {""verdict"": ""bp_ok"", ""drift"": ""none"", ""severity"": ""low"", ""evidence"": ""Pronounced with clear Brazilian Portuguese phonology, including palatalization in 'de' and vocalization in 'hospital'.""}}"	9851aabdf5	1	1	Ela faz trabalho de caridade no hospital.	Ela faz trabalho de caridade no hospital.	
3906.00.01	word	AaeZyyi87RCxtFnHPS3e	audio/3906.00.01-word-eleven_v3-v2.mp3	Presentes.	1	relaxed	"{""flash38-J2"": {""verdict"": ""non_bp"", ""drift"": ""EP"", ""severity"": ""high"", ""evidence"": ""Final unstressed vowel is deleted, pronouncing 'trezentos' as [tɾeˈzẽts].""}}"	9851aabdf5	0	0	trezentos	trezentos	
3906.00.01	example	AaeZyyi87RCxtFnHPS3e	audio/3906.00.01-ex-eleven_v3-v1.mp3	A escola tem trezentos alunos este ano.	1	production	"{""flash38-J2"": {""verdict"": ""bp_ok"", ""drift"": ""none"", ""severity"": ""low"", ""evidence"": ""Natural Brazilian Portuguese pronunciation with correct palatalization in 'este' [ˈestʃi] and proper vowel reductions across the sentence.""}}"	9851aabdf5	1	1	A escola tem trezentos alunos este ano.	A escola tem trezentos alunos este ano.	
3908.00.01	word	m151rjrbWXbBqyq56tly	audio/3908.00.01-word-eleven_v3-v2.mp3	Ao arrastrar.	1	relaxed	"{""flash38-J2"": {""verdict"": ""bp_ok"", ""drift"": ""none"", ""severity"": ""low"", ""evidence"": ""Correct stress on final syllable with standard Brazilian Portuguese coda-s [s] and coda-r back fricative.""}}"	9851aabdf5	1	1	alastrar	alastrar	
3908.00.01	example	m151rjrbWXbBqyq56tly	audio/3908.00.01-ex-eleven_v3-v1.mp3	O fogo alastrou rapidamente pela floresta.	1	production	"{""flash38-J2"": {""verdict"": ""bp_ok"", ""drift"": ""none"", ""severity"": ""low"", ""evidence"": ""Pronounced with standard Brazilian Portuguese phonology, including palatalization in 'rapidamente' [hapidɐˈmẽtʃi] and alveolar sibilant coda in 'floresta'.""}}"	9851aabdf5	1	1	O fogo alastrou rapidamente pela floresta.	O fogo alastrou rapidamente pela floresta.	
3911.00.01	word	m151rjrbWXbBqyq56tly	audio/3911.00.01-word-eleven_v3-v1.mp3	A cova.	1	production	"{""flash38-J2"": {""verdict"": ""bp_ok"", ""drift"": ""none"", ""severity"": ""low"", ""evidence"": ""The speaker clearly pronounces /a ˈkɔvɐ/ with correct open stressed vowel [ɔ] and standard Brazilian Portuguese phonology.""}, ""pro-J2"": {""verdict"": ""bp_ok"", ""drift"": ""none"", ""severity"": ""low"", ""evidence"": ""Correct open o vowel in the stressed syllable and standard stress placement.""}}"	9851aabdf5	1	1	a cova	a cova	
3911.00.01	example	m151rjrbWXbBqyq56tly	audio/3911.00.01-ex-eleven_v3-v1.mp3	O cachorro cavou uma cova no jardim.	1	production	"{""flash38-J2"": {""verdict"": ""bp_ok"", ""drift"": ""none"", ""severity"": ""low"", ""evidence"": ""Pronounced fully in standard Brazilian Portuguese phonology, including correct palatalization of 'jardim' as [ʒaɾˈdʒĩ] and open vowel in 'cova' [ˈkɔvɐ].""}}"	9851aabdf5	1	1	O cachorro cavou uma cova no jardim.	O cachorro cavou uma cova no jardim.	
3911.00.02	word	Rw38T6bn0lTNOb1aUevR	audio/3911.00.02-word-eleven_v3-v1.mp3	Akov.	1	relaxed	"{""flash38-J2"": {""verdict"": ""bp_ok"", ""drift"": ""none"", ""severity"": ""low"", ""evidence"": ""Stressed open [ɔ] and unstressed reduced [ɐ] pronounced naturally as standard BP /a ˈkɔvɐ/.""}, ""pro-J2"": {""verdict"": ""bp_ok"", ""drift"": ""none"", ""severity"": ""low"", ""evidence"": ""Clear pronunciation of the open stressed vowel [ɔ] and correct stress placement.""}}"	9851aabdf5	1	1	a cova	a cova	
3911.00.02	example	Rw38T6bn0lTNOb1aUevR	audio/3911.00.02-ex-eleven_v3-v1.mp3	Os exploradores encontraram uma cova na montanha.	1	production	"{""flash38-J2"": {""verdict"": ""bp_ok"", ""drift"": ""none"", ""severity"": ""low"", ""evidence"": ""Pronounced naturally with standard Brazilian Portuguese phonology, including correct open /ɔ/ in 'cova' and proper vowel reductions.""}}"	9851aabdf5	1	1	Os exploradores encontraram uma cova na montanha.	Os exploradores encontraram uma cova na montanha.	
3911.00.03	word	Rw38T6bn0lTNOb1aUevR	audio/3911.00.03-word-eleven_v3-v3.mp3	A cova.	1	production	"{""flash38-J2"": {""verdict"": ""bp_ok"", ""drift"": ""none"", ""severity"": ""low"", ""evidence"": ""Pronounced with clear open [ɔ] and standard Brazilian Portuguese phonemes.""}, ""pro-J2"": {""verdict"": ""bp_ok"", ""drift"": ""none"", ""severity"": ""low"", ""evidence"": ""Correct open o vowel and stress placement on the first syllable of cova.""}}"	9851aabdf5	1	1	a cova	a cova	
3911.00.03	example	m151rjrbWXbBqyq56tly	audio/3911.00.03-ex-eleven_v3-v1.mp3	O cachorro cavou uma cova no jardim.	1	production	"{""flash38-J2"": {""verdict"": ""bp_ok"", ""drift"": ""none"", ""severity"": ""low"", ""evidence"": ""Pronounced with standard Brazilian Portuguese phonology, including palatalized [dʒ] in jardim and open [ɔ] in cova.""}}"	9851aabdf5	1	1	O cachorro cavou uma cova no jardim.	O cachorro cavou uma cova no jardim.	
3931.00.01	word	qPfM2laM0pRL4rrZtBGl	audio/3931.00.01-word-eleven_v3-v1.mp3	Adiós.	1	relaxed	"{""flash38-J2"": {""verdict"": ""bp_ok"", ""drift"": ""none"", ""severity"": ""low"", ""evidence"": ""Correct pronunciation of /aˈdews/ with proper stress and alveolar coda s.""}, ""pro-J2"": {""verdict"": ""bp_ok"", ""drift"": ""none"", ""severity"": ""low"", ""evidence"": ""Clear pronunciation of the diphthong ews with alveolar s and correct stress.""}}"	9851aabdf5	1	1	adeus	adeus	
3931.00.01	example	qPfM2laM0pRL4rrZtBGl	audio/3931.00.01-ex-eleven_v3-v1.mp3	Adeus, até semana que vem!	1	production	"{""flash38-J2"": {""verdict"": ""bp_ok"", ""drift"": ""none"", ""severity"": ""low"", ""evidence"": ""Pronounced with standard Brazilian Portuguese phonology, including correct vowels, nasalization in 'vem', and prosody.""}}"	9851aabdf5	1	1	Adeus, até a semana que vem!	Adeus, até a semana que vem!	
3941.00.01	word	m151rjrbWXbBqyq56tly	audio/3941.00.01-word-eleven_v3-v1.mp3	O mineral.	1	production	"{""flash38-J2"": {""verdict"": ""bp_ok"", ""drift"": ""none"", ""severity"": ""low"", ""evidence"": ""Final -l is properly vocalized to [w], and stress is on the final syllable as expected in standard Brazilian Portuguese.""}, ""pro-J2"": {""verdict"": ""bp_ok"", ""drift"": ""none"", ""severity"": ""low"", ""evidence"": ""Clear tap r and vocalized final l as w with correct final syllable stress.""}}"	9851aabdf5	1	1	o mineral	o mineral	
3941.00.01	example	m151rjrbWXbBqyq56tly	audio/3941.00.01-ex-eleven_v3-v1.mp3	O ferro é um mineral importante para a saúde.	1	production	"{""flash38-J2"": {""verdict"": ""bp_ok"", ""drift"": ""none"", ""severity"": ""low"", ""evidence"": ""Native standard Brazilian Portuguese pronunciation with correct palatalization on 'importante' and 'saúde', and vocalized coda -l in 'mineral'.""}}"	9851aabdf5	1	1	O ferro é um mineral importante para a saúde.	O ferro é um mineral importante para a saúde.	
3946.00.02	word	Rw38T6bn0lTNOb1aUevR	audio/3946.00.02-word-eleven_v3-v1.mp3	O coral.	1	production	"{""flash38-J2"": {""verdict"": ""bp_ok"", ""drift"": ""none"", ""severity"": ""low"", ""evidence"": ""Matches expected BP pronunciation /u koˈɾaw/ with vocalized coda /l/ as [w] and alveolar tap [ɾ].""}, ""pro-J2"": {""verdict"": ""bp_ok"", ""drift"": ""none"", ""severity"": ""low"", ""evidence"": ""Final L is correctly vocalized to w and stress is on the final syllable.""}}"	9851aabdf5	1	1	o coral	o coral	
3946.00.02	example	Rw38T6bn0lTNOb1aUevR	audio/3946.00.02-ex-eleven_v3-v1.mp3	O coral da igreja canta todos os domingos.	1	production	"{""flash38-J2"": {""verdict"": ""bp_ok"", ""drift"": ""none"", ""severity"": ""low"", ""evidence"": ""Pronounced with standard Brazilian Portuguese phonology, including vocalized final -l in 'coral' [koˈɾaw] and typical vowel reductions and liaison.""}}"	9851aabdf5	1	1	O coral da igreja canta todos os domingos.	O coral da igreja canta todos os domingos.	
3954.00.01	word	ny3E2DZImeZm00WLGZi9	audio/3954.00.01-word-eleven_v3-v1.mp3	eh	1	production	"{""flash38-J2"": {""verdict"": ""bp_ok"", ""drift"": ""none"", ""severity"": ""low"", ""evidence"": ""Correct open-mid front unrounded vowel [ɛ] matching expected pronunciation.""}, ""pro-J2"": {""verdict"": ""bp_ok"", ""drift"": ""none"", ""severity"": ""low"", ""evidence"": ""The vowel is pronounced as an open [ɛ] matching the expected pronunciation.""}}"	9851aabdf5	1	1	eh	eh	
3954.00.01	example	ny3E2DZImeZm00WLGZi9	audio/3954.00.01-ex-eleven_v3-v1.mp3	Ei, você esqueceu a mochila aqui!	1	production	"{""flash38-J2"": {""verdict"": ""bp_ok"", ""drift"": ""none"", ""severity"": ""low"", ""evidence"": ""Natural Brazilian Portuguese pronunciation matching the expected IPA sentence.""}}"	9851aabdf5	1	1	Eh, você esqueceu a mochila aqui!	Eh, você esqueceu a mochila aqui!	
3976.00.01	word	Rw38T6bn0lTNOb1aUevR	audio/3976.00.01-word-eleven_v3-v1.mp3	O tijolo.	1	production	"{""flash38-J2"": {""verdict"": ""bp_ok"", ""drift"": ""none"", ""severity"": ""low"", ""evidence"": ""Native Brazilian Portuguese pronunciation with palatalized [tʃi] and correct stress on [ˈʒo].""}, ""pro-J2"": {""verdict"": ""bp_ok"", ""drift"": ""none"", ""severity"": ""low"", ""evidence"": ""Clear palatalization of ti as tʃi and correct stress on the penultimate syllable with closed o.""}}"	9851aabdf5	1	1	o tijolo	o tijolo	
3976.00.01	example	Rw38T6bn0lTNOb1aUevR	audio/3976.00.01-ex-eleven_v3-v1.mp3	A casa é feita de tijolos vermelhos.	1	production	"{""flash38-J2"": {""verdict"": ""bp_ok"", ""drift"": ""none"", ""severity"": ""low"", ""evidence"": ""standard Brazilian Portuguese pronunciation with palatalized 'de' as [dʒi], 'ti' as [tʃi], and correct vowel qualities throughout""}}"	9851aabdf5	1	1	A casa é feita de tijolos vermelhos.	A casa é feita de tijolos vermelhos.	
3985.00.01	word	Rw38T6bn0lTNOb1aUevR	audio/3985.00.01-word-eleven_v3-v3.mp3	Pizza.	1	relaxed	"{""flash38-J2"": {""verdict"": ""bp_ok"", ""drift"": ""none"", ""severity"": ""low"", ""evidence"": ""Pronounced as [piˈzaχ]/[piˈzaɾ] with standard Brazilian phonemes, correct stress, and voiced alveolar fricative [z].""}}"	9851aabdf5	1	1	pisar	pisar	
3985.00.01	example	m151rjrbWXbBqyq56tly	audio/3985.00.01-ex-eleven_v3-v1.mp3	Cuidado para não pisar na grama molhada.	1	production	"{""flash38-J2"": {""verdict"": ""bp_ok"", ""drift"": ""none"", ""severity"": ""low"", ""evidence"": ""Native Brazilian Portuguese pronunciation with correct vowel reductions, nasal diphthong, and palatal lateral [ʎ].""}}"	9851aabdf5	1	1	Cuidado para não pisar na grama molhada.	Cuidado para não pisar na grama molhada.	
4032.00.01	word	xNGAXaCH8MaasNuo7Hr7	audio/4032.00.01-word-eleven_v3-v1.mp3	À sexta.	1	relaxed	"{""flash38-J2"": {""verdict"": ""bp_ok"", ""drift"": ""none"", ""severity"": ""low"", ""evidence"": ""Pronounced with clear standard Brazilian Portuguese phonology, including correct stress and vowel quality.""}, ""pro-J2"": {""verdict"": ""bp_ok"", ""drift"": ""none"", ""severity"": ""low"", ""evidence"": ""Clear open epsilon vowel in the stressed syllable and alveolar s in the coda matching standard Brazilian Portuguese.""}}"	9851aabdf5	1	1	a cesta	a cesta	
4032.00.01	example	xNGAXaCH8MaasNuo7Hr7	audio/4032.00.01-ex-eleven_v3-v1.mp3	Comprei frutas e coloquei na cesta.	1	production	"{""flash38-J2"": {""verdict"": ""bp_ok"", ""drift"": ""none"", ""severity"": ""low"", ""evidence"": ""All words pronounced accurately according to standard Brazilian Portuguese phonology, including correct vowel qualities, diphthongs, and sibilant voicing.""}}"	9851aabdf5	1	1	Comprei frutas e coloquei na cesta.	Comprei frutas e coloquei na cesta.	
4032.00.02	word	Rw38T6bn0lTNOb1aUevR	audio/4032.00.02-word-eleven_v3-v1.mp3	Assista.	1	relaxed	"{""flash38-J2"": {""verdict"": ""bp_ok"", ""drift"": ""none"", ""severity"": ""low"", ""evidence"": ""Stressed vowel correctly pronounced as open [ɛ] with proper alveolar coda sibilant and unstressed final -a reduction.""}, ""pro-J2"": {""verdict"": ""non_bp"", ""drift"": ""other"", ""severity"": ""low"", ""evidence"": ""The stressed vowel is pronounced as a closed [e] rather than the expected open [ɛ].""}}"	9851aabdf5	0	0	a cesta	a cesta	
4032.00.02	example	Rw38T6bn0lTNOb1aUevR	audio/4032.00.02-ex-eleven_v3-v1.mp3	Jogue papel na cesta de lixo, por favor.	1	production	"{""flash38-J2"": {""verdict"": ""non_bp"", ""drift"": ""other"", ""severity"": ""medium"", ""evidence"": ""The speaker clearly pronounces 'joga papel' [ˈʒɔɡɐ paˈpɛw] instead of 'jogue o papel' [ˈʒɔɡi u paˈpɛw].""}}"	9851aabdf5	0	0	Jogue o papel na cesta de lixo, por favor.	Jogue o papel na cesta de lixo, por favor.	
4032.00.03	word	m151rjrbWXbBqyq56tly	audio/4032.00.03-word-eleven_v3-v2.mp3	Atsesta.	1	relaxed	"{""flash38-J2"": {""verdict"": ""non_bp"", ""drift"": ""other"", ""severity"": ""high"", ""evidence"": ""Initial [ts] sound heard ('at-sesta') instead of /a ˈsɛstɐ/.""}, ""pro-J2"": {""verdict"": ""bp_ok"", ""drift"": ""none"", ""severity"": ""low"", ""evidence"": ""Clear open epsilon vowel in the stressed syllable and correct alveolar sibilant.""}}"	9851aabdf5	0	0	a cesta	a cesta	
4032.00.03	example	m151rjrbWXbBqyq56tly	audio/4032.00.03-ex-eleven_v3-v1.mp3	O jogador acertou a bola na cesta.	1	production	"{""flash38-J2"": {""verdict"": ""bp_ok"", ""drift"": ""none"", ""severity"": ""low"", ""evidence"": ""Pronounced with standard Brazilian Portuguese phonology throughout, including vocalized diphthong in 'acertou' [ow] and alveolar fricative [s] in coda 'cesta'.""}}"	9851aabdf5	1	1	O jogador acertou a bola na cesta.	O jogador acertou a bola na cesta.	
4033.00.01	word	m151rjrbWXbBqyq56tly	audio/4033.00.01-word-eleven_v3-v2.mp3	O genro.	1	production	"{""flash38-J2"": {""verdict"": ""bp_ok"", ""drift"": ""none"", ""severity"": ""low"", ""evidence"": ""Proper pronunciation of /u ˈʒẽhu/ with expected Brazilian Portuguese phonology.""}}"	9851aabdf5	1	1	o genro	o genro	
4033.00.01	example	m151rjrbWXbBqyq56tly	audio/4033.00.01-ex-eleven_v3-v1.mp3	Meu genro é muito educado e trabalha como médico.	1	production	"{""flash38-J2"": {""verdict"": ""bp_ok"", ""drift"": ""none"", ""severity"": ""low"", ""evidence"": ""Pronounced with clear and natural Brazilian Portuguese phonetics, including palatalization in 'médico' [mɛdʒiku] and correct vowel reductions throughout.""}}"	9851aabdf5	1	1	Meu genro é muito educado e trabalha como médico.	Meu genro é muito educado e trabalha como médico.	
4034.00.01	word	AaeZyyi87RCxtFnHPS3e	audio/4034.00.01-word-eleven_v3-v1.mp3	Mas siu?	1	relaxed	"{""flash38-J2"": {""verdict"": ""non_bp"", ""drift"": ""other"", ""severity"": ""high"", ""evidence"": ""Primary stress is placed on the final syllable [ma'siw] instead of the penultimate syllable [ma'siu].""}, ""pro-J2"": {""verdict"": ""bp_ok"", ""drift"": ""none"", ""severity"": ""low"", ""evidence"": ""Clear pronunciation with correct stress on the penultimate syllable and final vowel reduction to u.""}}"	9851aabdf5	0	0	macio	macio	
4034.00.01	example	AaeZyyi87RCxtFnHPS3e	audio/4034.00.01-ex-eleven_v3-v1.mp3	O travesseiro é muito macio e confortável.	1	production	"{""flash38-J2"": {""verdict"": ""bp_ok"", ""drift"": ""none"", ""severity"": ""low"", ""evidence"": ""Natural standard Brazilian Portuguese pronunciation matching the expected IPA transcription across all words, including vocalized final -l in confortável.""}}"	9851aabdf5	1	1	O travesseiro é muito macio e confortável.	O travesseiro é muito macio e confortável.	
4043.00.01	word	Rw38T6bn0lTNOb1aUevR	audio/4043.00.01-word-eleven_v3-v3.mp3	o/a tenente	0	fail	{}	9851aabdf5	0	0	o/a tenente	o tenente, a tenente	
4043.00.01	example	m151rjrbWXbBqyq56tly	audio/4043.00.01-ex-eleven_v3-v1.mp3	O tenente comandou a operação de resgate.	1	production	"{""flash38-J2"": {""verdict"": ""bp_ok"", ""drift"": ""none"", ""severity"": ""low"", ""evidence"": ""Pronounced with standard Brazilian Portuguese phonology, including palatalization of /t/ and /d/ before final unstressed /i/ and proper vowel qualities.""}}"	9851aabdf5	1	1	O tenente comandou a operação de resgate.	O tenente comandou a operação de resgate.	
4045.00.01	word	Rw38T6bn0lTNOb1aUevR	audio/4045.00.01-word-eleven_v3-v1.mp3	Solidário.	1	production	"{""flash38-J2"": {""verdict"": ""bp_ok"", ""drift"": ""none"", ""severity"": ""low"", ""evidence"": ""Pronounced with accurate standard Brazilian Portuguese phonemes and stress on the penultimate syllable /da/.""}}"	9851aabdf5	1	1	solidário	solidário	
4045.00.01	example	Rw38T6bn0lTNOb1aUevR	audio/4045.00.01-ex-eleven_v3-v1.mp3	Meus amigos são solidários quando preciso de ajuda.	1	production	"{""flash38-J2"": {""verdict"": ""bp_ok"", ""drift"": ""none"", ""severity"": ""low"", ""evidence"": ""All phonetic features, stress placement, palatalization of 'de' to [dʒi], and vowel reductions match standard Brazilian Portuguese perfectly.""}}"	9851aabdf5	1	1	Meus amigos são solidários quando preciso de ajuda.	Meus amigos são solidários quando preciso de ajuda.	
4052.00.01	word	m151rjrbWXbBqyq56tly	audio/4052.00.01-word-eleven_v3-v1.mp3	Komodo.	1	relaxed	"{""flash38-J2"": {""verdict"": ""bp_ok"", ""drift"": ""none"", ""severity"": ""low"", ""evidence"": ""Pronounced with clear Brazilian Portuguese phonology matching /ˈkomodu/ with initial primary stress and closed vowel [o].""}}"	9851aabdf5	1	1	cómodo	cômodo	
4052.00.01	example	m151rjrbWXbBqyq56tly	audio/4052.00.01-ex-eleven_v3-v1.mp3	Este sofá é muito cômodo para assistir TV.	1	production	"{""flash38-J2"": {""verdict"": ""bp_ok"", ""drift"": ""none"", ""severity"": ""low"", ""evidence"": ""Pronounced with standard Brazilian Portuguese phonology, including palatalization in 'este' [estʃi], 'assistir' [asistʃiɾ], and 'TV' [tʃeve].""}}"	9851aabdf5	1	1	Este sofá é muito cómodo para assistir TV.	Este sofá é muito cômodo para assistir TV.	
4052.00.02	word	Rw38T6bn0lTNOb1aUevR	audio/4052.00.02-word-eleven_v3-v1.mp3	O cômodo.	1	production	"{""flash38-J2"": {""verdict"": ""bp_ok"", ""drift"": ""none"", ""severity"": ""low"", ""evidence"": ""Stress correctly placed on the first syllable 'cô' with appropriate closed vowel quality [o] and standard Brazilian reduction of final unstressed vowels.""}}"	9851aabdf5	1	1	o cómodo	o cômodo	
4052.00.02	example	Rw38T6bn0lTNOb1aUevR	audio/4052.00.02-ex-eleven_v3-v1.mp3	A casa tem cinco cômodos, incluindo a cozinha.	1	production	"{""flash38-J2"": {""verdict"": ""bp_ok"", ""drift"": ""none"", ""severity"": ""low"", ""evidence"": ""Pronunciation fully matches standard Brazilian Portuguese phonology, including nasal vowels, vowel reductions, and rhythm.""}}"	9851aabdf5	1	1	A casa tem cinco cômodos, incluindo a cozinha.	A casa tem cinco cômodos, incluindo a cozinha.	
4055.00.01	word	Rw38T6bn0lTNOb1aUevR	audio/4055.00.01-word-eleven_v3-v3.mp3	Alia.	1	relaxed	"{""flash38-J2"": {""verdict"": ""bp_ok"", ""drift"": ""none"", ""severity"": ""low"", ""evidence"": ""Pronounced with standard Brazilian Portuguese phonemes /aliˈaʁ/ with proper stress on the final syllable.""}}"	9851aabdf5	1	1	aliar	aliar	
4055.00.01	example	m151rjrbWXbBqyq56tly	audio/4055.00.01-ex-eleven_v3-v1.mp3	O Brasil se aliou aos Estados Unidos na guerra.	1	production	"{""flash38-J2"": {""verdict"": ""bp_ok"", ""drift"": ""none"", ""severity"": ""low"", ""evidence"": ""Native Brazilian Portuguese pronunciation throughout with vocalized final -l in Brasil and correct palatalization and vowel reductions.""}}"	9851aabdf5	1	1	O Brasil se aliou aos Estados Unidos na guerra.	O Brasil se aliou aos Estados Unidos na guerra.	
4064.00.01	word	qPfM2laM0pRL4rrZtBGl	audio/4064.00.01-word-eleven_v3-v1.mp3	A variante.	1	production	"{""flash38-J2"": {""verdict"": ""bp_ok"", ""drift"": ""none"", ""severity"": ""low"", ""evidence"": ""Final syllable is palatalized to [tʃi] and word stress and vowels follow standard Brazilian Portuguese.""}, ""pro-J2"": {""verdict"": ""bp_ok"", ""drift"": ""none"", ""severity"": ""low"", ""evidence"": ""Clear palatalization of the final te as [tʃi] and correct nasalization and stress.""}}"	9851aabdf5	1	1	a variante	a variante	
4064.00.01	example	qPfM2laM0pRL4rrZtBGl	audio/4064.00.01-ex-eleven_v3-v1.mp3	O médico identificou uma nova variante do vírus.	1	production	"{""flash38-J2"": {""verdict"": ""bp_ok"", ""drift"": ""none"", ""severity"": ""low"", ""evidence"": ""All words follow standard Brazilian Portuguese phonology, including palatalization in 'médico' [ˈmɛdʒiku] and 'variante' [vaɾiˈɐ̃tʃi].""}}"	9851aabdf5	1	1	O médico identificou uma nova variante do vírus.	O médico identificou uma nova variante do vírus.	
4089.00.01	word	Rw38T6bn0lTNOb1aUevR	audio/4089.00.01-word-eleven_v3-v3.mp3	O hospital há.	1	relaxed	"{""flash38-J2"": {""verdict"": ""bp_ok"", ""drift"": ""none"", ""severity"": ""low"", ""evidence"": ""Naturally pronounced standard Brazilian Portuguese with silent h, appropriate vowels, and standard final coda r.""}, ""pro-J2"": {""verdict"": ""bp_ok"", ""drift"": ""none"", ""severity"": ""low"", ""evidence"": ""Correct stress on the final syllable and silent initial h.""}}"	9851aabdf5	1	1	hospitalar	hospitalar	
4089.00.01	example	m151rjrbWXbBqyq56tly	audio/4089.00.01-ex-eleven_v3-v1.mp3	O equipamento hospitalar é muito caro.	1	production	"{""flash38-J2"": {""verdict"": ""bp_ok"", ""drift"": ""none"", ""severity"": ""low"", ""evidence"": ""All words pronounced accurately following standard Brazilian Portuguese phonology, including correct vowel reductions and silent initial h in 'hospitalar'.""}}"	9851aabdf5	1	1	O equipamento hospitalar é muito caro.	O equipamento hospitalar é muito caro.	
4125.00.01	word	qPfM2laM0pRL4rrZtBGl	audio/4125.00.01-word-eleven_v3-v1.mp3	Batizar.	1	production	"{""flash38-J2"": {""verdict"": ""bp_ok"", ""drift"": ""none"", ""severity"": ""low"", ""evidence"": ""Correct palatalization of /ti/ to [tʃi] and clear standard Brazilian stress on the final syllable.""}, ""pro-J2"": {""verdict"": ""bp_ok"", ""drift"": ""none"", ""severity"": ""low"", ""evidence"": ""Clear palatalization of ti as [tʃi] and correct final syllable stress.""}}"	9851aabdf5	1	1	batizar	batizar	
4125.00.01	example	qPfM2laM0pRL4rrZtBGl	audio/4125.00.01-ex-eleven_v3-v1.mp3	O padre vai batizar o bebê no domingo.	1	production	"{""flash38-J2"": {""verdict"": ""bp_ok"", ""drift"": ""none"", ""severity"": ""low"", ""evidence"": ""Native standard Brazilian Portuguese pronunciation with palatalized [tʃi] in batizar and proper vowels and reductions.""}}"	9851aabdf5	1	1	O padre vai batizar o bebê no domingo.	O padre vai batizar o bebê no domingo.	
4131.00.01	word	m151rjrbWXbBqyq56tly	audio/4131.00.01-word-eleven_v3-v1.mp3	Temporário.	1	production	"{""flash38-J2"": {""verdict"": ""bp_ok"", ""drift"": ""none"", ""severity"": ""low"", ""evidence"": ""Pronounced clearly with standard Brazilian Portuguese phonology matching [tẽpoˈɾaɾju].""}}"	9851aabdf5	1	1	temporário	temporário	
4131.00.01	example	m151rjrbWXbBqyq56tly	audio/4131.00.01-ex-eleven_v3-v1.mp3	Ele tem um trabalho temporário no hospital.	1	production	"{""flash38-J2"": {""verdict"": ""bp_ok"", ""drift"": ""none"", ""severity"": ""low"", ""evidence"": ""All words, vowels, and final -l vocalization to [w] conform perfectly to standard Brazilian Portuguese.""}}"	9851aabdf5	1	1	Ele tem um trabalho temporário no hospital.	Ele tem um trabalho temporário no hospital.	
4132.00.01	word	Rw38T6bn0lTNOb1aUevR	audio/4132.00.01-word-eleven_v3-v1.mp3	A restauração.	1	production	"{""flash38-J2"": {""verdict"": ""bp_ok"", ""drift"": ""none"", ""severity"": ""low"", ""evidence"": ""Accurate Brazilian Portuguese pronunciation with correct nasal diphthong [ɐ̃w̃] and alveolar tap [ɾ].""}}"	9851aabdf5	1	1	a restauração	a restauração	
4132.00.01	example	Rw38T6bn0lTNOb1aUevR	audio/4132.00.01-ex-eleven_v3-v1.mp3	A restauração do prédio antigo levou dois anos.	1	production	"{""flash38-J2"": {""verdict"": ""bp_ok"", ""drift"": ""none"", ""severity"": ""low"", ""evidence"": ""Pronounced with standard Brazilian Portuguese phonology, including palatalization in 'prédio' and 'antigo', vocalization of diphthongs, and expected stress.""}}"	9851aabdf5	1	1	A restauração do prédio antigo levou dois anos.	A restauração do prédio antigo levou dois anos.	
4135.00.01	word	m151rjrbWXbBqyq56tly	audio/4135.00.01-word-eleven_v3-v1.mp3	Territorial.	1	production	"{""flash38-J2"": {""verdict"": ""bp_ok"", ""drift"": ""none"", ""severity"": ""low"", ""evidence"": ""Word pronounced with correct Brazilian Portuguese phonology: [teχitoɾiˈaw] with vocalized final -l.""}, ""pro-J2"": {""verdict"": ""bp_ok"", ""drift"": ""none"", ""severity"": ""low"", ""evidence"": ""The double r is pronounced as a back fricative and the final l is vocalized to w with correct final syllable stress.""}}"	9851aabdf5	1	1	territorial	territorial	
4135.00.01	example	m151rjrbWXbBqyq56tly	audio/4135.00.01-ex-eleven_v3-v1.mp3	O Brasil tem uma grande extensão territorial.	1	production	"{""flash38-J2"": {""verdict"": ""bp_ok"", ""drift"": ""none"", ""severity"": ""low"", ""evidence"": ""Pronounced with clear standard Brazilian Portuguese phonology, including palatalization in 'grande' and vocalized coda -l in 'Brasil' and 'territorial'.""}}"	9851aabdf5	1	1	O Brasil tem uma grande extensão territorial.	O Brasil tem uma grande extensão territorial.	
4154.00.01	word	Rw38T6bn0lTNOb1aUevR	audio/4154.00.01-word-eleven_v3-v1.mp3	O acerto.	1	production	"{""flash38-J2"": {""verdict"": ""bp_ok"", ""drift"": ""none"", ""severity"": ""low"", ""evidence"": ""Matches the expected pronunciation /u aˈseɾtu/ with standard Brazilian vowel qualities and alveolar tap.""}, ""pro-J2"": {""verdict"": ""bp_ok"", ""drift"": ""none"", ""severity"": ""low"", ""evidence"": ""Clear and correct pronunciation of the stressed closed vowel e and final unstressed o as u.""}}"	9851aabdf5	1	1	o acerto	o acerto	
4154.00.01	example	Rw38T6bn0lTNOb1aUevR	audio/4154.00.01-ex-eleven_v3-v1.mp3	O acerto do plano trouxe muita alegria ao time.	1	production	"{""flash38-J2"": {""verdict"": ""bp_ok"", ""drift"": ""none"", ""severity"": ""low"", ""evidence"": ""Native standard Brazilian Portuguese pronunciation matching the target phonemes, including /tʃimi/ with palatalized affricate.""}}"	9851aabdf5	1	1	O acerto do plano trouxe muita alegria ao time.	O acerto do plano trouxe muita alegria ao time.	
4154.00.02	word	Rw38T6bn0lTNOb1aUevR	audio/4154.00.02-word-eleven_v3-v1.mp3	O acerto.	1	production	"{""flash38-J2"": {""verdict"": ""bp_ok"", ""drift"": ""none"", ""severity"": ""low"", ""evidence"": ""Pronounced clearly as [u aˈseɾtu] with correct vowel qualities and stress placement.""}, ""pro-J2"": {""verdict"": ""bp_ok"", ""drift"": ""none"", ""severity"": ""low"", ""evidence"": ""Correct stress on the penultimate syllable with the expected closed 'e' vowel and standard coda r.""}}"	9851aabdf5	1	1	o acerto	o acerto	
4154.00.02	example	Rw38T6bn0lTNOb1aUevR	audio/4154.00.02-ex-eleven_v3-v1.mp3	Fizemos um acerto sobre o preço do carro.	1	production	"{""flash38-J2"": {""verdict"": ""bp_ok"", ""drift"": ""none"", ""severity"": ""low"", ""evidence"": ""Native standard Brazilian Portuguese pronunciation matching the expected phonetics, including proper vowel reductions and standard consonants.""}}"	9851aabdf5	1	1	Fizemos um acerto sobre o preço do carro.	Fizemos um acerto sobre o preço do carro.	
4170.00.01	word	Rw38T6bn0lTNOb1aUevR	audio/4170.00.01-word-eleven_v3-v1.mp3	O consórcio.	1	production	"{""flash38-J2"": {""verdict"": ""bp_ok"", ""drift"": ""none"", ""severity"": ""low"", ""evidence"": ""Accurate Brazilian Portuguese pronunciation with open stressed [ɔ], tap [ɾ], and final unstressed -io pronounced as [ju].""}}"	9851aabdf5	1	1	o consórcio	o consórcio	
4170.00.01	example	Rw38T6bn0lTNOb1aUevR	audio/4170.00.01-ex-eleven_v3-v1.mp3	O consórcio de empresas vai construir o novo hospital.	1	production	"{""flash38-J2"": {""verdict"": ""bp_ok"", ""drift"": ""none"", ""severity"": ""low"", ""evidence"": ""Standard Brazilian Portuguese pronunciation throughout, including [dʒi] in 'de', vocalized [w] in 'hospital', and correct stress patterns.""}}"	9851aabdf5	1	1	O consórcio de empresas vai construir o novo hospital.	O consórcio de empresas vai construir o novo hospital.	
4178.00.01	word	qPfM2laM0pRL4rrZtBGl	audio/4178.00.01-word-eleven_v3-v1.mp3	Assente.	1	production	"{""flash38-J2"": {""verdict"": ""bp_ok"", ""drift"": ""none"", ""severity"": ""low"", ""evidence"": ""Final syllable is palatalized as [tʃi] with standard nasal [ẽ] in the stressed syllable.""}, ""pro-J2"": {""verdict"": ""bp_ok"", ""drift"": ""none"", ""severity"": ""low"", ""evidence"": ""Clear palatalization of the final t to tʃi and correct stress placement.""}}"	9851aabdf5	1	1	assente	assente	
4178.00.01	example	qPfM2laM0pRL4rrZtBGl	audio/4178.00.01-ex-eleven_v3-v1.mp3	O acordo está assente entre as duas empresas.	1	production	"{""flash38-J2"": {""verdict"": ""bp_ok"", ""drift"": ""none"", ""severity"": ""low"", ""evidence"": ""Pronounced with standard Brazilian Portuguese phonology, including palatalization in 'assente' [aˈsẽtʃi] and standard vowel reductions.""}}"	9851aabdf5	1	1	O acordo está assente entre as duas empresas.	O acordo está assente entre as duas empresas.	
4197.00.01	word	Rw38T6bn0lTNOb1aUevR	audio/4197.00.01-word-eleven_v3-v1.mp3	A Bahia.	1	relaxed	"{""flash38-J2"": {""verdict"": ""bp_ok"", ""drift"": ""none"", ""severity"": ""low"", ""evidence"": ""Matches standard Brazilian Portuguese pronunciation [a baˈiɐ] with appropriate stress and vowel qualities.""}, ""pro-J2"": {""verdict"": ""bp_ok"", ""drift"": ""none"", ""severity"": ""low"", ""evidence"": ""Correct stress on the 'i' and standard vowel qualities.""}}"	9851aabdf5	1	1	a baía	a baía	
4197.00.01	example	Rw38T6bn0lTNOb1aUevR	audio/4197.00.01-ex-eleven_v3-v1.mp3	A Bahia é muito bonita de manhã.	1	production	"{""flash38-J2"": {""verdict"": ""bp_ok"", ""drift"": ""none"", ""severity"": ""low"", ""evidence"": ""Pronounced with standard Brazilian Portuguese phonology, including correct palatalization of 'de' to [dʒi] and appropriate vowel quality throughout.""}}"	9851aabdf5	1	1	A baía é muito bonita de manhã.	A baía é muito bonita de manhã.	
4201.00.02	word	wxoDdfPKBuna5KnUEotz	audio/4201.00.02-word-eleven_v3-v1.mp3	A pauta.	1	production	"{""flash38-J2"": {""verdict"": ""bp_ok"", ""drift"": ""none"", ""severity"": ""low"", ""evidence"": ""Correct pronunciation of the diphthong [aw] and unstressed final [ɐ] matching Brazilian Portuguese phonetics.""}}"	9851aabdf5	1	1	a pauta	a pauta	
4201.00.02	example	wxoDdfPKBuna5KnUEotz	audio/4201.00.02-ex-eleven_v3-v1.mp3	A pauta da reunião tem cinco tópicos importantes.	1	production	"{""flash38-J2"": {""verdict"": ""bp_ok"", ""drift"": ""none"", ""severity"": ""low"", ""evidence"": ""Native standard Brazilian Portuguese pronunciation with correct vowel qualities, coda s voicing, and palatalization of -te.""}}"	9851aabdf5	1	1	A pauta da reunião tem cinco tópicos importantes.	A pauta da reunião tem cinco tópicos importantes.	
4220.00.01	word	xNGAXaCH8MaasNuo7Hr7	audio/4220.00.01-word-eleven_v3-v1.mp3	Flexível.	1	production	"{""flash38-J2"": {""verdict"": ""bp_ok"", ""drift"": ""none"", ""severity"": ""low"", ""evidence"": ""Word pronounced accurately with stressed penultimate syllable [ˈsi] and vocalized coda /l/ as [w].""}, ""pro-J2"": {""verdict"": ""bp_ok"", ""drift"": ""none"", ""severity"": ""low"", ""evidence"": ""Clear penultimate stress and vocalized final L as [w]""}}"	9851aabdf5	1	1	flexível	flexível	
4220.00.01	example	xNGAXaCH8MaasNuo7Hr7	audio/4220.00.01-ex-eleven_v3-v1.mp3	Este material é muito flexível e fácil de usar.	1	production	"{""flash38-J2"": {""verdict"": ""bp_ok"", ""drift"": ""none"", ""severity"": ""low"", ""evidence"": ""Native standard Brazilian Portuguese pronunciation with correct vocalization of final -l to [w], proper palatalization of /t/ and /d/ before /i/, and natural pr""}}"	9851aabdf5	1	1	Este material é muito flexível e fácil de usar.	Este material é muito flexível e fácil de usar.	
4227.00.01	word	xNGAXaCH8MaasNuo7Hr7	audio/4227.00.01-word-eleven_v3-v1.mp3	Doer	1	production	"{""flash38-J2"": {""verdict"": ""bp_ok"", ""drift"": ""none"", ""severity"": ""low"", ""evidence"": ""Clear pronunciation of 'doer' matching standard Brazilian Portuguese phonology.""}, ""pro-J2"": {""verdict"": ""bp_ok"", ""drift"": ""none"", ""severity"": ""low"", ""evidence"": ""Correct stress on the final syllable with appropriate vowel qualities and coda r.""}}"	9851aabdf5	1	1	doer	doer	
4227.00.01	example	xNGAXaCH8MaasNuo7Hr7	audio/4227.00.01-ex-eleven_v3-v1.mp3	Minha cabeça dói muito hoje.	1	production	"{""flash38-J2"": {""verdict"": ""bp_ok"", ""drift"": ""none"", ""severity"": ""low"", ""evidence"": ""Native standard Brazilian Portuguese pronunciation matching the expected phonetics, including proper vowel reductions and palatalization.""}}"	9851aabdf5	1	1	Minha cabeça dói muito hoje.	Minha cabeça dói muito hoje.	
4234.00.01	word	ny3E2DZImeZm00WLGZi9	audio/4234.00.01-word-eleven_v3-v1.mp3	Agrade	1	relaxed	"{""flash38-J2"": {""verdict"": ""bp_ok"", ""drift"": ""none"", ""severity"": ""low"", ""evidence"": ""Final '-de' is correctly palatalized as [dʒi] with standard Brazilian vowel and stress patterns.""}, ""pro-J2"": {""verdict"": ""bp_ok"", ""drift"": ""none"", ""severity"": ""low"", ""evidence"": ""Clear palatalization of the final de to dʒi and correct stress on gra.""}}"	9851aabdf5	1	1	a grade	a grade	
4234.00.01	example	ny3E2DZImeZm00WLGZi9	audio/4234.00.01-ex-eleven_v3-v1.mp3	A criança segurou a grade da janela.	1	production	"{""flash38-J2"": {""verdict"": ""bp_ok"", ""drift"": ""none"", ""severity"": ""low"", ""evidence"": ""Native standard Brazilian Portuguese pronunciation matching the expected IPA, with correct palatalization [dʒi] in grade and open [ɛ] in janela.""}}"	9851aabdf5	1	1	A criança segurou a grade da janela.	A criança segurou a grade da janela.	
4234.00.02	word	ny3E2DZImeZm00WLGZi9	audio/4234.00.02-word-eleven_v3-v1.mp3	Agrade.	1	relaxed	"{""flash38-J2"": {""verdict"": ""bp_ok"", ""drift"": ""none"", ""severity"": ""low"", ""evidence"": ""Pronounced clearly as [a ˈɡɾadʒi] with expected palatalization of final -de.""}, ""pro-J2"": {""verdict"": ""bp_ok"", ""drift"": ""none"", ""severity"": ""low"", ""evidence"": ""Clear palatalization of the final de as dʒi and correct stress on gra.""}}"	9851aabdf5	1	1	a grade	a grade	
4234.00.02	example	ny3E2DZImeZm00WLGZi9	audio/4234.00.02-ex-eleven_v3-v1.mp3	A criança segurou na grade da varanda.	1	production	"{""flash38-J2"": {""verdict"": ""bp_ok"", ""drift"": ""none"", ""severity"": ""low"", ""evidence"": ""Pronounced with standard Brazilian Portuguese phonology, including palatalized [dʒi] in grade.""}}"	9851aabdf5	1	1	A criança segurou na grade da varanda.	A criança segurou na grade da varanda.	
4267.00.01	word	m151rjrbWXbBqyq56tly	audio/4267.00.01-word-eleven_v3-v1.mp3	Judaiku.	1	relaxed	"{""flash38-J2"": {""verdict"": ""bp_ok"", ""drift"": ""none"", ""severity"": ""low"", ""evidence"": ""Pronounced clearly as [ʒuˈdajku] matching standard Brazilian Portuguese phonology.""}, ""pro-J2"": {""verdict"": ""bp_ok"", ""drift"": ""none"", ""severity"": ""low"", ""evidence"": ""Clear palatal fricative and correct stress on the diphthong aj with final u.""}}"	9851aabdf5	1	1	judaico	judaico	
4267.00.01	example	m151rjrbWXbBqyq56tly	audio/4267.00.01-ex-eleven_v3-v1.mp3	Meu amigo estuda história judaica na universidade.	1	production	"{""flash38-J2"": {""verdict"": ""bp_ok"", ""drift"": ""none"", ""severity"": ""low"", ""evidence"": ""Pronounced with standard Brazilian Portuguese phonology, including palatalized final 'de' as [dʒi] in universidade.""}}"	9851aabdf5	1	1	Meu amigo estuda a história judaica na universidade.	Meu amigo estuda a história judaica na universidade.	
4313.00.01	word	qPfM2laM0pRL4rrZtBGl	audio/4313.00.01-word-eleven_v3-v1.mp3	Restabelecer.	1	production	"{""flash38-J2"": {""verdict"": ""bp_ok"", ""drift"": ""none"", ""severity"": ""low"", ""evidence"": ""Word pronounced accurately with standard Brazilian Portuguese phonology and stress pattern [hestabeleˈseɾ].""}}"	9851aabdf5	1	1	restabelecer	restabelecer	
4313.00.01	example	qPfM2laM0pRL4rrZtBGl	audio/4313.00.01-ex-eleven_v3-v1.mp3	O governo quer restabelecer a ordem na cidade.	1	production	"{""flash38-J2"": {""verdict"": ""bp_ok"", ""drift"": ""none"", ""severity"": ""low"", ""evidence"": ""Native standard Brazilian Portuguese pronunciation throughout with natural palatalization in 'cidade' [siˈdadʒi] and typical intonation.""}}"	9851aabdf5	1	1	O governo quer restabelecer a ordem na cidade.	O governo quer restabelecer a ordem na cidade.	
4332.00.01	word	m151rjrbWXbBqyq56tly	audio/4332.00.01-word-eleven_v3-v1.mp3	O enterro.	1	production	"{""flash38-J2"": {""verdict"": ""bp_ok"", ""drift"": ""none"", ""severity"": ""low"", ""evidence"": ""Matches standard BP phonology with nasal vowel in 'en-', open/correct stressed 'te', standard back fricative 'rr', and final -o reduced to [u].""}, ""pro-J2"": {""verdict"": ""bp_ok"", ""drift"": ""none"", ""severity"": ""low"", ""evidence"": ""Clear closed stressed e and standard back fricative for rr.""}}"	9851aabdf5	1	1	o enterro	o enterro	
4332.00.01	example	m151rjrbWXbBqyq56tly	audio/4332.00.01-ex-eleven_v3-v1.mp3	O enterro do meu avô foi na semana passada.	1	production	"{""flash38-J2"": {""verdict"": ""bp_ok"", ""drift"": ""none"", ""severity"": ""low"", ""evidence"": ""Native Brazilian Portuguese pronunciation throughout with natural prosody and standard phonetics.""}}"	9851aabdf5	1	1	O enterro do meu avô foi na semana passada.	O enterro do meu avô foi na semana passada.	
4380.00.01	word	Rw38T6bn0lTNOb1aUevR	audio/4380.00.01-word-eleven_v3-v1.mp3	Casto.	1	production	"{""flash38-J2"": {""verdict"": ""non_bp"", ""drift"": ""EP"", ""severity"": ""medium"", ""evidence"": ""Coda 's' is pronounced as postalveolar fricative [ʃ] instead of alveolar [s].""}, ""pro-J2"": {""verdict"": ""bp_ok"", ""drift"": ""none"", ""severity"": ""low"", ""evidence"": ""Clear pronunciation of coda s as [s] and final unstressed o as [u], matching standard Brazilian Portuguese.""}}"	9851aabdf5	0	0	casto	casto	
4380.00.01	example	Rw38T6bn0lTNOb1aUevR	audio/4380.00.01-ex-eleven_v3-v1.mp3	Ela leva uma vida casta e simples.	1	production	"{""flash38-J2"": {""verdict"": ""bp_ok"", ""drift"": ""none"", ""severity"": ""low"", ""evidence"": ""All words follow standard Brazilian Portuguese phonology, including correct vowel open/closed qualities and palatalization.""}}"	9851aabdf5	1	1	Ela leva uma vida casta e simples.	Ela leva uma vida casta e simples.	
4381.00.01	word	Rw38T6bn0lTNOb1aUevR	audio/4381.00.01-word-eleven_v3-v1.mp3	A cera.	1	production	"{""flash38-J2"": {""verdict"": ""bp_ok"", ""drift"": ""none"", ""severity"": ""low"", ""evidence"": ""Pronounced clearly as [a ˈseɾɐ] matching standard Brazilian Portuguese phonology.""}, ""pro-J2"": {""verdict"": ""bp_ok"", ""drift"": ""none"", ""severity"": ""low"", ""evidence"": ""Clear tap r and correct closed e vowel on the stressed syllable.""}}"	9851aabdf5	1	1	a cera	a cera	
4381.00.01	example	Rw38T6bn0lTNOb1aUevR	audio/4381.00.01-ex-eleven_v3-v1.mp3	A cera da vela derreteu na mesa.	1	production	"{""flash38-J2"": {""verdict"": ""bp_ok"", ""drift"": ""none"", ""severity"": ""low"", ""evidence"": ""Pronounced with standard Brazilian Portuguese phonology, including open [ɛ] in 'vela' and correct vowel qualities throughout.""}}"	9851aabdf5	1	1	A cera da vela derreteu na mesa.	A cera da vela derreteu na mesa.	
4386.00.01	word	xNGAXaCH8MaasNuo7Hr7	audio/4386.00.01-word-eleven_v3-v1.mp3	O choro.	1	production	"{""flash38-J2"": {""verdict"": ""non_bp"", ""drift"": ""other"", ""severity"": ""medium"", ""evidence"": ""The stressed vowel in 'choro' is raised to [u] instead of expected closed [o], sounding like 'churo'.""}, ""pro-J2"": {""verdict"": ""bp_ok"", ""drift"": ""none"", ""severity"": ""low"", ""evidence"": ""Clear pronunciation of the closed stressed vowel o and the tap r, matching standard Brazilian Portuguese.""}}"	9851aabdf5	0	0	o choro	o choro	
4386.00.01	example	xNGAXaCH8MaasNuo7Hr7	audio/4386.00.01-ex-eleven_v3-v1.mp3	O choro do bebê acordou a família toda.	1	production	"{""flash38-J2"": {""verdict"": ""bp_ok"", ""drift"": ""none"", ""severity"": ""low"", ""evidence"": ""Native Brazilian Portuguese pronunciation throughout with natural intonation, tap [ɾ], and correct vowel reductions.""}}"	9851aabdf5	1	1	O choro do bebê acordou a família toda.	O choro do bebê acordou a família toda.	
4389.00.01	word	Rw38T6bn0lTNOb1aUevR	audio/4389.00.01-word-eleven_v3-v1.mp3	O marketing.	1	production	"{""flash38-J2"": {""verdict"": ""bp_ok"", ""drift"": ""none"", ""severity"": ""low"", ""evidence"": ""Pronounced with standard Brazilian Portuguese phonology: /u ˈmaɾketʃĩ/ with tap r and palatalized [tʃĩ].""}, ""pro-J2"": {""verdict"": ""bp_ok"", ""drift"": ""none"", ""severity"": ""low"", ""evidence"": ""The speaker correctly palatalizes the t in the final syllable as [tʃi] and places the stress correctly, matching standard Brazilian Portuguese.""}}"	9851aabdf5	1	1	o marketing	o marketing	
4389.00.01	example	Rw38T6bn0lTNOb1aUevR	audio/4389.00.01-ex-eleven_v3-v1.mp3	A empresa investiu muito em marketing digital.	1	production	"{""flash38-J2"": {""verdict"": ""bp_ok"", ""drift"": ""none"", ""severity"": ""low"", ""evidence"": ""Pronounced with standard Brazilian Portuguese phonology, including correct palatalization of /t/ and /d/ before /i/ and vocalization of coda -l to [w].""}}"	9851aabdf5	1	1	A empresa investiu muito em marketing digital.	A empresa investiu muito em marketing digital.	
4404.00.01	word	m151rjrbWXbBqyq56tly	audio/4404.00.01-word-eleven_v3-v1.mp3	O rolo.	1	production	"{""flash38-J2"": {""verdict"": ""bp_ok"", ""drift"": ""none"", ""severity"": ""low"", ""evidence"": ""Word pronounced accurately with initial [h] and proper vowel quality [u ˈholu].""}, ""pro-J2"": {""verdict"": ""bp_ok"", ""drift"": ""none"", ""severity"": ""low"", ""evidence"": ""The initial r is pronounced as a back fricative and the vowels match the expected Brazilian Portuguese pronunciation.""}}"	9851aabdf5	1	1	o rolo	o rolo	
4404.00.01	example	m151rjrbWXbBqyq56tly	audio/4404.00.01-ex-eleven_v3-v1.mp3	Comprei um rolo de papel toalha no mercado.	1	production	"{""flash38-J2"": {""verdict"": ""bp_ok"", ""drift"": ""none"", ""severity"": ""low"", ""evidence"": ""All words pronounced with standard Brazilian phonology, including final -l vocalization to [w] in 'papel' and palatalization in 'de'.""}}"	9851aabdf5	1	1	Comprei um rolo de papel toalha no mercado.	Comprei um rolo de papel toalha no mercado.	
4411.00.02	word	Rw38T6bn0lTNOb1aUevR	audio/4411.00.02-word-eleven_v3-v1.mp3	O feixe.	1	production	"{""flash38-J2"": {""verdict"": ""bp_ok"", ""drift"": ""none"", ""severity"": ""low"", ""evidence"": ""Word pronounced cleanly as [u ˈfejʃi] with standard Brazilian Portuguese phonetics.""}}"	9851aabdf5	1	1	o feixe	o feixe	
4411.00.02	example	Rw38T6bn0lTNOb1aUevR	audio/4411.00.02-ex-eleven_v3-v1.mp3	O agricultor carregou um feixe de lenha.	1	production	"{""flash38-J2"": {""verdict"": ""bp_ok"", ""drift"": ""none"", ""severity"": ""low"", ""evidence"": ""Pronounced accurately with Brazilian Portuguese phonetics including vocalized /l/, standard retroflex/tap coda /r/, and palatalized 'de' as [dʒi].""}}"	9851aabdf5	1	1	O agricultor carregou um feixe de lenha.	O agricultor carregou um feixe de lenha.	
4424.00.01	word	Rw38T6bn0lTNOb1aUevR	audio/4424.00.01-word-eleven_v3-v1.mp3	O mouro.	1	production	"{""flash38-J2"": {""verdict"": ""bp_ok"", ""drift"": ""none"", ""severity"": ""low"", ""evidence"": ""Matches expected São Paulo Brazilian Portuguese pronunciation /u ˈmowɾu/ with clear diphthong [ow] and tapped coda/intervocalic [ɾ].""}, ""pro-J2"": {""verdict"": ""bp_ok"", ""drift"": ""none"", ""severity"": ""low"", ""evidence"": ""Clear diphthong and alveolar tap for r matching standard BP""}}"	9851aabdf5	1	1	o mouro	o mouro	
4424.00.01	example	Rw38T6bn0lTNOb1aUevR	audio/4424.00.01-ex-eleven_v3-v1.mp3	Os mouros viveram na Península Ibérica por séculos.	1	production	"{""flash38-J2"": {""verdict"": ""bp_ok"", ""drift"": ""none"", ""severity"": ""low"", ""evidence"": ""Natural Brazilian Portuguese pronunciation matching standard phonology with correct stress and vowel qualities.""}}"	9851aabdf5	1	1	Os mouros viveram na Península Ibérica por séculos.	Os mouros viveram na Península Ibérica por séculos.	
4434.00.01	word	wxoDdfPKBuna5KnUEotz	audio/4434.00.01-word-eleven_v3-v1.mp3	o, a contribuinte	0	fail	{}	9851aabdf5	0	0	o/a contribuinte	o contribuinte, a contribuinte	
4434.00.01	example	wxoDdfPKBuna5KnUEotz	audio/4434.00.01-ex-eleven_v3-v1.mp3	Todo contribuinte deve pagar impostos ao governo.	1	production	"{""flash38-J2"": {""verdict"": ""bp_ok"", ""drift"": ""none"", ""severity"": ""low"", ""evidence"": ""Native standard Brazilian Portuguese pronunciation with correct palatalization on contribuinte [tʃi] and accurate stress patterns across the entire phrase.""}}"	9851aabdf5	1	1	Todo contribuinte deve pagar impostos ao governo.	Todo contribuinte deve pagar impostos ao governo.	
4440.00.01	word	qPfM2laM0pRL4rrZtBGl	audio/4440.00.01-word-eleven_v3-v1.mp3	o, a analista	0	fail	{}	9851aabdf5	0	0	o/a analista	o analista, a analista	
4440.00.01	example	qPfM2laM0pRL4rrZtBGl	audio/4440.00.01-ex-eleven_v3-v1.mp3	A analista explicou os dados financeiros da empresa.	1	production	"{""flash38-J2"": {""verdict"": ""bp_ok"", ""drift"": ""none"", ""severity"": ""low"", ""evidence"": ""Pronounced with standard Brazilian Portuguese phonology, including correct vowels, palatalization, and prosody.""}}"	9851aabdf5	1	1	A analista explicou os dados financeiros da empresa.	A analista explicou os dados financeiros da empresa.	
4448.00.01	word	Rw38T6bn0lTNOb1aUevR	audio/4448.00.01-word-eleven_v3-v1.mp3	Uno.	1	relaxed	"{""flash38-J2"": {""verdict"": ""bp_ok"", ""drift"": ""none"", ""severity"": ""low"", ""evidence"": ""Speaker accurately produces standard Brazilian Portuguese open vowel [ɔ] in 'nó' with [u] reduction for the article.""}}"	9851aabdf5	1	1	o nó	o nó	
4448.00.01	example	Rw38T6bn0lTNOb1aUevR	audio/4448.00.01-ex-eleven_v3-v1.mp3	O marinheiro fez um nó forte na corda.	1	production	"{""flash38-J2"": {""verdict"": ""bp_ok"", ""drift"": ""none"", ""severity"": ""low"", ""evidence"": ""Pronounced with standard Brazilian Portuguese phonology, including palatalization in 'forte' [ˈfɔɾtʃi] and appropriate vowel qualities.""}}"	9851aabdf5	1	1	O marinheiro fez um nó forte na corda.	O marinheiro fez um nó forte na corda.	
4478.00.01	word	Rw38T6bn0lTNOb1aUevR	audio/4478.00.01-word-eleven_v3-v1.mp3	Sufocar.	1	production	"{""flash38-J2"": {""verdict"": ""bp_ok"", ""drift"": ""none"", ""severity"": ""low"", ""evidence"": ""Pronounced with standard Brazilian phonology [sufoˈkaɾ] including appropriate stress placement and alveolar tap final r.""}}"	9851aabdf5	1	1	sufocar	sufocar	
4478.00.01	example	Rw38T6bn0lTNOb1aUevR	audio/4478.00.01-ex-eleven_v3-v1.mp3	A fumaça na sala pode sufocar as pessoas.	1	production	"{""flash38-J2"": {""verdict"": ""bp_ok"", ""drift"": ""none"", ""severity"": ""low"", ""evidence"": ""Pronounced with clear standard Brazilian Portuguese phonology, including palatalization in 'pode' [pɔdʒi] and appropriate vowel reductions.""}}"	9851aabdf5	1	1	A fumaça na sala pode sufocar as pessoas.	A fumaça na sala pode sufocar as pessoas.	
4479.00.01	word	m151rjrbWXbBqyq56tly	audio/4479.00.01-word-eleven_v3-v1.mp3	O helicóptero.	1	production	"{""flash38-J2"": {""verdict"": ""bp_ok"", ""drift"": ""none"", ""severity"": ""low"", ""evidence"": ""Pronounced with standard Brazilian Portuguese phonology: /u eliˈkɔpteɾu/ with correct stress and open-mid vowel /ɔ/.""}, ""pro-J2"": {""verdict"": ""bp_ok"", ""drift"": ""none"", ""severity"": ""low"", ""evidence"": ""Correct stress on the antepenultimate syllable with the appropriate open vowel quality for 'cóp'.""}}"	9851aabdf5	1	1	o helicóptero	o helicóptero	
4479.00.01	example	m151rjrbWXbBqyq56tly	audio/4479.00.01-ex-eleven_v3-v1.mp3	O helicóptero pousou no hospital às sete da manhã.	1	production	"{""flash38-J2"": {""verdict"": ""bp_ok"", ""drift"": ""none"", ""severity"": ""low"", ""evidence"": ""Pronounced with standard Brazilian Portuguese phonology, including vocalized -l in hospital and affrication in sete.""}}"	9851aabdf5	1	1	O helicóptero pousou no hospital às sete da manhã.	O helicóptero pousou no hospital às sete da manhã.	
4491.00.01	word	qPfM2laM0pRL4rrZtBGl	audio/4491.00.01-word-eleven_v3-v1.mp3	O revólver.	1	production	"{""flash38-J2"": {""verdict"": ""bp_ok"", ""drift"": ""none"", ""severity"": ""low"", ""evidence"": ""Correct pronunciation of /u heˈvɔwveɾ/ with proper vowel open-mid [ɔ] and stress on the second syllable.""}, ""pro-J2"": {""verdict"": ""bp_ok"", ""drift"": ""none"", ""severity"": ""low"", ""evidence"": ""Initial r is pronounced as a back fricative and coda l is vocalized to w, matching standard Brazilian Portuguese.""}}"	9851aabdf5	1	1	o revólver	o revólver	
4491.00.01	example	qPfM2laM0pRL4rrZtBGl	audio/4491.00.01-ex-eleven_v3-v1.mp3	O policial guardou o revólver no colete.	1	production	"{""flash38-J2"": {""verdict"": ""bp_ok"", ""drift"": ""none"", ""severity"": ""low"", ""evidence"": ""Native standard Brazilian Portuguese pronunciation with correct vocalized coda-l, palatalized 'colete', and appropriate stress patterns throughout.""}}"	9851aabdf5	1	1	O policial guardou o revólver no colete.	O policial guardou o revólver no colete.	
4493.00.01	word	qPfM2laM0pRL4rrZtBGl	audio/4493.00.01-word-eleven_v3-v1.mp3	O fecho.	1	production	"{""flash38-J2"": {""verdict"": ""non_bp"", ""drift"": ""other"", ""severity"": ""medium"", ""evidence"": ""Stressed vowel is pronounced as open [ɛ] instead of closed [e].""}, ""pro-J2"": {""verdict"": ""bp_ok"", ""drift"": ""none"", ""severity"": ""low"", ""evidence"": ""The speaker correctly pronounces the closed e and the ch as a voiceless postalveolar fricative matching standard Brazilian Portuguese.""}}"	9851aabdf5	0	0	o fecho	o fecho	
4493.00.01	example	qPfM2laM0pRL4rrZtBGl	audio/4493.00.01-ex-eleven_v3-v1.mp3	O fecho do colar está quebrado.	1	production	"{""flash38-J2"": {""verdict"": ""bp_ok"", ""drift"": ""none"", ""severity"": ""low"", ""evidence"": ""Native Brazilian Portuguese pronunciation with correct vowel qualities, sibilants, and stress placement.""}}"	9851aabdf5	1	1	O fecho do colar está quebrado.	O fecho do colar está quebrado.	
4498.00.01	word	ny3E2DZImeZm00WLGZi9	audio/4498.00.01-word-eleven_v3-v1.mp3	Adicionau.	1	relaxed	"{""flash38-J2"": {""verdict"": ""bp_ok"", ""drift"": ""none"", ""severity"": ""low"", ""evidence"": ""Pronounced with standard Brazilian Portuguese phonology: palatalized 'di' [dʒi] and vocalized coda 'l' [w].""}, ""pro-J2"": {""verdict"": ""bp_ok"", ""drift"": ""none"", ""severity"": ""low"", ""evidence"": ""Palatalized 'di' as [dʒi] and vocalized final 'l' as [w] with correct final syllable stress.""}}"	9851aabdf5	1	1	adicional	adicional	
4498.00.01	example	ny3E2DZImeZm00WLGZi9	audio/4498.00.01-ex-eleven_v3-v1.mp3	Preciso de um dia adicional para terminar o trabalho.	1	production	"{""flash38-J2"": {""verdict"": ""bp_ok"", ""drift"": ""none"", ""severity"": ""low"", ""evidence"": ""Native Brazilian Portuguese pronunciation with correct palatalization of /d/ before /i/ and vocalized coda /l/.""}}"	9851aabdf5	1	1	Preciso de um dia adicional para terminar o trabalho.	Preciso de um dia adicional para terminar o trabalho.	
4501.00.01	word	qPfM2laM0pRL4rrZtBGl	audio/4501.00.01-word-eleven_v3-v1.mp3	O suor.	1	production	"{""flash38-J2"": {""verdict"": ""bp_ok"", ""drift"": ""none"", ""severity"": ""low"", ""evidence"": ""Clear pronunciation of /u suˈoɾ/ with standard Brazilian vowel qualities and alveolar tap coda r.""}, ""pro-J2"": {""verdict"": ""bp_ok"", ""drift"": ""none"", ""severity"": ""low"", ""evidence"": ""Native Brazilian Portuguese pronunciation with correct stress and standard back fricative coda r.""}}"	9851aabdf5	1	1	o suor	o suor	
4501.00.01	example	qPfM2laM0pRL4rrZtBGl	audio/4501.00.01-ex-eleven_v3-v1.mp3	Depois da corrida, tinha muito suor no rosto.	1	production	"{""flash38-J2"": {""verdict"": ""bp_ok"", ""drift"": ""none"", ""severity"": ""low"", ""evidence"": ""Natural standard Brazilian Portuguese pronunciation matching expected IPA phonemes, including palatalization in 'tinha' and flap/glottal variants for r.""}}"	9851aabdf5	1	1	Depois da corrida, tinha muito suor no rosto.	Depois da corrida, tinha muito suor no rosto.	
4507.00.01	word	qPfM2laM0pRL4rrZtBGl	audio/4507.00.01-word-eleven_v3-v1.mp3	O hino.	1	production	"{""flash38-J2"": {""verdict"": ""bp_ok"", ""drift"": ""none"", ""severity"": ""low"", ""evidence"": ""Pronounced clearly as [u ˈinu] with appropriate stress, vowel quality, and silent initial h.""}, ""pro-J2"": {""verdict"": ""bp_ok"", ""drift"": ""none"", ""severity"": ""low"", ""evidence"": ""Clear pronunciation of u inu with silent h and correct stress.""}}"	9851aabdf5	1	1	o hino	o hino	
4507.00.01	example	qPfM2laM0pRL4rrZtBGl	audio/4507.00.01-ex-eleven_v3-v1.mp3	O hino nacional é tocado antes dos jogos.	1	production	"{""flash38-J2"": {""verdict"": ""bp_ok"", ""drift"": ""none"", ""severity"": ""low"", ""evidence"": ""Accurate Brazilian Portuguese pronunciation with palatalized 'antes' (/ˈɐ̃tʃis/) and vocalized coda-l in 'nacional' (/nasjoˈnaw/).""}}"	9851aabdf5	1	1	O hino nacional é tocado antes dos jogos.	O hino nacional é tocado antes dos jogos.	
4531.00.01	word	qPfM2laM0pRL4rrZtBGl	audio/4531.00.01-word-eleven_v3-v1.mp3	o/a protestante	0	fail	{}	9851aabdf5	0	0	o/a protestante	o protestante, a protestante	
4531.00.01	example	qPfM2laM0pRL4rrZtBGl	audio/4531.00.01-ex-eleven_v3-v1.mp3	Meu vizinho é protestante e vai à igreja todo domingo.	1	production	"{""flash38-J2"": {""verdict"": ""bp_ok"", ""drift"": ""none"", ""severity"": ""low"", ""evidence"": ""Native standard Brazilian Portuguese pronunciation matching the expected IPA, with palatalization in 'protestante' [tʃi] and appropriate vowel reductions.""}}"	9851aabdf5	1	1	Meu vizinho é protestante e vai à igreja todo domingo.	Meu vizinho é protestante e vai à igreja todo domingo.	
4549.00.01	word	m151rjrbWXbBqyq56tly	audio/4549.00.01-word-eleven_v3-v1.mp3	O desconto.	1	production	"{""flash38-J2"": {""verdict"": ""bp_ok"", ""drift"": ""none"", ""severity"": ""low"", ""evidence"": ""Pronounced with standard Brazilian Portuguese phonology, including correct stress, palatalization/coda /s/, nasalized vowel, and final vowel reduction.""}}"	9851aabdf5	1	1	o desconto	o desconto	
4549.00.01	example	m151rjrbWXbBqyq56tly	audio/4549.00.01-ex-eleven_v3-v1.mp3	A loja oferece desconto de vinte por cento hoje.	1	spoken	"{""flash38-J2"": {""verdict"": ""bp_ok"", ""drift"": ""none"", ""severity"": ""low"", ""evidence"": ""Native Brazilian Portuguese pronunciation throughout, with standard palatalization in 'de', 'vinte', and 'hoje'.""}}"	9851aabdf5	1	1	A loja oferece desconto de 20% hoje.	A loja oferece desconto de 20% hoje.	
4563.00.01	word	m151rjrbWXbBqyq56tly	audio/4563.00.01-word-eleven_v3-v1.mp3	O editorial.	1	production	"{""flash38-J2"": {""verdict"": ""bp_ok"", ""drift"": ""none"", ""severity"": ""low"", ""evidence"": ""Palatalization of 'di' as [dʒi] and vocalization of final -l as [w] are accurately produced in standard Brazilian Portuguese.""}, ""pro-J2"": {""verdict"": ""bp_ok"", ""drift"": ""none"", ""severity"": ""low"", ""evidence"": ""Clear palatalization of di and vocalization of final l to w with correct stress.""}}"	9851aabdf5	1	1	o editorial	o editorial	
4563.00.01	example	m151rjrbWXbBqyq56tly	audio/4563.00.01-ex-eleven_v3-v1.mp3	O editorial do jornal fala sobre educação.	1	production	"{""flash38-J2"": {""verdict"": ""bp_ok"", ""drift"": ""none"", ""severity"": ""low"", ""evidence"": ""All words exhibit standard Brazilian Portuguese phonology, including vocalized coda -l in 'editorial' and 'jornal' and palatalized 'di' in 'editorial'.""}}"	9851aabdf5	1	1	O editorial do jornal fala sobre educação.	O editorial do jornal fala sobre educação.	
4564.00.01	word	m151rjrbWXbBqyq56tly	audio/4564.00.01-word-eleven_v3-v1.mp3	O resgate.	1	production	"{""flash38-J2"": {""verdict"": ""bp_ok"", ""drift"": ""none"", ""severity"": ""low"", ""evidence"": ""Pronounced with clear initial [h], voiced sibilant coda [z], correct stress on -ga-, and palatalized affricate [tʃi] on -te.""}}"	9851aabdf5	1	1	o resgate	o resgate	
4564.00.01	example	m151rjrbWXbBqyq56tly	audio/4564.00.01-ex-eleven_v3-v1.mp3	Os bombeiros fizeram o resgate das vítimas do incêndio.	1	production	"{""flash38-J2"": {""verdict"": ""bp_ok"", ""drift"": ""none"", ""severity"": ""low"", ""evidence"": ""All words follow standard Brazilian Portuguese phonology including palatalization of /t/ and /d/ before /i/.""}}"	9851aabdf5	1	1	Os bombeiros fizeram o resgate das vítimas do incêndio.	Os bombeiros fizeram o resgate das vítimas do incêndio.	
4565.00.01	word	m151rjrbWXbBqyq56tly	audio/4565.00.01-word-eleven_v3-v1.mp3	A merci.	1	relaxed	"{""flash38-J2"": {""verdict"": ""bp_ok"", ""drift"": ""none"", ""severity"": ""low"", ""evidence"": ""Pronounced with clear standard Brazilian Portuguese phonemes [a meɾˈse].""}}"	9851aabdf5	1	1	a mercê	a mercê	
4565.00.01	example	m151rjrbWXbBqyq56tly	audio/4565.00.01-ex-eleven_v3-v1.mp3	Estamos à mercê do tempo ruim hoje.	1	production	"{""flash38-J2"": {""verdict"": ""bp_ok"", ""drift"": ""none"", ""severity"": ""low"", ""evidence"": ""Pronounced with standard Brazilian Portuguese phonology, including correct palatalization on 'hoje' and correct vowels throughout.""}}"	9851aabdf5	1	1	Estamos à mercê do tempo ruim hoje.	Estamos à mercê do tempo ruim hoje.	
4595.00.01	word	m151rjrbWXbBqyq56tly	audio/4595.00.01-word-eleven_v3-v1.mp3	Curiosamente.	1	production	"{""flash38-J2"": {""verdict"": ""bp_ok"", ""drift"": ""none"", ""severity"": ""low"", ""evidence"": ""Final syllable pronounced clearly as [tʃi] with standard nasalization on -men- and proper stress placement""}}"	9851aabdf5	1	1	curiosamente	curiosamente	
4595.00.01	example	m151rjrbWXbBqyq56tly	audio/4595.00.01-ex-eleven_v3-v1.mp3	Curiosamente, ele nunca visitou o Brasil.	1	production	"{""flash38-J2"": {""verdict"": ""bp_ok"", ""drift"": ""none"", ""severity"": ""low"", ""evidence"": ""Pronounced with standard Brazilian Portuguese phonology, including vocalized coda l in Brasil and palatalized affricate in Curiosamente.""}}"	9851aabdf5	1	1	Curiosamente, ele nunca visitou o Brasil.	Curiosamente, ele nunca visitou o Brasil.	
4613.00.01	word	wxoDdfPKBuna5KnUEotz	audio/4613.00.01-word-eleven_v3-v1.mp3	Ostiu.	1	relaxed	"{""flash38-J2"": {""verdict"": ""bp_ok"", ""drift"": ""none"", ""severity"": ""low"", ""evidence"": ""Word is pronounced with silent h, coda s as [s], palatalized [tʃi], and final l vocalized to [w] as /osˈtʃiw/.""}, ""pro-J2"": {""verdict"": ""bp_ok"", ""drift"": ""none"", ""severity"": ""low"", ""evidence"": ""Clear palatalized t and vocalized final l with correct stress on the final syllable.""}}"	9851aabdf5	1	1	hostil	hostil	
4613.00.01	example	wxoDdfPKBuna5KnUEotz	audio/4613.00.01-ex-eleven_v3-v1.mp3	O cachorro ficou hostil quando viu o estranho.	1	production	"{""flash38-J2"": {""verdict"": ""bp_ok"", ""drift"": ""none"", ""severity"": ""low"", ""evidence"": ""Native pronunciation matching standard Brazilian Portuguese phonetic patterns perfectly.""}}"	9851aabdf5	1	1	O cachorro ficou hostil quando viu o estranho.	O cachorro ficou hostil quando viu o estranho.	
4622.00.01	word	Rw38T6bn0lTNOb1aUevR	audio/4622.00.01-word-eleven_v3-v1.mp3	Internado.	1	production	"{""flash38-J2"": {""verdict"": ""bp_ok"", ""drift"": ""none"", ""severity"": ""low"", ""evidence"": ""Word pronounced accurately with standard Brazilian Portuguese phonology, stress on penultimate syllable.""}}"	9851aabdf5	1	1	internado	internado	
4622.00.01	example	Rw38T6bn0lTNOb1aUevR	audio/4622.00.01-ex-eleven_v3-v1.mp3	Meu avô está internado no hospital desde segunda-feira.	1	production	"{""flash38-J2"": {""verdict"": ""bp_ok"", ""drift"": ""none"", ""severity"": ""low"", ""evidence"": ""Pronounced with standard Brazilian Portuguese phonology, including vocalized final /l/ in hospital as [w], palatalized [dʒi] in desde, and correct stress and vo""}}"	9851aabdf5	1	1	Meu avô está internado no hospital desde segunda-feira.	Meu avô está internado no hospital desde segunda-feira.	
4625.00.01	word	wxoDdfPKBuna5KnUEotz	audio/4625.00.01-word-eleven_v3-v1.mp3	O trajeto.	1	production	"{""flash38-J2"": {""verdict"": ""bp_ok"", ""drift"": ""none"", ""severity"": ""low"", ""evidence"": ""The speaker clearly pronounces /u tɾaˈʒɛtu/ with standard Brazilian open stressed vowel /ɛ/ and expected phonemes.""}, ""pro-J2"": {""verdict"": ""bp_ok"", ""drift"": ""none"", ""severity"": ""low"", ""evidence"": ""Clear pronunciation of the open stressed vowel and correct unstressed final u.""}}"	9851aabdf5	1	1	o trajeto	o trajeto	
4625.00.01	example	wxoDdfPKBuna5KnUEotz	audio/4625.00.01-ex-eleven_v3-v1.mp3	O trajeto de casa até o trabalho leva trinta minutos.	1	production	"{""flash38-J2"": {""verdict"": ""bp_ok"", ""drift"": ""none"", ""severity"": ""low"", ""evidence"": ""All words follow standard Brazilian Portuguese pronunciation rules with correct vowel qualities, stress, and palatalization.""}}"	9851aabdf5	1	1	O trajeto de casa até o trabalho leva trinta minutos.	O trajeto de casa até o trabalho leva trinta minutos.	
4625.00.02	word	wxoDdfPKBuna5KnUEotz	audio/4625.00.02-word-eleven_v3-v1.mp3	O trajeto.	1	production	"{""flash38-J2"": {""verdict"": ""bp_ok"", ""drift"": ""none"", ""severity"": ""low"", ""evidence"": ""Accurately pronounced with open [ɛ] stress and reduced final [u] in standard Brazilian Portuguese.""}, ""pro-J2"": {""verdict"": ""bp_ok"", ""drift"": ""none"", ""severity"": ""low"", ""evidence"": ""Correct stress and open vowel quality on the stressed syllable je.""}}"	9851aabdf5	1	1	o trajeto	o trajeto	
4625.00.02	example	wxoDdfPKBuna5KnUEotz	audio/4625.00.02-ex-eleven_v3-v1.mp3	O trajeto de casa até o trabalho é longo.	1	production	"{""flash38-J2"": {""verdict"": ""bp_ok"", ""drift"": ""none"", ""severity"": ""low"", ""evidence"": ""All words including 'de' as [dʒi], 'trajeto' with open [ɛ], and 'trabalho' are pronounced naturally in standard Brazilian Portuguese.""}}"	9851aabdf5	1	1	O trajeto de casa até o trabalho é longo.	O trajeto de casa até o trabalho é longo.	
4630.00.01	word	qPfM2laM0pRL4rrZtBGl	audio/4630.00.01-word-eleven_v3-v1.mp3	A multinacional.	1	production	"{""flash38-J2"": {""verdict"": ""bp_ok"", ""drift"": ""none"", ""severity"": ""low"", ""evidence"": ""The speaker clearly vocalizes the coda /l/ to [w] in 'multinacional' and palatalizes 'ti' to [tʃi], matching standard Brazilian Portuguese.""}, ""pro-J2"": {""verdict"": ""bp_ok"", ""drift"": ""none"", ""severity"": ""low"", ""evidence"": ""Clear palatalization of ti to [tʃi] and vocalization of final l to [w]""}}"	9851aabdf5	1	1	a multinacional	a multinacional	
4630.00.01	example	qPfM2laM0pRL4rrZtBGl	audio/4630.00.01-ex-eleven_v3-v1.mp3	Minha irmã trabalha em uma multinacional americana.	1	production	"{""flash38-J2"": {""verdict"": ""bp_ok"", ""drift"": ""none"", ""severity"": ""low"", ""evidence"": ""Standard Brazilian Portuguese pronunciation with correct vocalization of final -l, palatalization of -ti-, and natural prosody.""}}"	9851aabdf5	1	1	Minha irmã trabalha em uma multinacional americana.	Minha irmã trabalha em uma multinacional americana.	
4631.00.01	word	m151rjrbWXbBqyq56tly	audio/4631.00.01-word-eleven_v3-v1.mp3	Homenagear.	1	production	"{""flash38-J2"": {""verdict"": ""bp_ok"", ""drift"": ""none"", ""severity"": ""low"", ""evidence"": ""Pronounced with standard Brazilian Portuguese phonology and correct final stress on [aɾ].""}, ""pro-J2"": {""verdict"": ""bp_ok"", ""drift"": ""none"", ""severity"": ""low"", ""evidence"": ""Correct stress on the final syllable and standard BP pronunciation of the vowels and consonants.""}}"	9851aabdf5	1	1	homenagear	homenagear	
4631.00.01	example	m151rjrbWXbBqyq56tly	audio/4631.00.01-ex-eleven_v3-v1.mp3	A escola vai homenagear os professores no fim do ano.	1	production	"{""flash38-J2"": {""verdict"": ""bp_ok"", ""drift"": ""none"", ""severity"": ""low"", ""evidence"": ""Pronounced with standard Brazilian Portuguese phonology throughout, including appropriate vowel reductions and rhythm.""}}"	9851aabdf5	1	1	A escola vai homenagear os professores no fim do ano.	A escola vai homenagear os professores no fim do ano.	
4633.00.01	word	qPfM2laM0pRL4rrZtBGl	audio/4633.00.01-word-eleven_v3-v1.mp3	Aseia.	1	relaxed	"{""flash38-J2"": {""verdict"": ""bp_ok"", ""drift"": ""none"", ""severity"": ""low"", ""evidence"": ""Pronounced clearly as [a ˈsejɐ] matching standard Brazilian Portuguese phonology.""}, ""pro-J2"": {""verdict"": ""bp_ok"", ""drift"": ""none"", ""severity"": ""low"", ""evidence"": ""Correct closed e vowel and proper stress placement.""}}"	9851aabdf5	1	1	a ceia	a ceia	
4633.00.01	example	qPfM2laM0pRL4rrZtBGl	audio/4633.00.01-ex-eleven_v3-v1.mp3	A ceia de Natal foi deliciosa este ano.	1	production	"{""flash38-J2"": {""verdict"": ""bp_ok"", ""drift"": ""none"", ""severity"": ""low"", ""evidence"": ""All words, including palatalization in 'de' and 'este' and vocalization in 'Natal', follow standard Brazilian Portuguese pronunciation perfectly.""}}"	9851aabdf5	1	1	A ceia de Natal foi deliciosa este ano.	A ceia de Natal foi deliciosa este ano.	
4635.00.01	word	AaeZyyi87RCxtFnHPS3e	audio/4635.00.01-word-eleven_v3-v1.mp3	Un nord-estien.	1	relaxed	"{""flash38-J2"": {""verdict"": ""non_bp"", ""drift"": ""other"", ""severity"": ""high"", ""evidence"": ""The speaker truncates the word, pronouncing it as 'o nordestin' without the final syllable /nu/.""}}"	9851aabdf5	0	0	o nordestino	o nordestino	
4635.00.01	example	AaeZyyi87RCxtFnHPS3e	audio/4635.00.01-ex-eleven_v3-v1.mp3	A culinária nordestina é muito famosa no Brasil.	1	production	"{""flash38-J2"": {""verdict"": ""bp_ok"", ""drift"": ""none"", ""severity"": ""low"", ""evidence"": ""All phonological targets follow standard Brazilian Portuguese patterns, including palatalization in 'nordestina' and vocalization in 'Brasil'.""}}"	9851aabdf5	1	1	A culinária nordestina é muito famosa no Brasil.	A culinária nordestina é muito famosa no Brasil.	
4636.00.02	word	qPfM2laM0pRL4rrZtBGl	audio/4636.00.02-word-eleven_v3-v1.mp3	O Apelido.	1	production	"{""flash38-J2"": {""verdict"": ""bp_ok"", ""drift"": ""none"", ""severity"": ""low"", ""evidence"": ""Pronounced with clear Brazilian Portuguese phonology: [u apeˈlidu] with final /o/ reduced to [u] and correct stress placement.""}}"	9851aabdf5	1	1	o apelido	o apelido	
4636.00.02	example	qPfM2laM0pRL4rrZtBGl	audio/4636.00.02-ex-eleven_v3-v1.mp3	Meu apelido é Silva, como meu pai.	1	production	"{""flash38-J2"": {""verdict"": ""bp_ok"", ""drift"": ""none"", ""severity"": ""low"", ""evidence"": ""All words including 'apelido' and 'Silva' show natural Brazilian Portuguese phonetics with vocalized coda l and proper vowel qualities.""}}"	9851aabdf5	1	1	Meu apelido é Silva, como meu pai.	Meu apelido é Silva, como meu pai.	
4642.00.01	word	Rw38T6bn0lTNOb1aUevR	audio/4642.00.01-word-eleven_v3-v1.mp3	Homicídio.	1	relaxed	"{""flash38-J2"": {""verdict"": ""bp_ok"", ""drift"": ""none"", ""severity"": ""low"", ""evidence"": ""Pronounced with standard Brazilian Portuguese phonology, including correct palatalization of 'di' as [dʒi] and correct stress on the antepenult.""}, ""pro-J2"": {""verdict"": ""bp_ok"", ""drift"": ""none"", ""severity"": ""low"", ""evidence"": ""Correct palatalization of d in dio and correct stress on ci.""}}"	9851aabdf5	1	1	o homicídio	o homicídio	
4642.00.01	example	Rw38T6bn0lTNOb1aUevR	audio/4642.00.01-ex-eleven_v3-v1.mp3	A polícia investiga o homicídio que aconteceu ontem à noite.	1	production	"{""flash38-J2"": {""verdict"": ""bp_ok"", ""drift"": ""none"", ""severity"": ""low"", ""evidence"": ""Native standard Brazilian Portuguese pronunciation with correct palatalization of /ti/ and /di/ and proper vowel reductions.""}}"	9851aabdf5	1	1	A polícia investiga o homicídio que aconteceu ontem à noite.	A polícia investiga o homicídio que aconteceu ontem à noite.	
4645.00.01	word	AaeZyyi87RCxtFnHPS3e	audio/4645.00.01-word-eleven_v3-v1.mp3	Eroico.	1	relaxed	"{""flash38-J2"": {""verdict"": ""bp_ok"", ""drift"": ""none"", ""severity"": ""low"", ""evidence"": ""Pronounced with open stressed vowel /ɔ/ and standard BP phonology /eˈɾɔjku/.""}, ""pro-J2"": {""verdict"": ""bp_ok"", ""drift"": ""none"", ""severity"": ""low"", ""evidence"": ""Clear and correct pronunciation of the stressed open vowel ɔ and the tap ɾ.""}}"	9851aabdf5	1	1	heróico	heróico	
4645.00.01	example	AaeZyyi87RCxtFnHPS3e	audio/4645.00.01-ex-eleven_v3-v1.mp3	O bombeiro fez um resgate heróico na cidade.	1	production	"{""flash38-J2"": {""verdict"": ""bp_ok"", ""drift"": ""none"", ""severity"": ""low"", ""evidence"": ""Native standard Brazilian Portuguese pronunciation matching the expected phonetics, including palatalization of -te and -de and standard vowel qualities.""}}"	9851aabdf5	1	1	O bombeiro fez um resgate heróico na cidade.	O bombeiro fez um resgate heróico na cidade.	
4654.00.01	word	Rw38T6bn0lTNOb1aUevR	audio/4654.00.01-word-eleven_v3-v1.mp3	A cantiga.	1	production	"{""flash38-J2"": {""verdict"": ""bp_ok"", ""drift"": ""none"", ""severity"": ""low"", ""evidence"": ""Correct palatalization of /t/ to [tʃ] before /i/ in 'cantiga' and standard Brazilian Portuguese vowel quality.""}}"	9851aabdf5	1	1	a cantiga	a cantiga	
4654.00.01	example	Rw38T6bn0lTNOb1aUevR	audio/4654.00.01-ex-eleven_v3-v1.mp3	Minha avó cantava uma cantiga de ninar toda noite.	1	production	"{""flash38-J2"": {""verdict"": ""bp_ok"", ""drift"": ""none"", ""severity"": ""low"", ""evidence"": ""Native standard Brazilian Portuguese pronunciation matching IPA including proper palatalization of /ti/ and /te/ in 'cantiga', 'de', and 'noite'.""}}"	9851aabdf5	1	1	Minha avó cantava uma cantiga de ninar toda noite.	Minha avó cantava uma cantiga de ninar toda noite.	
4660.00.01	word	wxoDdfPKBuna5KnUEotz	audio/4660.00.01-word-eleven_v3-v3.mp3	Номинал.	1	relaxed	"{""flash38-J2"": {""verdict"": ""bp_ok"", ""drift"": ""none"", ""severity"": ""low"", ""evidence"": ""Final -l correctly vocalized to [w] and stress placed on the final syllable""}, ""pro-J2"": {""verdict"": ""bp_ok"", ""drift"": ""none"", ""severity"": ""low"", ""evidence"": ""Final l is correctly vocalized to w and stress is on the final syllable.""}}"	9851aabdf5	1	1	nominal	nominal	
4660.00.01	example	ny3E2DZImeZm00WLGZi9	audio/4660.00.01-ex-eleven_v3-v1.mp3	O salário nominal dele aumentou 10%.	1	numbers	"{""flash38-J2"": {""verdict"": ""bp_ok"", ""drift"": ""none"", ""severity"": ""low"", ""evidence"": ""Native standard Brazilian Portuguese pronunciation with correct palatalization, vowel reduction, and vocalized final l.""}}"	9851aabdf5	1	1	O salário nominal dele aumentou dez por cento.	O salário nominal dele aumentou dez por cento.	
4676.00.01	word	m151rjrbWXbBqyq56tly	audio/4676.00.01-word-eleven_v3-v2.mp3	Postal.	1	production	"{""flash38-J2"": {""verdict"": ""bp_ok"", ""drift"": ""none"", ""severity"": ""low"", ""evidence"": ""Final -l properly vocalized to [w] and stress correctly placed on the final syllable [posˈtaw].""}, ""pro-J2"": {""verdict"": ""bp_ok"", ""drift"": ""none"", ""severity"": ""low"", ""evidence"": ""Clear vocalized final L as [w] and correct stress on the final syllable.""}}"	9851aabdf5	1	1	postal	postal	
4676.00.01	example	m151rjrbWXbBqyq56tly	audio/4676.00.01-ex-eleven_v3-v1.mp3	O código postal da minha rua tem oito números.	1	production	"{""flash38-J2"": {""verdict"": ""bp_ok"", ""drift"": ""none"", ""severity"": ""low"", ""evidence"": ""Pronounced with standard Brazilian Portuguese phonology, including vocalized coda l in 'postal' and palatalized 'd' in 'código'.""}}"	9851aabdf5	1	1	O código postal da minha rua tem oito números.	O código postal da minha rua tem oito números.	
4691.00.01	word	Rw38T6bn0lTNOb1aUevR	audio/4691.00.01-word-eleven_v3-v1.mp3	O vuto.	1	relaxed	"{""flash38-J2"": {""verdict"": ""bp_ok"", ""drift"": ""none"", ""severity"": ""low"", ""evidence"": ""Word pronounced accurately as /u ˈvuwtu/ with vocalized coda-l [w] and correct vowel reductions.""}, ""pro-J2"": {""verdict"": ""bp_ok"", ""drift"": ""none"", ""severity"": ""low"", ""evidence"": ""Clear vocalization of coda l to w and correct paroxytone stress.""}}"	9851aabdf5	1	1	o vulto	o vulto	
4691.00.01	example	Rw38T6bn0lTNOb1aUevR	audio/4691.00.01-ex-eleven_v3-v1.mp3	O professor é um vulto importante na história da universidade.	1	production	"{""flash38-J2"": {""verdict"": ""bp_ok"", ""drift"": ""none"", ""severity"": ""low"", ""evidence"": ""Native standard Brazilian Portuguese pronunciation with palatalized affricates in 'importante' [tʃi] and 'universidade' [dʒi], and vocalized coda-l in 'vulto' [""}}"	9851aabdf5	1	1	O professor é um vulto importante na história da universidade.	O professor é um vulto importante na história da universidade.	
4691.00.02	word	m151rjrbWXbBqyq56tly	audio/4691.00.02-word-eleven_v3-v1.mp3	O vulto.	1	production	"{""flash38-J2"": {""verdict"": ""bp_ok"", ""drift"": ""none"", ""severity"": ""low"", ""evidence"": ""Coda -l is vocalized to [w] in 'vulto', and unstressed vowels reduce as standard in BP.""}, ""pro-J2"": {""verdict"": ""bp_ok"", ""drift"": ""none"", ""severity"": ""low"", ""evidence"": ""Clear vocalization of coda l to w and correct stress placement.""}}"	9851aabdf5	1	1	o vulto	o vulto	
4691.00.02	example	m151rjrbWXbBqyq56tly	audio/4691.00.02-ex-eleven_v3-v1.mp3	Vi um vulto na janela à noite.	1	production	"{""flash38-J2"": {""verdict"": ""bp_ok"", ""drift"": ""none"", ""severity"": ""low"", ""evidence"": ""Speaker accurately produces standard Brazilian Portuguese phonemes, including the vocalized [w] in 'vulto' and palatalized [tʃi] in 'noite'.""}}"	9851aabdf5	1	1	Vi um vulto na janela à noite.	Vi um vulto na janela à noite.	
4702.00.01	word	m151rjrbWXbBqyq56tly	audio/4702.00.01-word-eleven_v3-v1.mp3	A indignação.	1	production	"{""flash38-J2"": {""verdict"": ""bp_ok"", ""drift"": ""none"", ""severity"": ""low"", ""evidence"": ""Pronounced with standard palatalization [dʒi] in 'indig-' and accurate final nasal diphthong [sɐ̃w̃].""}}"	9851aabdf5	1	1	a indignação	a indignação	
4702.00.01	example	m151rjrbWXbBqyq56tly	audio/4702.00.01-ex-eleven_v3-v1.mp3	A indignação do povo cresceu após o escândalo.	1	production	"{""flash38-J2"": {""verdict"": ""bp_ok"", ""drift"": ""none"", ""severity"": ""low"", ""evidence"": ""Native standard Brazilian Portuguese pronunciation matching the expected IPA perfectly with palatalized 'di' in indignação.""}}"	9851aabdf5	1	1	A indignação do povo cresceu após o escândalo.	A indignação do povo cresceu após o escândalo.	
4709.00.02	word	AaeZyyi87RCxtFnHPS3e	audio/4709.00.02-word-eleven_v3-v1.mp3	Ua hayau.	1	relaxed	"{""flash38-J2"": {""verdict"": ""bp_ok"", ""drift"": ""none"", ""severity"": ""low"", ""evidence"": ""Pronounced with standard glottal fricative for 'rr' and vocalized coda 'l' as [w].""}, ""pro-J2"": {""verdict"": ""bp_ok"", ""drift"": ""none"", ""severity"": ""low"", ""evidence"": ""The double rr is pronounced as a back fricative and the final l is vocalized to w, matching standard Brazilian Portuguese.""}}"	9851aabdf5	1	1	o arraial	o arraial	
4709.00.02	example	AaeZyyi87RCxtFnHPS3e	audio/4709.00.02-ex-eleven_v3-v1.mp3	Vou ao arraial da cidade no fim de semana.	1	production	"{""flash38-J2"": {""verdict"": ""bp_ok"", ""drift"": ""none"", ""severity"": ""low"", ""evidence"": ""Native standard Brazilian Portuguese pronunciation matching IPA /ˈvow aw ahaˈjaw dɐ siˈdadʒi nu ˈfĩ dʒi seˈmɐ̃nɐ/.""}}"	9851aabdf5	1	1	Vou ao arraial da cidade no fim de semana.	Vou ao arraial da cidade no fim de semana.	
4725.00.01	word	Rw38T6bn0lTNOb1aUevR	audio/4725.00.01-word-eleven_v3-v1.mp3	Educacional.	1	production	"{""flash38-J2"": {""verdict"": ""bp_ok"", ""drift"": ""none"", ""severity"": ""low"", ""evidence"": ""Pronounced accurately with proper stress on final syllable and vocalized final -l [w].""}, ""pro-J2"": {""verdict"": ""bp_ok"", ""drift"": ""none"", ""severity"": ""low"", ""evidence"": ""The final l is correctly vocalized to w and the stress is on the final syllable.""}}"	9851aabdf5	1	1	educacional	educacional	
4725.00.01	example	Rw38T6bn0lTNOb1aUevR	audio/4725.00.01-ex-eleven_v3-v1.mp3	O programa educacional ajuda crianças a aprender matemática.	1	production	"{""flash38-J2"": {""verdict"": ""bp_ok"", ""drift"": ""none"", ""severity"": ""low"", ""evidence"": ""Native standard Brazilian Portuguese pronunciation throughout with vocalized coda /l/ in 'educacional' and palatalized /tʃ/ in 'matemática'.""}}"	9851aabdf5	1	1	O programa educacional ajuda crianças a aprender matemática.	O programa educacional ajuda crianças a aprender matemática.	
4743.00.01	word	m151rjrbWXbBqyq56tly	audio/4743.00.01-word-eleven_v3-v1.mp3	Ouvrirci.	1	relaxed	"{""flash38-J2"": {""verdict"": ""bp_ok"", ""drift"": ""none"", ""severity"": ""low"", ""evidence"": ""Pronounced accurately as [u ˈvisi] with correct stress and vowel reduction.""}, ""pro-J2"": {""verdict"": ""bp_ok"", ""drift"": ""none"", ""severity"": ""low"", ""evidence"": ""Clear pronunciation of u visi with correct stress and final unstressed e as i.""}}"	9851aabdf5	1	1	o vice	o vice	
4743.00.01	example	m151rjrbWXbBqyq56tly	audio/4743.00.01-ex-eleven_v3-v1.mp3	O vice ajuda o presidente nas tarefas diárias.	1	production	"{""flash38-J2"": {""verdict"": ""bp_ok"", ""drift"": ""none"", ""severity"": ""low"", ""evidence"": ""Pronounced with standard Brazilian Portuguese phonology, including palatalization in 'presidente' [tʃi] and 'diárias' [dʒi].""}}"	9851aabdf5	1	1	O vice ajuda o presidente nas tarefas diárias.	O vice ajuda o presidente nas tarefas diárias.	
4757.00.01	word	qPfM2laM0pRL4rrZtBGl	audio/4757.00.01-word-eleven_v3-v1.mp3	o/a crente	0	fail	{}	9851aabdf5	0	0	o/a crente	o crente, a crente	
4757.00.01	example	qPfM2laM0pRL4rrZtBGl	audio/4757.00.01-ex-eleven_v3-v1.mp3	Os crentes se reúnem na igreja aos domingos.	1	production	"{""flash38-J2"": {""verdict"": ""non_bp"", ""drift"": ""other"", ""severity"": ""medium"", ""evidence"": ""The speaker says 'se reúne' instead of 'se reúnem' (/heˈũni/ instead of /heˈũnẽj̃/), dropping the plural nasal inflection.""}}"	9851aabdf5	0	0	Os crentes se reúnem na igreja aos domingos.	Os crentes se reúnem na igreja aos domingos.	
4771.00.01	word	xNGAXaCH8MaasNuo7Hr7	audio/4771.00.01-word-eleven_v3-v1.mp3	Un hai.	1	relaxed	"{""flash38-J2"": {""verdict"": ""bp_ok"", ""drift"": ""none"", ""severity"": ""low"", ""evidence"": ""Nasal vowel [õ] followed by aspirated/velar-glottal [h] and stressed syllable with final tap [ɾ], fully conforming to standard Brazilian Portuguese.""}, ""pro-J2"": {""verdict"": ""bp_ok"", ""drift"": ""none"", ""severity"": ""low"", ""evidence"": ""Clear nasalized first vowel and correct back fricative for the medial r, with stress on the final syllable.""}}"	9851aabdf5	1	1	honrar	honrar	
4771.00.01	example	xNGAXaCH8MaasNuo7Hr7	audio/4771.00.01-ex-eleven_v3-v1.mp3	Vou honrar minha promessa e ajudar você.	1	production	"{""flash38-J2"": {""verdict"": ""bp_ok"", ""drift"": ""none"", ""severity"": ""low"", ""evidence"": ""All words in the sentence follow standard Brazilian Portuguese phonology, including nasalization, vowels, and palatalization.""}}"	9851aabdf5	1	1	Vou honrar minha promessa e ajudar você.	Vou honrar minha promessa e ajudar você.	
4772.00.01	word	m151rjrbWXbBqyq56tly	audio/4772.00.01-word-eleven_v3-v1.mp3	Sousceptible.	1	relaxed	"{""flash38-J2"": {""verdict"": ""bp_ok"", ""drift"": ""none"", ""severity"": ""low"", ""evidence"": ""Proper palatalization of /ti/ to [tʃi] and standard vocalization of final /l/ to [w] with correct stress on /tʃi/.""}, ""pro-J2"": {""verdict"": ""bp_ok"", ""drift"": ""none"", ""severity"": ""low"", ""evidence"": ""Clear palatalized t in the stressed syllable and vocalized final l.""}}"	9851aabdf5	1	1	susceptível	susceptível	
4772.00.01	example	m151rjrbWXbBqyq56tly	audio/4772.00.01-ex-eleven_v3-v1.mp3	Crianças são mais suscetíveis a gripes no inverno.	1	production	"{""flash38-J2"": {""verdict"": ""bp_ok"", ""drift"": ""none"", ""severity"": ""low"", ""evidence"": ""Native standard Brazilian Portuguese pronunciation throughout the sentence with correct palatalization and vowel reductions.""}}"	9851aabdf5	1	1	Crianças são mais susceptíveis a gripes no inverno.	Crianças são mais susceptíveis a gripes no inverno.	
4773.00.01	word	m151rjrbWXbBqyq56tly	audio/4773.00.01-word-eleven_v3-v1.mp3	O cereal.	1	production	"{""flash38-J2"": {""verdict"": ""bp_ok"", ""drift"": ""none"", ""severity"": ""low"", ""evidence"": ""Matches expected pronunciation /u seɾeˈaw/ with standard Brazilian vocalization of final -l to [w].""}, ""pro-J2"": {""verdict"": ""bp_ok"", ""drift"": ""none"", ""severity"": ""low"", ""evidence"": ""Clear vocalized final L and correct stress on the final syllable.""}}"	9851aabdf5	1	1	o cereal	o cereal	
4773.00.01	example	m151rjrbWXbBqyq56tly	audio/4773.00.01-ex-eleven_v3-v1.mp3	Eu como cereal com leite no café da manhã.	1	production	"{""flash38-J2"": {""verdict"": ""bp_ok"", ""drift"": ""none"", ""severity"": ""low"", ""evidence"": ""All words follow standard Brazilian Portuguese phonology, including the vocalization of final -l in 'cereal' and palatalization in 'leite'.""}}"	9851aabdf5	1	1	Eu como cereal com leite no café da manhã.	Eu como cereal com leite no café da manhã.	
4784.00.01	word	m151rjrbWXbBqyq56tly	audio/4784.00.01-word-eleven_v3-v1.mp3	Substancial.	1	production	"{""flash38-J2"": {""verdict"": ""bp_ok"", ""drift"": ""none"", ""severity"": ""low"", ""evidence"": ""Final syllable properly vocalized to [aw] with standard epenthesis and stress""}, ""pro-J2"": {""verdict"": ""non_bp"", ""drift"": ""EP"", ""severity"": ""high"", ""evidence"": ""The final 'l' is pronounced as a consonantal [l] instead of a vocalized [w], and the coda 's' is pronounced as [ʃ], both characteristic of European Portuguese.""}}"	9851aabdf5	0	0	substancial	substancial	
4784.00.01	example	m151rjrbWXbBqyq56tly	audio/4784.00.01-ex-eleven_v3-v1.mp3	A empresa teve um lucro substancial este ano.	1	production	"{""flash38-J2"": {""verdict"": ""bp_ok"", ""drift"": ""none"", ""severity"": ""low"", ""evidence"": ""Pronounced with standard Brazilian Portuguese phonology, including vocalized coda -l in substancial and palatalized -te in este.""}}"	9851aabdf5	1	1	A empresa teve um lucro substancial este ano.	A empresa teve um lucro substancial este ano.	
4815.00.01	word	qPfM2laM0pRL4rrZtBGl	audio/4815.00.01-word-eleven_v3-v1.mp3	O armamento.	1	production	"{""flash38-J2"": {""verdict"": ""bp_ok"", ""drift"": ""none"", ""severity"": ""low"", ""evidence"": ""Native Brazilian Portuguese pronunciation with correct vowel nasalization, rhythm, and final unstressed -o pronounced as [u].""}}"	9851aabdf5	1	1	o armamento	o armamento	
4815.00.01	example	qPfM2laM0pRL4rrZtBGl	audio/4815.00.01-ex-eleven_v3-v1.mp3	O Exército comprou novo armamento para os soldados.	1	production	"{""flash38-J2"": {""verdict"": ""bp_ok"", ""drift"": ""none"", ""severity"": ""low"", ""evidence"": ""All words pronounced with standard Brazilian Portuguese phonology, including vocalized coda /l/ in soldados, correct stress, and vowel qualities.""}}"	9851aabdf5	1	1	O exército comprou novo armamento para os soldados.	O exército comprou novo armamento para os soldados.	
4817.00.01	word	m151rjrbWXbBqyq56tly	audio/4817.00.01-word-eleven_v3-v1.mp3	Confortável.	1	production	"{""flash38-J2"": {""verdict"": ""bp_ok"", ""drift"": ""none"", ""severity"": ""low"", ""evidence"": ""Word pronounced with correct penultimate stress [kõfoɾˈtavew] and vocalized coda-l to [w].""}, ""pro-J2"": {""verdict"": ""bp_ok"", ""drift"": ""none"", ""severity"": ""low"", ""evidence"": ""Correct stress on the penultimate syllable and vocalization of the final L to [w].""}}"	9851aabdf5	1	1	confortável	confortável	
4817.00.01	example	m151rjrbWXbBqyq56tly	audio/4817.00.01-ex-eleven_v3-v1.mp3	Este sofá é muito confortável para ler.	1	production	"{""flash38-J2"": {""verdict"": ""bp_ok"", ""drift"": ""none"", ""severity"": ""low"", ""evidence"": ""All words clearly match standard Brazilian Portuguese phonology, including vocalized -l in confortável and palatalized -te in este.""}}"	9851aabdf5	1	1	Este sofá é muito confortável para ler.	Este sofá é muito confortável para ler.	
4832.00.01	word	qPfM2laM0pRL4rrZtBGl	audio/4832.00.01-word-eleven_v3-v1.mp3	O Cavaleiro.	1	relaxed	"{""flash38-J2"": {""verdict"": ""non_bp"", ""drift"": ""other"", ""severity"": ""medium"", ""evidence"": ""The speaker pronounces [l] instead of palatal [ʎ] in 'cavalheiro' (sounds like 'cavaleiro')""}, ""pro-J2"": {""verdict"": ""bp_ok"", ""drift"": ""none"", ""severity"": ""low"", ""evidence"": ""Clear and correct pronunciation of the palatal lateral lh and final unstressed o as u.""}}"	9851aabdf5	0	0	o cavalheiro	o cavalheiro	
4832.00.01	example	qPfM2laM0pRL4rrZtBGl	audio/4832.00.01-ex-eleven_v3-v1.mp3	Aquele cavalheiro ajudou a senhora a carregar as malas.	1	production	"{""flash38-J2"": {""verdict"": ""bp_ok"", ""drift"": ""none"", ""severity"": ""low"", ""evidence"": ""Pronounced with standard Brazilian Portuguese phonology, including palatalization, open stressed vowels, and vocalic reductions.""}}"	9851aabdf5	1	1	Aquele cavalheiro ajudou a senhora a carregar as malas.	Aquele cavalheiro ajudou a senhora a carregar as malas.	
4836.00.01	word	m151rjrbWXbBqyq56tly	audio/4836.00.01-word-eleven_v3-v1.mp3	Queimado.	1	production	"{""flash38-J2"": {""verdict"": ""bp_ok"", ""drift"": ""none"", ""severity"": ""low"", ""evidence"": ""Matches expected BP pronunciation /kejˈmadu/ with proper stress on 'ma' and reduction of final unstressed 'o' to [u].""}}"	9851aabdf5	1	1	queimado	queimado	
4836.00.01	example	m151rjrbWXbBqyq56tly	audio/4836.00.01-ex-eleven_v3-v1.mp3	O pão ficou queimado no forno.	1	production	"{""flash38-J2"": {""verdict"": ""bp_ok"", ""drift"": ""none"", ""severity"": ""low"", ""evidence"": ""All words including 'queimado' and 'forno' match standard Brazilian Portuguese phonology accurately.""}}"	9851aabdf5	1	1	O pão ficou queimado no forno.	O pão ficou queimado no forno.	
4838.00.01	word	Rw38T6bn0lTNOb1aUevR	audio/4838.00.01-word-eleven_v3-v1.mp3	Viável.	1	production	"{""flash38-J2"": {""verdict"": ""bp_ok"", ""drift"": ""none"", ""severity"": ""low"", ""evidence"": ""Final /l/ is vocalized to [w] and stress is correctly placed on the second syllable with open [a].""}, ""pro-J2"": {""verdict"": ""bp_ok"", ""drift"": ""none"", ""severity"": ""low"", ""evidence"": ""Clear paroxytone stress and vocalized final L as [w].""}}"	9851aabdf5	1	1	viável	viável	
4838.00.01	example	Rw38T6bn0lTNOb1aUevR	audio/4838.00.01-ex-eleven_v3-v1.mp3	O projeto é viável e começa no próximo mês.	1	production	"{""flash38-J2"": {""verdict"": ""bp_ok"", ""drift"": ""none"", ""severity"": ""low"", ""evidence"": ""All words pronounced with standard Brazilian Portuguese phonology, including final -l vocalization in 'viável' and proper vowel qualities.""}}"	9851aabdf5	1	1	O projeto é viável e começa no próximo mês.	O projeto é viável e começa no próximo mês.	
4839.00.01	word	Rw38T6bn0lTNOb1aUevR	audio/4839.00.01-word-eleven_v3-v1.mp3	Afetivo.	1	production	"{""flash38-J2"": {""verdict"": ""bp_ok"", ""drift"": ""none"", ""severity"": ""low"", ""evidence"": ""Palatalized [tʃ] in the stressed syllable and correct BP vowels throughout.""}}"	9851aabdf5	1	1	afetivo	afetivo	
4839.00.01	example	Rw38T6bn0lTNOb1aUevR	audio/4839.00.01-ex-eleven_v3-v1.mp3	Meu avô é muito afetivo com os netos.	1	production	"{""flash38-J2"": {""verdict"": ""bp_ok"", ""drift"": ""none"", ""severity"": ""low"", ""evidence"": ""Standard Brazilian Portuguese pronunciation with palatalized /tʃ/ in 'afetivo' and open vowel /ɛ/ in 'é' and 'netos'.""}}"	9851aabdf5	1	1	Meu avô é muito afetivo com os netos.	Meu avô é muito afetivo com os netos.	
4849.00.01	word	m151rjrbWXbBqyq56tly	audio/4849.00.01-word-eleven_v3-v1.mp3	Findar.	1	production	"{""flash38-J2"": {""verdict"": ""bp_ok"", ""drift"": ""none"", ""severity"": ""low"", ""evidence"": ""Proper nasal vowel [ĩ], stressed final syllable [ˈdaɾ] with alveolar tap coda r consistent with standard Brazilian Portuguese.""}}"	9851aabdf5	1	1	findar	findar	
4849.00.01	example	m151rjrbWXbBqyq56tly	audio/4849.00.01-ex-eleven_v3-v1.mp3	A reunião findou às cinco da tarde.	1	production	"{""flash38-J2"": {""verdict"": ""bp_ok"", ""drift"": ""none"", ""severity"": ""low"", ""evidence"": ""Pronounced with standard Brazilian Portuguese phonology, including the palatalized [dʒi] in 'tarde' and standard nasal vowels.""}}"	9851aabdf5	1	1	A reunião findou às cinco da tarde.	A reunião findou às cinco da tarde.	
4854.00.01	word	ny3E2DZImeZm00WLGZi9	audio/4854.00.01-word-eleven_v3-v1.mp3	O rito.	1	production	"{""flash38-J2"": {""verdict"": ""bp_ok"", ""drift"": ""none"", ""severity"": ""low"", ""evidence"": ""Correct realization of initial r as [h] and unstressed vowels as [u] and [u].""}, ""pro-J2"": {""verdict"": ""bp_ok"", ""drift"": ""none"", ""severity"": ""low"", ""evidence"": ""Initial r is pronounced as a back fricative and final unstressed o reduces to u, matching standard BP.""}}"	9851aabdf5	1	1	o rito	o rito	
4854.00.01	example	ny3E2DZImeZm00WLGZi9	audio/4854.00.01-ex-eleven_v3-v1.mp3	A Igreja celebra o rito de batismo todos os domingos.	1	production	"{""flash38-J2"": {""verdict"": ""bp_ok"", ""drift"": ""none"", ""severity"": ""low"", ""evidence"": ""Pronounced with clear standard Brazilian Portuguese phonology, including palatalization in 'de' [dʒi] and 'batismo' [baˈtʃizmu], standard intonation, and correc""}}"	9851aabdf5	1	1	A igreja celebra o rito de batismo todos os domingos.	A igreja celebra o rito de batismo todos os domingos.	
4860.00.01	word	Rw38T6bn0lTNOb1aUevR	audio/4860.00.01-word-eleven_v3-v1.mp3	O site	1	production	"{""flash38-J2"": {""verdict"": ""bp_ok"", ""drift"": ""none"", ""severity"": ""low"", ""evidence"": ""The speaker clearly pronounces /u ˈsajtʃi/ with standard palatalization [tʃi] and correct diphthong.""}, ""pro-J2"": {""verdict"": ""bp_ok"", ""drift"": ""none"", ""severity"": ""low"", ""evidence"": ""Clear palatalization of the final -te to [tʃi] and correct vowel qualities.""}}"	9851aabdf5	1	1	o site	o site	
4860.00.01	example	Rw38T6bn0lTNOb1aUevR	audio/4860.00.01-ex-eleven_v3-v1.mp3	O site da escola tem informações sobre os cursos.	1	production	"{""flash38-J2"": {""verdict"": ""bp_ok"", ""drift"": ""none"", ""severity"": ""low"", ""evidence"": ""Native Brazilian Portuguese pronunciation throughout, including [ˈsajtʃi], [esˈkɔlɐ], and vocalic reduction with correct palatalization and alveolar sibilants.""}}"	9851aabdf5	1	1	O site da escola tem informações sobre os cursos.	O site da escola tem informações sobre os cursos.	
4863.00.01	word	m151rjrbWXbBqyq56tly	audio/4863.00.01-word-eleven_v3-v1.mp3	De certo.	1	relaxed	"{""flash38-J2"": {""verdict"": ""bp_ok"", ""drift"": ""none"", ""severity"": ""low"", ""evidence"": ""Pronounced clearly as [dʒiˈsɛɾtu], which is standard Brazilian Portuguese with pretonic vowel raising and standard palatalization.""}, ""pro-J2"": {""verdict"": ""bp_ok"", ""drift"": ""none"", ""severity"": ""low"", ""evidence"": ""Standard pronunciation with expected open stressed vowel and acceptable pretonic reduction.""}}"	9851aabdf5	1	1	decerto	decerto	
4863.00.01	example	m151rjrbWXbBqyq56tly	audio/4863.00.01-ex-eleven_v3-v1.mp3	Ele de certo esqueceu nossa reunião.	1	production	"{""flash38-J2"": {""verdict"": ""bp_ok"", ""drift"": ""none"", ""severity"": ""low"", ""evidence"": ""Native Brazilian Portuguese pronunciation with correct vowel reductions, palatalizations, open vowels (/ɛ/ in 'decerto', /ɔ/ in 'nossa'), and diphthongs (/ew/ a""}}"	9851aabdf5	1	1	Ele decerto esqueceu nossa reunião.	Ele decerto esqueceu nossa reunião.	
4888.00.02	word	ny3E2DZImeZm00WLGZi9	audio/4888.00.02-word-eleven_v3-v2.mp3	Amola.	1	relaxed	"{""flash38-J2"": {""verdict"": ""bp_ok"", ""drift"": ""none"", ""severity"": ""low"", ""evidence"": ""Correct open-mid vowel [ɔ] and standard Brazilian Portuguese pronunciation of 'a mola'.""}}"	9851aabdf5	1	1	a mola	a mola	
4888.00.02	example	ny3E2DZImeZm00WLGZi9	audio/4888.00.02-ex-eleven_v3-v1.mp3	A curiosidade é a mola do meu trabalho.	1	production	"{""flash38-J2"": {""verdict"": ""bp_ok"", ""drift"": ""none"", ""severity"": ""low"", ""evidence"": ""All words including curiosidade, mola, and trabalho follow natural standard Brazilian Portuguese phonology.""}}"	9851aabdf5	1	1	A curiosidade é a mola do meu trabalho.	A curiosidade é a mola do meu trabalho.	
4895.00.01	word	Rw38T6bn0lTNOb1aUevR	audio/4895.00.01-word-eleven_v3-v1.mp3	Aprender.	1	relaxed	"{""flash38-J2"": {""verdict"": ""non_bp"", ""drift"": ""other"", ""severity"": ""medium"", ""evidence"": ""Pronounced 'aprender' (/apɾẽˈdeɾ/) instead of 'apreender' (/apɾeẽˈdeɾ/), missing the extra unstressed 'e' syllable.""}, ""pro-J2"": {""verdict"": ""non_bp"", ""drift"": ""other"", ""severity"": ""medium"", ""evidence"": ""The speaker pronounces the word with three syllables (like 'aprender') instead of the expected four syllables for 'apreender', missing the hiatus.""}}"	9851aabdf5	0	0	apreender	apreender	
4895.00.01	example	Rw38T6bn0lTNOb1aUevR	audio/4895.00.01-ex-eleven_v3-v1.mp3	É difícil apreender conceitos complexos sem prática.	1	production	"{""flash38-J2"": {""verdict"": ""bp_ok"", ""drift"": ""none"", ""severity"": ""low"", ""evidence"": ""Native standard Brazilian Portuguese pronunciation throughout, with correct palatalization of 'di' and 'ti' and open 'e' in 'complexos'.""}}"	9851aabdf5	1	1	É difícil apreender conceitos complexos sem prática.	É difícil apreender conceitos complexos sem prática.	
4895.00.02	word	qPfM2laM0pRL4rrZtBGl	audio/4895.00.02-word-eleven_v3-v1.mp3	Aprender.	1	relaxed	"{""flash38-J2"": {""verdict"": ""bp_ok"", ""drift"": ""none"", ""severity"": ""low"", ""evidence"": ""Standard pronunciation of 'apreender' matching Brazilian Portuguese phonetics.""}, ""pro-J2"": {""verdict"": ""bp_ok"", ""drift"": ""none"", ""severity"": ""low"", ""evidence"": ""Correct stress on the final syllable and appropriate nasalization of the pre-tonic 'e'.""}}"	9851aabdf5	1	1	apreender	apreender	
4895.00.02	example	qPfM2laM0pRL4rrZtBGl	audio/4895.00.02-ex-eleven_v3-v1.mp3	A polícia conseguiu apreender as drogas no aeroporto.	1	production	"{""flash38-J2"": {""verdict"": ""bp_ok"", ""drift"": ""none"", ""severity"": ""low"", ""evidence"": ""All words pronounced with natural standard Brazilian Portuguese phonology, including palatalization, correct vowel qualities, and rhythm.""}}"	9851aabdf5	1	1	A polícia conseguiu apreender as drogas no aeroporto.	A polícia conseguiu apreender as drogas no aeroporto.	
4910.00.01	word	qPfM2laM0pRL4rrZtBGl	audio/4910.00.01-word-eleven_v3-v1.mp3	Hoi!	1	relaxed	"{""flash38-J2"": {""verdict"": ""non_bp"", ""drift"": ""other"", ""severity"": ""high"", ""evidence"": ""Word pronounced as monosyllabic/diphthong /'hoj/ ('rói') with final /r/ completely missing, instead of the infinitive two syllables /ho'eɾ/.""}, ""pro-J2"": {""verdict"": ""non_bp"", ""drift"": ""other"", ""severity"": ""high"", ""evidence"": ""Primary stress is incorrectly placed on the first syllable and the final 'r' is missing, making it sound like 'hui' or 'hoi' instead of /hoˈeɾ/.""}}"	9851aabdf5	0	0	roer	roer	
4910.00.01	example	qPfM2laM0pRL4rrZtBGl	audio/4910.00.01-ex-eleven_v3-v1.mp3	O cachorro gosta de roer ossos no quintal.	1	production	"{""flash38-J2"": {""verdict"": ""bp_ok"", ""drift"": ""none"", ""severity"": ""low"", ""evidence"": ""Naturally pronounced standard Brazilian Portuguese with accurate palatalization, vowel qualities, and vocalized final l in quintal.""}}"	9851aabdf5	1	1	O cachorro gosta de roer ossos no quintal.	O cachorro gosta de roer ossos no quintal.	
4912.00.01	word	m151rjrbWXbBqyq56tly	audio/4912.00.01-word-eleven_v3-v1.mp3	A edificação.	1	production	"{""flash38-J2"": {""verdict"": ""bp_ok"", ""drift"": ""none"", ""severity"": ""low"", ""evidence"": ""Standard Brazilian Portuguese pronunciation with correct palatalization [dʒ] in 'edificação' and proper nasal diphthong [ɐ̃w̃].""}}"	9851aabdf5	1	1	a edificação	a edificação	
4912.00.01	example	m151rjrbWXbBqyq56tly	audio/4912.00.01-ex-eleven_v3-v1.mp3	A edificação do novo hospital começa na próxima semana.	1	production	"{""flash38-J2"": {""verdict"": ""bp_ok"", ""drift"": ""none"", ""severity"": ""low"", ""evidence"": ""Native standard Brazilian Portuguese pronunciation matching the target IPA correctly throughout the sentence.""}}"	9851aabdf5	1	1	A edificação do novo hospital começa na próxima semana.	A edificação do novo hospital começa na próxima semana.	
4915.00.01	word	Rw38T6bn0lTNOb1aUevR	audio/4915.00.01-word-eleven_v3-v1.mp3	O fósseo.	1	relaxed	"{""flash38-J2"": {""verdict"": ""bp_ok"", ""drift"": ""none"", ""severity"": ""low"", ""evidence"": ""Pronounced with accurate open [ɔ] stress on the first syllable of fóssil and vocalized coda l to [w].""}, ""pro-J2"": {""verdict"": ""bp_ok"", ""drift"": ""none"", ""severity"": ""low"", ""evidence"": ""Clear open o in the stressed syllable and vocalized final l to w.""}}"	9851aabdf5	1	1	o fóssil	o fóssil	
4915.00.01	example	Rw38T6bn0lTNOb1aUevR	audio/4915.00.01-ex-eleven_v3-v1.mp3	O museu tem fósseis de dinossauros muito antigos.	1	production	"{""flash38-J2"": {""verdict"": ""bp_ok"", ""drift"": ""none"", ""severity"": ""low"", ""evidence"": ""Pronounced with standard Brazilian Portuguese phonology, including palatalization in 'de' /dʒi/, 'dinossauros' /dʒi-/, and 'antigos' /-tʃiɡus/.""}}"	9851aabdf5	1	1	O museu tem fósseis de dinossauros muito antigos.	O museu tem fósseis de dinossauros muito antigos.	
4924.00.02	word	qPfM2laM0pRL4rrZtBGl	audio/4924.00.02-word-eleven_v3-v1.mp3	O colete.	1	production	"{""flash38-J2"": {""verdict"": ""bp_ok"", ""drift"": ""none"", ""severity"": ""low"", ""evidence"": ""Pronounced clearly as [u koˈletʃi] with standard palatalization of final -te.""}, ""pro-J2"": {""verdict"": ""bp_ok"", ""drift"": ""none"", ""severity"": ""low"", ""evidence"": ""Clear palatalization of the final te to [tʃi] and correct stress on the penultimate syllable.""}}"	9851aabdf5	1	1	o colete	o colete	
4924.00.02	example	qPfM2laM0pRL4rrZtBGl	audio/4924.00.02-ex-eleven_v3-v1.mp3	O paciente usou um colete de segurança no hospital.	1	production	"{""flash38-J2"": {""verdict"": ""bp_ok"", ""drift"": ""none"", ""severity"": ""low"", ""evidence"": ""Palatalization of /t/ and /d/ before /i/ (paciente, colete, de), vocalization of final -l in hospital as [w], and natural Brazilian Portuguese prosody and vowel""}}"	9851aabdf5	1	1	O paciente usou um colete de segurança no hospital.	O paciente usou um colete de segurança no hospital.	
4929.00.02	word	Rw38T6bn0lTNOb1aUevR	audio/4929.00.02-word-eleven_v3-v1.mp3	A divisa.	1	production	"{""flash38-J2"": {""verdict"": ""bp_ok"", ""drift"": ""none"", ""severity"": ""low"", ""evidence"": ""Pronounced with standard Brazilian Portuguese phonology, including the palatalized [dʒ] before [i] in 'divisa'.""}}"	9851aabdf5	1	1	a divisa	a divisa	
4929.00.02	example	Rw38T6bn0lTNOb1aUevR	audio/4929.00.02-ex-eleven_v3-v1.mp3	O banco vende divisas estrangeiras para viagens.	1	production	"{""flash38-J2"": {""verdict"": ""bp_ok"", ""drift"": ""none"", ""severity"": ""low"", ""evidence"": ""Standard São Paulo pronunciation with palatalization in vende and divisas, appropriate vowel reduction, and clear /s/ codas.""}}"	9851aabdf5	1	1	O banco vende divisas estrangeiras para viagens.	O banco vende divisas estrangeiras para viagens.	
4941.00.02	word	Rw38T6bn0lTNOb1aUevR	audio/4941.00.02-word-eleven_v3-v1.mp3	O expediente.	1	production	"{""flash38-J2"": {""verdict"": ""bp_ok"", ""drift"": ""none"", ""severity"": ""low"", ""evidence"": ""Correct palatalization of /d/ to [dʒ] and /t/ to [tʃ] before /i/, with standard stress and vowel quality.""}}"	9851aabdf5	1	1	o expediente	o expediente	
4941.00.02	example	Rw38T6bn0lTNOb1aUevR	audio/4941.00.02-ex-eleven_v3-v1.mp3	Ele usou o expediente de culpar o trânsito pelo atraso.	1	production	"{""flash38-J2"": {""verdict"": ""non_bp"", ""drift"": ""other"", ""severity"": ""medium"", ""evidence"": ""The speaker says 'pela atraso' instead of 'pelo atraso', altering the vowel and word form.""}}"	9851aabdf5	0	0	Ele usou o expediente de culpar o trânsito pelo atraso.	Ele usou o expediente de culpar o trânsito pelo atraso.	
4948.00.01	word	Rw38T6bn0lTNOb1aUevR	audio/4948.00.01-word-eleven_v3-v1.mp3	O candeeiro.	1	production	"{""flash38-J2"": {""verdict"": ""bp_ok"", ""drift"": ""none"", ""severity"": ""low"", ""evidence"": ""Pronounced with standard palatalization of 'de' to [dʒi] and appropriate diphthong [ej] with coda vowel [u].""}, ""pro-J2"": {""verdict"": ""bp_ok"", ""drift"": ""none"", ""severity"": ""low"", ""evidence"": ""The 'de' is correctly palatalized to [dʒi] and the stress is correctly placed on the 'ei' diphthong.""}}"	9851aabdf5	1	1	o candeeiro	o candeeiro	
4948.00.01	example	Rw38T6bn0lTNOb1aUevR	audio/4948.00.01-ex-eleven_v3-v1.mp3	O canjeiro da mesa está quebrado.	1	production	"{""flash38-J2"": {""verdict"": ""non_bp"", ""drift"": ""EP"", ""severity"": ""high"", ""evidence"": ""European Portuguese pronunciation with [kɐ̃diˈɐjɾu] without palatalization of /d/, vowel reduction/centralization, and coda-s pronounced as /ʃ/ in 'está' [ʃta].""}}"	9851aabdf5	0	0	O candeeiro da mesa está quebrado.	O candeeiro da mesa está quebrado.	
4950.00.01	word	AaeZyyi87RCxtFnHPS3e	audio/4950.00.01-word-eleven_v3-v1.mp3	O sim.	1	relaxed	"{""flash38-J2"": {""verdict"": ""non_bp"", ""drift"": ""other"", ""severity"": ""high"", ""evidence"": ""The speaker pronounced 'o sim' [u ˈsĩ], dropping the final syllable /mu/ of 'o cimo'.""}, ""pro-J2"": {""verdict"": ""bp_ok"", ""drift"": ""none"", ""severity"": ""low"", ""evidence"": ""Clear pronunciation with correct stress and vowel reduction on the final o.""}}"	9851aabdf5	0	0	o cimo	o cimo	
4950.00.01	example	AaeZyyi87RCxtFnHPS3e	audio/4950.00.01-ex-eleven_v3-v1.mp3	A bandeira está no cimo da montanha.	1	production	"{""flash38-J2"": {""verdict"": ""bp_ok"", ""drift"": ""none"", ""severity"": ""low"", ""evidence"": ""Pronounced with standard Brazilian Portuguese phonology throughout, including [s] in está and appropriate vowel qualities.""}}"	9851aabdf5	1	1	A bandeira está no cimo da montanha.	A bandeira está no cimo da montanha.	
4965.00.02	word	m151rjrbWXbBqyq56tly	audio/4965.00.02-word-eleven_v3-v1.mp3	Edital.	1	production	"{""flash38-J2"": {""verdict"": ""bp_ok"", ""drift"": ""none"", ""severity"": ""low"", ""evidence"": ""Pronounced with standard palatalization [dʒi] and vocalized coda-l [w].""}, ""pro-J2"": {""verdict"": ""bp_ok"", ""drift"": ""none"", ""severity"": ""low"", ""evidence"": ""Clear palatalization of di to dʒi and vocalization of final l to w.""}}"	9851aabdf5	1	1	edital	edital	
4965.00.02	example	m151rjrbWXbBqyq56tly	audio/4965.00.02-ex-eleven_v3-v1.mp3	O processo de Thal começa na próxima semana.	0	fail	{}	9851aabdf5	0	0	O processo edital começa na próxima semana.	O processo edital começa na próxima semana.	
4981.00.01	word	qPfM2laM0pRL4rrZtBGl	audio/4981.00.01-word-eleven_v3-v1.mp3	O feitiu.	1	relaxed	"{""flash38-J2"": {""verdict"": ""bp_ok"", ""drift"": ""none"", ""severity"": ""low"", ""evidence"": ""Correct palatalization [tʃ] before [i] and standard Brazilian Portuguese diphthongs and stress.""}, ""pro-J2"": {""verdict"": ""bp_ok"", ""drift"": ""none"", ""severity"": ""low"", ""evidence"": ""Clear palatalization of t in ti and correct stress on the penultimate syllable.""}}"	9851aabdf5	1	1	o feitio	o feitio	
4981.00.01	example	qPfM2laM0pRL4rrZtBGl	audio/4981.00.01-ex-eleven_v3-v1.mp3	Meu irmão tem um feitio muito calmo.	1	production	"{""flash38-J2"": {""verdict"": ""bp_ok"", ""drift"": ""none"", ""severity"": ""low"", ""evidence"": ""Native standard Brazilian Portuguese pronunciation matching IPA /ˈmew iɾˈmɐ̃w̃ tẽ ũ fejˈtʃiu ˈmũj̃tu ˈkawmu/ with vocalized -l in calmo and palatalized ti in fe""}}"	9851aabdf5	1	1	Meu irmão tem um feitio muito calmo.	Meu irmão tem um feitio muito calmo.	
4981.00.02	word	Rw38T6bn0lTNOb1aUevR	audio/4981.00.02-word-eleven_v3-v3.mp3	O feitiu.	1	relaxed	"{""flash38-J2"": {""verdict"": ""bp_ok"", ""drift"": ""none"", ""severity"": ""low"", ""evidence"": ""Speaker pronounces /u fejˈtʃiu/ with standard Brazilian palatalization [tʃ] before [i] and correct diphthongs.""}, ""pro-J2"": {""verdict"": ""bp_ok"", ""drift"": ""none"", ""severity"": ""low"", ""evidence"": ""Clear palatalization of t before i as [tʃ] and correct stress on the penultimate syllable.""}}"	9851aabdf5	1	1	o feitio	o feitio	
4981.00.02	example	m151rjrbWXbBqyq56tly	audio/4981.00.02-ex-eleven_v3-v1.mp3	Ela tem um feitio muito alegre e simpático.	1	production	"{""flash38-J2"": {""verdict"": ""bp_ok"", ""drift"": ""none"", ""severity"": ""low"", ""evidence"": ""Pronounced with standard Brazilian Portuguese phonology, including palatalization in 'feitio' and 'simpático' and unstressed final vowel raising.""}}"	9851aabdf5	1	1	Ela tem um feitio muito alegre e simpático.	Ela tem um feitio muito alegre e simpático.	
